{
  "crs": {
    "properties": {
      "name": "urn:ogc:def:crs:EPSG::3857"
    },
    "type": "name"
  },
  "features": [
    {
      "geometry": {
        "coordinates": [
          -0.11,
          0.48
        ],
        "type": "Point"
      },
      "properties": {
        "frame": "map",
        "id": 0
      },
      "type": "Feature"
    },
    {
      "geometry": {
        "coordinates": [
          0.74,
          0.08
        ],
        "type": "Point"
      },
      "properties": {
        "frame": "map",
        "id": 1
      },
      "type": "Feature"
    },
    {
      "geometry": {
        "coordinates": [
          0.79,
          0.38
        ],
        "type": "Point"
      },
      "properties": {
        "frame": "map",
        "id": 2
      },
      "type": "Feature"
    },
    {
      "geometry": {
        "coordinates": [
          1.74,
          3.48
        ],
        "type": "Point"
      },
      "properties": {
        "frame": "map",
        "id": 3
      },
      "type": "Feature"
    },
    {
      "geometry": {
        "coordinates": [
          2.24,
          4.48
        ],
        "type": "Point"
      },
      "properties": {
        "frame": "map",
        "id": 4
      },
      "type": "Feature"
    },
    {
      "geometry": {
        "coordinates": [
          2.69,
          2.73
        ],
        "type": "Point"
      },
      "properties": {
        "frame": "map",
        "id": 5
      },
      "type": "Feature"
    },
    {
      "geometry": {
        "coordinates": [
          2.99,
          1.48
        ],
        "type": "Point"
      },
      "properties": {
        "frame": "map",
        "id": 6
      },
      "type": "Feature"
    },
    {
      "geometry": {
        "coordinates": [
          3.44,
          1.03
        ],
        "type": "Point"
      },
      "properties": {
        "frame": "map",
        "id": 7
      },
      "type": "Feature"
    },
    {
      "geometry": {
        "coordinates": [
          4.54,
          -1.67
        ],
        "type": "Point"
      },
      "properties": {
        "frame": "map",
        "id": 8
      },
      "type": "Feature"
    },
    {
      "geometry": {
        "coordinates": [
          4.69,
          1.03
        ],
        "type": "Point"
      },
      "properties": {
        "frame": "map",
        "id": 9
      },
      "type": "Feature"
    },
    {
      "geometry": {
        "coordinates": [
          4.69,
          2.03
        ],
        "type": "Point"
      },
      "properties": {
        "frame": "map",
        "id": 10
      },
      "type": "Feature"
    },
    {
      "geometry": {
        "coordinates": [
          4.69,
          4.63
        ],
        "type": "Point"
      },
      "properties": {
        "frame": "map",
        "id": 11
      },
      "type": "Feature"
    },
    {
      "geometry": {
        "coordinates": [
          4.99,
          -1.27
        ],
        "type": "Point"
      },
      "properties": {
        "frame": "map",
        "id": 12
      },
      "type": "Feature"
    },
    {
      "geometry": {
        "coordinates": [
          5.04,
          2.33
        ],
        "type": "Point"
      },
      "properties": {
        "frame": "map",
        "id": 13
      },
      "type": "Feature"
    },
    {
      "geometry": {
        "coordinates": [
          5.04,
          4.38
        ],
        "type": "Point"
      },
      "properties": {
        "frame": "map",
        "id": 14
      },
      "type": "Feature"
    },
    {
      "geometry": {
        "coordinates": [
          5.14,
          4.53
        ],
        "type": "Point"
      },
      "properties": {
        "frame": "map",
        "id": 15
      },
      "type": "Feature"
    },
    {
      "geometry": {
        "coordinates": [
          5.29,
          0.48
        ],
        "type": "Point"
      },
      "properties": {
        "frame": "map",
        "id": 16
      },
      "type": "Feature"
    },
    {
      "geometry": {
        "coordinates": [
          5.49,
          -0.22
        ],
        "type": "Point"
      },
      "properties": {
        "frame": "map",
        "id": 17
      },
      "type": "Feature"
    },
    {
      "geometry": {
        "coordinates": [
          5.59,
          -1.57
        ],
        "type": "Point"
      },
      "properties": {
        "frame": "map",
        "id": 18
      },
      "type": "Feature"
    },
    {
      "geometry": {
        "coordinates": [
          5.89,
          -0.57
        ],
        "type": "Point"
      },
      "properties": {
        "frame": "map",
        "id": 19
      },
      "type": "Feature"
    },
    {
      "geometry": {
        "coordinates": [
          5.94,
          -1.22
        ],
        "type": "Point"
      },
      "properties": {
        "frame": "map",
        "id": 20
      },
      "type": "Feature"
    },
    {
      "geometry": {
        "coordinates": [
          5.99,
          2.63
        ],
        "type": "Point"
      },
      "properties": {
        "frame": "map",
        "id": 21
      },
      "type": "Feature"
    },
    {
      "geometry": {
        "coordinates": [
          6.04,
          2.43
        ],
        "type": "Point"
      },
      "properties": {
        "frame": "map",
        "id": 22
      },
      "type": "Feature"
    },
    {
      "geometry": {
        "coordinates": [
          6.54,
          4.93
        ],
        "type": "Point"
      },
      "properties": {
        "frame": "map",
        "id": 23
      },
      "type": "Feature"
    },
    {
      "geometry": {
        "coordinates": [
          6.79,
          2.68
        ],
        "type": "Point"
      },
      "properties": {
        "frame": "map",
        "id": 24
      },
      "type": "Feature"
    },
    {
      "geometry": {
        "coordinates": [
          7.04,
          0.03
        ],
        "type": "Point"
      },
      "properties": {
        "frame": "map",
        "id": 25
      },
      "type": "Feature"
    },
    {
      "geometry": {
        "coordinates": [
          7.69,
          -0.02
        ],
        "type": "Point"
      },
      "properties": {
        "frame": "map",
        "id": 26
      },
      "type": "Feature"
    },
    {
      "geometry": {
        "coordinates": [
          8.89,
          1.03
        ],
        "type": "Point"
      },
      "properties": {
        "frame": "map",
        "id": 27
      },
      "type": "Feature"
    },
    {
      "geometry": {
        "coordinates": [
          8.99,
          -0.97
        ],
        "type": "Point"
      },
      "properties": {
        "frame": "map",
        "id": 28
      },
      "type": "Feature"
    },
    {
      "geometry": {
        "coordinates": [
          9.04,
          -0.82
        ],
        "type": "Point"
      },
      "properties": {
        "frame": "map",
        "id": 29
      },
      "type": "Feature"
    },
    {
      "geometry": {
        "coordinates": [
          9.24,
          1.43
        ],
        "type": "Point"
      },
      "properties": {
        "frame": "map",
        "id": 30
      },
      "type": "Feature"
    },
    {
      "geometry": {
        "coordinates": [
          9.29,
          3.28
        ],
        "type": "Point"
      },
      "properties": {
        "frame": "map",
        "id": 31
      },
      "type": "Feature"
    },
    {
      "geometry": {
        "coordinates": [
          10.04,
          -0.42
        ],
        "type": "Point"
      },
      "properties": {
        "frame": "map",
        "id": 32
      },
      "type": "Feature"
    },
    {
      "geometry": {
        "coordinates": [
          10.14,
          0.28
        ],
        "type": "Point"
      },
      "properties": {
        "frame": "map",
        "id": 33
      },
      "type": "Feature"
    },
    {
      "geometry": {
        "coordinates": [
          10.29,
          -1.52
        ],
        "type": "Point"
      },
      "properties": {
        "frame": "map",
        "id": 34
      },
      "type": "Feature"
    },
    {
      "geometry": {
        "coordinates": [
          10.49,
          1.08
        ],
        "type": "Point"
      },
      "properties": {
        "frame": "map",
        "id": 35
      },
      "type": "Feature"
    },
    {
      "geometry": {
        "coordinates": [
          -0.008465,
          0.251547
        ],
        "type": "Point"
      },
      "properties": {
        "frame": "map",
        "id": 36
      },
      "type": "Feature"
    },
    {
      "geometry": {
        "coordinates": [
          0.097535,
          0.03058
        ],
        "type": "Point"
      },
      "properties": {
        "frame": "map",
        "id": 37
      },
      "type": "Feature"
    },
    {
      "geometry": {
        "coordinates": [
          0.346798,
          0.049754
        ],
        "type": "Point"
      },
      "properties": {
        "frame": "map",
        "id": 38
      },
      "type": "Feature"
    },
    {
      "geometry": {
        "coordinates": [
          0.596062,
          0.068928
        ],
        "type": "Point"
      },
      "properties": {
        "frame": "map",
        "id": 39
      },
      "type": "Feature"
    },
    {
      "geometry": {
        "coordinates": [
          0.7811,
          0.326598
        ],
        "type": "Point"
      },
      "properties": {
        "frame": "map",
        "id": 40
      },
      "type": "Feature"
    },
    {
      "geometry": {
        "coordinates": [
          0.932055,
          -0.080046
        ],
        "type": "Point"
      },
      "properties": {
        "frame": "map",
        "id": 41
      },
      "type": "Feature"
    },
    {
      "geometry": {
        "coordinates": [
          1.149488,
          -0.17
        ],
        "type": "Point"
      },
      "properties": {
        "frame": "map",
        "id": 42
      },
      "type": "Feature"
    },
    {
      "geometry": {
        "coordinates": [
          1.399488,
          -0.17
        ],
        "type": "Point"
      },
      "properties": {
        "frame": "map",
        "id": 43
      },
      "type": "Feature"
    },
    {
      "geometry": {
        "coordinates": [
          1.648809,
          -0.166476
        ],
        "type": "Point"
      },
      "properties": {
        "frame": "map",
        "id": 44
      },
      "type": "Feature"
    },
    {
      "geometry": {
        "coordinates": [
          1.880928,
          -0.073629
        ],
        "type": "Point"
      },
      "properties": {
        "frame": "map",
        "id": 45
      },
      "type": "Feature"
    },
    {
      "geometry": {
        "coordinates": [
          2.117902,
          -0.145967
        ],
        "type": "Point"
      },
      "properties": {
        "frame": "map",
        "id": 46
      },
      "type": "Feature"
    },
    {
      "geometry": {
        "coordinates": [
          2.363616,
          -0.158426
        ],
        "type": "Point"
      },
      "properties": {
        "frame": "map",
        "id": 47
      },
      "type": "Feature"
    },
    {
      "geometry": {
        "coordinates": [
          2.613062,
          -0.141796
        ],
        "type": "Point"
      },
      "properties": {
        "frame": "map",
        "id": 48
      },
      "type": "Feature"
    },
    {
      "geometry": {
        "coordinates": [
          2.862509,
          -0.125166
        ],
        "type": "Point"
      },
      "properties": {
        "frame": "map",
        "id": 49
      },
      "type": "Feature"
    },
    {
      "geometry": {
        "coordinates": [
          3.035595,
          0.023393
        ],
        "type": "Point"
      },
      "properties": {
        "frame": "map",
        "id": 50
      },
      "type": "Feature"
    },
    {
      "geometry": {
        "coordinates": [
          3.150157,
          0.240941
        ],
        "type": "Point"
      },
      "properties": {
        "frame": "map",
        "id": 51
      },
      "type": "Feature"
    },
    {
      "geometry": {
        "coordinates": [
          3.193163,
          0.486958
        ],
        "type": "Point"
      },
      "properties": {
        "frame": "map",
        "id": 52
      },
      "type": "Feature"
    },
    {
      "geometry": {
        "coordinates": [
          3.296614,
          0.71455
        ],
        "type": "Point"
      },
      "properties": {
        "frame": "map",
        "id": 53
      },
      "type": "Feature"
    },
    {
      "geometry": {
        "coordinates": [
          3.400064,
          0.942142
        ],
        "type": "Point"
      },
      "properties": {
        "frame": "map",
        "id": 54
      },
      "type": "Feature"
    },
    {
      "geometry": {
        "coordinates": [
          1.875813,
          3.270107
        ],
        "type": "Point"
      },
      "properties": {
        "frame": "map",
        "id": 55
      },
      "type": "Feature"
    },
    {
      "geometry": {
        "coordinates": [
          2.011626,
          3.060215
        ],
        "type": "Point"
      },
      "properties": {
        "frame": "map",
        "id": 56
      },
      "type": "Feature"
    },
    {
      "geometry": {
        "coordinates": [
          2.147438,
          2.850322
        ],
        "type": "Point"
      },
      "properties": {
        "frame": "map",
        "id": 57
      },
      "type": "Feature"
    },
    {
      "geometry": {
        "coordinates": [
          2.283251,
          2.64043
        ],
        "type": "Point"
      },
      "properties": {
        "frame": "map",
        "id": 58
      },
      "type": "Feature"
    },
    {
      "geometry": {
        "coordinates": [
          2.527577,
          2.63
        ],
        "type": "Point"
      },
      "properties": {
        "frame": "map",
        "id": 59
      },
      "type": "Feature"
    },
    {
      "geometry": {
        "coordinates": [
          2.472119,
          4.387152
        ],
        "type": "Point"
      },
      "properties": {
        "frame": "map",
        "id": 60
      },
      "type": "Feature"
    },
    {
      "geometry": {
        "coordinates": [
          2.625716,
          4.193391
        ],
        "type": "Point"
      },
      "properties": {
        "frame": "map",
        "id": 61
      },
      "type": "Feature"
    },
    {
      "geometry": {
        "coordinates": [
          2.772759,
          3.991207
        ],
        "type": "Point"
      },
      "properties": {
        "frame": "map",
        "id": 62
      },
      "type": "Feature"
    },
    {
      "geometry": {
        "coordinates": [
          2.89,
          3.779332
        ],
        "type": "Point"
      },
      "properties": {
        "frame": "map",
        "id": 63
      },
      "type": "Feature"
    },
    {
      "geometry": {
        "coordinates": [
          2.89,
          3.529332
        ],
        "type": "Point"
      },
      "properties": {
        "frame": "map",
        "id": 64
      },
      "type": "Feature"
    },
    {
      "geometry": {
        "coordinates": [
          2.834159,
          3.296239
        ],
        "type": "Point"
      },
      "properties": {
        "frame": "map",
        "id": 65
      },
      "type": "Feature"
    },
    {
      "geometry": {
        "coordinates": [
          2.695484,
          3.088226
        ],
        "type": "Point"
      },
      "properties": {
        "frame": "map",
        "id": 66
      },
      "type": "Feature"
    },
    {
      "geometry": {
        "coordinates": [
          2.69,
          2.839887
        ],
        "type": "Point"
      },
      "properties": {
        "frame": "map",
        "id": 67
      },
      "type": "Feature"
    },
    {
      "geometry": {
        "coordinates": [
          2.907061,
          2.605965
        ],
        "type": "Point"
      },
      "properties": {
        "frame": "map",
        "id": 68
      },
      "type": "Feature"
    },
    {
      "geometry": {
        "coordinates": [
          3.124122,
          2.481931
        ],
        "type": "Point"
      },
      "properties": {
        "frame": "map",
        "id": 69
      },
      "type": "Feature"
    },
    {
      "geometry": {
        "coordinates": [
          3.341182,
          2.357896
        ],
        "type": "Point"
      },
      "properties": {
        "frame": "map",
        "id": 70
      },
      "type": "Feature"
    },
    {
      "geometry": {
        "coordinates": [
          3.583774,
          2.33
        ],
        "type": "Point"
      },
      "properties": {
        "frame": "map",
        "id": 71
      },
      "type": "Feature"
    },
    {
      "geometry": {
        "coordinates": [
          3.833774,
          2.33
        ],
        "type": "Point"
      },
      "properties": {
        "frame": "map",
        "id": 72
      },
      "type": "Feature"
    },
    {
      "geometry": {
        "coordinates": [
          4.083774,
          2.33
        ],
        "type": "Point"
      },
      "properties": {
        "frame": "map",
        "id": 73
      },
      "type": "Feature"
    },
    {
      "geometry": {
        "coordinates": [
          4.313285,
          2.256029
        ],
        "type": "Point"
      },
      "properties": {
        "frame": "map",
        "id": 74
      },
      "type": "Feature"
    },
    {
      "geometry": {
        "coordinates": [
          4.527659,
          2.127405
        ],
        "type": "Point"
      },
      "properties": {
        "frame": "map",
        "id": 75
      },
      "type": "Feature"
    },
    {
      "geometry": {
        "coordinates": [
          3.166777,
          1.303223
        ],
        "type": "Point"
      },
      "properties": {
        "frame": "map",
        "id": 76
      },
      "type": "Feature"
    },
    {
      "geometry": {
        "coordinates": [
          3.343553,
          1.126447
        ],
        "type": "Point"
      },
      "properties": {
        "frame": "map",
        "id": 77
      },
      "type": "Feature"
    },
    {
      "geometry": {
        "coordinates": [
          3.69,
          1.03
        ],
        "type": "Point"
      },
      "properties": {
        "frame": "map",
        "id": 78
      },
      "type": "Feature"
    },
    {
      "geometry": {
        "coordinates": [
          3.94,
          1.03
        ],
        "type": "Point"
      },
      "properties": {
        "frame": "map",
        "id": 79
      },
      "type": "Feature"
    },
    {
      "geometry": {
        "coordinates": [
          4.19,
          1.03
        ],
        "type": "Point"
      },
      "properties": {
        "frame": "map",
        "id": 80
      },
      "type": "Feature"
    },
    {
      "geometry": {
        "coordinates": [
          4.44,
          1.03
        ],
        "type": "Point"
      },
      "properties": {
        "frame": "map",
        "id": 81
      },
      "type": "Feature"
    },
    {
      "geometry": {
        "coordinates": [
          4.726852,
          -1.503909
        ],
        "type": "Point"
      },
      "properties": {
        "frame": "map",
        "id": 82
      },
      "type": "Feature"
    },
    {
      "geometry": {
        "coordinates": [
          4.913705,
          -1.337818
        ],
        "type": "Point"
      },
      "properties": {
        "frame": "map",
        "id": 83
      },
      "type": "Feature"
    },
    {
      "geometry": {
        "coordinates": [
          4.69,
          1.28
        ],
        "type": "Point"
      },
      "properties": {
        "frame": "map",
        "id": 84
      },
      "type": "Feature"
    },
    {
      "geometry": {
        "coordinates": [
          4.69,
          1.53
        ],
        "type": "Point"
      },
      "properties": {
        "frame": "map",
        "id": 85
      },
      "type": "Feature"
    },
    {
      "geometry": {
        "coordinates": [
          4.69,
          1.78
        ],
        "type": "Point"
      },
      "properties": {
        "frame": "map",
        "id": 86
      },
      "type": "Feature"
    },
    {
      "geometry": {
        "coordinates": [
          4.874289,
          0.861069
        ],
        "type": "Point"
      },
      "properties": {
        "frame": "map",
        "id": 87
      },
      "type": "Feature"
    },
    {
      "geometry": {
        "coordinates": [
          5.058577,
          0.692138
        ],
        "type": "Point"
      },
      "properties": {
        "frame": "map",
        "id": 88
      },
      "type": "Feature"
    },
    {
      "geometry": {
        "coordinates": [
          5.242866,
          0.523207
        ],
        "type": "Point"
      },
      "properties": {
        "frame": "map",
        "id": 89
      },
      "type": "Feature"
    },
    {
      "geometry": {
        "coordinates": [
          4.879814,
          2.192698
        ],
        "type": "Point"
      },
      "properties": {
        "frame": "map",
        "id": 90
      },
      "type": "Feature"
    },
    {
      "geometry": {
        "coordinates": [
          4.893433,
          4.48469
        ],
        "type": "Point"
      },
      "properties": {
        "frame": "map",
        "id": 91
      },
      "type": "Feature"
    },
    {
      "geometry": {
        "coordinates": [
          5.097483,
          -1.044285
        ],
        "type": "Point"
      },
      "properties": {
        "frame": "map",
        "id": 92
      },
      "type": "Feature"
    },
    {
      "geometry": {
        "coordinates": [
          5.204967,
          -0.81857
        ],
        "type": "Point"
      },
      "properties": {
        "frame": "map",
        "id": 93
      },
      "type": "Feature"
    },
    {
      "geometry": {
        "coordinates": [
          5.31245,
          -0.592855
        ],
        "type": "Point"
      },
      "properties": {
        "frame": "map",
        "id": 94
      },
      "type": "Feature"
    },
    {
      "geometry": {
        "coordinates": [
          5.419934,
          -0.367139
        ],
        "type": "Point"
      },
      "properties": {
        "frame": "map",
        "id": 95
      },
      "type": "Feature"
    },
    {
      "geometry": {
        "coordinates": [
          5.19,
          -1.42
        ],
        "type": "Point"
      },
      "properties": {
        "frame": "map",
        "id": 96
      },
      "type": "Feature"
    },
    {
      "geometry": {
        "coordinates": [
          5.39,
          -1.57
        ],
        "type": "Point"
      },
      "properties": {
        "frame": "map",
        "id": 97
      },
      "type": "Feature"
    },
    {
      "geometry": {
        "coordinates": [
          5.054681,
          2.579569
        ],
        "type": "Point"
      },
      "properties": {
        "frame": "map",
        "id": 98
      },
      "type": "Feature"
    },
    {
      "geometry": {
        "coordinates": [
          5.069361,
          2.829137
        ],
        "type": "Point"
      },
      "properties": {
        "frame": "map",
        "id": 99
      },
      "type": "Feature"
    },
    {
      "geometry": {
        "coordinates": [
          5.084042,
          3.078706
        ],
        "type": "Point"
      },
      "properties": {
        "frame": "map",
        "id": 100
      },
      "type": "Feature"
    },
    {
      "geometry": {
        "coordinates": [
          5.013582,
          3.307364
        ],
        "type": "Point"
      },
      "properties": {
        "frame": "map",
        "id": 101
      },
      "type": "Feature"
    },
    {
      "geometry": {
        "coordinates": [
          4.94,
          3.536983
        ],
        "type": "Point"
      },
      "properties": {
        "frame": "map",
        "id": 102
      },
      "type": "Feature"
    },
    {
      "geometry": {
        "coordinates": [
          4.94,
          3.786983
        ],
        "type": "Point"
      },
      "properties": {
        "frame": "map",
        "id": 103
      },
      "type": "Feature"
    },
    {
      "geometry": {
        "coordinates": [
          4.971609,
          4.027413
        ],
        "type": "Point"
      },
      "properties": {
        "frame": "map",
        "id": 104
      },
      "type": "Feature"
    },
    {
      "geometry": {
        "coordinates": [
          5.04,
          4.256706
        ],
        "type": "Point"
      },
      "properties": {
        "frame": "map",
        "id": 105
      },
      "type": "Feature"
    },
    {
      "geometry": {
        "coordinates": [
          5.29,
          2.33
        ],
        "type": "Point"
      },
      "properties": {
        "frame": "map",
        "id": 106
      },
      "type": "Feature"
    },
    {
      "geometry": {
        "coordinates": [
          5.54,
          2.33
        ],
        "type": "Point"
      },
      "properties": {
        "frame": "map",
        "id": 107
      },
      "type": "Feature"
    },
    {
      "geometry": {
        "coordinates": [
          5.79,
          2.33
        ],
        "type": "Point"
      },
      "properties": {
        "frame": "map",
        "id": 108
      },
      "type": "Feature"
    },
    {
      "geometry": {
        "coordinates": [
          6.018885,
          2.419443
        ],
        "type": "Point"
      },
      "properties": {
        "frame": "map",
        "id": 109
      },
      "type": "Feature"
    },
    {
      "geometry": {
        "coordinates": [
          5.322918,
          0.269443
        ],
        "type": "Point"
      },
      "properties": {
        "frame": "map",
        "id": 110
      },
      "type": "Feature"
    },
    {
      "geometry": {
        "coordinates": [
          5.423518,
          0.04593
        ],
        "type": "Point"
      },
      "properties": {
        "frame": "map",
        "id": 111
      },
      "type": "Feature"
    },
    {
      "geometry": {
        "coordinates": [
          5.484152,
          -0.196606
        ],
        "type": "Point"
      },
      "properties": {
        "frame": "map",
        "id": 112
      },
      "type": "Feature"
    },
    {
      "geometry": {
        "coordinates": [
          5.510118,
          0.598525
        ],
        "type": "Point"
      },
      "properties": {
        "frame": "map",
        "id": 113
      },
      "type": "Feature"
    },
    {
      "geometry": {
        "coordinates": [
          5.730236,
          0.71705
        ],
        "type": "Point"
      },
      "properties": {
        "frame": "map",
        "id": 114
      },
      "type": "Feature"
    },
    {
      "geometry": {
        "coordinates": [
          5.951751,
          0.83042
        ],
        "type": "Point"
      },
      "properties": {
        "frame": "map",
        "id": 115
      },
      "type": "Feature"
    },
    {
      "geometry": {
        "coordinates": [
          6.201592,
          0.839343
        ],
        "type": "Point"
      },
      "properties": {
        "frame": "map",
        "id": 116
      },
      "type": "Feature"
    },
    {
      "geometry": {
        "coordinates": [
          6.451433,
          0.848265
        ],
        "type": "Point"
      },
      "properties": {
        "frame": "map",
        "id": 117
      },
      "type": "Feature"
    },
    {
      "geometry": {
        "coordinates": [
          6.701273,
          0.857188
        ],
        "type": "Point"
      },
      "properties": {
        "frame": "map",
        "id": 118
      },
      "type": "Feature"
    },
    {
      "geometry": {
        "coordinates": [
          6.951114,
          0.866111
        ],
        "type": "Point"
      },
      "properties": {
        "frame": "map",
        "id": 119
      },
      "type": "Feature"
    },
    {
      "geometry": {
        "coordinates": [
          7.200955,
          0.875034
        ],
        "type": "Point"
      },
      "properties": {
        "frame": "map",
        "id": 120
      },
      "type": "Feature"
    },
    {
      "geometry": {
        "coordinates": [
          7.450316,
          0.868968
        ],
        "type": "Point"
      },
      "properties": {
        "frame": "map",
        "id": 121
      },
      "type": "Feature"
    },
    {
      "geometry": {
        "coordinates": [
          7.699075,
          0.844092
        ],
        "type": "Point"
      },
      "properties": {
        "frame": "map",
        "id": 122
      },
      "type": "Feature"
    },
    {
      "geometry": {
        "coordinates": [
          7.947835,
          0.819217
        ],
        "type": "Point"
      },
      "properties": {
        "frame": "map",
        "id": 123
      },
      "type": "Feature"
    },
    {
      "geometry": {
        "coordinates": [
          8.196594,
          0.794341
        ],
        "type": "Point"
      },
      "properties": {
        "frame": "map",
        "id": 124
      },
      "type": "Feature"
    },
    {
      "geometry": {
        "coordinates": [
          8.436388,
          0.823813
        ],
        "type": "Point"
      },
      "properties": {
        "frame": "map",
        "id": 125
      },
      "type": "Feature"
    },
    {
      "geometry": {
        "coordinates": [
          8.66398,
          0.927264
        ],
        "type": "Point"
      },
      "properties": {
        "frame": "map",
        "id": 126
      },
      "type": "Feature"
    },
    {
      "geometry": {
        "coordinates": [
          5.678144,
          -0.384626
        ],
        "type": "Point"
      },
      "properties": {
        "frame": "map",
        "id": 127
      },
      "type": "Feature"
    },
    {
      "geometry": {
        "coordinates": [
          5.866288,
          -0.549252
        ],
        "type": "Point"
      },
      "properties": {
        "frame": "map",
        "id": 128
      },
      "type": "Feature"
    },
    {
      "geometry": {
        "coordinates": [
          5.909174,
          -0.819264
        ],
        "type": "Point"
      },
      "properties": {
        "frame": "map",
        "id": 129
      },
      "type": "Feature"
    },
    {
      "geometry": {
        "coordinates": [
          5.928348,
          -1.068527
        ],
        "type": "Point"
      },
      "properties": {
        "frame": "map",
        "id": 130
      },
      "type": "Feature"
    },
    {
      "geometry": {
        "coordinates": [
          6.14,
          -0.57
        ],
        "type": "Point"
      },
      "properties": {
        "frame": "map",
        "id": 131
      },
      "type": "Feature"
    },
    {
      "geometry": {
        "coordinates": [
          6.382848,
          -0.607139
        ],
        "type": "Point"
      },
      "properties": {
        "frame": "map",
        "id": 132
      },
      "type": "Feature"
    },
    {
      "geometry": {
        "coordinates": [
          6.620742,
          -0.67
        ],
        "type": "Point"
      },
      "properties": {
        "frame": "map",
        "id": 133
      },
      "type": "Feature"
    },
    {
      "geometry": {
        "coordinates": [
          6.870742,
          -0.67
        ],
        "type": "Point"
      },
      "properties": {
        "frame": "map",
        "id": 134
      },
      "type": "Feature"
    },
    {
      "geometry": {
        "coordinates": [
          7.120742,
          -0.67
        ],
        "type": "Point"
      },
      "properties": {
        "frame": "map",
        "id": 135
      },
      "type": "Feature"
    },
    {
      "geometry": {
        "coordinates": [
          7.370742,
          -0.67
        ],
        "type": "Point"
      },
      "properties": {
        "frame": "map",
        "id": 136
      },
      "type": "Feature"
    },
    {
      "geometry": {
        "coordinates": [
          7.620742,
          -0.67
        ],
        "type": "Point"
      },
      "properties": {
        "frame": "map",
        "id": 137
      },
      "type": "Feature"
    },
    {
      "geometry": {
        "coordinates": [
          7.870742,
          -0.67
        ],
        "type": "Point"
      },
      "properties": {
        "frame": "map",
        "id": 138
      },
      "type": "Feature"
    },
    {
      "geometry": {
        "coordinates": [
          8.120742,
          -0.67
        ],
        "type": "Point"
      },
      "properties": {
        "frame": "map",
        "id": 139
      },
      "type": "Feature"
    },
    {
      "geometry": {
        "coordinates": [
          8.361467,
          -0.612844
        ],
        "type": "Point"
      },
      "properties": {
        "frame": "map",
        "id": 140
      },
      "type": "Feature"
    },
    {
      "geometry": {
        "coordinates": [
          8.59425,
          -0.617386
        ],
        "type": "Point"
      },
      "properties": {
        "frame": "map",
        "id": 141
      },
      "type": "Feature"
    },
    {
      "geometry": {
        "coordinates": [
          8.821841,
          -0.720837
        ],
        "type": "Point"
      },
      "properties": {
        "frame": "map",
        "id": 142
      },
      "type": "Feature"
    },
    {
      "geometry": {
        "coordinates": [
          6.29,
          2.43
        ],
        "type": "Point"
      },
      "properties": {
        "frame": "map",
        "id": 143
      },
      "type": "Feature"
    },
    {
      "geometry": {
        "coordinates": [
          6.514831,
          2.527129
        ],
        "type": "Point"
      },
      "properties": {
        "frame": "map",
        "id": 144
      },
      "type": "Feature"
    },
    {
      "geometry": {
        "coordinates": [
          6.733371,
          2.648539
        ],
        "type": "Point"
      },
      "properties": {
        "frame": "map",
        "id": 145
      },
      "type": "Feature"
    },
    {
      "geometry": {
        "coordinates": [
          6.54,
          4.68
        ],
        "type": "Point"
      },
      "properties": {
        "frame": "map",
        "id": 146
      },
      "type": "Feature"
    },
    {
      "geometry": {
        "coordinates": [
          6.54,
          4.43
        ],
        "type": "Point"
      },
      "properties": {
        "frame": "map",
        "id": 147
      },
      "type": "Feature"
    },
    {
      "geometry": {
        "coordinates": [
          6.54,
          4.18
        ],
        "type": "Point"
      },
      "properties": {
        "frame": "map",
        "id": 148
      },
      "type": "Feature"
    },
    {
      "geometry": {
        "coordinates": [
          6.54,
          3.93
        ],
        "type": "Point"
      },
      "properties": {
        "frame": "map",
        "id": 149
      },
      "type": "Feature"
    },
    {
      "geometry": {
        "coordinates": [
          6.54,
          3.68
        ],
        "type": "Point"
      },
      "properties": {
        "frame": "map",
        "id": 150
      },
      "type": "Feature"
    },
    {
      "geometry": {
        "coordinates": [
          6.54,
          3.43
        ],
        "type": "Point"
      },
      "properties": {
        "frame": "map",
        "id": 151
      },
      "type": "Feature"
    },
    {
      "geometry": {
        "coordinates": [
          6.651803,
          3.206393
        ],
        "type": "Point"
      },
      "properties": {
        "frame": "map",
        "id": 152
      },
      "type": "Feature"
    },
    {
      "geometry": {
        "coordinates": [
          6.763607,
          2.982786
        ],
        "type": "Point"
      },
      "properties": {
        "frame": "map",
        "id": 153
      },
      "type": "Feature"
    },
    {
      "geometry": {
        "coordinates": [
          6.79,
          2.739017
        ],
        "type": "Point"
      },
      "properties": {
        "frame": "map",
        "id": 154
      },
      "type": "Feature"
    },
    {
      "geometry": {
        "coordinates": [
          7.022119,
          2.587152
        ],
        "type": "Point"
      },
      "properties": {
        "frame": "map",
        "id": 155
      },
      "type": "Feature"
    },
    {
      "geometry": {
        "coordinates": [
          7.270742,
          2.58
        ],
        "type": "Point"
      },
      "properties": {
        "frame": "map",
        "id": 156
      },
      "type": "Feature"
    },
    {
      "geometry": {
        "coordinates": [
          7.520742,
          2.58
        ],
        "type": "Point"
      },
      "properties": {
        "frame": "map",
        "id": 157
      },
      "type": "Feature"
    },
    {
      "geometry": {
        "coordinates": [
          7.770742,
          2.58
        ],
        "type": "Point"
      },
      "properties": {
        "frame": "map",
        "id": 158
      },
      "type": "Feature"
    },
    {
      "geometry": {
        "coordinates": [
          8.020742,
          2.58
        ],
        "type": "Point"
      },
      "properties": {
        "frame": "map",
        "id": 159
      },
      "type": "Feature"
    },
    {
      "geometry": {
        "coordinates": [
          8.270742,
          2.58
        ],
        "type": "Point"
      },
      "properties": {
        "frame": "map",
        "id": 160
      },
      "type": "Feature"
    },
    {
      "geometry": {
        "coordinates": [
          8.520742,
          2.58
        ],
        "type": "Point"
      },
      "properties": {
        "frame": "map",
        "id": 161
      },
      "type": "Feature"
    },
    {
      "geometry": {
        "coordinates": [
          8.742546,
          2.641304
        ],
        "type": "Point"
      },
      "properties": {
        "frame": "map",
        "id": 162
      },
      "type": "Feature"
    },
    {
      "geometry": {
        "coordinates": [
          8.905244,
          2.831118
        ],
        "type": "Point"
      },
      "properties": {
        "frame": "map",
        "id": 163
      },
      "type": "Feature"
    },
    {
      "geometry": {
        "coordinates": [
          9.067942,
          3.020932
        ],
        "type": "Point"
      },
      "properties": {
        "frame": "map",
        "id": 164
      },
      "type": "Feature"
    },
    {
      "geometry": {
        "coordinates": [
          9.23064,
          3.210746
        ],
        "type": "Point"
      },
      "properties": {
        "frame": "map",
        "id": 165
      },
      "type": "Feature"
    },
    {
      "geometry": {
        "coordinates": [
          7.289136,
          0.050761
        ],
        "type": "Point"
      },
      "properties": {
        "frame": "map",
        "id": 166
      },
      "type": "Feature"
    },
    {
      "geometry": {
        "coordinates": [
          7.538273,
          0.071523
        ],
        "type": "Point"
      },
      "properties": {
        "frame": "map",
        "id": 167
      },
      "type": "Feature"
    },
    {
      "geometry": {
        "coordinates": [
          8.960711,
          1.250711
        ],
        "type": "Point"
      },
      "properties": {
        "frame": "map",
        "id": 168
      },
      "type": "Feature"
    },
    {
      "geometry": {
        "coordinates": [
          9.137487,
          1.427487
        ],
        "type": "Point"
      },
      "properties": {
        "frame": "map",
        "id": 169
      },
      "type": "Feature"
    },
    {
      "geometry": {
        "coordinates": [
          9.074289,
          0.861069
        ],
        "type": "Point"
      },
      "properties": {
        "frame": "map",
        "id": 170
      },
      "type": "Feature"
    },
    {
      "geometry": {
        "coordinates": [
          9.258577,
          0.692138
        ],
        "type": "Point"
      },
      "properties": {
        "frame": "map",
        "id": 171
      },
      "type": "Feature"
    },
    {
      "geometry": {
        "coordinates": [
          9.442866,
          0.523207
        ],
        "type": "Point"
      },
      "properties": {
        "frame": "map",
        "id": 172
      },
      "type": "Feature"
    },
    {
      "geometry": {
        "coordinates": [
          9.667831,
          0.425283
        ],
        "type": "Point"
      },
      "properties": {
        "frame": "map",
        "id": 173
      },
      "type": "Feature"
    },
    {
      "geometry": {
        "coordinates": [
          9.906776,
          0.351761
        ],
        "type": "Point"
      },
      "properties": {
        "frame": "map",
        "id": 174
      },
      "type": "Feature"
    },
    {
      "geometry": {
        "coordinates": [
          9.258403,
          -0.727909
        ],
        "type": "Point"
      },
      "properties": {
        "frame": "map",
        "id": 175
      },
      "type": "Feature"
    },
    {
      "geometry": {
        "coordinates": [
          9.455741,
          -0.574424
        ],
        "type": "Point"
      },
      "properties": {
        "frame": "map",
        "id": 176
      },
      "type": "Feature"
    },
    {
      "geometry": {
        "coordinates": [
          9.669424,
          -0.461175
        ],
        "type": "Point"
      },
      "properties": {
        "frame": "map",
        "id": 177
      },
      "type": "Feature"
    },
    {
      "geometry": {
        "coordinates": [
          9.917894,
          -0.433567
        ],
        "type": "Point"
      },
      "properties": {
        "frame": "map",
        "id": 178
      },
      "type": "Feature"
    },
    {
      "geometry": {
        "coordinates": [
          10.151803,
          -0.196393
        ],
        "type": "Point"
      },
      "properties": {
        "frame": "map",
        "id": 179
      },
      "type": "Feature"
    },
    {
      "geometry": {
        "coordinates": [
          10.169585,
          0.043319
        ],
        "type": "Point"
      },
      "properties": {
        "frame": "map",
        "id": 180
      },
      "type": "Feature"
    },
    {
      "geometry": {
        "coordinates": [
          10.1725,
          -0.632
        ],
        "type": "Point"
      },
      "properties": {
        "frame": "map",
        "id": 181
      },
      "type": "Feature"
    },
    {
      "geometry": {
        "coordinates": [
          10.29,
          -0.848301
        ],
        "type": "Point"
      },
      "properties": {
        "frame": "map",
        "id": 182
      },
      "type": "Feature"
    },
    {
      "geometry": {
        "coordinates": [
          10.29,
          -1.098301
        ],
        "type": "Point"
      },
      "properties": {
        "frame": "map",
        "id": 183
      },
      "type": "Feature"
    },
    {
      "geometry": {
        "coordinates": [
          10.29,
          -1.348301
        ],
        "type": "Point"
      },
      "properties": {
        "frame": "map",
        "id": 184
      },
      "type": "Feature"
    },
    {
      "geometry": {
        "coordinates": [
          10.240205,
          0.509039
        ],
        "type": "Point"
      },
      "properties": {
        "frame": "map",
        "id": 185
      },
      "type": "Feature"
    },
    {
      "geometry": {
        "coordinates": [
          10.340409,
          0.738079
        ],
        "type": "Point"
      },
      "properties": {
        "frame": "map",
        "id": 186
      },
      "type": "Feature"
    },
    {
      "geometry": {
        "coordinates": [
          10.440614,
          0.967118
        ],
        "type": "Point"
      },
      "properties": {
        "frame": "map",
        "id": 187
      },
      "type": "Feature"
    },
    {
      "geometry": {
        "coordinates": [
          [
            [
              -0.10999999999999999,
              0.4800000000000004
            ],
            [
              -0.008465383486638084,
              0.25154711284493614
            ]
          ]
        ],
        "type": "MultiLineString"
      },
      "properties": {
        "endid": 36,
        "id": 188,
        "metadata": {
          "bottleneck": false,
          "canonical_edge_id": 1,
          "length_m": 0.25,
          "min_clearance_m": 0.4000000059604645,
          "segment_fraction_end": 0.21846212387734193,
          "segment_fraction_start": 0.0,
          "segment_index": 0,
          "static_traversability": "FEASIBLE"
        },
        "startid": 0
      },
      "type": "Feature"
    },
    {
      "geometry": {
        "coordinates": [
          [
            [
              -0.008465383486638084,
              0.25154711284493614
            ],
            [
              0.09753485033338805,
              0.03057960387179932
            ]
          ]
        ],
        "type": "MultiLineString"
      },
      "properties": {
        "endid": 37,
        "id": 189,
        "metadata": {
          "bottleneck": false,
          "canonical_edge_id": 1,
          "length_m": 0.25,
          "min_clearance_m": 0.4000000059604645,
          "segment_fraction_end": 0.43692424775468386,
          "segment_fraction_start": 0.21846212387734193,
          "segment_index": 1,
          "static_traversability": "FEASIBLE"
        },
        "startid": 36
      },
      "type": "Feature"
    },
    {
      "geometry": {
        "coordinates": [
          [
            [
              0.09753485033338805,
              0.03057960387179932
            ],
            [
              0.3467984717087835,
              0.049753728592983514
            ]
          ]
        ],
        "type": "MultiLineString"
      },
      "properties": {
        "endid": 38,
        "id": 190,
        "metadata": {
          "bottleneck": false,
          "canonical_edge_id": 1,
          "length_m": 0.25,
          "min_clearance_m": 0.4000000059604645,
          "segment_fraction_end": 0.6553863716320257,
          "segment_fraction_start": 0.43692424775468386,
          "segment_index": 2,
          "static_traversability": "FEASIBLE"
        },
        "startid": 37
      },
      "type": "Feature"
    },
    {
      "geometry": {
        "coordinates": [
          [
            [
              0.3467984717087835,
              0.049753728592983514
            ],
            [
              0.5960620930841788,
              0.0689278533141677
            ]
          ]
        ],
        "type": "MultiLineString"
      },
      "properties": {
        "endid": 39,
        "id": 191,
        "metadata": {
          "bottleneck": false,
          "canonical_edge_id": 1,
          "length_m": 0.25,
          "min_clearance_m": 0.4000000059604645,
          "segment_fraction_end": 0.8738484955093677,
          "segment_fraction_start": 0.6553863716320257,
          "segment_index": 3,
          "static_traversability": "FEASIBLE"
        },
        "startid": 38
      },
      "type": "Feature"
    },
    {
      "geometry": {
        "coordinates": [
          [
            [
              0.5960620930841788,
              0.0689278533141677
            ],
            [
              0.7400000000000001,
              0.08000000000000007
            ]
          ]
        ],
        "type": "MultiLineString"
      },
      "properties": {
        "endid": 1,
        "id": 192,
        "metadata": {
          "bottleneck": false,
          "canonical_edge_id": 1,
          "length_m": 0.14436313061007033,
          "min_clearance_m": 0.4000000059604645,
          "segment_fraction_end": 1.0,
          "segment_fraction_start": 0.8738484955093677,
          "segment_index": 4,
          "static_traversability": "FEASIBLE"
        },
        "startid": 39
      },
      "type": "Feature"
    },
    {
      "geometry": {
        "coordinates": [
          [
            [
              0.7400000000000001,
              0.08000000000000007
            ],
            [
              0.5960620930841788,
              0.0689278533141677
            ]
          ]
        ],
        "type": "MultiLineString"
      },
      "properties": {
        "endid": 39,
        "id": 193,
        "metadata": {
          "bottleneck": false,
          "canonical_edge_id": 2,
          "length_m": 0.14436313061007033,
          "min_clearance_m": 0.4000000059604645,
          "segment_fraction_end": 0.1261515044906323,
          "segment_fraction_start": 0.0,
          "segment_index": 0,
          "static_traversability": "FEASIBLE"
        },
        "startid": 1
      },
      "type": "Feature"
    },
    {
      "geometry": {
        "coordinates": [
          [
            [
              0.5960620930841788,
              0.0689278533141677
            ],
            [
              0.3467984717087835,
              0.049753728592983514
            ]
          ]
        ],
        "type": "MultiLineString"
      },
      "properties": {
        "endid": 38,
        "id": 194,
        "metadata": {
          "bottleneck": false,
          "canonical_edge_id": 2,
          "length_m": 0.25,
          "min_clearance_m": 0.4000000059604645,
          "segment_fraction_end": 0.3446136283679742,
          "segment_fraction_start": 0.1261515044906323,
          "segment_index": 1,
          "static_traversability": "FEASIBLE"
        },
        "startid": 39
      },
      "type": "Feature"
    },
    {
      "geometry": {
        "coordinates": [
          [
            [
              0.3467984717087835,
              0.049753728592983514
            ],
            [
              0.09753485033338805,
              0.03057960387179932
            ]
          ]
        ],
        "type": "MultiLineString"
      },
      "properties": {
        "endid": 37,
        "id": 195,
        "metadata": {
          "bottleneck": false,
          "canonical_edge_id": 2,
          "length_m": 0.25,
          "min_clearance_m": 0.4000000059604645,
          "segment_fraction_end": 0.5630757522453161,
          "segment_fraction_start": 0.3446136283679742,
          "segment_index": 2,
          "static_traversability": "FEASIBLE"
        },
        "startid": 38
      },
      "type": "Feature"
    },
    {
      "geometry": {
        "coordinates": [
          [
            [
              0.09753485033338805,
              0.03057960387179932
            ],
            [
              -0.008465383486638084,
              0.25154711284493614
            ]
          ]
        ],
        "type": "MultiLineString"
      },
      "properties": {
        "endid": 36,
        "id": 196,
        "metadata": {
          "bottleneck": false,
          "canonical_edge_id": 2,
          "length_m": 0.25,
          "min_clearance_m": 0.4000000059604645,
          "segment_fraction_end": 0.7815378761226581,
          "segment_fraction_start": 0.5630757522453161,
          "segment_index": 3,
          "static_traversability": "FEASIBLE"
        },
        "startid": 37
      },
      "type": "Feature"
    },
    {
      "geometry": {
        "coordinates": [
          [
            [
              -0.008465383486638084,
              0.25154711284493614
            ],
            [
              -0.10999999999999999,
              0.4800000000000004
            ]
          ]
        ],
        "type": "MultiLineString"
      },
      "properties": {
        "endid": 0,
        "id": 197,
        "metadata": {
          "bottleneck": false,
          "canonical_edge_id": 2,
          "length_m": 0.25,
          "min_clearance_m": 0.4000000059604645,
          "segment_fraction_end": 1.0,
          "segment_fraction_start": 0.7815378761226581,
          "segment_index": 4,
          "static_traversability": "FEASIBLE"
        },
        "startid": 36
      },
      "type": "Feature"
    },
    {
      "geometry": {
        "coordinates": [
          [
            [
              0.7400000000000001,
              0.08000000000000007
            ],
            [
              0.7810997468263394,
              0.326598480958036
            ]
          ]
        ],
        "type": "MultiLineString"
      },
      "properties": {
        "endid": 40,
        "id": 198,
        "metadata": {
          "bottleneck": true,
          "canonical_edge_id": 3,
          "length_m": 0.25,
          "min_clearance_m": 0.22360680997371674,
          "segment_fraction_end": 0.8219949365267858,
          "segment_fraction_start": 0.0,
          "segment_index": 0,
          "static_traversability": "UNKNOWN"
        },
        "startid": 1
      },
      "type": "Feature"
    },
    {
      "geometry": {
        "coordinates": [
          [
            [
              0.7810997468263394,
              0.326598480958036
            ],
            [
              0.7900000000000001,
              0.38000000000000034
            ]
          ]
        ],
        "type": "MultiLineString"
      },
      "properties": {
        "endid": 2,
        "id": 199,
        "metadata": {
          "bottleneck": true,
          "canonical_edge_id": 3,
          "length_m": 0.05413812651491123,
          "min_clearance_m": 0.22360680997371674,
          "segment_fraction_end": 1.0,
          "segment_fraction_start": 0.8219949365267858,
          "segment_index": 1,
          "static_traversability": "UNKNOWN"
        },
        "startid": 40
      },
      "type": "Feature"
    },
    {
      "geometry": {
        "coordinates": [
          [
            [
              0.7400000000000001,
              0.08000000000000007
            ],
            [
              0.932055319899344,
              -0.08004609991611991
            ]
          ]
        ],
        "type": "MultiLineString"
      },
      "properties": {
        "endid": 41,
        "id": 200,
        "metadata": {
          "bottleneck": false,
          "canonical_edge_id": 4,
          "length_m": 0.25,
          "min_clearance_m": 0.39051249623298645,
          "segment_fraction_end": 0.06951185430220017,
          "segment_fraction_start": 0.0,
          "segment_index": 0,
          "static_traversability": "FEASIBLE"
        },
        "startid": 1
      },
      "type": "Feature"
    },
    {
      "geometry": {
        "coordinates": [
          [
            [
              0.932055319899344,
              -0.08004609991611991
            ],
            [
              1.1494875162046674,
              -0.16999999999999993
            ]
          ]
        ],
        "type": "MultiLineString"
      },
      "properties": {
        "endid": 42,
        "id": 201,
        "metadata": {
          "bottleneck": false,
          "canonical_edge_id": 4,
          "length_m": 0.25,
          "min_clearance_m": 0.39051249623298645,
          "segment_fraction_end": 0.13902370860440033,
          "segment_fraction_start": 0.06951185430220017,
          "segment_index": 1,
          "static_traversability": "FEASIBLE"
        },
        "startid": 41
      },
      "type": "Feature"
    },
    {
      "geometry": {
        "coordinates": [
          [
            [
              1.1494875162046674,
              -0.16999999999999993
            ],
            [
              1.3994875162046674,
              -0.16999999999999993
            ]
          ]
        ],
        "type": "MultiLineString"
      },
      "properties": {
        "endid": 43,
        "id": 202,
        "metadata": {
          "bottleneck": false,
          "canonical_edge_id": 4,
          "length_m": 0.25,
          "min_clearance_m": 0.39051249623298645,
          "segment_fraction_end": 0.2085355629066005,
          "segment_fraction_start": 0.13902370860440033,
          "segment_index": 2,
          "static_traversability": "FEASIBLE"
        },
        "startid": 42
      },
      "type": "Feature"
    },
    {
      "geometry": {
        "coordinates": [
          [
            [
              1.3994875162046674,
              -0.16999999999999993
            ],
            [
              1.6488089376504298,
              -0.16647642493982803
            ]
          ]
        ],
        "type": "MultiLineString"
      },
      "properties": {
        "endid": 44,
        "id": 203,
        "metadata": {
          "bottleneck": false,
          "canonical_edge_id": 4,
          "length_m": 0.25,
          "min_clearance_m": 0.39051249623298645,
          "segment_fraction_end": 0.27804741720880066,
          "segment_fraction_start": 0.2085355629066005,
          "segment_index": 3,
          "static_traversability": "FEASIBLE"
        },
        "startid": 43
      },
      "type": "Feature"
    },
    {
      "geometry": {
        "coordinates": [
          [
            [
              1.6488089376504298,
              -0.16647642493982803
            ],
            [
              1.8809281103717446,
              -0.07362875585130203
            ]
          ]
        ],
        "type": "MultiLineString"
      },
      "properties": {
        "endid": 45,
        "id": 204,
        "metadata": {
          "bottleneck": false,
          "canonical_edge_id": 4,
          "length_m": 0.25,
          "min_clearance_m": 0.39051249623298645,
          "segment_fraction_end": 0.3475592715110008,
          "segment_fraction_start": 0.27804741720880066,
          "segment_index": 4,
          "static_traversability": "FEASIBLE"
        },
        "startid": 44
      },
      "type": "Feature"
    },
    {
      "geometry": {
        "coordinates": [
          [
            [
              1.8809281103717446,
              -0.07362875585130203
            ],
            [
              2.1179015016997123,
              -0.14596716723323727
            ]
          ]
        ],
        "type": "MultiLineString"
      },
      "properties": {
        "endid": 46,
        "id": 205,
        "metadata": {
          "bottleneck": false,
          "canonical_edge_id": 4,
          "length_m": 0.25,
          "min_clearance_m": 0.39051249623298645,
          "segment_fraction_end": 0.417071125813201,
          "segment_fraction_start": 0.3475592715110008,
          "segment_index": 5,
          "static_traversability": "FEASIBLE"
        },
        "startid": 45
      },
      "type": "Feature"
    },
    {
      "geometry": {
        "coordinates": [
          [
            [
              2.1179015016997123,
              -0.14596716723323727
            ],
            [
              2.3636161239541167,
              -0.15842559173639217
            ]
          ]
        ],
        "type": "MultiLineString"
      },
      "properties": {
        "endid": 47,
        "id": 206,
        "metadata": {
          "bottleneck": false,
          "canonical_edge_id": 4,
          "length_m": 0.25,
          "min_clearance_m": 0.39051249623298645,
          "segment_fraction_end": 0.48658298011540113,
          "segment_fraction_start": 0.417071125813201,
          "segment_index": 6,
          "static_traversability": "FEASIBLE"
        },
        "startid": 46
      },
      "type": "Feature"
    },
    {
      "geometry": {
        "coordinates": [
          [
            [
              2.3636161239541167,
              -0.15842559173639217
            ],
            [
              2.6130624134182687,
              -0.14179583910544868
            ]
          ]
        ],
        "type": "MultiLineString"
      },
      "properties": {
        "endid": 48,
        "id": 207,
        "metadata": {
          "bottleneck": false,
          "canonical_edge_id": 4,
          "length_m": 0.25,
          "min_clearance_m": 0.39051249623298645,
          "segment_fraction_end": 0.5560948344176013,
          "segment_fraction_start": 0.48658298011540113,
          "segment_index": 7,
          "static_traversability": "FEASIBLE"
        },
        "startid": 47
      },
      "type": "Feature"
    },
    {
      "geometry": {
        "coordinates": [
          [
            [
              2.6130624134182687,
              -0.14179583910544868
            ],
            [
              2.862508702882421,
              -0.12516608647450517
            ]
          ]
        ],
        "type": "MultiLineString"
      },
      "properties": {
        "endid": 49,
        "id": 208,
        "metadata": {
          "bottleneck": false,
          "canonical_edge_id": 4,
          "length_m": 0.25,
          "min_clearance_m": 0.39051249623298645,
          "segment_fraction_end": 0.6256066887198015,
          "segment_fraction_start": 0.5560948344176013,
          "segment_index": 8,
          "static_traversability": "FEASIBLE"
        },
        "startid": 48
      },
      "type": "Feature"
    },
    {
      "geometry": {
        "coordinates": [
          [
            [
              2.862508702882421,
              -0.12516608647450517
            ],
            [
              3.0355951962659478,
              0.02339279439892117
            ]
          ]
        ],
        "type": "MultiLineString"
      },
      "properties": {
        "endid": 50,
        "id": 209,
        "metadata": {
          "bottleneck": false,
          "canonical_edge_id": 4,
          "length_m": 0.25,
          "min_clearance_m": 0.39051249623298645,
          "segment_fraction_end": 0.6951185430220016,
          "segment_fraction_start": 0.6256066887198015,
          "segment_index": 9,
          "static_traversability": "FEASIBLE"
        },
        "startid": 49
      },
      "type": "Feature"
    },
    {
      "geometry": {
        "coordinates": [
          [
            [
              3.0355951962659478,
              0.02339279439892117
            ],
            [
              3.1501568264515223,
              0.24094095870913176
            ]
          ]
        ],
        "type": "MultiLineString"
      },
      "properties": {
        "endid": 51,
        "id": 210,
        "metadata": {
          "bottleneck": false,
          "canonical_edge_id": 4,
          "length_m": 0.25,
          "min_clearance_m": 0.39051249623298645,
          "segment_fraction_end": 0.7646303973242018,
          "segment_fraction_start": 0.6951185430220016,
          "segment_index": 10,
          "static_traversability": "FEASIBLE"
        },
        "startid": 50
      },
      "type": "Feature"
    },
    {
      "geometry": {
        "coordinates": [
          [
            [
              3.1501568264515223,
              0.24094095870913176
            ],
            [
              3.193162876673586,
              0.4869583286818879
            ]
          ]
        ],
        "type": "MultiLineString"
      },
      "properties": {
        "endid": 52,
        "id": 211,
        "metadata": {
          "bottleneck": false,
          "canonical_edge_id": 4,
          "length_m": 0.25,
          "min_clearance_m": 0.39051249623298645,
          "segment_fraction_end": 0.834142251626402,
          "segment_fraction_start": 0.7646303973242018,
          "segment_index": 11,
          "static_traversability": "FEASIBLE"
        },
        "startid": 51
      },
      "type": "Feature"
    },
    {
      "geometry": {
        "coordinates": [
          [
            [
              3.193162876673586,
              0.4869583286818879
            ],
            [
              3.2966136127488816,
              0.7145499480475391
            ]
          ]
        ],
        "type": "MultiLineString"
      },
      "properties": {
        "endid": 53,
        "id": 212,
        "metadata": {
          "bottleneck": false,
          "canonical_edge_id": 4,
          "length_m": 0.25,
          "min_clearance_m": 0.39051249623298645,
          "segment_fraction_end": 0.9036541059286022,
          "segment_fraction_start": 0.834142251626402,
          "segment_index": 12,
          "static_traversability": "FEASIBLE"
        },
        "startid": 52
      },
      "type": "Feature"
    },
    {
      "geometry": {
        "coordinates": [
          [
            [
              3.2966136127488816,
              0.7145499480475391
            ],
            [
              3.4000643488241775,
              0.9421415674131903
            ]
          ]
        ],
        "type": "MultiLineString"
      },
      "properties": {
        "endid": 54,
        "id": 213,
        "metadata": {
          "bottleneck": false,
          "canonical_edge_id": 4,
          "length_m": 0.25,
          "min_clearance_m": 0.39051249623298645,
          "segment_fraction_end": 0.9731659602308023,
          "segment_fraction_start": 0.9036541059286022,
          "segment_index": 13,
          "static_traversability": "FEASIBLE"
        },
        "startid": 53
      },
      "type": "Feature"
    },
    {
      "geometry": {
        "coordinates": [
          [
            [
              3.4000643488241775,
              0.9421415674131903
            ],
            [
              3.44,
              1.03
            ]
          ]
        ],
        "type": "MultiLineString"
      },
      "properties": {
        "endid": 7,
        "id": 214,
        "metadata": {
          "bottleneck": false,
          "canonical_edge_id": 4,
          "length_m": 0.0965088618285801,
          "min_clearance_m": 0.39051249623298645,
          "segment_fraction_end": 1.0,
          "segment_fraction_start": 0.9731659602308023,
          "segment_index": 14,
          "static_traversability": "FEASIBLE"
        },
        "startid": 54
      },
      "type": "Feature"
    },
    {
      "geometry": {
        "coordinates": [
          [
            [
              0.7900000000000001,
              0.38000000000000034
            ],
            [
              0.7810997468263394,
              0.326598480958036
            ]
          ]
        ],
        "type": "MultiLineString"
      },
      "properties": {
        "endid": 40,
        "id": 215,
        "metadata": {
          "bottleneck": true,
          "canonical_edge_id": 5,
          "length_m": 0.05413812651491123,
          "min_clearance_m": 0.22360680997371674,
          "segment_fraction_end": 0.17800506347321424,
          "segment_fraction_start": 0.0,
          "segment_index": 0,
          "static_traversability": "UNKNOWN"
        },
        "startid": 2
      },
      "type": "Feature"
    },
    {
      "geometry": {
        "coordinates": [
          [
            [
              0.7810997468263394,
              0.326598480958036
            ],
            [
              0.7400000000000001,
              0.08000000000000007
            ]
          ]
        ],
        "type": "MultiLineString"
      },
      "properties": {
        "endid": 1,
        "id": 216,
        "metadata": {
          "bottleneck": true,
          "canonical_edge_id": 5,
          "length_m": 0.25,
          "min_clearance_m": 0.22360680997371674,
          "segment_fraction_end": 1.0,
          "segment_fraction_start": 0.17800506347321424,
          "segment_index": 1,
          "static_traversability": "UNKNOWN"
        },
        "startid": 40
      },
      "type": "Feature"
    },
    {
      "geometry": {
        "coordinates": [
          [
            [
              1.7400000000000002,
              3.4800000000000004
            ],
            [
              1.8758128195393189,
              3.2701074607119627
            ]
          ]
        ],
        "type": "MultiLineString"
      },
      "properties": {
        "endid": 55,
        "id": 217,
        "metadata": {
          "bottleneck": true,
          "canonical_edge_id": 6,
          "length_m": 0.25,
          "min_clearance_m": 0.25,
          "segment_fraction_end": 0.17328615140139345,
          "segment_fraction_start": 0.0,
          "segment_index": 0,
          "static_traversability": "UNKNOWN"
        },
        "startid": 3
      },
      "type": "Feature"
    },
    {
      "geometry": {
        "coordinates": [
          [
            [
              1.8758128195393189,
              3.2701074607119627
            ],
            [
              2.0116256390786376,
              3.060214921423925
            ]
          ]
        ],
        "type": "MultiLineString"
      },
      "properties": {
        "endid": 56,
        "id": 218,
        "metadata": {
          "bottleneck": true,
          "canonical_edge_id": 6,
          "length_m": 0.25,
          "min_clearance_m": 0.25,
          "segment_fraction_end": 0.3465723028027869,
          "segment_fraction_start": 0.17328615140139345,
          "segment_index": 1,
          "static_traversability": "UNKNOWN"
        },
        "startid": 55
      },
      "type": "Feature"
    },
    {
      "geometry": {
        "coordinates": [
          [
            [
              2.0116256390786376,
              3.060214921423925
            ],
            [
              2.147438458617956,
              2.8503223821358867
            ]
          ]
        ],
        "type": "MultiLineString"
      },
      "properties": {
        "endid": 57,
        "id": 219,
        "metadata": {
          "bottleneck": true,
          "canonical_edge_id": 6,
          "length_m": 0.25,
          "min_clearance_m": 0.25,
          "segment_fraction_end": 0.5198584542041803,
          "segment_fraction_start": 0.3465723028027869,
          "segment_index": 2,
          "static_traversability": "UNKNOWN"
        },
        "startid": 56
      },
      "type": "Feature"
    },
    {
      "geometry": {
        "coordinates": [
          [
            [
              2.147438458617956,
              2.8503223821358867
            ],
            [
              2.2832512781572745,
              2.6404298428478494
            ]
          ]
        ],
        "type": "MultiLineString"
      },
      "properties": {
        "endid": 58,
        "id": 220,
        "metadata": {
          "bottleneck": true,
          "canonical_edge_id": 6,
          "length_m": 0.25,
          "min_clearance_m": 0.25,
          "segment_fraction_end": 0.6931446056055738,
          "segment_fraction_start": 0.5198584542041803,
          "segment_index": 3,
          "static_traversability": "UNKNOWN"
        },
        "startid": 57
      },
      "type": "Feature"
    },
    {
      "geometry": {
        "coordinates": [
          [
            [
              2.2832512781572745,
              2.6404298428478494
            ],
            [
              2.5275771634341706,
              2.63
            ]
          ]
        ],
        "type": "MultiLineString"
      },
      "properties": {
        "endid": 59,
        "id": 221,
        "metadata": {
          "bottleneck": true,
          "canonical_edge_id": 6,
          "length_m": 0.25,
          "min_clearance_m": 0.25,
          "segment_fraction_end": 0.8664307570069671,
          "segment_fraction_start": 0.6931446056055738,
          "segment_index": 4,
          "static_traversability": "UNKNOWN"
        },
        "startid": 58
      },
      "type": "Feature"
    },
    {
      "geometry": {
        "coordinates": [
          [
            [
              2.5275771634341706,
              2.63
            ],
            [
              2.6900000000000004,
              2.7300000000000004
            ]
          ]
        ],
        "type": "MultiLineString"
      },
      "properties": {
        "endid": 5,
        "id": 222,
        "metadata": {
          "bottleneck": true,
          "canonical_edge_id": 6,
          "length_m": 0.19270040033902958,
          "min_clearance_m": 0.25,
          "segment_fraction_end": 1.0,
          "segment_fraction_start": 0.8664307570069671,
          "segment_index": 5,
          "static_traversability": "UNKNOWN"
        },
        "startid": 59
      },
      "type": "Feature"
    },
    {
      "geometry": {
        "coordinates": [
          [
            [
              2.24,
              4.48
            ],
            [
              2.472119172721315,
              4.387152330911475
            ]
          ]
        ],
        "type": "MultiLineString"
      },
      "properties": {
        "endid": 60,
        "id": 223,
        "metadata": {
          "bottleneck": true,
          "canonical_edge_id": 7,
          "length_m": 0.25,
          "min_clearance_m": 0.25,
          "segment_fraction_end": 0.11848976397225564,
          "segment_fraction_start": 0.0,
          "segment_index": 0,
          "static_traversability": "UNKNOWN"
        },
        "startid": 4
      },
      "type": "Feature"
    },
    {
      "geometry": {
        "coordinates": [
          [
            [
              2.472119172721315,
              4.387152330911475
            ],
            [
              2.6257157724939124,
              4.193390812820871
            ]
          ]
        ],
        "type": "MultiLineString"
      },
      "properties": {
        "endid": 61,
        "id": 224,
        "metadata": {
          "bottleneck": true,
          "canonical_edge_id": 7,
          "length_m": 0.25,
          "min_clearance_m": 0.25,
          "segment_fraction_end": 0.23697952794451127,
          "segment_fraction_start": 0.11848976397225564,
          "segment_index": 1,
          "static_traversability": "UNKNOWN"
        },
        "startid": 60
      },
      "type": "Feature"
    },
    {
      "geometry": {
        "coordinates": [
          [
            [
              2.6257157724939124,
              4.193390812820871
            ],
            [
              2.772758696912674,
              3.991206791745074
            ]
          ]
        ],
        "type": "MultiLineString"
      },
      "properties": {
        "endid": 62,
        "id": 225,
        "metadata": {
          "bottleneck": true,
          "canonical_edge_id": 7,
          "length_m": 0.25,
          "min_clearance_m": 0.25,
          "segment_fraction_end": 0.3554692919167669,
          "segment_fraction_start": 0.23697952794451127,
          "segment_index": 2,
          "static_traversability": "UNKNOWN"
        },
        "startid": 61
      },
      "type": "Feature"
    },
    {
      "geometry": {
        "coordinates": [
          [
            [
              2.772758696912674,
              3.991206791745074
            ],
            [
              2.89,
              3.779331765793498
            ]
          ]
        ],
        "type": "MultiLineString"
      },
      "properties": {
        "endid": 63,
        "id": 226,
        "metadata": {
          "bottleneck": true,
          "canonical_edge_id": 7,
          "length_m": 0.25,
          "min_clearance_m": 0.25,
          "segment_fraction_end": 0.47395905588902254,
          "segment_fraction_start": 0.3554692919167669,
          "segment_index": 3,
          "static_traversability": "UNKNOWN"
        },
        "startid": 62
      },
      "type": "Feature"
    },
    {
      "geometry": {
        "coordinates": [
          [
            [
              2.89,
              3.779331765793498
            ],
            [
              2.89,
              3.529331765793498
            ]
          ]
        ],
        "type": "MultiLineString"
      },
      "properties": {
        "endid": 64,
        "id": 227,
        "metadata": {
          "bottleneck": true,
          "canonical_edge_id": 7,
          "length_m": 0.25,
          "min_clearance_m": 0.25,
          "segment_fraction_end": 0.5924488198612782,
          "segment_fraction_start": 0.47395905588902254,
          "segment_index": 4,
          "static_traversability": "UNKNOWN"
        },
        "startid": 63
      },
      "type": "Feature"
    },
    {
      "geometry": {
        "coordinates": [
          [
            [
              2.89,
              3.529331765793498
            ],
            [
              2.834159310732006,
              3.296238966098009
            ]
          ]
        ],
        "type": "MultiLineString"
      },
      "properties": {
        "endid": 65,
        "id": 228,
        "metadata": {
          "bottleneck": true,
          "canonical_edge_id": 7,
          "length_m": 0.25,
          "min_clearance_m": 0.25,
          "segment_fraction_end": 0.7109385838335338,
          "segment_fraction_start": 0.5924488198612782,
          "segment_index": 5,
          "static_traversability": "UNKNOWN"
        },
        "startid": 64
      },
      "type": "Feature"
    },
    {
      "geometry": {
        "coordinates": [
          [
            [
              2.834159310732006,
              3.296238966098009
            ],
            [
              2.695484261675699,
              3.088226392513548
            ]
          ]
        ],
        "type": "MultiLineString"
      },
      "properties": {
        "endid": 66,
        "id": 229,
        "metadata": {
          "bottleneck": true,
          "canonical_edge_id": 7,
          "length_m": 0.25,
          "min_clearance_m": 0.25,
          "segment_fraction_end": 0.8294283478057894,
          "segment_fraction_start": 0.7109385838335338,
          "segment_index": 6,
          "static_traversability": "UNKNOWN"
        },
        "startid": 65
      },
      "type": "Feature"
    },
    {
      "geometry": {
        "coordinates": [
          [
            [
              2.695484261675699,
              3.088226392513548
            ],
            [
              2.6900000000000004,
              2.8398868933398966
            ]
          ]
        ],
        "type": "MultiLineString"
      },
      "properties": {
        "endid": 67,
        "id": 230,
        "metadata": {
          "bottleneck": true,
          "canonical_edge_id": 7,
          "length_m": 0.25,
          "min_clearance_m": 0.25,
          "segment_fraction_end": 0.9479181117780451,
          "segment_fraction_start": 0.8294283478057894,
          "segment_index": 7,
          "static_traversability": "UNKNOWN"
        },
        "startid": 66
      },
      "type": "Feature"
    },
    {
      "geometry": {
        "coordinates": [
          [
            [
              2.6900000000000004,
              2.8398868933398966
            ],
            [
              2.6900000000000004,
              2.7300000000000004
            ]
          ]
        ],
        "type": "MultiLineString"
      },
      "properties": {
        "endid": 5,
        "id": 231,
        "metadata": {
          "bottleneck": true,
          "canonical_edge_id": 7,
          "length_m": 0.10988689333989621,
          "min_clearance_m": 0.25,
          "segment_fraction_end": 1.0,
          "segment_fraction_start": 0.9479181117780451,
          "segment_index": 8,
          "static_traversability": "UNKNOWN"
        },
        "startid": 67
      },
      "type": "Feature"
    },
    {
      "geometry": {
        "coordinates": [
          [
            [
              2.6900000000000004,
              2.7300000000000004
            ],
            [
              2.5275771634341706,
              2.63
            ]
          ]
        ],
        "type": "MultiLineString"
      },
      "properties": {
        "endid": 59,
        "id": 232,
        "metadata": {
          "bottleneck": true,
          "canonical_edge_id": 8,
          "length_m": 0.19270040033902958,
          "min_clearance_m": 0.25,
          "segment_fraction_end": 0.13356924299303283,
          "segment_fraction_start": 0.0,
          "segment_index": 0,
          "static_traversability": "UNKNOWN"
        },
        "startid": 5
      },
      "type": "Feature"
    },
    {
      "geometry": {
        "coordinates": [
          [
            [
              2.5275771634341706,
              2.63
            ],
            [
              2.2832512781572745,
              2.6404298428478494
            ]
          ]
        ],
        "type": "MultiLineString"
      },
      "properties": {
        "endid": 58,
        "id": 233,
        "metadata": {
          "bottleneck": true,
          "canonical_edge_id": 8,
          "length_m": 0.25,
          "min_clearance_m": 0.25,
          "segment_fraction_end": 0.3068553943944263,
          "segment_fraction_start": 0.13356924299303283,
          "segment_index": 1,
          "static_traversability": "UNKNOWN"
        },
        "startid": 59
      },
      "type": "Feature"
    },
    {
      "geometry": {
        "coordinates": [
          [
            [
              2.2832512781572745,
              2.6404298428478494
            ],
            [
              2.147438458617956,
              2.8503223821358867
            ]
          ]
        ],
        "type": "MultiLineString"
      },
      "properties": {
        "endid": 57,
        "id": 234,
        "metadata": {
          "bottleneck": true,
          "canonical_edge_id": 8,
          "length_m": 0.25,
          "min_clearance_m": 0.25,
          "segment_fraction_end": 0.4801415457958197,
          "segment_fraction_start": 0.3068553943944263,
          "segment_index": 2,
          "static_traversability": "UNKNOWN"
        },
        "startid": 58
      },
      "type": "Feature"
    },
    {
      "geometry": {
        "coordinates": [
          [
            [
              2.147438458617956,
              2.8503223821358867
            ],
            [
              2.0116256390786376,
              3.060214921423925
            ]
          ]
        ],
        "type": "MultiLineString"
      },
      "properties": {
        "endid": 56,
        "id": 235,
        "metadata": {
          "bottleneck": true,
          "canonical_edge_id": 8,
          "length_m": 0.25,
          "min_clearance_m": 0.25,
          "segment_fraction_end": 0.6534276971972132,
          "segment_fraction_start": 0.4801415457958197,
          "segment_index": 3,
          "static_traversability": "UNKNOWN"
        },
        "startid": 57
      },
      "type": "Feature"
    },
    {
      "geometry": {
        "coordinates": [
          [
            [
              2.0116256390786376,
              3.060214921423925
            ],
            [
              1.8758128195393189,
              3.2701074607119627
            ]
          ]
        ],
        "type": "MultiLineString"
      },
      "properties": {
        "endid": 55,
        "id": 236,
        "metadata": {
          "bottleneck": true,
          "canonical_edge_id": 8,
          "length_m": 0.25,
          "min_clearance_m": 0.25,
          "segment_fraction_end": 0.8267138485986065,
          "segment_fraction_start": 0.6534276971972132,
          "segment_index": 4,
          "static_traversability": "UNKNOWN"
        },
        "startid": 56
      },
      "type": "Feature"
    },
    {
      "geometry": {
        "coordinates": [
          [
            [
              1.8758128195393189,
              3.2701074607119627
            ],
            [
              1.7400000000000002,
              3.4800000000000004
            ]
          ]
        ],
        "type": "MultiLineString"
      },
      "properties": {
        "endid": 3,
        "id": 237,
        "metadata": {
          "bottleneck": true,
          "canonical_edge_id": 8,
          "length_m": 0.25,
          "min_clearance_m": 0.25,
          "segment_fraction_end": 1.0,
          "segment_fraction_start": 0.8267138485986065,
          "segment_index": 5,
          "static_traversability": "UNKNOWN"
        },
        "startid": 55
      },
      "type": "Feature"
    },
    {
      "geometry": {
        "coordinates": [
          [
            [
              2.6900000000000004,
              2.7300000000000004
            ],
            [
              2.6900000000000004,
              2.8398868933398966
            ]
          ]
        ],
        "type": "MultiLineString"
      },
      "properties": {
        "endid": 67,
        "id": 238,
        "metadata": {
          "bottleneck": true,
          "canonical_edge_id": 9,
          "length_m": 0.10988689333989621,
          "min_clearance_m": 0.25,
          "segment_fraction_end": 0.052081888221954926,
          "segment_fraction_start": 0.0,
          "segment_index": 0,
          "static_traversability": "UNKNOWN"
        },
        "startid": 5
      },
      "type": "Feature"
    },
    {
      "geometry": {
        "coordinates": [
          [
            [
              2.6900000000000004,
              2.8398868933398966
            ],
            [
              2.695484261675699,
              3.088226392513548
            ]
          ]
        ],
        "type": "MultiLineString"
      },
      "properties": {
        "endid": 66,
        "id": 239,
        "metadata": {
          "bottleneck": true,
          "canonical_edge_id": 9,
          "length_m": 0.25,
          "min_clearance_m": 0.25,
          "segment_fraction_end": 0.17057165219421055,
          "segment_fraction_start": 0.052081888221954926,
          "segment_index": 1,
          "static_traversability": "UNKNOWN"
        },
        "startid": 67
      },
      "type": "Feature"
    },
    {
      "geometry": {
        "coordinates": [
          [
            [
              2.695484261675699,
              3.088226392513548
            ],
            [
              2.834159310732006,
              3.296238966098009
            ]
          ]
        ],
        "type": "MultiLineString"
      },
      "properties": {
        "endid": 65,
        "id": 240,
        "metadata": {
          "bottleneck": true,
          "canonical_edge_id": 9,
          "length_m": 0.25,
          "min_clearance_m": 0.25,
          "segment_fraction_end": 0.2890614161664662,
          "segment_fraction_start": 0.17057165219421055,
          "segment_index": 2,
          "static_traversability": "UNKNOWN"
        },
        "startid": 66
      },
      "type": "Feature"
    },
    {
      "geometry": {
        "coordinates": [
          [
            [
              2.834159310732006,
              3.296238966098009
            ],
            [
              2.89,
              3.529331765793498
            ]
          ]
        ],
        "type": "MultiLineString"
      },
      "properties": {
        "endid": 64,
        "id": 241,
        "metadata": {
          "bottleneck": true,
          "canonical_edge_id": 9,
          "length_m": 0.25,
          "min_clearance_m": 0.25,
          "segment_fraction_end": 0.4075511801387218,
          "segment_fraction_start": 0.2890614161664662,
          "segment_index": 3,
          "static_traversability": "UNKNOWN"
        },
        "startid": 65
      },
      "type": "Feature"
    },
    {
      "geometry": {
        "coordinates": [
          [
            [
              2.89,
              3.529331765793498
            ],
            [
              2.89,
              3.779331765793498
            ]
          ]
        ],
        "type": "MultiLineString"
      },
      "properties": {
        "endid": 63,
        "id": 242,
        "metadata": {
          "bottleneck": true,
          "canonical_edge_id": 9,
          "length_m": 0.25,
          "min_clearance_m": 0.25,
          "segment_fraction_end": 0.5260409441109775,
          "segment_fraction_start": 0.4075511801387218,
          "segment_index": 4,
          "static_traversability": "UNKNOWN"
        },
        "startid": 64
      },
      "type": "Feature"
    },
    {
      "geometry": {
        "coordinates": [
          [
            [
              2.89,
              3.779331765793498
            ],
            [
              2.772758696912674,
              3.991206791745074
            ]
          ]
        ],
        "type": "MultiLineString"
      },
      "properties": {
        "endid": 62,
        "id": 243,
        "metadata": {
          "bottleneck": true,
          "canonical_edge_id": 9,
          "length_m": 0.25,
          "min_clearance_m": 0.25,
          "segment_fraction_end": 0.6445307080832331,
          "segment_fraction_start": 0.5260409441109775,
          "segment_index": 5,
          "static_traversability": "UNKNOWN"
        },
        "startid": 63
      },
      "type": "Feature"
    },
    {
      "geometry": {
        "coordinates": [
          [
            [
              2.772758696912674,
              3.991206791745074
            ],
            [
              2.6257157724939124,
              4.193390812820871
            ]
          ]
        ],
        "type": "MultiLineString"
      },
      "properties": {
        "endid": 61,
        "id": 244,
        "metadata": {
          "bottleneck": true,
          "canonical_edge_id": 9,
          "length_m": 0.25,
          "min_clearance_m": 0.25,
          "segment_fraction_end": 0.7630204720554887,
          "segment_fraction_start": 0.6445307080832331,
          "segment_index": 6,
          "static_traversability": "UNKNOWN"
        },
        "startid": 62
      },
      "type": "Feature"
    },
    {
      "geometry": {
        "coordinates": [
          [
            [
              2.6257157724939124,
              4.193390812820871
            ],
            [
              2.472119172721315,
              4.387152330911475
            ]
          ]
        ],
        "type": "MultiLineString"
      },
      "properties": {
        "endid": 60,
        "id": 245,
        "metadata": {
          "bottleneck": true,
          "canonical_edge_id": 9,
          "length_m": 0.25,
          "min_clearance_m": 0.25,
          "segment_fraction_end": 0.8815102360277444,
          "segment_fraction_start": 0.7630204720554887,
          "segment_index": 7,
          "static_traversability": "UNKNOWN"
        },
        "startid": 61
      },
      "type": "Feature"
    },
    {
      "geometry": {
        "coordinates": [
          [
            [
              2.472119172721315,
              4.387152330911475
            ],
            [
              2.24,
              4.48
            ]
          ]
        ],
        "type": "MultiLineString"
      },
      "properties": {
        "endid": 4,
        "id": 246,
        "metadata": {
          "bottleneck": true,
          "canonical_edge_id": 9,
          "length_m": 0.25,
          "min_clearance_m": 0.25,
          "segment_fraction_end": 1.0,
          "segment_fraction_start": 0.8815102360277444,
          "segment_index": 8,
          "static_traversability": "UNKNOWN"
        },
        "startid": 60
      },
      "type": "Feature"
    },
    {
      "geometry": {
        "coordinates": [
          [
            [
              2.6900000000000004,
              2.7300000000000004
            ],
            [
              2.9070607855311152,
              2.605965265410792
            ]
          ]
        ],
        "type": "MultiLineString"
      },
      "properties": {
        "endid": 68,
        "id": 247,
        "metadata": {
          "bottleneck": false,
          "canonical_edge_id": 10,
          "length_m": 0.25,
          "min_clearance_m": 0.4000000059604645,
          "segment_fraction_end": 0.11419065732022111,
          "segment_fraction_start": 0.0,
          "segment_index": 0,
          "static_traversability": "FEASIBLE"
        },
        "startid": 5
      },
      "type": "Feature"
    },
    {
      "geometry": {
        "coordinates": [
          [
            [
              2.9070607855311152,
              2.605965265410792
            ],
            [
              3.1241215710622297,
              2.4819305308215833
            ]
          ]
        ],
        "type": "MultiLineString"
      },
      "properties": {
        "endid": 69,
        "id": 248,
        "metadata": {
          "bottleneck": false,
          "canonical_edge_id": 10,
          "length_m": 0.25,
          "min_clearance_m": 0.4000000059604645,
          "segment_fraction_end": 0.22838131464044223,
          "segment_fraction_start": 0.11419065732022111,
          "segment_index": 1,
          "static_traversability": "FEASIBLE"
        },
        "startid": 68
      },
      "type": "Feature"
    },
    {
      "geometry": {
        "coordinates": [
          [
            [
              3.1241215710622297,
              2.4819305308215833
            ],
            [
              3.3411823565933445,
              2.3578957962323748
            ]
          ]
        ],
        "type": "MultiLineString"
      },
      "properties": {
        "endid": 70,
        "id": 249,
        "metadata": {
          "bottleneck": false,
          "canonical_edge_id": 10,
          "length_m": 0.25,
          "min_clearance_m": 0.4000000059604645,
          "segment_fraction_end": 0.34257197196066336,
          "segment_fraction_start": 0.22838131464044223,
          "segment_index": 2,
          "static_traversability": "FEASIBLE"
        },
        "startid": 69
      },
      "type": "Feature"
    },
    {
      "geometry": {
        "coordinates": [
          [
            [
              3.3411823565933445,
              2.3578957962323748
            ],
            [
              3.583774225170145,
              2.33
            ]
          ]
        ],
        "type": "MultiLineString"
      },
      "properties": {
        "endid": 71,
        "id": 250,
        "metadata": {
          "bottleneck": false,
          "canonical_edge_id": 10,
          "length_m": 0.25,
          "min_clearance_m": 0.4000000059604645,
          "segment_fraction_end": 0.45676262928088446,
          "segment_fraction_start": 0.34257197196066336,
          "segment_index": 3,
          "static_traversability": "FEASIBLE"
        },
        "startid": 70
      },
      "type": "Feature"
    },
    {
      "geometry": {
        "coordinates": [
          [
            [
              3.583774225170145,
              2.33
            ],
            [
              3.833774225170145,
              2.33
            ]
          ]
        ],
        "type": "MultiLineString"
      },
      "properties": {
        "endid": 72,
        "id": 251,
        "metadata": {
          "bottleneck": false,
          "canonical_edge_id": 10,
          "length_m": 0.25,
          "min_clearance_m": 0.4000000059604645,
          "segment_fraction_end": 0.5709532866011056,
          "segment_fraction_start": 0.45676262928088446,
          "segment_index": 4,
          "static_traversability": "FEASIBLE"
        },
        "startid": 71
      },
      "type": "Feature"
    },
    {
      "geometry": {
        "coordinates": [
          [
            [
              3.833774225170145,
              2.33
            ],
            [
              4.083774225170146,
              2.33
            ]
          ]
        ],
        "type": "MultiLineString"
      },
      "properties": {
        "endid": 73,
        "id": 252,
        "metadata": {
          "bottleneck": false,
          "canonical_edge_id": 10,
          "length_m": 0.25,
          "min_clearance_m": 0.4000000059604645,
          "segment_fraction_end": 0.6851439439213267,
          "segment_fraction_start": 0.5709532866011056,
          "segment_index": 5,
          "static_traversability": "FEASIBLE"
        },
        "startid": 72
      },
      "type": "Feature"
    },
    {
      "geometry": {
        "coordinates": [
          [
            [
              4.083774225170146,
              2.33
            ],
            [
              4.313285380983202,
              2.256028771410079
            ]
          ]
        ],
        "type": "MultiLineString"
      },
      "properties": {
        "endid": 74,
        "id": 253,
        "metadata": {
          "bottleneck": false,
          "canonical_edge_id": 10,
          "length_m": 0.25,
          "min_clearance_m": 0.4000000059604645,
          "segment_fraction_end": 0.7993346012415478,
          "segment_fraction_start": 0.6851439439213267,
          "segment_index": 6,
          "static_traversability": "FEASIBLE"
        },
        "startid": 73
      },
      "type": "Feature"
    },
    {
      "geometry": {
        "coordinates": [
          [
            [
              4.313285380983202,
              2.256028771410079
            ],
            [
              4.527658612411338,
              2.127404832553198
            ]
          ]
        ],
        "type": "MultiLineString"
      },
      "properties": {
        "endid": 75,
        "id": 254,
        "metadata": {
          "bottleneck": false,
          "canonical_edge_id": 10,
          "length_m": 0.25,
          "min_clearance_m": 0.4000000059604645,
          "segment_fraction_end": 0.9135252585617689,
          "segment_fraction_start": 0.7993346012415478,
          "segment_index": 7,
          "static_traversability": "FEASIBLE"
        },
        "startid": 74
      },
      "type": "Feature"
    },
    {
      "geometry": {
        "coordinates": [
          [
            [
              4.527658612411338,
              2.127404832553198
            ],
            [
              4.69,
              2.0300000000000002
            ]
          ]
        ],
        "type": "MultiLineString"
      },
      "properties": {
        "endid": 10,
        "id": 255,
        "metadata": {
          "bottleneck": false,
          "canonical_edge_id": 10,
          "length_m": 0.18932096431438517,
          "min_clearance_m": 0.4000000059604645,
          "segment_fraction_end": 1.0,
          "segment_fraction_start": 0.9135252585617689,
          "segment_index": 8,
          "static_traversability": "FEASIBLE"
        },
        "startid": 75
      },
      "type": "Feature"
    },
    {
      "geometry": {
        "coordinates": [
          [
            [
              2.99,
              1.4800000000000004
            ],
            [
              3.166776695296637,
              1.3032233047033634
            ]
          ]
        ],
        "type": "MultiLineString"
      },
      "properties": {
        "endid": 76,
        "id": 256,
        "metadata": {
          "bottleneck": true,
          "canonical_edge_id": 11,
          "length_m": 0.25,
          "min_clearance_m": 0.22360680997371674,
          "segment_fraction_end": 0.3928371006591931,
          "segment_fraction_start": 0.0,
          "segment_index": 0,
          "static_traversability": "UNKNOWN"
        },
        "startid": 6
      },
      "type": "Feature"
    },
    {
      "geometry": {
        "coordinates": [
          [
            [
              3.166776695296637,
              1.3032233047033634
            ],
            [
              3.3435533905932737,
              1.1264466094067265
            ]
          ]
        ],
        "type": "MultiLineString"
      },
      "properties": {
        "endid": 77,
        "id": 257,
        "metadata": {
          "bottleneck": true,
          "canonical_edge_id": 11,
          "length_m": 0.25,
          "min_clearance_m": 0.22360680997371674,
          "segment_fraction_end": 0.7856742013183862,
          "segment_fraction_start": 0.3928371006591931,
          "segment_index": 1,
          "static_traversability": "UNKNOWN"
        },
        "startid": 76
      },
      "type": "Feature"
    },
    {
      "geometry": {
        "coordinates": [
          [
            [
              3.3435533905932737,
              1.1264466094067265
            ],
            [
              3.44,
              1.0300000000000002
            ]
          ]
        ],
        "type": "MultiLineString"
      },
      "properties": {
        "endid": 7,
        "id": 258,
        "metadata": {
          "bottleneck": true,
          "canonical_edge_id": 11,
          "length_m": 0.13639610306789274,
          "min_clearance_m": 0.22360680997371674,
          "segment_fraction_end": 1.0,
          "segment_fraction_start": 0.7856742013183862,
          "segment_index": 2,
          "static_traversability": "UNKNOWN"
        },
        "startid": 77
      },
      "type": "Feature"
    },
    {
      "geometry": {
        "coordinates": [
          [
            [
              3.44,
              1.03
            ],
            [
              3.4000643488241775,
              0.9421415674131903
            ]
          ]
        ],
        "type": "MultiLineString"
      },
      "properties": {
        "endid": 54,
        "id": 259,
        "metadata": {
          "bottleneck": false,
          "canonical_edge_id": 12,
          "length_m": 0.0965088618285801,
          "min_clearance_m": 0.39051249623298645,
          "segment_fraction_end": 0.026834039769197706,
          "segment_fraction_start": 0.0,
          "segment_index": 0,
          "static_traversability": "FEASIBLE"
        },
        "startid": 7
      },
      "type": "Feature"
    },
    {
      "geometry": {
        "coordinates": [
          [
            [
              3.4000643488241775,
              0.9421415674131903
            ],
            [
              3.2966136127488816,
              0.7145499480475391
            ]
          ]
        ],
        "type": "MultiLineString"
      },
      "properties": {
        "endid": 53,
        "id": 260,
        "metadata": {
          "bottleneck": false,
          "canonical_edge_id": 12,
          "length_m": 0.25,
          "min_clearance_m": 0.39051249623298645,
          "segment_fraction_end": 0.09634589407139788,
          "segment_fraction_start": 0.026834039769197706,
          "segment_index": 1,
          "static_traversability": "FEASIBLE"
        },
        "startid": 54
      },
      "type": "Feature"
    },
    {
      "geometry": {
        "coordinates": [
          [
            [
              3.2966136127488816,
              0.7145499480475391
            ],
            [
              3.193162876673586,
              0.4869583286818879
            ]
          ]
        ],
        "type": "MultiLineString"
      },
      "properties": {
        "endid": 52,
        "id": 261,
        "metadata": {
          "bottleneck": false,
          "canonical_edge_id": 12,
          "length_m": 0.25,
          "min_clearance_m": 0.39051249623298645,
          "segment_fraction_end": 0.16585774837359804,
          "segment_fraction_start": 0.09634589407139788,
          "segment_index": 2,
          "static_traversability": "FEASIBLE"
        },
        "startid": 53
      },
      "type": "Feature"
    },
    {
      "geometry": {
        "coordinates": [
          [
            [
              3.193162876673586,
              0.4869583286818879
            ],
            [
              3.1501568264515223,
              0.24094095870913176
            ]
          ]
        ],
        "type": "MultiLineString"
      },
      "properties": {
        "endid": 51,
        "id": 262,
        "metadata": {
          "bottleneck": false,
          "canonical_edge_id": 12,
          "length_m": 0.25,
          "min_clearance_m": 0.39051249623298645,
          "segment_fraction_end": 0.2353696026757982,
          "segment_fraction_start": 0.16585774837359804,
          "segment_index": 3,
          "static_traversability": "FEASIBLE"
        },
        "startid": 52
      },
      "type": "Feature"
    },
    {
      "geometry": {
        "coordinates": [
          [
            [
              3.1501568264515223,
              0.24094095870913176
            ],
            [
              3.0355951962659478,
              0.02339279439892117
            ]
          ]
        ],
        "type": "MultiLineString"
      },
      "properties": {
        "endid": 50,
        "id": 263,
        "metadata": {
          "bottleneck": false,
          "canonical_edge_id": 12,
          "length_m": 0.25,
          "min_clearance_m": 0.39051249623298645,
          "segment_fraction_end": 0.30488145697799834,
          "segment_fraction_start": 0.2353696026757982,
          "segment_index": 4,
          "static_traversability": "FEASIBLE"
        },
        "startid": 51
      },
      "type": "Feature"
    },
    {
      "geometry": {
        "coordinates": [
          [
            [
              3.0355951962659478,
              0.02339279439892117
            ],
            [
              2.862508702882421,
              -0.12516608647450517
            ]
          ]
        ],
        "type": "MultiLineString"
      },
      "properties": {
        "endid": 49,
        "id": 264,
        "metadata": {
          "bottleneck": false,
          "canonical_edge_id": 12,
          "length_m": 0.25,
          "min_clearance_m": 0.39051249623298645,
          "segment_fraction_end": 0.37439331128019854,
          "segment_fraction_start": 0.30488145697799834,
          "segment_index": 5,
          "static_traversability": "FEASIBLE"
        },
        "startid": 50
      },
      "type": "Feature"
    },
    {
      "geometry": {
        "coordinates": [
          [
            [
              2.862508702882421,
              -0.12516608647450517
            ],
            [
              2.6130624134182687,
              -0.14179583910544868
            ]
          ]
        ],
        "type": "MultiLineString"
      },
      "properties": {
        "endid": 48,
        "id": 265,
        "metadata": {
          "bottleneck": false,
          "canonical_edge_id": 12,
          "length_m": 0.25,
          "min_clearance_m": 0.39051249623298645,
          "segment_fraction_end": 0.4439051655823987,
          "segment_fraction_start": 0.37439331128019854,
          "segment_index": 6,
          "static_traversability": "FEASIBLE"
        },
        "startid": 49
      },
      "type": "Feature"
    },
    {
      "geometry": {
        "coordinates": [
          [
            [
              2.6130624134182687,
              -0.14179583910544868
            ],
            [
              2.3636161239541167,
              -0.15842559173639217
            ]
          ]
        ],
        "type": "MultiLineString"
      },
      "properties": {
        "endid": 47,
        "id": 266,
        "metadata": {
          "bottleneck": false,
          "canonical_edge_id": 12,
          "length_m": 0.25,
          "min_clearance_m": 0.39051249623298645,
          "segment_fraction_end": 0.5134170198845989,
          "segment_fraction_start": 0.4439051655823987,
          "segment_index": 7,
          "static_traversability": "FEASIBLE"
        },
        "startid": 48
      },
      "type": "Feature"
    },
    {
      "geometry": {
        "coordinates": [
          [
            [
              2.3636161239541167,
              -0.15842559173639217
            ],
            [
              2.1179015016997123,
              -0.14596716723323727
            ]
          ]
        ],
        "type": "MultiLineString"
      },
      "properties": {
        "endid": 46,
        "id": 267,
        "metadata": {
          "bottleneck": false,
          "canonical_edge_id": 12,
          "length_m": 0.25,
          "min_clearance_m": 0.39051249623298645,
          "segment_fraction_end": 0.5829288741867991,
          "segment_fraction_start": 0.5134170198845989,
          "segment_index": 8,
          "static_traversability": "FEASIBLE"
        },
        "startid": 47
      },
      "type": "Feature"
    },
    {
      "geometry": {
        "coordinates": [
          [
            [
              2.1179015016997123,
              -0.14596716723323727
            ],
            [
              1.8809281103717446,
              -0.07362875585130203
            ]
          ]
        ],
        "type": "MultiLineString"
      },
      "properties": {
        "endid": 45,
        "id": 268,
        "metadata": {
          "bottleneck": false,
          "canonical_edge_id": 12,
          "length_m": 0.25,
          "min_clearance_m": 0.39051249623298645,
          "segment_fraction_end": 0.6524407284889991,
          "segment_fraction_start": 0.5829288741867991,
          "segment_index": 9,
          "static_traversability": "FEASIBLE"
        },
        "startid": 46
      },
      "type": "Feature"
    },
    {
      "geometry": {
        "coordinates": [
          [
            [
              1.8809281103717446,
              -0.07362875585130203
            ],
            [
              1.6488089376504298,
              -0.16647642493982803
            ]
          ]
        ],
        "type": "MultiLineString"
      },
      "properties": {
        "endid": 44,
        "id": 269,
        "metadata": {
          "bottleneck": false,
          "canonical_edge_id": 12,
          "length_m": 0.25,
          "min_clearance_m": 0.39051249623298645,
          "segment_fraction_end": 0.7219525827911993,
          "segment_fraction_start": 0.6524407284889991,
          "segment_index": 10,
          "static_traversability": "FEASIBLE"
        },
        "startid": 45
      },
      "type": "Feature"
    },
    {
      "geometry": {
        "coordinates": [
          [
            [
              1.6488089376504298,
              -0.16647642493982803
            ],
            [
              1.3994875162046674,
              -0.16999999999999993
            ]
          ]
        ],
        "type": "MultiLineString"
      },
      "properties": {
        "endid": 43,
        "id": 270,
        "metadata": {
          "bottleneck": false,
          "canonical_edge_id": 12,
          "length_m": 0.25,
          "min_clearance_m": 0.39051249623298645,
          "segment_fraction_end": 0.7914644370933995,
          "segment_fraction_start": 0.7219525827911993,
          "segment_index": 11,
          "static_traversability": "FEASIBLE"
        },
        "startid": 44
      },
      "type": "Feature"
    },
    {
      "geometry": {
        "coordinates": [
          [
            [
              1.3994875162046674,
              -0.16999999999999993
            ],
            [
              1.1494875162046674,
              -0.16999999999999993
            ]
          ]
        ],
        "type": "MultiLineString"
      },
      "properties": {
        "endid": 42,
        "id": 271,
        "metadata": {
          "bottleneck": false,
          "canonical_edge_id": 12,
          "length_m": 0.25,
          "min_clearance_m": 0.39051249623298645,
          "segment_fraction_end": 0.8609762913955997,
          "segment_fraction_start": 0.7914644370933995,
          "segment_index": 12,
          "static_traversability": "FEASIBLE"
        },
        "startid": 43
      },
      "type": "Feature"
    },
    {
      "geometry": {
        "coordinates": [
          [
            [
              1.1494875162046674,
              -0.16999999999999993
            ],
            [
              0.932055319899344,
              -0.08004609991611991
            ]
          ]
        ],
        "type": "MultiLineString"
      },
      "properties": {
        "endid": 41,
        "id": 272,
        "metadata": {
          "bottleneck": false,
          "canonical_edge_id": 12,
          "length_m": 0.25,
          "min_clearance_m": 0.39051249623298645,
          "segment_fraction_end": 0.9304881456977998,
          "segment_fraction_start": 0.8609762913955997,
          "segment_index": 13,
          "static_traversability": "FEASIBLE"
        },
        "startid": 42
      },
      "type": "Feature"
    },
    {
      "geometry": {
        "coordinates": [
          [
            [
              0.932055319899344,
              -0.08004609991611991
            ],
            [
              0.7400000000000001,
              0.08000000000000007
            ]
          ]
        ],
        "type": "MultiLineString"
      },
      "properties": {
        "endid": 1,
        "id": 273,
        "metadata": {
          "bottleneck": false,
          "canonical_edge_id": 12,
          "length_m": 0.25,
          "min_clearance_m": 0.39051249623298645,
          "segment_fraction_end": 1.0,
          "segment_fraction_start": 0.9304881456977998,
          "segment_index": 14,
          "static_traversability": "FEASIBLE"
        },
        "startid": 41
      },
      "type": "Feature"
    },
    {
      "geometry": {
        "coordinates": [
          [
            [
              3.44,
              1.0300000000000002
            ],
            [
              3.3435533905932737,
              1.1264466094067265
            ]
          ]
        ],
        "type": "MultiLineString"
      },
      "properties": {
        "endid": 77,
        "id": 274,
        "metadata": {
          "bottleneck": true,
          "canonical_edge_id": 13,
          "length_m": 0.13639610306789274,
          "min_clearance_m": 0.22360680997371674,
          "segment_fraction_end": 0.21432579868161383,
          "segment_fraction_start": 0.0,
          "segment_index": 0,
          "static_traversability": "UNKNOWN"
        },
        "startid": 7
      },
      "type": "Feature"
    },
    {
      "geometry": {
        "coordinates": [
          [
            [
              3.3435533905932737,
              1.1264466094067265
            ],
            [
              3.166776695296637,
              1.3032233047033634
            ]
          ]
        ],
        "type": "MultiLineString"
      },
      "properties": {
        "endid": 76,
        "id": 275,
        "metadata": {
          "bottleneck": true,
          "canonical_edge_id": 13,
          "length_m": 0.25,
          "min_clearance_m": 0.22360680997371674,
          "segment_fraction_end": 0.6071628993408069,
          "segment_fraction_start": 0.21432579868161383,
          "segment_index": 1,
          "static_traversability": "UNKNOWN"
        },
        "startid": 77
      },
      "type": "Feature"
    },
    {
      "geometry": {
        "coordinates": [
          [
            [
              3.166776695296637,
              1.3032233047033634
            ],
            [
              2.99,
              1.4800000000000004
            ]
          ]
        ],
        "type": "MultiLineString"
      },
      "properties": {
        "endid": 6,
        "id": 276,
        "metadata": {
          "bottleneck": true,
          "canonical_edge_id": 13,
          "length_m": 0.25,
          "min_clearance_m": 0.22360680997371674,
          "segment_fraction_end": 1.0,
          "segment_fraction_start": 0.6071628993408069,
          "segment_index": 2,
          "static_traversability": "UNKNOWN"
        },
        "startid": 76
      },
      "type": "Feature"
    },
    {
      "geometry": {
        "coordinates": [
          [
            [
              3.44,
              1.0300000000000002
            ],
            [
              3.69,
              1.0300000000000002
            ]
          ]
        ],
        "type": "MultiLineString"
      },
      "properties": {
        "endid": 78,
        "id": 277,
        "metadata": {
          "bottleneck": false,
          "canonical_edge_id": 14,
          "length_m": 0.25,
          "min_clearance_m": 0.699999988079071,
          "segment_fraction_end": 0.19999999999999993,
          "segment_fraction_start": 0.0,
          "segment_index": 0,
          "static_traversability": "FEASIBLE"
        },
        "startid": 7
      },
      "type": "Feature"
    },
    {
      "geometry": {
        "coordinates": [
          [
            [
              3.69,
              1.0300000000000002
            ],
            [
              3.94,
              1.0300000000000002
            ]
          ]
        ],
        "type": "MultiLineString"
      },
      "properties": {
        "endid": 79,
        "id": 278,
        "metadata": {
          "bottleneck": false,
          "canonical_edge_id": 14,
          "length_m": 0.25,
          "min_clearance_m": 0.699999988079071,
          "segment_fraction_end": 0.39999999999999986,
          "segment_fraction_start": 0.19999999999999993,
          "segment_index": 1,
          "static_traversability": "FEASIBLE"
        },
        "startid": 78
      },
      "type": "Feature"
    },
    {
      "geometry": {
        "coordinates": [
          [
            [
              3.94,
              1.0300000000000002
            ],
            [
              4.1899999999999995,
              1.0300000000000002
            ]
          ]
        ],
        "type": "MultiLineString"
      },
      "properties": {
        "endid": 80,
        "id": 279,
        "metadata": {
          "bottleneck": false,
          "canonical_edge_id": 14,
          "length_m": 0.25,
          "min_clearance_m": 0.699999988079071,
          "segment_fraction_end": 0.5999999999999998,
          "segment_fraction_start": 0.39999999999999986,
          "segment_index": 2,
          "static_traversability": "FEASIBLE"
        },
        "startid": 79
      },
      "type": "Feature"
    },
    {
      "geometry": {
        "coordinates": [
          [
            [
              4.1899999999999995,
              1.0300000000000002
            ],
            [
              4.4399999999999995,
              1.0300000000000002
            ]
          ]
        ],
        "type": "MultiLineString"
      },
      "properties": {
        "endid": 81,
        "id": 280,
        "metadata": {
          "bottleneck": false,
          "canonical_edge_id": 14,
          "length_m": 0.25,
          "min_clearance_m": 0.699999988079071,
          "segment_fraction_end": 0.7999999999999997,
          "segment_fraction_start": 0.5999999999999998,
          "segment_index": 3,
          "static_traversability": "FEASIBLE"
        },
        "startid": 80
      },
      "type": "Feature"
    },
    {
      "geometry": {
        "coordinates": [
          [
            [
              4.4399999999999995,
              1.0300000000000002
            ],
            [
              4.6899999999999995,
              1.0300000000000002
            ]
          ]
        ],
        "type": "MultiLineString"
      },
      "properties": {
        "endid": 9,
        "id": 281,
        "metadata": {
          "bottleneck": false,
          "canonical_edge_id": 14,
          "length_m": 0.25,
          "min_clearance_m": 0.699999988079071,
          "segment_fraction_end": 0.9999999999999997,
          "segment_fraction_start": 0.7999999999999997,
          "segment_index": 4,
          "static_traversability": "FEASIBLE"
        },
        "startid": 81
      },
      "type": "Feature"
    },
    {
      "geometry": {
        "coordinates": [
          [
            [
              4.54,
              -1.67
            ],
            [
              4.726852329670915,
              -1.5039090402925201
            ]
          ]
        ],
        "type": "MultiLineString"
      },
      "properties": {
        "endid": 82,
        "id": 282,
        "metadata": {
          "bottleneck": true,
          "canonical_edge_id": 15,
          "length_m": 0.25,
          "min_clearance_m": 0.2692582309246063,
          "segment_fraction_end": 0.41522739926869984,
          "segment_fraction_start": 0.0,
          "segment_index": 0,
          "static_traversability": "UNKNOWN"
        },
        "startid": 8
      },
      "type": "Feature"
    },
    {
      "geometry": {
        "coordinates": [
          [
            [
              4.726852329670915,
              -1.5039090402925201
            ],
            [
              4.91370465934183,
              -1.3378180805850401
            ]
          ]
        ],
        "type": "MultiLineString"
      },
      "properties": {
        "endid": 83,
        "id": 283,
        "metadata": {
          "bottleneck": true,
          "canonical_edge_id": 15,
          "length_m": 0.25,
          "min_clearance_m": 0.2692582309246063,
          "segment_fraction_end": 0.8304547985373997,
          "segment_fraction_start": 0.41522739926869984,
          "segment_index": 1,
          "static_traversability": "UNKNOWN"
        },
        "startid": 82
      },
      "type": "Feature"
    },
    {
      "geometry": {
        "coordinates": [
          [
            [
              4.91370465934183,
              -1.3378180805850401
            ],
            [
              4.99,
              -1.27
            ]
          ]
        ],
        "type": "MultiLineString"
      },
      "properties": {
        "endid": 12,
        "id": 284,
        "metadata": {
          "bottleneck": true,
          "canonical_edge_id": 15,
          "length_m": 0.10207972893961481,
          "min_clearance_m": 0.2692582309246063,
          "segment_fraction_end": 1.0,
          "segment_fraction_start": 0.8304547985373997,
          "segment_index": 2,
          "static_traversability": "UNKNOWN"
        },
        "startid": 83
      },
      "type": "Feature"
    },
    {
      "geometry": {
        "coordinates": [
          [
            [
              4.6899999999999995,
              1.0300000000000002
            ],
            [
              4.4399999999999995,
              1.0300000000000002
            ]
          ]
        ],
        "type": "MultiLineString"
      },
      "properties": {
        "endid": 81,
        "id": 285,
        "metadata": {
          "bottleneck": false,
          "canonical_edge_id": 16,
          "length_m": 0.25,
          "min_clearance_m": 0.699999988079071,
          "segment_fraction_end": 0.2000000000000003,
          "segment_fraction_start": 3.5527136788004996e-16,
          "segment_index": 1,
          "static_traversability": "FEASIBLE"
        },
        "startid": 9
      },
      "type": "Feature"
    },
    {
      "geometry": {
        "coordinates": [
          [
            [
              4.4399999999999995,
              1.0300000000000002
            ],
            [
              4.1899999999999995,
              1.0300000000000002
            ]
          ]
        ],
        "type": "MultiLineString"
      },
      "properties": {
        "endid": 80,
        "id": 286,
        "metadata": {
          "bottleneck": false,
          "canonical_edge_id": 16,
          "length_m": 0.25,
          "min_clearance_m": 0.699999988079071,
          "segment_fraction_end": 0.4000000000000002,
          "segment_fraction_start": 0.2000000000000003,
          "segment_index": 2,
          "static_traversability": "FEASIBLE"
        },
        "startid": 81
      },
      "type": "Feature"
    },
    {
      "geometry": {
        "coordinates": [
          [
            [
              4.1899999999999995,
              1.0300000000000002
            ],
            [
              3.94,
              1.0300000000000002
            ]
          ]
        ],
        "type": "MultiLineString"
      },
      "properties": {
        "endid": 79,
        "id": 287,
        "metadata": {
          "bottleneck": false,
          "canonical_edge_id": 16,
          "length_m": 0.25,
          "min_clearance_m": 0.699999988079071,
          "segment_fraction_end": 0.6000000000000001,
          "segment_fraction_start": 0.4000000000000002,
          "segment_index": 3,
          "static_traversability": "FEASIBLE"
        },
        "startid": 80
      },
      "type": "Feature"
    },
    {
      "geometry": {
        "coordinates": [
          [
            [
              3.94,
              1.0300000000000002
            ],
            [
              3.69,
              1.0300000000000002
            ]
          ]
        ],
        "type": "MultiLineString"
      },
      "properties": {
        "endid": 78,
        "id": 288,
        "metadata": {
          "bottleneck": false,
          "canonical_edge_id": 16,
          "length_m": 0.25,
          "min_clearance_m": 0.699999988079071,
          "segment_fraction_end": 0.8,
          "segment_fraction_start": 0.6000000000000001,
          "segment_index": 4,
          "static_traversability": "FEASIBLE"
        },
        "startid": 79
      },
      "type": "Feature"
    },
    {
      "geometry": {
        "coordinates": [
          [
            [
              3.69,
              1.0300000000000002
            ],
            [
              3.44,
              1.0300000000000002
            ]
          ]
        ],
        "type": "MultiLineString"
      },
      "properties": {
        "endid": 7,
        "id": 289,
        "metadata": {
          "bottleneck": false,
          "canonical_edge_id": 16,
          "length_m": 0.25,
          "min_clearance_m": 0.699999988079071,
          "segment_fraction_end": 1.0,
          "segment_fraction_start": 0.8,
          "segment_index": 5,
          "static_traversability": "FEASIBLE"
        },
        "startid": 78
      },
      "type": "Feature"
    },
    {
      "geometry": {
        "coordinates": [
          [
            [
              4.69,
              1.0300000000000002
            ],
            [
              4.69,
              1.2800000000000002
            ]
          ]
        ],
        "type": "MultiLineString"
      },
      "properties": {
        "endid": 84,
        "id": 290,
        "metadata": {
          "bottleneck": false,
          "canonical_edge_id": 17,
          "length_m": 0.25,
          "min_clearance_m": 0.800000011920929,
          "segment_fraction_end": 0.25,
          "segment_fraction_start": 0.0,
          "segment_index": 0,
          "static_traversability": "FEASIBLE"
        },
        "startid": 9
      },
      "type": "Feature"
    },
    {
      "geometry": {
        "coordinates": [
          [
            [
              4.69,
              1.2800000000000002
            ],
            [
              4.69,
              1.5300000000000002
            ]
          ]
        ],
        "type": "MultiLineString"
      },
      "properties": {
        "endid": 85,
        "id": 291,
        "metadata": {
          "bottleneck": false,
          "canonical_edge_id": 17,
          "length_m": 0.25,
          "min_clearance_m": 0.800000011920929,
          "segment_fraction_end": 0.5,
          "segment_fraction_start": 0.25,
          "segment_index": 1,
          "static_traversability": "FEASIBLE"
        },
        "startid": 84
      },
      "type": "Feature"
    },
    {
      "geometry": {
        "coordinates": [
          [
            [
              4.69,
              1.5300000000000002
            ],
            [
              4.69,
              1.7800000000000002
            ]
          ]
        ],
        "type": "MultiLineString"
      },
      "properties": {
        "endid": 86,
        "id": 292,
        "metadata": {
          "bottleneck": false,
          "canonical_edge_id": 17,
          "length_m": 0.25,
          "min_clearance_m": 0.800000011920929,
          "segment_fraction_end": 0.75,
          "segment_fraction_start": 0.5,
          "segment_index": 2,
          "static_traversability": "FEASIBLE"
        },
        "startid": 85
      },
      "type": "Feature"
    },
    {
      "geometry": {
        "coordinates": [
          [
            [
              4.69,
              1.7800000000000002
            ],
            [
              4.69,
              2.0300000000000002
            ]
          ]
        ],
        "type": "MultiLineString"
      },
      "properties": {
        "endid": 10,
        "id": 293,
        "metadata": {
          "bottleneck": false,
          "canonical_edge_id": 17,
          "length_m": 0.25,
          "min_clearance_m": 0.800000011920929,
          "segment_fraction_end": 1.0,
          "segment_fraction_start": 0.75,
          "segment_index": 3,
          "static_traversability": "FEASIBLE"
        },
        "startid": 86
      },
      "type": "Feature"
    },
    {
      "geometry": {
        "coordinates": [
          [
            [
              4.69,
              1.0300000000000002
            ],
            [
              4.8742885350501854,
              0.8610688428706637
            ]
          ]
        ],
        "type": "MultiLineString"
      },
      "properties": {
        "endid": 87,
        "id": 294,
        "metadata": {
          "bottleneck": false,
          "canonical_edge_id": 18,
          "length_m": 0.25,
          "min_clearance_m": 1.025914192199707,
          "segment_fraction_end": 0.3071475584169757,
          "segment_fraction_start": 0.0,
          "segment_index": 0,
          "static_traversability": "FEASIBLE"
        },
        "startid": 9
      },
      "type": "Feature"
    },
    {
      "geometry": {
        "coordinates": [
          [
            [
              4.8742885350501854,
              0.8610688428706637
            ],
            [
              5.058577070100371,
              0.6921376857413271
            ]
          ]
        ],
        "type": "MultiLineString"
      },
      "properties": {
        "endid": 88,
        "id": 295,
        "metadata": {
          "bottleneck": false,
          "canonical_edge_id": 18,
          "length_m": 0.25,
          "min_clearance_m": 1.025914192199707,
          "segment_fraction_end": 0.6142951168339514,
          "segment_fraction_start": 0.3071475584169757,
          "segment_index": 1,
          "static_traversability": "FEASIBLE"
        },
        "startid": 87
      },
      "type": "Feature"
    },
    {
      "geometry": {
        "coordinates": [
          [
            [
              5.058577070100371,
              0.6921376857413271
            ],
            [
              5.242865605150556,
              0.5232065286119905
            ]
          ]
        ],
        "type": "MultiLineString"
      },
      "properties": {
        "endid": 89,
        "id": 296,
        "metadata": {
          "bottleneck": false,
          "canonical_edge_id": 18,
          "length_m": 0.25,
          "min_clearance_m": 1.025914192199707,
          "segment_fraction_end": 0.9214426752509272,
          "segment_fraction_start": 0.6142951168339514,
          "segment_index": 2,
          "static_traversability": "FEASIBLE"
        },
        "startid": 88
      },
      "type": "Feature"
    },
    {
      "geometry": {
        "coordinates": [
          [
            [
              5.242865605150556,
              0.5232065286119905
            ],
            [
              5.29,
              0.4800000000000004
            ]
          ]
        ],
        "type": "MultiLineString"
      },
      "properties": {
        "endid": 16,
        "id": 297,
        "metadata": {
          "bottleneck": false,
          "canonical_edge_id": 18,
          "length_m": 0.06394102980498495,
          "min_clearance_m": 1.025914192199707,
          "segment_fraction_end": 1.0,
          "segment_fraction_start": 0.9214426752509272,
          "segment_index": 3,
          "static_traversability": "FEASIBLE"
        },
        "startid": 89
      },
      "type": "Feature"
    },
    {
      "geometry": {
        "coordinates": [
          [
            [
              4.69,
              2.0300000000000002
            ],
            [
              4.527658612411338,
              2.127404832553198
            ]
          ]
        ],
        "type": "MultiLineString"
      },
      "properties": {
        "endid": 75,
        "id": 298,
        "metadata": {
          "bottleneck": false,
          "canonical_edge_id": 19,
          "length_m": 0.18932096431438517,
          "min_clearance_m": 0.4000000059604645,
          "segment_fraction_end": 0.08647474143823107,
          "segment_fraction_start": 0.0,
          "segment_index": 0,
          "static_traversability": "FEASIBLE"
        },
        "startid": 10
      },
      "type": "Feature"
    },
    {
      "geometry": {
        "coordinates": [
          [
            [
              4.527658612411338,
              2.127404832553198
            ],
            [
              4.313285380983202,
              2.256028771410079
            ]
          ]
        ],
        "type": "MultiLineString"
      },
      "properties": {
        "endid": 74,
        "id": 299,
        "metadata": {
          "bottleneck": false,
          "canonical_edge_id": 19,
          "length_m": 0.25,
          "min_clearance_m": 0.4000000059604645,
          "segment_fraction_end": 0.20066539875845218,
          "segment_fraction_start": 0.08647474143823107,
          "segment_index": 1,
          "static_traversability": "FEASIBLE"
        },
        "startid": 75
      },
      "type": "Feature"
    },
    {
      "geometry": {
        "coordinates": [
          [
            [
              4.313285380983202,
              2.256028771410079
            ],
            [
              4.083774225170146,
              2.33
            ]
          ]
        ],
        "type": "MultiLineString"
      },
      "properties": {
        "endid": 73,
        "id": 300,
        "metadata": {
          "bottleneck": false,
          "canonical_edge_id": 19,
          "length_m": 0.25,
          "min_clearance_m": 0.4000000059604645,
          "segment_fraction_end": 0.3148560560786733,
          "segment_fraction_start": 0.20066539875845218,
          "segment_index": 2,
          "static_traversability": "FEASIBLE"
        },
        "startid": 74
      },
      "type": "Feature"
    },
    {
      "geometry": {
        "coordinates": [
          [
            [
              4.083774225170146,
              2.33
            ],
            [
              3.833774225170145,
              2.33
            ]
          ]
        ],
        "type": "MultiLineString"
      },
      "properties": {
        "endid": 72,
        "id": 301,
        "metadata": {
          "bottleneck": false,
          "canonical_edge_id": 19,
          "length_m": 0.25,
          "min_clearance_m": 0.4000000059604645,
          "segment_fraction_end": 0.42904671339889444,
          "segment_fraction_start": 0.3148560560786733,
          "segment_index": 3,
          "static_traversability": "FEASIBLE"
        },
        "startid": 73
      },
      "type": "Feature"
    },
    {
      "geometry": {
        "coordinates": [
          [
            [
              3.833774225170145,
              2.33
            ],
            [
              3.583774225170145,
              2.33
            ]
          ]
        ],
        "type": "MultiLineString"
      },
      "properties": {
        "endid": 71,
        "id": 302,
        "metadata": {
          "bottleneck": false,
          "canonical_edge_id": 19,
          "length_m": 0.25,
          "min_clearance_m": 0.4000000059604645,
          "segment_fraction_end": 0.5432373707191155,
          "segment_fraction_start": 0.42904671339889444,
          "segment_index": 4,
          "static_traversability": "FEASIBLE"
        },
        "startid": 72
      },
      "type": "Feature"
    },
    {
      "geometry": {
        "coordinates": [
          [
            [
              3.583774225170145,
              2.33
            ],
            [
              3.3411823565933445,
              2.3578957962323748
            ]
          ]
        ],
        "type": "MultiLineString"
      },
      "properties": {
        "endid": 70,
        "id": 303,
        "metadata": {
          "bottleneck": false,
          "canonical_edge_id": 19,
          "length_m": 0.25,
          "min_clearance_m": 0.4000000059604645,
          "segment_fraction_end": 0.6574280280393366,
          "segment_fraction_start": 0.5432373707191155,
          "segment_index": 5,
          "static_traversability": "FEASIBLE"
        },
        "startid": 71
      },
      "type": "Feature"
    },
    {
      "geometry": {
        "coordinates": [
          [
            [
              3.3411823565933445,
              2.3578957962323748
            ],
            [
              3.1241215710622297,
              2.4819305308215833
            ]
          ]
        ],
        "type": "MultiLineString"
      },
      "properties": {
        "endid": 69,
        "id": 304,
        "metadata": {
          "bottleneck": false,
          "canonical_edge_id": 19,
          "length_m": 0.25,
          "min_clearance_m": 0.4000000059604645,
          "segment_fraction_end": 0.7716186853595578,
          "segment_fraction_start": 0.6574280280393366,
          "segment_index": 6,
          "static_traversability": "FEASIBLE"
        },
        "startid": 70
      },
      "type": "Feature"
    },
    {
      "geometry": {
        "coordinates": [
          [
            [
              3.1241215710622297,
              2.4819305308215833
            ],
            [
              2.9070607855311152,
              2.605965265410792
            ]
          ]
        ],
        "type": "MultiLineString"
      },
      "properties": {
        "endid": 68,
        "id": 305,
        "metadata": {
          "bottleneck": false,
          "canonical_edge_id": 19,
          "length_m": 0.25,
          "min_clearance_m": 0.4000000059604645,
          "segment_fraction_end": 0.8858093426797788,
          "segment_fraction_start": 0.7716186853595578,
          "segment_index": 7,
          "static_traversability": "FEASIBLE"
        },
        "startid": 69
      },
      "type": "Feature"
    },
    {
      "geometry": {
        "coordinates": [
          [
            [
              2.9070607855311152,
              2.605965265410792
            ],
            [
              2.6900000000000004,
              2.7300000000000004
            ]
          ]
        ],
        "type": "MultiLineString"
      },
      "properties": {
        "endid": 5,
        "id": 306,
        "metadata": {
          "bottleneck": false,
          "canonical_edge_id": 19,
          "length_m": 0.25,
          "min_clearance_m": 0.4000000059604645,
          "segment_fraction_end": 1.0,
          "segment_fraction_start": 0.8858093426797788,
          "segment_index": 8,
          "static_traversability": "FEASIBLE"
        },
        "startid": 68
      },
      "type": "Feature"
    },
    {
      "geometry": {
        "coordinates": [
          [
            [
              4.69,
              2.0300000000000002
            ],
            [
              4.69,
              1.7800000000000002
            ]
          ]
        ],
        "type": "MultiLineString"
      },
      "properties": {
        "endid": 86,
        "id": 307,
        "metadata": {
          "bottleneck": false,
          "canonical_edge_id": 20,
          "length_m": 0.25,
          "min_clearance_m": 0.800000011920929,
          "segment_fraction_end": 0.25,
          "segment_fraction_start": 0.0,
          "segment_index": 0,
          "static_traversability": "FEASIBLE"
        },
        "startid": 10
      },
      "type": "Feature"
    },
    {
      "geometry": {
        "coordinates": [
          [
            [
              4.69,
              1.7800000000000002
            ],
            [
              4.69,
              1.5300000000000002
            ]
          ]
        ],
        "type": "MultiLineString"
      },
      "properties": {
        "endid": 85,
        "id": 308,
        "metadata": {
          "bottleneck": false,
          "canonical_edge_id": 20,
          "length_m": 0.25,
          "min_clearance_m": 0.800000011920929,
          "segment_fraction_end": 0.5,
          "segment_fraction_start": 0.25,
          "segment_index": 1,
          "static_traversability": "FEASIBLE"
        },
        "startid": 86
      },
      "type": "Feature"
    },
    {
      "geometry": {
        "coordinates": [
          [
            [
              4.69,
              1.5300000000000002
            ],
            [
              4.69,
              1.2800000000000002
            ]
          ]
        ],
        "type": "MultiLineString"
      },
      "properties": {
        "endid": 84,
        "id": 309,
        "metadata": {
          "bottleneck": false,
          "canonical_edge_id": 20,
          "length_m": 0.25,
          "min_clearance_m": 0.800000011920929,
          "segment_fraction_end": 0.75,
          "segment_fraction_start": 0.5,
          "segment_index": 2,
          "static_traversability": "FEASIBLE"
        },
        "startid": 85
      },
      "type": "Feature"
    },
    {
      "geometry": {
        "coordinates": [
          [
            [
              4.69,
              1.2800000000000002
            ],
            [
              4.69,
              1.0300000000000002
            ]
          ]
        ],
        "type": "MultiLineString"
      },
      "properties": {
        "endid": 9,
        "id": 310,
        "metadata": {
          "bottleneck": false,
          "canonical_edge_id": 20,
          "length_m": 0.25,
          "min_clearance_m": 0.800000011920929,
          "segment_fraction_end": 1.0,
          "segment_fraction_start": 0.75,
          "segment_index": 3,
          "static_traversability": "FEASIBLE"
        },
        "startid": 84
      },
      "type": "Feature"
    },
    {
      "geometry": {
        "coordinates": [
          [
            [
              4.69,
              2.0300000000000002
            ],
            [
              4.879814150591325,
              2.1926978433639923
            ]
          ]
        ],
        "type": "MultiLineString"
      },
      "properties": {
        "endid": 90,
        "id": 311,
        "metadata": {
          "bottleneck": false,
          "canonical_edge_id": 21,
          "length_m": 0.25,
          "min_clearance_m": 0.6020797491073608,
          "segment_fraction_end": 0.5423261445466409,
          "segment_fraction_start": 0.0,
          "segment_index": 0,
          "static_traversability": "FEASIBLE"
        },
        "startid": 10
      },
      "type": "Feature"
    },
    {
      "geometry": {
        "coordinates": [
          [
            [
              4.879814150591325,
              2.1926978433639923
            ],
            [
              5.04,
              2.33
            ]
          ]
        ],
        "type": "MultiLineString"
      },
      "properties": {
        "endid": 13,
        "id": 312,
        "metadata": {
          "bottleneck": false,
          "canonical_edge_id": 21,
          "length_m": 0.210977222864644,
          "min_clearance_m": 0.6020797491073608,
          "segment_fraction_end": 1.0,
          "segment_fraction_start": 0.5423261445466409,
          "segment_index": 1,
          "static_traversability": "FEASIBLE"
        },
        "startid": 90
      },
      "type": "Feature"
    },
    {
      "geometry": {
        "coordinates": [
          [
            [
              4.69,
              4.630000000000001
            ],
            [
              4.893433367801684,
              4.484690451570226
            ]
          ]
        ],
        "type": "MultiLineString"
      },
      "properties": {
        "endid": 91,
        "id": 313,
        "metadata": {
          "bottleneck": true,
          "canonical_edge_id": 22,
          "length_m": 0.25,
          "min_clearance_m": 0.25,
          "segment_fraction_end": 0.5812381937190968,
          "segment_fraction_start": 0.0,
          "segment_index": 0,
          "static_traversability": "UNKNOWN"
        },
        "startid": 11
      },
      "type": "Feature"
    },
    {
      "geometry": {
        "coordinates": [
          [
            [
              4.893433367801684,
              4.484690451570226
            ],
            [
              5.04,
              4.380000000000001
            ]
          ]
        ],
        "type": "MultiLineString"
      },
      "properties": {
        "endid": 14,
        "id": 314,
        "metadata": {
          "bottleneck": true,
          "canonical_edge_id": 22,
          "length_m": 0.18011626335213105,
          "min_clearance_m": 0.25,
          "segment_fraction_end": 1.0,
          "segment_fraction_start": 0.5812381937190968,
          "segment_index": 1,
          "static_traversability": "UNKNOWN"
        },
        "startid": 91
      },
      "type": "Feature"
    },
    {
      "geometry": {
        "coordinates": [
          [
            [
              4.99,
              -1.27
            ],
            [
              4.91370465934183,
              -1.3378180805850401
            ]
          ]
        ],
        "type": "MultiLineString"
      },
      "properties": {
        "endid": 83,
        "id": 315,
        "metadata": {
          "bottleneck": true,
          "canonical_edge_id": 23,
          "length_m": 0.10207972893961481,
          "min_clearance_m": 0.2692582309246063,
          "segment_fraction_end": 0.16954520146260035,
          "segment_fraction_start": 0.0,
          "segment_index": 0,
          "static_traversability": "UNKNOWN"
        },
        "startid": 12
      },
      "type": "Feature"
    },
    {
      "geometry": {
        "coordinates": [
          [
            [
              4.91370465934183,
              -1.3378180805850401
            ],
            [
              4.726852329670915,
              -1.5039090402925201
            ]
          ]
        ],
        "type": "MultiLineString"
      },
      "properties": {
        "endid": 82,
        "id": 316,
        "metadata": {
          "bottleneck": true,
          "canonical_edge_id": 23,
          "length_m": 0.25,
          "min_clearance_m": 0.2692582309246063,
          "segment_fraction_end": 0.5847726007313002,
          "segment_fraction_start": 0.16954520146260035,
          "segment_index": 1,
          "static_traversability": "UNKNOWN"
        },
        "startid": 83
      },
      "type": "Feature"
    },
    {
      "geometry": {
        "coordinates": [
          [
            [
              4.726852329670915,
              -1.5039090402925201
            ],
            [
              4.54,
              -1.67
            ]
          ]
        ],
        "type": "MultiLineString"
      },
      "properties": {
        "endid": 8,
        "id": 317,
        "metadata": {
          "bottleneck": true,
          "canonical_edge_id": 23,
          "length_m": 0.25,
          "min_clearance_m": 0.2692582309246063,
          "segment_fraction_end": 1.0,
          "segment_fraction_start": 0.5847726007313002,
          "segment_index": 2,
          "static_traversability": "UNKNOWN"
        },
        "startid": 82
      },
      "type": "Feature"
    },
    {
      "geometry": {
        "coordinates": [
          [
            [
              4.99,
              -1.27
            ],
            [
              5.097483395098087,
              -1.0442848702940175
            ]
          ]
        ],
        "type": "MultiLineString"
      },
      "properties": {
        "endid": 92,
        "id": 318,
        "metadata": {
          "bottleneck": false,
          "canonical_edge_id": 24,
          "length_m": 0.25,
          "min_clearance_m": 0.6500000357627869,
          "segment_fraction_end": 0.21496679019617385,
          "segment_fraction_start": 0.0,
          "segment_index": 0,
          "static_traversability": "FEASIBLE"
        },
        "startid": 12
      },
      "type": "Feature"
    },
    {
      "geometry": {
        "coordinates": [
          [
            [
              5.097483395098087,
              -1.0442848702940175
            ],
            [
              5.204966790196174,
              -0.8185697405880348
            ]
          ]
        ],
        "type": "MultiLineString"
      },
      "properties": {
        "endid": 93,
        "id": 319,
        "metadata": {
          "bottleneck": false,
          "canonical_edge_id": 24,
          "length_m": 0.25,
          "min_clearance_m": 0.6500000357627869,
          "segment_fraction_end": 0.4299335803923477,
          "segment_fraction_start": 0.21496679019617385,
          "segment_index": 1,
          "static_traversability": "FEASIBLE"
        },
        "startid": 92
      },
      "type": "Feature"
    },
    {
      "geometry": {
        "coordinates": [
          [
            [
              5.204966790196174,
              -0.8185697405880348
            ],
            [
              5.312450185294261,
              -0.5928546108820522
            ]
          ]
        ],
        "type": "MultiLineString"
      },
      "properties": {
        "endid": 94,
        "id": 320,
        "metadata": {
          "bottleneck": false,
          "canonical_edge_id": 24,
          "length_m": 0.25,
          "min_clearance_m": 0.6500000357627869,
          "segment_fraction_end": 0.6449003705885216,
          "segment_fraction_start": 0.4299335803923477,
          "segment_index": 2,
          "static_traversability": "FEASIBLE"
        },
        "startid": 93
      },
      "type": "Feature"
    },
    {
      "geometry": {
        "coordinates": [
          [
            [
              5.312450185294261,
              -0.5928546108820522
            ],
            [
              5.419933580392348,
              -0.36713948117606965
            ]
          ]
        ],
        "type": "MultiLineString"
      },
      "properties": {
        "endid": 95,
        "id": 321,
        "metadata": {
          "bottleneck": false,
          "canonical_edge_id": 24,
          "length_m": 0.25,
          "min_clearance_m": 0.6500000357627869,
          "segment_fraction_end": 0.8598671607846954,
          "segment_fraction_start": 0.6449003705885216,
          "segment_index": 3,
          "static_traversability": "FEASIBLE"
        },
        "startid": 94
      },
      "type": "Feature"
    },
    {
      "geometry": {
        "coordinates": [
          [
            [
              5.419933580392348,
              -0.36713948117606965
            ],
            [
              5.49,
              -0.21999999999999975
            ]
          ]
        ],
        "type": "MultiLineString"
      },
      "properties": {
        "endid": 17,
        "id": 322,
        "metadata": {
          "bottleneck": false,
          "canonical_edge_id": 24,
          "length_m": 0.16297033496130098,
          "min_clearance_m": 0.6500000357627869,
          "segment_fraction_end": 1.0,
          "segment_fraction_start": 0.8598671607846954,
          "segment_index": 4,
          "static_traversability": "FEASIBLE"
        },
        "startid": 95
      },
      "type": "Feature"
    },
    {
      "geometry": {
        "coordinates": [
          [
            [
              4.99,
              -1.27
            ],
            [
              5.19,
              -1.4200000000000002
            ]
          ]
        ],
        "type": "MultiLineString"
      },
      "properties": {
        "endid": 96,
        "id": 323,
        "metadata": {
          "bottleneck": true,
          "canonical_edge_id": 25,
          "length_m": 0.25,
          "min_clearance_m": 0.22360680997371674,
          "segment_fraction_end": 0.35714285714285726,
          "segment_fraction_start": 0.0,
          "segment_index": 0,
          "static_traversability": "UNKNOWN"
        },
        "startid": 12
      },
      "type": "Feature"
    },
    {
      "geometry": {
        "coordinates": [
          [
            [
              5.19,
              -1.4200000000000002
            ],
            [
              5.390000000000001,
              -1.5699999999999998
            ]
          ]
        ],
        "type": "MultiLineString"
      },
      "properties": {
        "endid": 97,
        "id": 324,
        "metadata": {
          "bottleneck": true,
          "canonical_edge_id": 25,
          "length_m": 0.25,
          "min_clearance_m": 0.22360680997371674,
          "segment_fraction_end": 0.7142857142857145,
          "segment_fraction_start": 0.35714285714285726,
          "segment_index": 1,
          "static_traversability": "UNKNOWN"
        },
        "startid": 96
      },
      "type": "Feature"
    },
    {
      "geometry": {
        "coordinates": [
          [
            [
              5.390000000000001,
              -1.5699999999999998
            ],
            [
              5.59,
              -1.5699999999999998
            ]
          ]
        ],
        "type": "MultiLineString"
      },
      "properties": {
        "endid": 18,
        "id": 325,
        "metadata": {
          "bottleneck": true,
          "canonical_edge_id": 25,
          "length_m": 0.19999999999999973,
          "min_clearance_m": 0.22360680997371674,
          "segment_fraction_end": 1.0,
          "segment_fraction_start": 0.7142857142857145,
          "segment_index": 2,
          "static_traversability": "UNKNOWN"
        },
        "startid": 97
      },
      "type": "Feature"
    },
    {
      "geometry": {
        "coordinates": [
          [
            [
              5.04,
              2.33
            ],
            [
              4.879814150591325,
              2.1926978433639923
            ]
          ]
        ],
        "type": "MultiLineString"
      },
      "properties": {
        "endid": 90,
        "id": 326,
        "metadata": {
          "bottleneck": false,
          "canonical_edge_id": 26,
          "length_m": 0.210977222864644,
          "min_clearance_m": 0.6020797491073608,
          "segment_fraction_end": 0.45767385545335915,
          "segment_fraction_start": 0.0,
          "segment_index": 0,
          "static_traversability": "FEASIBLE"
        },
        "startid": 13
      },
      "type": "Feature"
    },
    {
      "geometry": {
        "coordinates": [
          [
            [
              4.879814150591325,
              2.1926978433639923
            ],
            [
              4.69,
              2.0300000000000002
            ]
          ]
        ],
        "type": "MultiLineString"
      },
      "properties": {
        "endid": 10,
        "id": 327,
        "metadata": {
          "bottleneck": false,
          "canonical_edge_id": 26,
          "length_m": 0.25,
          "min_clearance_m": 0.6020797491073608,
          "segment_fraction_end": 1.0,
          "segment_fraction_start": 0.45767385545335915,
          "segment_index": 1,
          "static_traversability": "FEASIBLE"
        },
        "startid": 90
      },
      "type": "Feature"
    },
    {
      "geometry": {
        "coordinates": [
          [
            [
              5.04,
              2.33
            ],
            [
              5.054680505487868,
              2.579568593293749
            ]
          ]
        ],
        "type": "MultiLineString"
      },
      "properties": {
        "endid": 98,
        "id": 328,
        "metadata": {
          "bottleneck": false,
          "canonical_edge_id": 27,
          "length_m": 0.25,
          "min_clearance_m": 0.4000000059604645,
          "segment_fraction_end": 0.11774155809767162,
          "segment_fraction_start": 0.0,
          "segment_index": 0,
          "static_traversability": "FEASIBLE"
        },
        "startid": 13
      },
      "type": "Feature"
    },
    {
      "geometry": {
        "coordinates": [
          [
            [
              5.054680505487868,
              2.579568593293749
            ],
            [
              5.069361010975735,
              2.829137186587498
            ]
          ]
        ],
        "type": "MultiLineString"
      },
      "properties": {
        "endid": 99,
        "id": 329,
        "metadata": {
          "bottleneck": false,
          "canonical_edge_id": 27,
          "length_m": 0.25,
          "min_clearance_m": 0.4000000059604645,
          "segment_fraction_end": 0.23548311619534323,
          "segment_fraction_start": 0.11774155809767162,
          "segment_index": 1,
          "static_traversability": "FEASIBLE"
        },
        "startid": 98
      },
      "type": "Feature"
    },
    {
      "geometry": {
        "coordinates": [
          [
            [
              5.069361010975735,
              2.829137186587498
            ],
            [
              5.084041516463603,
              3.078705779881247
            ]
          ]
        ],
        "type": "MultiLineString"
      },
      "properties": {
        "endid": 100,
        "id": 330,
        "metadata": {
          "bottleneck": false,
          "canonical_edge_id": 27,
          "length_m": 0.25,
          "min_clearance_m": 0.4000000059604645,
          "segment_fraction_end": 0.35322467429301485,
          "segment_fraction_start": 0.23548311619534323,
          "segment_index": 2,
          "static_traversability": "FEASIBLE"
        },
        "startid": 99
      },
      "type": "Feature"
    },
    {
      "geometry": {
        "coordinates": [
          [
            [
              5.084041516463603,
              3.078705779881247
            ],
            [
              5.0135815947127,
              3.3073640088121676
            ]
          ]
        ],
        "type": "MultiLineString"
      },
      "properties": {
        "endid": 101,
        "id": 331,
        "metadata": {
          "bottleneck": false,
          "canonical_edge_id": 27,
          "length_m": 0.25,
          "min_clearance_m": 0.4000000059604645,
          "segment_fraction_end": 0.47096623239068647,
          "segment_fraction_start": 0.35322467429301485,
          "segment_index": 3,
          "static_traversability": "FEASIBLE"
        },
        "startid": 100
      },
      "type": "Feature"
    },
    {
      "geometry": {
        "coordinates": [
          [
            [
              5.0135815947127,
              3.3073640088121676
            ],
            [
              4.94,
              3.536983086961415
            ]
          ]
        ],
        "type": "MultiLineString"
      },
      "properties": {
        "endid": 102,
        "id": 332,
        "metadata": {
          "bottleneck": false,
          "canonical_edge_id": 27,
          "length_m": 0.25,
          "min_clearance_m": 0.4000000059604645,
          "segment_fraction_end": 0.5887077904883581,
          "segment_fraction_start": 0.47096623239068647,
          "segment_index": 4,
          "static_traversability": "FEASIBLE"
        },
        "startid": 101
      },
      "type": "Feature"
    },
    {
      "geometry": {
        "coordinates": [
          [
            [
              4.94,
              3.536983086961415
            ],
            [
              4.94,
              3.786983086961415
            ]
          ]
        ],
        "type": "MultiLineString"
      },
      "properties": {
        "endid": 103,
        "id": 333,
        "metadata": {
          "bottleneck": false,
          "canonical_edge_id": 27,
          "length_m": 0.25,
          "min_clearance_m": 0.4000000059604645,
          "segment_fraction_end": 0.7064493485860297,
          "segment_fraction_start": 0.5887077904883581,
          "segment_index": 5,
          "static_traversability": "FEASIBLE"
        },
        "startid": 102
      },
      "type": "Feature"
    },
    {
      "geometry": {
        "coordinates": [
          [
            [
              4.94,
              3.786983086961415
            ],
            [
              4.971608529519016,
              4.027412794278525
            ]
          ]
        ],
        "type": "MultiLineString"
      },
      "properties": {
        "endid": 104,
        "id": 334,
        "metadata": {
          "bottleneck": false,
          "canonical_edge_id": 27,
          "length_m": 0.25,
          "min_clearance_m": 0.4000000059604645,
          "segment_fraction_end": 0.8241909066837013,
          "segment_fraction_start": 0.7064493485860297,
          "segment_index": 6,
          "static_traversability": "FEASIBLE"
        },
        "startid": 103
      },
      "type": "Feature"
    },
    {
      "geometry": {
        "coordinates": [
          [
            [
              4.971608529519016,
              4.027412794278525
            ],
            [
              5.04,
              4.2567055231882165
            ]
          ]
        ],
        "type": "MultiLineString"
      },
      "properties": {
        "endid": 105,
        "id": 335,
        "metadata": {
          "bottleneck": false,
          "canonical_edge_id": 27,
          "length_m": 0.25,
          "min_clearance_m": 0.4000000059604645,
          "segment_fraction_end": 0.9419324647813729,
          "segment_fraction_start": 0.8241909066837013,
          "segment_index": 7,
          "static_traversability": "FEASIBLE"
        },
        "startid": 104
      },
      "type": "Feature"
    },
    {
      "geometry": {
        "coordinates": [
          [
            [
              5.04,
              4.2567055231882165
            ],
            [
              5.04,
              4.380000000000001
            ]
          ]
        ],
        "type": "MultiLineString"
      },
      "properties": {
        "endid": 14,
        "id": 336,
        "metadata": {
          "bottleneck": false,
          "canonical_edge_id": 27,
          "length_m": 0.12329447681178474,
          "min_clearance_m": 0.4000000059604645,
          "segment_fraction_end": 1.0,
          "segment_fraction_start": 0.9419324647813729,
          "segment_index": 8,
          "static_traversability": "FEASIBLE"
        },
        "startid": 105
      },
      "type": "Feature"
    },
    {
      "geometry": {
        "coordinates": [
          [
            [
              5.04,
              2.33
            ],
            [
              5.29,
              2.33
            ]
          ]
        ],
        "type": "MultiLineString"
      },
      "properties": {
        "endid": 106,
        "id": 337,
        "metadata": {
          "bottleneck": false,
          "canonical_edge_id": 28,
          "length_m": 0.25,
          "min_clearance_m": 0.4000000059604645,
          "segment_fraction_end": 0.2442344077330597,
          "segment_fraction_start": 0.0,
          "segment_index": 0,
          "static_traversability": "FEASIBLE"
        },
        "startid": 13
      },
      "type": "Feature"
    },
    {
      "geometry": {
        "coordinates": [
          [
            [
              5.29,
              2.33
            ],
            [
              5.54,
              2.33
            ]
          ]
        ],
        "type": "MultiLineString"
      },
      "properties": {
        "endid": 107,
        "id": 338,
        "metadata": {
          "bottleneck": false,
          "canonical_edge_id": 28,
          "length_m": 0.25,
          "min_clearance_m": 0.4000000059604645,
          "segment_fraction_end": 0.4884688154661194,
          "segment_fraction_start": 0.2442344077330597,
          "segment_index": 1,
          "static_traversability": "FEASIBLE"
        },
        "startid": 106
      },
      "type": "Feature"
    },
    {
      "geometry": {
        "coordinates": [
          [
            [
              5.54,
              2.33
            ],
            [
              5.79,
              2.33
            ]
          ]
        ],
        "type": "MultiLineString"
      },
      "properties": {
        "endid": 108,
        "id": 339,
        "metadata": {
          "bottleneck": false,
          "canonical_edge_id": 28,
          "length_m": 0.25,
          "min_clearance_m": 0.4000000059604645,
          "segment_fraction_end": 0.7327032231991791,
          "segment_fraction_start": 0.4884688154661194,
          "segment_index": 2,
          "static_traversability": "FEASIBLE"
        },
        "startid": 107
      },
      "type": "Feature"
    },
    {
      "geometry": {
        "coordinates": [
          [
            [
              5.79,
              2.33
            ],
            [
              6.018885438199983,
              2.419442719099992
            ]
          ]
        ],
        "type": "MultiLineString"
      },
      "properties": {
        "endid": 109,
        "id": 340,
        "metadata": {
          "bottleneck": false,
          "canonical_edge_id": 28,
          "length_m": 0.25,
          "min_clearance_m": 0.4000000059604645,
          "segment_fraction_end": 0.9769376309322388,
          "segment_fraction_start": 0.7327032231991791,
          "segment_index": 3,
          "static_traversability": "FEASIBLE"
        },
        "startid": 108
      },
      "type": "Feature"
    },
    {
      "geometry": {
        "coordinates": [
          [
            [
              6.018885438199983,
              2.419442719099992
            ],
            [
              6.04,
              2.4300000000000006
            ]
          ]
        ],
        "type": "MultiLineString"
      },
      "properties": {
        "endid": 22,
        "id": 341,
        "metadata": {
          "bottleneck": false,
          "canonical_edge_id": 28,
          "length_m": 0.023606797749979203,
          "min_clearance_m": 0.4000000059604645,
          "segment_fraction_end": 1.0,
          "segment_fraction_start": 0.9769376309322388,
          "segment_index": 4,
          "static_traversability": "FEASIBLE"
        },
        "startid": 109
      },
      "type": "Feature"
    },
    {
      "geometry": {
        "coordinates": [
          [
            [
              5.04,
              4.380000000000001
            ],
            [
              4.893433367801684,
              4.484690451570226
            ]
          ]
        ],
        "type": "MultiLineString"
      },
      "properties": {
        "endid": 91,
        "id": 342,
        "metadata": {
          "bottleneck": true,
          "canonical_edge_id": 29,
          "length_m": 0.18011626335213105,
          "min_clearance_m": 0.25,
          "segment_fraction_end": 0.4187618062809032,
          "segment_fraction_start": 0.0,
          "segment_index": 0,
          "static_traversability": "UNKNOWN"
        },
        "startid": 14
      },
      "type": "Feature"
    },
    {
      "geometry": {
        "coordinates": [
          [
            [
              4.893433367801684,
              4.484690451570226
            ],
            [
              4.69,
              4.630000000000001
            ]
          ]
        ],
        "type": "MultiLineString"
      },
      "properties": {
        "endid": 11,
        "id": 343,
        "metadata": {
          "bottleneck": true,
          "canonical_edge_id": 29,
          "length_m": 0.25,
          "min_clearance_m": 0.25,
          "segment_fraction_end": 1.0,
          "segment_fraction_start": 0.4187618062809032,
          "segment_index": 1,
          "static_traversability": "UNKNOWN"
        },
        "startid": 91
      },
      "type": "Feature"
    },
    {
      "geometry": {
        "coordinates": [
          [
            [
              5.04,
              4.380000000000001
            ],
            [
              5.04,
              4.2567055231882165
            ]
          ]
        ],
        "type": "MultiLineString"
      },
      "properties": {
        "endid": 105,
        "id": 344,
        "metadata": {
          "bottleneck": false,
          "canonical_edge_id": 30,
          "length_m": 0.12329447681178474,
          "min_clearance_m": 0.4000000059604645,
          "segment_fraction_end": 0.05806753521862711,
          "segment_fraction_start": 0.0,
          "segment_index": 0,
          "static_traversability": "FEASIBLE"
        },
        "startid": 14
      },
      "type": "Feature"
    },
    {
      "geometry": {
        "coordinates": [
          [
            [
              5.04,
              4.2567055231882165
            ],
            [
              4.971608529519016,
              4.027412794278525
            ]
          ]
        ],
        "type": "MultiLineString"
      },
      "properties": {
        "endid": 104,
        "id": 345,
        "metadata": {
          "bottleneck": false,
          "canonical_edge_id": 30,
          "length_m": 0.25,
          "min_clearance_m": 0.4000000059604645,
          "segment_fraction_end": 0.1758090933162987,
          "segment_fraction_start": 0.05806753521862711,
          "segment_index": 1,
          "static_traversability": "FEASIBLE"
        },
        "startid": 105
      },
      "type": "Feature"
    },
    {
      "geometry": {
        "coordinates": [
          [
            [
              4.971608529519016,
              4.027412794278525
            ],
            [
              4.94,
              3.786983086961415
            ]
          ]
        ],
        "type": "MultiLineString"
      },
      "properties": {
        "endid": 103,
        "id": 346,
        "metadata": {
          "bottleneck": false,
          "canonical_edge_id": 30,
          "length_m": 0.25,
          "min_clearance_m": 0.4000000059604645,
          "segment_fraction_end": 0.29355065141397035,
          "segment_fraction_start": 0.1758090933162987,
          "segment_index": 2,
          "static_traversability": "FEASIBLE"
        },
        "startid": 104
      },
      "type": "Feature"
    },
    {
      "geometry": {
        "coordinates": [
          [
            [
              4.94,
              3.786983086961415
            ],
            [
              4.94,
              3.536983086961415
            ]
          ]
        ],
        "type": "MultiLineString"
      },
      "properties": {
        "endid": 102,
        "id": 347,
        "metadata": {
          "bottleneck": false,
          "canonical_edge_id": 30,
          "length_m": 0.25,
          "min_clearance_m": 0.4000000059604645,
          "segment_fraction_end": 0.41129220951164197,
          "segment_fraction_start": 0.29355065141397035,
          "segment_index": 3,
          "static_traversability": "FEASIBLE"
        },
        "startid": 103
      },
      "type": "Feature"
    },
    {
      "geometry": {
        "coordinates": [
          [
            [
              4.94,
              3.536983086961415
            ],
            [
              5.0135815947127,
              3.3073640088121676
            ]
          ]
        ],
        "type": "MultiLineString"
      },
      "properties": {
        "endid": 101,
        "id": 348,
        "metadata": {
          "bottleneck": false,
          "canonical_edge_id": 30,
          "length_m": 0.25,
          "min_clearance_m": 0.4000000059604645,
          "segment_fraction_end": 0.5290337676093135,
          "segment_fraction_start": 0.41129220951164197,
          "segment_index": 4,
          "static_traversability": "FEASIBLE"
        },
        "startid": 102
      },
      "type": "Feature"
    },
    {
      "geometry": {
        "coordinates": [
          [
            [
              5.0135815947127,
              3.3073640088121676
            ],
            [
              5.084041516463603,
              3.078705779881247
            ]
          ]
        ],
        "type": "MultiLineString"
      },
      "properties": {
        "endid": 100,
        "id": 349,
        "metadata": {
          "bottleneck": false,
          "canonical_edge_id": 30,
          "length_m": 0.25,
          "min_clearance_m": 0.4000000059604645,
          "segment_fraction_end": 0.6467753257069851,
          "segment_fraction_start": 0.5290337676093135,
          "segment_index": 5,
          "static_traversability": "FEASIBLE"
        },
        "startid": 101
      },
      "type": "Feature"
    },
    {
      "geometry": {
        "coordinates": [
          [
            [
              5.084041516463603,
              3.078705779881247
            ],
            [
              5.069361010975735,
              2.829137186587498
            ]
          ]
        ],
        "type": "MultiLineString"
      },
      "properties": {
        "endid": 99,
        "id": 350,
        "metadata": {
          "bottleneck": false,
          "canonical_edge_id": 30,
          "length_m": 0.25,
          "min_clearance_m": 0.4000000059604645,
          "segment_fraction_end": 0.7645168838046568,
          "segment_fraction_start": 0.6467753257069851,
          "segment_index": 6,
          "static_traversability": "FEASIBLE"
        },
        "startid": 100
      },
      "type": "Feature"
    },
    {
      "geometry": {
        "coordinates": [
          [
            [
              5.069361010975735,
              2.829137186587498
            ],
            [
              5.054680505487868,
              2.579568593293749
            ]
          ]
        ],
        "type": "MultiLineString"
      },
      "properties": {
        "endid": 98,
        "id": 351,
        "metadata": {
          "bottleneck": false,
          "canonical_edge_id": 30,
          "length_m": 0.25,
          "min_clearance_m": 0.4000000059604645,
          "segment_fraction_end": 0.8822584419023284,
          "segment_fraction_start": 0.7645168838046568,
          "segment_index": 7,
          "static_traversability": "FEASIBLE"
        },
        "startid": 99
      },
      "type": "Feature"
    },
    {
      "geometry": {
        "coordinates": [
          [
            [
              5.054680505487868,
              2.579568593293749
            ],
            [
              5.04,
              2.33
            ]
          ]
        ],
        "type": "MultiLineString"
      },
      "properties": {
        "endid": 13,
        "id": 352,
        "metadata": {
          "bottleneck": false,
          "canonical_edge_id": 30,
          "length_m": 0.25,
          "min_clearance_m": 0.4000000059604645,
          "segment_fraction_end": 1.0,
          "segment_fraction_start": 0.8822584419023284,
          "segment_index": 8,
          "static_traversability": "FEASIBLE"
        },
        "startid": 98
      },
      "type": "Feature"
    },
    {
      "geometry": {
        "coordinates": [
          [
            [
              5.04,
              4.380000000000001
            ],
            [
              5.14,
              4.53
            ]
          ]
        ],
        "type": "MultiLineString"
      },
      "properties": {
        "endid": 15,
        "id": 353,
        "metadata": {
          "bottleneck": true,
          "canonical_edge_id": 31,
          "length_m": 0.1802775637731988,
          "min_clearance_m": 0.3354102075099945,
          "segment_fraction_end": 1.0,
          "segment_fraction_start": 0.0,
          "segment_index": 0,
          "static_traversability": "UNKNOWN"
        },
        "startid": 14
      },
      "type": "Feature"
    },
    {
      "geometry": {
        "coordinates": [
          [
            [
              5.14,
              4.53
            ],
            [
              5.04,
              4.380000000000001
            ]
          ]
        ],
        "type": "MultiLineString"
      },
      "properties": {
        "endid": 14,
        "id": 354,
        "metadata": {
          "bottleneck": true,
          "canonical_edge_id": 32,
          "length_m": 0.1802775637731988,
          "min_clearance_m": 0.3354102075099945,
          "segment_fraction_end": 1.0,
          "segment_fraction_start": 0.0,
          "segment_index": 0,
          "static_traversability": "UNKNOWN"
        },
        "startid": 15
      },
      "type": "Feature"
    },
    {
      "geometry": {
        "coordinates": [
          [
            [
              5.29,
              0.4800000000000004
            ],
            [
              5.242865605150556,
              0.5232065286119905
            ]
          ]
        ],
        "type": "MultiLineString"
      },
      "properties": {
        "endid": 89,
        "id": 355,
        "metadata": {
          "bottleneck": false,
          "canonical_edge_id": 33,
          "length_m": 0.06394102980498495,
          "min_clearance_m": 1.025914192199707,
          "segment_fraction_end": 0.0785573247490728,
          "segment_fraction_start": 0.0,
          "segment_index": 0,
          "static_traversability": "FEASIBLE"
        },
        "startid": 16
      },
      "type": "Feature"
    },
    {
      "geometry": {
        "coordinates": [
          [
            [
              5.242865605150556,
              0.5232065286119905
            ],
            [
              5.058577070100371,
              0.6921376857413271
            ]
          ]
        ],
        "type": "MultiLineString"
      },
      "properties": {
        "endid": 88,
        "id": 356,
        "metadata": {
          "bottleneck": false,
          "canonical_edge_id": 33,
          "length_m": 0.25,
          "min_clearance_m": 1.025914192199707,
          "segment_fraction_end": 0.38570488316604856,
          "segment_fraction_start": 0.0785573247490728,
          "segment_index": 1,
          "static_traversability": "FEASIBLE"
        },
        "startid": 89
      },
      "type": "Feature"
    },
    {
      "geometry": {
        "coordinates": [
          [
            [
              5.058577070100371,
              0.6921376857413271
            ],
            [
              4.8742885350501854,
              0.8610688428706637
            ]
          ]
        ],
        "type": "MultiLineString"
      },
      "properties": {
        "endid": 87,
        "id": 357,
        "metadata": {
          "bottleneck": false,
          "canonical_edge_id": 33,
          "length_m": 0.25,
          "min_clearance_m": 1.025914192199707,
          "segment_fraction_end": 0.6928524415830243,
          "segment_fraction_start": 0.38570488316604856,
          "segment_index": 2,
          "static_traversability": "FEASIBLE"
        },
        "startid": 88
      },
      "type": "Feature"
    },
    {
      "geometry": {
        "coordinates": [
          [
            [
              4.8742885350501854,
              0.8610688428706637
            ],
            [
              4.69,
              1.0300000000000002
            ]
          ]
        ],
        "type": "MultiLineString"
      },
      "properties": {
        "endid": 9,
        "id": 358,
        "metadata": {
          "bottleneck": false,
          "canonical_edge_id": 33,
          "length_m": 0.25,
          "min_clearance_m": 1.025914192199707,
          "segment_fraction_end": 1.0,
          "segment_fraction_start": 0.6928524415830243,
          "segment_index": 3,
          "static_traversability": "FEASIBLE"
        },
        "startid": 87
      },
      "type": "Feature"
    },
    {
      "geometry": {
        "coordinates": [
          [
            [
              5.29,
              0.4800000000000004
            ],
            [
              5.3229179606750066,
              0.26944271909999173
            ]
          ]
        ],
        "type": "MultiLineString"
      },
      "properties": {
        "endid": 110,
        "id": 359,
        "metadata": {
          "bottleneck": false,
          "canonical_edge_id": 34,
          "length_m": 0.25,
          "min_clearance_m": 1.0735455751419067,
          "segment_fraction_end": 0.32294986585179275,
          "segment_fraction_start": 0.0,
          "segment_index": 0,
          "static_traversability": "FEASIBLE"
        },
        "startid": 16
      },
      "type": "Feature"
    },
    {
      "geometry": {
        "coordinates": [
          [
            [
              5.3229179606750066,
              0.26944271909999173
            ],
            [
              5.423517599031751,
              0.045929603872995134
            ]
          ]
        ],
        "type": "MultiLineString"
      },
      "properties": {
        "endid": 111,
        "id": 360,
        "metadata": {
          "bottleneck": false,
          "canonical_edge_id": 34,
          "length_m": 0.25,
          "min_clearance_m": 1.0735455751419067,
          "segment_fraction_end": 0.6458997317035855,
          "segment_fraction_start": 0.32294986585179275,
          "segment_index": 1,
          "static_traversability": "FEASIBLE"
        },
        "startid": 110
      },
      "type": "Feature"
    },
    {
      "geometry": {
        "coordinates": [
          [
            [
              5.423517599031751,
              0.045929603872995134
            ],
            [
              5.484151505290835,
              -0.1966060211633377
            ]
          ]
        ],
        "type": "MultiLineString"
      },
      "properties": {
        "endid": 112,
        "id": 361,
        "metadata": {
          "bottleneck": false,
          "canonical_edge_id": 34,
          "length_m": 0.25,
          "min_clearance_m": 1.0735455751419067,
          "segment_fraction_end": 0.9688495975553783,
          "segment_fraction_start": 0.6458997317035855,
          "segment_index": 2,
          "static_traversability": "FEASIBLE"
        },
        "startid": 111
      },
      "type": "Feature"
    },
    {
      "geometry": {
        "coordinates": [
          [
            [
              5.484151505290835,
              -0.1966060211633377
            ],
            [
              5.49,
              -0.2199999999999997
            ]
          ]
        ],
        "type": "MultiLineString"
      },
      "properties": {
        "endid": 17,
        "id": 362,
        "metadata": {
          "bottleneck": false,
          "canonical_edge_id": 34,
          "length_m": 0.02411396143675537,
          "min_clearance_m": 1.0735455751419067,
          "segment_fraction_end": 1.0,
          "segment_fraction_start": 0.9688495975553783,
          "segment_index": 3,
          "static_traversability": "FEASIBLE"
        },
        "startid": 112
      },
      "type": "Feature"
    },
    {
      "geometry": {
        "coordinates": [
          [
            [
              5.29,
              0.4800000000000004
            ],
            [
              5.510117774980544,
              0.5985249557587546
            ]
          ]
        ],
        "type": "MultiLineString"
      },
      "properties": {
        "endid": 113,
        "id": 363,
        "metadata": {
          "bottleneck": true,
          "canonical_edge_id": 35,
          "length_m": 0.25,
          "min_clearance_m": 0.30000001192092896,
          "segment_fraction_end": 0.06669737260002541,
          "segment_fraction_start": 0.0,
          "segment_index": 0,
          "static_traversability": "FEASIBLE"
        },
        "startid": 16
      },
      "type": "Feature"
    },
    {
      "geometry": {
        "coordinates": [
          [
            [
              5.510117774980544,
              0.5985249557587546
            ],
            [
              5.730235549961088,
              0.7170499115175089
            ]
          ]
        ],
        "type": "MultiLineString"
      },
      "properties": {
        "endid": 114,
        "id": 364,
        "metadata": {
          "bottleneck": true,
          "canonical_edge_id": 35,
          "length_m": 0.25,
          "min_clearance_m": 0.30000001192092896,
          "segment_fraction_end": 0.13339474520005082,
          "segment_fraction_start": 0.06669737260002541,
          "segment_index": 1,
          "static_traversability": "FEASIBLE"
        },
        "startid": 113
      },
      "type": "Feature"
    },
    {
      "geometry": {
        "coordinates": [
          [
            [
              5.730235549961088,
              0.7170499115175089
            ],
            [
              5.951751354890094,
              0.8304196912460748
            ]
          ]
        ],
        "type": "MultiLineString"
      },
      "properties": {
        "endid": 115,
        "id": 365,
        "metadata": {
          "bottleneck": true,
          "canonical_edge_id": 35,
          "length_m": 0.25,
          "min_clearance_m": 0.30000001192092896,
          "segment_fraction_end": 0.2000921178000762,
          "segment_fraction_start": 0.13339474520005082,
          "segment_index": 2,
          "static_traversability": "FEASIBLE"
        },
        "startid": 114
      },
      "type": "Feature"
    },
    {
      "geometry": {
        "coordinates": [
          [
            [
              5.951751354890094,
              0.8304196912460748
            ],
            [
              6.201592068476981,
              0.839342573874178
            ]
          ]
        ],
        "type": "MultiLineString"
      },
      "properties": {
        "endid": 116,
        "id": 366,
        "metadata": {
          "bottleneck": true,
          "canonical_edge_id": 35,
          "length_m": 0.25,
          "min_clearance_m": 0.30000001192092896,
          "segment_fraction_end": 0.26678949040010164,
          "segment_fraction_start": 0.2000921178000762,
          "segment_index": 3,
          "static_traversability": "FEASIBLE"
        },
        "startid": 115
      },
      "type": "Feature"
    },
    {
      "geometry": {
        "coordinates": [
          [
            [
              6.201592068476981,
              0.839342573874178
            ],
            [
              6.451432782063868,
              0.8482654565022811
            ]
          ]
        ],
        "type": "MultiLineString"
      },
      "properties": {
        "endid": 117,
        "id": 367,
        "metadata": {
          "bottleneck": true,
          "canonical_edge_id": 35,
          "length_m": 0.25,
          "min_clearance_m": 0.30000001192092896,
          "segment_fraction_end": 0.33348686300012703,
          "segment_fraction_start": 0.26678949040010164,
          "segment_index": 4,
          "static_traversability": "FEASIBLE"
        },
        "startid": 116
      },
      "type": "Feature"
    },
    {
      "geometry": {
        "coordinates": [
          [
            [
              6.451432782063868,
              0.8482654565022811
            ],
            [
              6.701273495650756,
              0.8571883391303843
            ]
          ]
        ],
        "type": "MultiLineString"
      },
      "properties": {
        "endid": 118,
        "id": 368,
        "metadata": {
          "bottleneck": true,
          "canonical_edge_id": 35,
          "length_m": 0.25,
          "min_clearance_m": 0.30000001192092896,
          "segment_fraction_end": 0.4001842356001524,
          "segment_fraction_start": 0.33348686300012703,
          "segment_index": 5,
          "static_traversability": "FEASIBLE"
        },
        "startid": 117
      },
      "type": "Feature"
    },
    {
      "geometry": {
        "coordinates": [
          [
            [
              6.701273495650756,
              0.8571883391303843
            ],
            [
              6.951114209237643,
              0.8661112217584875
            ]
          ]
        ],
        "type": "MultiLineString"
      },
      "properties": {
        "endid": 119,
        "id": 369,
        "metadata": {
          "bottleneck": true,
          "canonical_edge_id": 35,
          "length_m": 0.25,
          "min_clearance_m": 0.30000001192092896,
          "segment_fraction_end": 0.4668816082001778,
          "segment_fraction_start": 0.4001842356001524,
          "segment_index": 6,
          "static_traversability": "FEASIBLE"
        },
        "startid": 118
      },
      "type": "Feature"
    },
    {
      "geometry": {
        "coordinates": [
          [
            [
              6.951114209237643,
              0.8661112217584875
            ],
            [
              7.200954922824531,
              0.8750341043865907
            ]
          ]
        ],
        "type": "MultiLineString"
      },
      "properties": {
        "endid": 120,
        "id": 370,
        "metadata": {
          "bottleneck": true,
          "canonical_edge_id": 35,
          "length_m": 0.25,
          "min_clearance_m": 0.30000001192092896,
          "segment_fraction_end": 0.5335789808002033,
          "segment_fraction_start": 0.4668816082001778,
          "segment_index": 7,
          "static_traversability": "FEASIBLE"
        },
        "startid": 119
      },
      "type": "Feature"
    },
    {
      "geometry": {
        "coordinates": [
          [
            [
              7.200954922824531,
              0.8750341043865907
            ],
            [
              7.450316066144284,
              0.868968393385572
            ]
          ]
        ],
        "type": "MultiLineString"
      },
      "properties": {
        "endid": 121,
        "id": 371,
        "metadata": {
          "bottleneck": true,
          "canonical_edge_id": 35,
          "length_m": 0.25,
          "min_clearance_m": 0.30000001192092896,
          "segment_fraction_end": 0.6002763534002287,
          "segment_fraction_start": 0.5335789808002033,
          "segment_index": 8,
          "static_traversability": "FEASIBLE"
        },
        "startid": 120
      },
      "type": "Feature"
    },
    {
      "geometry": {
        "coordinates": [
          [
            [
              7.450316066144284,
              0.868968393385572
            ],
            [
              7.699075363696782,
              0.8440924636303223
            ]
          ]
        ],
        "type": "MultiLineString"
      },
      "properties": {
        "endid": 122,
        "id": 372,
        "metadata": {
          "bottleneck": true,
          "canonical_edge_id": 35,
          "length_m": 0.25,
          "min_clearance_m": 0.30000001192092896,
          "segment_fraction_end": 0.6669737260002541,
          "segment_fraction_start": 0.6002763534002287,
          "segment_index": 9,
          "static_traversability": "FEASIBLE"
        },
        "startid": 121
      },
      "type": "Feature"
    },
    {
      "geometry": {
        "coordinates": [
          [
            [
              7.699075363696782,
              0.8440924636303223
            ],
            [
              7.947834661249279,
              0.8192165338750725
            ]
          ]
        ],
        "type": "MultiLineString"
      },
      "properties": {
        "endid": 123,
        "id": 373,
        "metadata": {
          "bottleneck": true,
          "canonical_edge_id": 35,
          "length_m": 0.25,
          "min_clearance_m": 0.30000001192092896,
          "segment_fraction_end": 0.7336710986002795,
          "segment_fraction_start": 0.6669737260002541,
          "segment_index": 10,
          "static_traversability": "FEASIBLE"
        },
        "startid": 122
      },
      "type": "Feature"
    },
    {
      "geometry": {
        "coordinates": [
          [
            [
              7.947834661249279,
              0.8192165338750725
            ],
            [
              8.196593958801776,
              0.7943406041198228
            ]
          ]
        ],
        "type": "MultiLineString"
      },
      "properties": {
        "endid": 124,
        "id": 374,
        "metadata": {
          "bottleneck": true,
          "canonical_edge_id": 35,
          "length_m": 0.25,
          "min_clearance_m": 0.30000001192092896,
          "segment_fraction_end": 0.8003684712003049,
          "segment_fraction_start": 0.7336710986002795,
          "segment_index": 11,
          "static_traversability": "FEASIBLE"
        },
        "startid": 123
      },
      "type": "Feature"
    },
    {
      "geometry": {
        "coordinates": [
          [
            [
              8.196593958801776,
              0.7943406041198228
            ],
            [
              8.4363884303221,
              0.8238129228736818
            ]
          ]
        ],
        "type": "MultiLineString"
      },
      "properties": {
        "endid": 125,
        "id": 375,
        "metadata": {
          "bottleneck": true,
          "canonical_edge_id": 35,
          "length_m": 0.25,
          "min_clearance_m": 0.30000001192092896,
          "segment_fraction_end": 0.8670658438003302,
          "segment_fraction_start": 0.8003684712003049,
          "segment_index": 12,
          "static_traversability": "FEASIBLE"
        },
        "startid": 124
      },
      "type": "Feature"
    },
    {
      "geometry": {
        "coordinates": [
          [
            [
              8.4363884303221,
              0.8238129228736818
            ],
            [
              8.663980049687751,
              0.9272636589489779
            ]
          ]
        ],
        "type": "MultiLineString"
      },
      "properties": {
        "endid": 126,
        "id": 376,
        "metadata": {
          "bottleneck": true,
          "canonical_edge_id": 35,
          "length_m": 0.25,
          "min_clearance_m": 0.30000001192092896,
          "segment_fraction_end": 0.9337632164003556,
          "segment_fraction_start": 0.8670658438003302,
          "segment_index": 13,
          "static_traversability": "FEASIBLE"
        },
        "startid": 125
      },
      "type": "Feature"
    },
    {
      "geometry": {
        "coordinates": [
          [
            [
              8.663980049687751,
              0.9272636589489779
            ],
            [
              8.89,
              1.0300000000000002
            ]
          ]
        ],
        "type": "MultiLineString"
      },
      "properties": {
        "endid": 27,
        "id": 377,
        "metadata": {
          "bottleneck": true,
          "canonical_edge_id": 35,
          "length_m": 0.24827358641567843,
          "min_clearance_m": 0.30000001192092896,
          "segment_fraction_end": 1.0000000000000002,
          "segment_fraction_start": 0.9337632164003556,
          "segment_index": 14,
          "static_traversability": "FEASIBLE"
        },
        "startid": 126
      },
      "type": "Feature"
    },
    {
      "geometry": {
        "coordinates": [
          [
            [
              5.49,
              -0.21999999999999975
            ],
            [
              5.419933580392348,
              -0.36713948117606965
            ]
          ]
        ],
        "type": "MultiLineString"
      },
      "properties": {
        "endid": 95,
        "id": 378,
        "metadata": {
          "bottleneck": false,
          "canonical_edge_id": 36,
          "length_m": 0.16297033496130098,
          "min_clearance_m": 0.6500000357627869,
          "segment_fraction_end": 0.14013283921530464,
          "segment_fraction_start": 0.0,
          "segment_index": 0,
          "static_traversability": "FEASIBLE"
        },
        "startid": 17
      },
      "type": "Feature"
    },
    {
      "geometry": {
        "coordinates": [
          [
            [
              5.419933580392348,
              -0.36713948117606965
            ],
            [
              5.312450185294261,
              -0.5928546108820522
            ]
          ]
        ],
        "type": "MultiLineString"
      },
      "properties": {
        "endid": 94,
        "id": 379,
        "metadata": {
          "bottleneck": false,
          "canonical_edge_id": 36,
          "length_m": 0.25,
          "min_clearance_m": 0.6500000357627869,
          "segment_fraction_end": 0.3550996294114785,
          "segment_fraction_start": 0.14013283921530464,
          "segment_index": 1,
          "static_traversability": "FEASIBLE"
        },
        "startid": 95
      },
      "type": "Feature"
    },
    {
      "geometry": {
        "coordinates": [
          [
            [
              5.312450185294261,
              -0.5928546108820522
            ],
            [
              5.204966790196174,
              -0.8185697405880348
            ]
          ]
        ],
        "type": "MultiLineString"
      },
      "properties": {
        "endid": 93,
        "id": 380,
        "metadata": {
          "bottleneck": false,
          "canonical_edge_id": 36,
          "length_m": 0.25,
          "min_clearance_m": 0.6500000357627869,
          "segment_fraction_end": 0.5700664196076524,
          "segment_fraction_start": 0.3550996294114785,
          "segment_index": 2,
          "static_traversability": "FEASIBLE"
        },
        "startid": 94
      },
      "type": "Feature"
    },
    {
      "geometry": {
        "coordinates": [
          [
            [
              5.204966790196174,
              -0.8185697405880348
            ],
            [
              5.097483395098087,
              -1.0442848702940175
            ]
          ]
        ],
        "type": "MultiLineString"
      },
      "properties": {
        "endid": 92,
        "id": 381,
        "metadata": {
          "bottleneck": false,
          "canonical_edge_id": 36,
          "length_m": 0.25,
          "min_clearance_m": 0.6500000357627869,
          "segment_fraction_end": 0.7850332098038262,
          "segment_fraction_start": 0.5700664196076524,
          "segment_index": 3,
          "static_traversability": "FEASIBLE"
        },
        "startid": 93
      },
      "type": "Feature"
    },
    {
      "geometry": {
        "coordinates": [
          [
            [
              5.097483395098087,
              -1.0442848702940175
            ],
            [
              4.99,
              -1.27
            ]
          ]
        ],
        "type": "MultiLineString"
      },
      "properties": {
        "endid": 12,
        "id": 382,
        "metadata": {
          "bottleneck": false,
          "canonical_edge_id": 36,
          "length_m": 0.25,
          "min_clearance_m": 0.6500000357627869,
          "segment_fraction_end": 1.0,
          "segment_fraction_start": 0.7850332098038262,
          "segment_index": 4,
          "static_traversability": "FEASIBLE"
        },
        "startid": 92
      },
      "type": "Feature"
    },
    {
      "geometry": {
        "coordinates": [
          [
            [
              5.49,
              -0.2199999999999997
            ],
            [
              5.484151505290835,
              -0.1966060211633377
            ]
          ]
        ],
        "type": "MultiLineString"
      },
      "properties": {
        "endid": 112,
        "id": 383,
        "metadata": {
          "bottleneck": false,
          "canonical_edge_id": 37,
          "length_m": 0.02411396143675537,
          "min_clearance_m": 1.0735455751419067,
          "segment_fraction_end": 0.031150402444621802,
          "segment_fraction_start": 0.0,
          "segment_index": 0,
          "static_traversability": "FEASIBLE"
        },
        "startid": 17
      },
      "type": "Feature"
    },
    {
      "geometry": {
        "coordinates": [
          [
            [
              5.484151505290835,
              -0.1966060211633377
            ],
            [
              5.423517599031751,
              0.045929603872995134
            ]
          ]
        ],
        "type": "MultiLineString"
      },
      "properties": {
        "endid": 111,
        "id": 384,
        "metadata": {
          "bottleneck": false,
          "canonical_edge_id": 37,
          "length_m": 0.25,
          "min_clearance_m": 1.0735455751419067,
          "segment_fraction_end": 0.35410026829641456,
          "segment_fraction_start": 0.031150402444621802,
          "segment_index": 1,
          "static_traversability": "FEASIBLE"
        },
        "startid": 112
      },
      "type": "Feature"
    },
    {
      "geometry": {
        "coordinates": [
          [
            [
              5.423517599031751,
              0.045929603872995134
            ],
            [
              5.3229179606750066,
              0.26944271909999173
            ]
          ]
        ],
        "type": "MultiLineString"
      },
      "properties": {
        "endid": 110,
        "id": 385,
        "metadata": {
          "bottleneck": false,
          "canonical_edge_id": 37,
          "length_m": 0.25,
          "min_clearance_m": 1.0735455751419067,
          "segment_fraction_end": 0.6770501341482072,
          "segment_fraction_start": 0.35410026829641456,
          "segment_index": 2,
          "static_traversability": "FEASIBLE"
        },
        "startid": 111
      },
      "type": "Feature"
    },
    {
      "geometry": {
        "coordinates": [
          [
            [
              5.3229179606750066,
              0.26944271909999173
            ],
            [
              5.29,
              0.4800000000000004
            ]
          ]
        ],
        "type": "MultiLineString"
      },
      "properties": {
        "endid": 16,
        "id": 386,
        "metadata": {
          "bottleneck": false,
          "canonical_edge_id": 37,
          "length_m": 0.25,
          "min_clearance_m": 1.0735455751419067,
          "segment_fraction_end": 1.0,
          "segment_fraction_start": 0.6770501341482072,
          "segment_index": 3,
          "static_traversability": "FEASIBLE"
        },
        "startid": 110
      },
      "type": "Feature"
    },
    {
      "geometry": {
        "coordinates": [
          [
            [
              5.49,
              -0.21999999999999975
            ],
            [
              5.67814417367672,
              -0.38462615196712946
            ]
          ]
        ],
        "type": "MultiLineString"
      },
      "properties": {
        "endid": 127,
        "id": 387,
        "metadata": {
          "bottleneck": false,
          "canonical_edge_id": 38,
          "length_m": 0.25,
          "min_clearance_m": 0.6403124332427979,
          "segment_fraction_end": 0.470360434191799,
          "segment_fraction_start": 0.0,
          "segment_index": 0,
          "static_traversability": "FEASIBLE"
        },
        "startid": 17
      },
      "type": "Feature"
    },
    {
      "geometry": {
        "coordinates": [
          [
            [
              5.67814417367672,
              -0.38462615196712946
            ],
            [
              5.866288347353439,
              -0.5492523039342592
            ]
          ]
        ],
        "type": "MultiLineString"
      },
      "properties": {
        "endid": 128,
        "id": 388,
        "metadata": {
          "bottleneck": false,
          "canonical_edge_id": 38,
          "length_m": 0.25,
          "min_clearance_m": 0.6403124332427979,
          "segment_fraction_end": 0.940720868383598,
          "segment_fraction_start": 0.470360434191799,
          "segment_index": 1,
          "static_traversability": "FEASIBLE"
        },
        "startid": 127
      },
      "type": "Feature"
    },
    {
      "geometry": {
        "coordinates": [
          [
            [
              5.866288347353439,
              -0.5492523039342592
            ],
            [
              5.89,
              -0.5699999999999998
            ]
          ]
        ],
        "type": "MultiLineString"
      },
      "properties": {
        "endid": 19,
        "id": 389,
        "metadata": {
          "bottleneck": false,
          "canonical_edge_id": 38,
          "length_m": 0.03150729063673208,
          "min_clearance_m": 0.6403124332427979,
          "segment_fraction_end": 1.0,
          "segment_fraction_start": 0.940720868383598,
          "segment_index": 2,
          "static_traversability": "FEASIBLE"
        },
        "startid": 128
      },
      "type": "Feature"
    },
    {
      "geometry": {
        "coordinates": [
          [
            [
              5.59,
              -1.5699999999999998
            ],
            [
              5.390000000000001,
              -1.5699999999999998
            ]
          ]
        ],
        "type": "MultiLineString"
      },
      "properties": {
        "endid": 97,
        "id": 390,
        "metadata": {
          "bottleneck": true,
          "canonical_edge_id": 39,
          "length_m": 0.19999999999999973,
          "min_clearance_m": 0.22360680997371674,
          "segment_fraction_end": 0.2857142857142854,
          "segment_fraction_start": 0.0,
          "segment_index": 0,
          "static_traversability": "UNKNOWN"
        },
        "startid": 18
      },
      "type": "Feature"
    },
    {
      "geometry": {
        "coordinates": [
          [
            [
              5.390000000000001,
              -1.5699999999999998
            ],
            [
              5.19,
              -1.4200000000000002
            ]
          ]
        ],
        "type": "MultiLineString"
      },
      "properties": {
        "endid": 96,
        "id": 391,
        "metadata": {
          "bottleneck": true,
          "canonical_edge_id": 39,
          "length_m": 0.25,
          "min_clearance_m": 0.22360680997371674,
          "segment_fraction_end": 0.6428571428571427,
          "segment_fraction_start": 0.2857142857142854,
          "segment_index": 1,
          "static_traversability": "UNKNOWN"
        },
        "startid": 97
      },
      "type": "Feature"
    },
    {
      "geometry": {
        "coordinates": [
          [
            [
              5.19,
              -1.4200000000000002
            ],
            [
              4.99,
              -1.27
            ]
          ]
        ],
        "type": "MultiLineString"
      },
      "properties": {
        "endid": 12,
        "id": 392,
        "metadata": {
          "bottleneck": true,
          "canonical_edge_id": 39,
          "length_m": 0.25,
          "min_clearance_m": 0.22360680997371674,
          "segment_fraction_end": 1.0,
          "segment_fraction_start": 0.6428571428571427,
          "segment_index": 2,
          "static_traversability": "UNKNOWN"
        },
        "startid": 96
      },
      "type": "Feature"
    },
    {
      "geometry": {
        "coordinates": [
          [
            [
              5.89,
              -0.5699999999999998
            ],
            [
              5.866288347353439,
              -0.5492523039342592
            ]
          ]
        ],
        "type": "MultiLineString"
      },
      "properties": {
        "endid": 128,
        "id": 393,
        "metadata": {
          "bottleneck": false,
          "canonical_edge_id": 40,
          "length_m": 0.03150729063673208,
          "min_clearance_m": 0.6403124332427979,
          "segment_fraction_end": 0.05927913161640201,
          "segment_fraction_start": 0.0,
          "segment_index": 0,
          "static_traversability": "FEASIBLE"
        },
        "startid": 19
      },
      "type": "Feature"
    },
    {
      "geometry": {
        "coordinates": [
          [
            [
              5.866288347353439,
              -0.5492523039342592
            ],
            [
              5.67814417367672,
              -0.38462615196712946
            ]
          ]
        ],
        "type": "MultiLineString"
      },
      "properties": {
        "endid": 127,
        "id": 394,
        "metadata": {
          "bottleneck": false,
          "canonical_edge_id": 40,
          "length_m": 0.25,
          "min_clearance_m": 0.6403124332427979,
          "segment_fraction_end": 0.529639565808201,
          "segment_fraction_start": 0.05927913161640201,
          "segment_index": 1,
          "static_traversability": "FEASIBLE"
        },
        "startid": 128
      },
      "type": "Feature"
    },
    {
      "geometry": {
        "coordinates": [
          [
            [
              5.67814417367672,
              -0.38462615196712946
            ],
            [
              5.49,
              -0.21999999999999975
            ]
          ]
        ],
        "type": "MultiLineString"
      },
      "properties": {
        "endid": 17,
        "id": 395,
        "metadata": {
          "bottleneck": false,
          "canonical_edge_id": 40,
          "length_m": 0.25,
          "min_clearance_m": 0.6403124332427979,
          "segment_fraction_end": 1.0,
          "segment_fraction_start": 0.529639565808201,
          "segment_index": 2,
          "static_traversability": "FEASIBLE"
        },
        "startid": 127
      },
      "type": "Feature"
    },
    {
      "geometry": {
        "coordinates": [
          [
            [
              5.89,
              -0.5699999999999998
            ],
            [
              5.909174124721185,
              -0.8192636213753952
            ]
          ]
        ],
        "type": "MultiLineString"
      },
      "properties": {
        "endid": 129,
        "id": 396,
        "metadata": {
          "bottleneck": true,
          "canonical_edge_id": 41,
          "length_m": 0.25,
          "min_clearance_m": 0.22360680997371674,
          "segment_fraction_end": 0.3834824944236852,
          "segment_fraction_start": 0.0,
          "segment_index": 0,
          "static_traversability": "UNKNOWN"
        },
        "startid": 19
      },
      "type": "Feature"
    },
    {
      "geometry": {
        "coordinates": [
          [
            [
              5.909174124721185,
              -0.8192636213753952
            ],
            [
              5.928348249442369,
              -1.0685272427507906
            ]
          ]
        ],
        "type": "MultiLineString"
      },
      "properties": {
        "endid": 130,
        "id": 397,
        "metadata": {
          "bottleneck": true,
          "canonical_edge_id": 41,
          "length_m": 0.25,
          "min_clearance_m": 0.22360680997371674,
          "segment_fraction_end": 0.7669649888473704,
          "segment_fraction_start": 0.3834824944236852,
          "segment_index": 1,
          "static_traversability": "UNKNOWN"
        },
        "startid": 129
      },
      "type": "Feature"
    },
    {
      "geometry": {
        "coordinates": [
          [
            [
              5.928348249442369,
              -1.0685272427507906
            ],
            [
              5.94,
              -1.2199999999999998
            ]
          ]
        ],
        "type": "MultiLineString"
      },
      "properties": {
        "endid": 20,
        "id": 398,
        "metadata": {
          "bottleneck": true,
          "canonical_edge_id": 41,
          "length_m": 0.15192024052026487,
          "min_clearance_m": 0.22360680997371674,
          "segment_fraction_end": 1.0,
          "segment_fraction_start": 0.7669649888473704,
          "segment_index": 2,
          "static_traversability": "UNKNOWN"
        },
        "startid": 130
      },
      "type": "Feature"
    },
    {
      "geometry": {
        "coordinates": [
          [
            [
              5.89,
              -0.5699999999999998
            ],
            [
              6.14,
              -0.5699999999999998
            ]
          ]
        ],
        "type": "MultiLineString"
      },
      "properties": {
        "endid": 131,
        "id": 399,
        "metadata": {
          "bottleneck": true,
          "canonical_edge_id": 42,
          "length_m": 0.25,
          "min_clearance_m": 0.25,
          "segment_fraction_end": 0.07716910854216098,
          "segment_fraction_start": 0.0,
          "segment_index": 0,
          "static_traversability": "UNKNOWN"
        },
        "startid": 19
      },
      "type": "Feature"
    },
    {
      "geometry": {
        "coordinates": [
          [
            [
              6.14,
              -0.5699999999999998
            ],
            [
              6.382847669088526,
              -0.6071390676354101
            ]
          ]
        ],
        "type": "MultiLineString"
      },
      "properties": {
        "endid": 132,
        "id": 400,
        "metadata": {
          "bottleneck": true,
          "canonical_edge_id": 42,
          "length_m": 0.25,
          "min_clearance_m": 0.25,
          "segment_fraction_end": 0.15433821708432197,
          "segment_fraction_start": 0.07716910854216098,
          "segment_index": 1,
          "static_traversability": "UNKNOWN"
        },
        "startid": 131
      },
      "type": "Feature"
    },
    {
      "geometry": {
        "coordinates": [
          [
            [
              6.382847669088526,
              -0.6071390676354101
            ],
            [
              6.620741759643274,
              -0.6699999999999999
            ]
          ]
        ],
        "type": "MultiLineString"
      },
      "properties": {
        "endid": 133,
        "id": 401,
        "metadata": {
          "bottleneck": true,
          "canonical_edge_id": 42,
          "length_m": 0.25,
          "min_clearance_m": 0.25,
          "segment_fraction_end": 0.23150732562648293,
          "segment_fraction_start": 0.15433821708432197,
          "segment_index": 2,
          "static_traversability": "UNKNOWN"
        },
        "startid": 132
      },
      "type": "Feature"
    },
    {
      "geometry": {
        "coordinates": [
          [
            [
              6.620741759643274,
              -0.6699999999999999
            ],
            [
              6.870741759643274,
              -0.6699999999999999
            ]
          ]
        ],
        "type": "MultiLineString"
      },
      "properties": {
        "endid": 134,
        "id": 402,
        "metadata": {
          "bottleneck": true,
          "canonical_edge_id": 42,
          "length_m": 0.25,
          "min_clearance_m": 0.25,
          "segment_fraction_end": 0.30867643416864393,
          "segment_fraction_start": 0.23150732562648293,
          "segment_index": 3,
          "static_traversability": "UNKNOWN"
        },
        "startid": 133
      },
      "type": "Feature"
    },
    {
      "geometry": {
        "coordinates": [
          [
            [
              6.870741759643274,
              -0.6699999999999999
            ],
            [
              7.120741759643274,
              -0.6699999999999999
            ]
          ]
        ],
        "type": "MultiLineString"
      },
      "properties": {
        "endid": 135,
        "id": 403,
        "metadata": {
          "bottleneck": true,
          "canonical_edge_id": 42,
          "length_m": 0.25,
          "min_clearance_m": 0.25,
          "segment_fraction_end": 0.3858455427108049,
          "segment_fraction_start": 0.30867643416864393,
          "segment_index": 4,
          "static_traversability": "UNKNOWN"
        },
        "startid": 134
      },
      "type": "Feature"
    },
    {
      "geometry": {
        "coordinates": [
          [
            [
              7.120741759643274,
              -0.6699999999999999
            ],
            [
              7.370741759643274,
              -0.6699999999999999
            ]
          ]
        ],
        "type": "MultiLineString"
      },
      "properties": {
        "endid": 136,
        "id": 404,
        "metadata": {
          "bottleneck": true,
          "canonical_edge_id": 42,
          "length_m": 0.25,
          "min_clearance_m": 0.25,
          "segment_fraction_end": 0.46301465125296587,
          "segment_fraction_start": 0.3858455427108049,
          "segment_index": 5,
          "static_traversability": "UNKNOWN"
        },
        "startid": 135
      },
      "type": "Feature"
    },
    {
      "geometry": {
        "coordinates": [
          [
            [
              7.370741759643274,
              -0.6699999999999999
            ],
            [
              7.620741759643274,
              -0.6699999999999999
            ]
          ]
        ],
        "type": "MultiLineString"
      },
      "properties": {
        "endid": 137,
        "id": 405,
        "metadata": {
          "bottleneck": true,
          "canonical_edge_id": 42,
          "length_m": 0.25,
          "min_clearance_m": 0.25,
          "segment_fraction_end": 0.5401837597951269,
          "segment_fraction_start": 0.46301465125296587,
          "segment_index": 6,
          "static_traversability": "UNKNOWN"
        },
        "startid": 136
      },
      "type": "Feature"
    },
    {
      "geometry": {
        "coordinates": [
          [
            [
              7.620741759643274,
              -0.6699999999999999
            ],
            [
              7.870741759643274,
              -0.6699999999999999
            ]
          ]
        ],
        "type": "MultiLineString"
      },
      "properties": {
        "endid": 138,
        "id": 406,
        "metadata": {
          "bottleneck": true,
          "canonical_edge_id": 42,
          "length_m": 0.25,
          "min_clearance_m": 0.25,
          "segment_fraction_end": 0.6173528683372879,
          "segment_fraction_start": 0.5401837597951269,
          "segment_index": 7,
          "static_traversability": "UNKNOWN"
        },
        "startid": 137
      },
      "type": "Feature"
    },
    {
      "geometry": {
        "coordinates": [
          [
            [
              7.870741759643274,
              -0.6699999999999999
            ],
            [
              8.120741759643275,
              -0.6699999999999999
            ]
          ]
        ],
        "type": "MultiLineString"
      },
      "properties": {
        "endid": 139,
        "id": 407,
        "metadata": {
          "bottleneck": true,
          "canonical_edge_id": 42,
          "length_m": 0.25,
          "min_clearance_m": 0.25,
          "segment_fraction_end": 0.6945219768794488,
          "segment_fraction_start": 0.6173528683372879,
          "segment_index": 8,
          "static_traversability": "UNKNOWN"
        },
        "startid": 138
      },
      "type": "Feature"
    },
    {
      "geometry": {
        "coordinates": [
          [
            [
              8.120741759643275,
              -0.6699999999999999
            ],
            [
              8.361466688633834,
              -0.6128444371220552
            ]
          ]
        ],
        "type": "MultiLineString"
      },
      "properties": {
        "endid": 140,
        "id": 408,
        "metadata": {
          "bottleneck": true,
          "canonical_edge_id": 42,
          "length_m": 0.25,
          "min_clearance_m": 0.25,
          "segment_fraction_end": 0.7716910854216098,
          "segment_fraction_start": 0.6945219768794488,
          "segment_index": 9,
          "static_traversability": "UNKNOWN"
        },
        "startid": 139
      },
      "type": "Feature"
    },
    {
      "geometry": {
        "coordinates": [
          [
            [
              8.361466688633834,
              -0.6128444371220552
            ],
            [
              8.594249700997874,
              -0.617386227726306
            ]
          ]
        ],
        "type": "MultiLineString"
      },
      "properties": {
        "endid": 141,
        "id": 409,
        "metadata": {
          "bottleneck": true,
          "canonical_edge_id": 42,
          "length_m": 0.25,
          "min_clearance_m": 0.25,
          "segment_fraction_end": 0.8488601939637708,
          "segment_fraction_start": 0.7716910854216098,
          "segment_index": 10,
          "static_traversability": "UNKNOWN"
        },
        "startid": 140
      },
      "type": "Feature"
    },
    {
      "geometry": {
        "coordinates": [
          [
            [
              8.594249700997874,
              -0.617386227726306
            ],
            [
              8.821841320363525,
              -0.7208369638016019
            ]
          ]
        ],
        "type": "MultiLineString"
      },
      "properties": {
        "endid": 142,
        "id": 410,
        "metadata": {
          "bottleneck": true,
          "canonical_edge_id": 42,
          "length_m": 0.25,
          "min_clearance_m": 0.25,
          "segment_fraction_end": 0.9260293025059317,
          "segment_fraction_start": 0.8488601939637708,
          "segment_index": 11,
          "static_traversability": "UNKNOWN"
        },
        "startid": 141
      },
      "type": "Feature"
    },
    {
      "geometry": {
        "coordinates": [
          [
            [
              8.821841320363525,
              -0.7208369638016019
            ],
            [
              9.040000000000001,
              -0.8199999999999997
            ]
          ]
        ],
        "type": "MultiLineString"
      },
      "properties": {
        "endid": 29,
        "id": 411,
        "metadata": {
          "bottleneck": true,
          "canonical_edge_id": 42,
          "length_m": 0.2396383050532931,
          "min_clearance_m": 0.25,
          "segment_fraction_end": 1.0,
          "segment_fraction_start": 0.9260293025059317,
          "segment_index": 12,
          "static_traversability": "UNKNOWN"
        },
        "startid": 142
      },
      "type": "Feature"
    },
    {
      "geometry": {
        "coordinates": [
          [
            [
              5.94,
              -1.2199999999999998
            ],
            [
              5.928348249442369,
              -1.0685272427507906
            ]
          ]
        ],
        "type": "MultiLineString"
      },
      "properties": {
        "endid": 130,
        "id": 412,
        "metadata": {
          "bottleneck": true,
          "canonical_edge_id": 43,
          "length_m": 0.15192024052026487,
          "min_clearance_m": 0.22360680997371674,
          "segment_fraction_end": 0.23303501115262956,
          "segment_fraction_start": 0.0,
          "segment_index": 0,
          "static_traversability": "UNKNOWN"
        },
        "startid": 20
      },
      "type": "Feature"
    },
    {
      "geometry": {
        "coordinates": [
          [
            [
              5.928348249442369,
              -1.0685272427507906
            ],
            [
              5.909174124721185,
              -0.8192636213753952
            ]
          ]
        ],
        "type": "MultiLineString"
      },
      "properties": {
        "endid": 129,
        "id": 413,
        "metadata": {
          "bottleneck": true,
          "canonical_edge_id": 43,
          "length_m": 0.25,
          "min_clearance_m": 0.22360680997371674,
          "segment_fraction_end": 0.6165175055763148,
          "segment_fraction_start": 0.23303501115262956,
          "segment_index": 1,
          "static_traversability": "UNKNOWN"
        },
        "startid": 130
      },
      "type": "Feature"
    },
    {
      "geometry": {
        "coordinates": [
          [
            [
              5.909174124721185,
              -0.8192636213753952
            ],
            [
              5.89,
              -0.5699999999999998
            ]
          ]
        ],
        "type": "MultiLineString"
      },
      "properties": {
        "endid": 19,
        "id": 414,
        "metadata": {
          "bottleneck": true,
          "canonical_edge_id": 43,
          "length_m": 0.25,
          "min_clearance_m": 0.22360680997371674,
          "segment_fraction_end": 1.0,
          "segment_fraction_start": 0.6165175055763148,
          "segment_index": 2,
          "static_traversability": "UNKNOWN"
        },
        "startid": 129
      },
      "type": "Feature"
    },
    {
      "geometry": {
        "coordinates": [
          [
            [
              5.99,
              2.63
            ],
            [
              6.04,
              2.4300000000000006
            ]
          ]
        ],
        "type": "MultiLineString"
      },
      "properties": {
        "endid": 22,
        "id": 415,
        "metadata": {
          "bottleneck": true,
          "canonical_edge_id": 44,
          "length_m": 0.20615528128088229,
          "min_clearance_m": 0.36400550603866577,
          "segment_fraction_end": 1.0,
          "segment_fraction_start": 0.0,
          "segment_index": 0,
          "static_traversability": "FEASIBLE"
        },
        "startid": 21
      },
      "type": "Feature"
    },
    {
      "geometry": {
        "coordinates": [
          [
            [
              6.04,
              2.4300000000000006
            ],
            [
              6.018885438199983,
              2.419442719099992
            ]
          ]
        ],
        "type": "MultiLineString"
      },
      "properties": {
        "endid": 109,
        "id": 416,
        "metadata": {
          "bottleneck": false,
          "canonical_edge_id": 45,
          "length_m": 0.023606797749979203,
          "min_clearance_m": 0.4000000059604645,
          "segment_fraction_end": 0.023062369067761188,
          "segment_fraction_start": 0.0,
          "segment_index": 0,
          "static_traversability": "FEASIBLE"
        },
        "startid": 22
      },
      "type": "Feature"
    },
    {
      "geometry": {
        "coordinates": [
          [
            [
              6.018885438199983,
              2.419442719099992
            ],
            [
              5.79,
              2.33
            ]
          ]
        ],
        "type": "MultiLineString"
      },
      "properties": {
        "endid": 108,
        "id": 417,
        "metadata": {
          "bottleneck": false,
          "canonical_edge_id": 45,
          "length_m": 0.25,
          "min_clearance_m": 0.4000000059604645,
          "segment_fraction_end": 0.26729677680082087,
          "segment_fraction_start": 0.023062369067761188,
          "segment_index": 1,
          "static_traversability": "FEASIBLE"
        },
        "startid": 109
      },
      "type": "Feature"
    },
    {
      "geometry": {
        "coordinates": [
          [
            [
              5.79,
              2.33
            ],
            [
              5.54,
              2.33
            ]
          ]
        ],
        "type": "MultiLineString"
      },
      "properties": {
        "endid": 107,
        "id": 418,
        "metadata": {
          "bottleneck": false,
          "canonical_edge_id": 45,
          "length_m": 0.25,
          "min_clearance_m": 0.4000000059604645,
          "segment_fraction_end": 0.5115311845338806,
          "segment_fraction_start": 0.26729677680082087,
          "segment_index": 2,
          "static_traversability": "FEASIBLE"
        },
        "startid": 108
      },
      "type": "Feature"
    },
    {
      "geometry": {
        "coordinates": [
          [
            [
              5.54,
              2.33
            ],
            [
              5.29,
              2.33
            ]
          ]
        ],
        "type": "MultiLineString"
      },
      "properties": {
        "endid": 106,
        "id": 419,
        "metadata": {
          "bottleneck": false,
          "canonical_edge_id": 45,
          "length_m": 0.25,
          "min_clearance_m": 0.4000000059604645,
          "segment_fraction_end": 0.7557655922669403,
          "segment_fraction_start": 0.5115311845338806,
          "segment_index": 3,
          "static_traversability": "FEASIBLE"
        },
        "startid": 107
      },
      "type": "Feature"
    },
    {
      "geometry": {
        "coordinates": [
          [
            [
              5.29,
              2.33
            ],
            [
              5.04,
              2.33
            ]
          ]
        ],
        "type": "MultiLineString"
      },
      "properties": {
        "endid": 13,
        "id": 420,
        "metadata": {
          "bottleneck": false,
          "canonical_edge_id": 45,
          "length_m": 0.25,
          "min_clearance_m": 0.4000000059604645,
          "segment_fraction_end": 1.0,
          "segment_fraction_start": 0.7557655922669403,
          "segment_index": 4,
          "static_traversability": "FEASIBLE"
        },
        "startid": 106
      },
      "type": "Feature"
    },
    {
      "geometry": {
        "coordinates": [
          [
            [
              6.04,
              2.4300000000000006
            ],
            [
              5.99,
              2.63
            ]
          ]
        ],
        "type": "MultiLineString"
      },
      "properties": {
        "endid": 21,
        "id": 421,
        "metadata": {
          "bottleneck": true,
          "canonical_edge_id": 46,
          "length_m": 0.20615528128088229,
          "min_clearance_m": 0.36400550603866577,
          "segment_fraction_end": 1.0,
          "segment_fraction_start": 0.0,
          "segment_index": 0,
          "static_traversability": "FEASIBLE"
        },
        "startid": 22
      },
      "type": "Feature"
    },
    {
      "geometry": {
        "coordinates": [
          [
            [
              6.04,
              2.4300000000000006
            ],
            [
              6.29,
              2.4300000000000006
            ]
          ]
        ],
        "type": "MultiLineString"
      },
      "properties": {
        "endid": 143,
        "id": 422,
        "metadata": {
          "bottleneck": false,
          "canonical_edge_id": 47,
          "length_m": 0.25,
          "min_clearance_m": 0.5408326983451843,
          "segment_fraction_end": 0.30683072435621433,
          "segment_fraction_start": 0.0,
          "segment_index": 0,
          "static_traversability": "FEASIBLE"
        },
        "startid": 22
      },
      "type": "Feature"
    },
    {
      "geometry": {
        "coordinates": [
          [
            [
              6.29,
              2.4300000000000006
            ],
            [
              6.514831455224307,
              2.527128586235727
            ]
          ]
        ],
        "type": "MultiLineString"
      },
      "properties": {
        "endid": 144,
        "id": 423,
        "metadata": {
          "bottleneck": false,
          "canonical_edge_id": 47,
          "length_m": 0.25,
          "min_clearance_m": 0.5408326983451843,
          "segment_fraction_end": 0.6136614487124287,
          "segment_fraction_start": 0.30683072435621433,
          "segment_index": 1,
          "static_traversability": "FEASIBLE"
        },
        "startid": 143
      },
      "type": "Feature"
    },
    {
      "geometry": {
        "coordinates": [
          [
            [
              6.514831455224307,
              2.527128586235727
            ],
            [
              6.733370774254692,
              2.648539319030385
            ]
          ]
        ],
        "type": "MultiLineString"
      },
      "properties": {
        "endid": 145,
        "id": 424,
        "metadata": {
          "bottleneck": false,
          "canonical_edge_id": 47,
          "length_m": 0.25,
          "min_clearance_m": 0.5408326983451843,
          "segment_fraction_end": 0.9204921730686431,
          "segment_fraction_start": 0.6136614487124287,
          "segment_index": 2,
          "static_traversability": "FEASIBLE"
        },
        "startid": 144
      },
      "type": "Feature"
    },
    {
      "geometry": {
        "coordinates": [
          [
            [
              6.733370774254692,
              2.648539319030385
            ],
            [
              6.79,
              2.6800000000000006
            ]
          ]
        ],
        "type": "MultiLineString"
      },
      "properties": {
        "endid": 24,
        "id": 425,
        "metadata": {
          "bottleneck": false,
          "canonical_edge_id": 47,
          "length_m": 0.06478150704934993,
          "min_clearance_m": 0.5408326983451843,
          "segment_fraction_end": 1.0,
          "segment_fraction_start": 0.9204921730686431,
          "segment_index": 3,
          "static_traversability": "FEASIBLE"
        },
        "startid": 145
      },
      "type": "Feature"
    },
    {
      "geometry": {
        "coordinates": [
          [
            [
              6.54,
              4.930000000000001
            ],
            [
              6.54,
              4.680000000000001
            ]
          ]
        ],
        "type": "MultiLineString"
      },
      "properties": {
        "endid": 146,
        "id": 426,
        "metadata": {
          "bottleneck": true,
          "canonical_edge_id": 48,
          "length_m": 0.25,
          "min_clearance_m": 0.22360680997371674,
          "segment_fraction_end": 0.10827118232955023,
          "segment_fraction_start": 0.0,
          "segment_index": 0,
          "static_traversability": "UNKNOWN"
        },
        "startid": 23
      },
      "type": "Feature"
    },
    {
      "geometry": {
        "coordinates": [
          [
            [
              6.54,
              4.680000000000001
            ],
            [
              6.54,
              4.430000000000001
            ]
          ]
        ],
        "type": "MultiLineString"
      },
      "properties": {
        "endid": 147,
        "id": 427,
        "metadata": {
          "bottleneck": true,
          "canonical_edge_id": 48,
          "length_m": 0.25,
          "min_clearance_m": 0.22360680997371674,
          "segment_fraction_end": 0.21654236465910046,
          "segment_fraction_start": 0.10827118232955023,
          "segment_index": 1,
          "static_traversability": "UNKNOWN"
        },
        "startid": 146
      },
      "type": "Feature"
    },
    {
      "geometry": {
        "coordinates": [
          [
            [
              6.54,
              4.430000000000001
            ],
            [
              6.54,
              4.180000000000001
            ]
          ]
        ],
        "type": "MultiLineString"
      },
      "properties": {
        "endid": 148,
        "id": 428,
        "metadata": {
          "bottleneck": true,
          "canonical_edge_id": 48,
          "length_m": 0.25,
          "min_clearance_m": 0.22360680997371674,
          "segment_fraction_end": 0.3248135469886507,
          "segment_fraction_start": 0.21654236465910046,
          "segment_index": 2,
          "static_traversability": "UNKNOWN"
        },
        "startid": 147
      },
      "type": "Feature"
    },
    {
      "geometry": {
        "coordinates": [
          [
            [
              6.54,
              4.180000000000001
            ],
            [
              6.54,
              3.9300000000000006
            ]
          ]
        ],
        "type": "MultiLineString"
      },
      "properties": {
        "endid": 149,
        "id": 429,
        "metadata": {
          "bottleneck": true,
          "canonical_edge_id": 48,
          "length_m": 0.25,
          "min_clearance_m": 0.22360680997371674,
          "segment_fraction_end": 0.4330847293182009,
          "segment_fraction_start": 0.3248135469886507,
          "segment_index": 3,
          "static_traversability": "UNKNOWN"
        },
        "startid": 148
      },
      "type": "Feature"
    },
    {
      "geometry": {
        "coordinates": [
          [
            [
              6.54,
              3.9300000000000006
            ],
            [
              6.54,
              3.6800000000000006
            ]
          ]
        ],
        "type": "MultiLineString"
      },
      "properties": {
        "endid": 150,
        "id": 430,
        "metadata": {
          "bottleneck": true,
          "canonical_edge_id": 48,
          "length_m": 0.25,
          "min_clearance_m": 0.22360680997371674,
          "segment_fraction_end": 0.5413559116477512,
          "segment_fraction_start": 0.4330847293182009,
          "segment_index": 4,
          "static_traversability": "UNKNOWN"
        },
        "startid": 149
      },
      "type": "Feature"
    },
    {
      "geometry": {
        "coordinates": [
          [
            [
              6.54,
              3.6800000000000006
            ],
            [
              6.54,
              3.4300000000000006
            ]
          ]
        ],
        "type": "MultiLineString"
      },
      "properties": {
        "endid": 151,
        "id": 431,
        "metadata": {
          "bottleneck": true,
          "canonical_edge_id": 48,
          "length_m": 0.25,
          "min_clearance_m": 0.22360680997371674,
          "segment_fraction_end": 0.6496270939773015,
          "segment_fraction_start": 0.5413559116477512,
          "segment_index": 5,
          "static_traversability": "UNKNOWN"
        },
        "startid": 150
      },
      "type": "Feature"
    },
    {
      "geometry": {
        "coordinates": [
          [
            [
              6.54,
              3.4300000000000006
            ],
            [
              6.651803398874989,
              3.2063932022500214
            ]
          ]
        ],
        "type": "MultiLineString"
      },
      "properties": {
        "endid": 152,
        "id": 432,
        "metadata": {
          "bottleneck": true,
          "canonical_edge_id": 48,
          "length_m": 0.25,
          "min_clearance_m": 0.22360680997371674,
          "segment_fraction_end": 0.7578982763068516,
          "segment_fraction_start": 0.6496270939773015,
          "segment_index": 6,
          "static_traversability": "UNKNOWN"
        },
        "startid": 151
      },
      "type": "Feature"
    },
    {
      "geometry": {
        "coordinates": [
          [
            [
              6.651803398874989,
              3.2063932022500214
            ],
            [
              6.763606797749979,
              2.9827864045000427
            ]
          ]
        ],
        "type": "MultiLineString"
      },
      "properties": {
        "endid": 153,
        "id": 433,
        "metadata": {
          "bottleneck": true,
          "canonical_edge_id": 48,
          "length_m": 0.25,
          "min_clearance_m": 0.22360680997371674,
          "segment_fraction_end": 0.8661694586364018,
          "segment_fraction_start": 0.7578982763068516,
          "segment_index": 7,
          "static_traversability": "UNKNOWN"
        },
        "startid": 152
      },
      "type": "Feature"
    },
    {
      "geometry": {
        "coordinates": [
          [
            [
              6.763606797749979,
              2.9827864045000427
            ],
            [
              6.79,
              2.739016994374948
            ]
          ]
        ],
        "type": "MultiLineString"
      },
      "properties": {
        "endid": 154,
        "id": 434,
        "metadata": {
          "bottleneck": true,
          "canonical_edge_id": 48,
          "length_m": 0.25,
          "min_clearance_m": 0.22360680997371674,
          "segment_fraction_end": 0.9744406409659521,
          "segment_fraction_start": 0.8661694586364018,
          "segment_index": 8,
          "static_traversability": "UNKNOWN"
        },
        "startid": 153
      },
      "type": "Feature"
    },
    {
      "geometry": {
        "coordinates": [
          [
            [
              6.79,
              2.739016994374948
            ],
            [
              6.79,
              2.6800000000000006
            ]
          ]
        ],
        "type": "MultiLineString"
      },
      "properties": {
        "endid": 24,
        "id": 435,
        "metadata": {
          "bottleneck": true,
          "canonical_edge_id": 48,
          "length_m": 0.05901699437494745,
          "min_clearance_m": 0.22360680997371674,
          "segment_fraction_end": 1.0,
          "segment_fraction_start": 0.9744406409659521,
          "segment_index": 9,
          "static_traversability": "UNKNOWN"
        },
        "startid": 154
      },
      "type": "Feature"
    },
    {
      "geometry": {
        "coordinates": [
          [
            [
              6.79,
              2.6800000000000006
            ],
            [
              6.733370774254692,
              2.648539319030385
            ]
          ]
        ],
        "type": "MultiLineString"
      },
      "properties": {
        "endid": 145,
        "id": 436,
        "metadata": {
          "bottleneck": false,
          "canonical_edge_id": 49,
          "length_m": 0.06478150704934993,
          "min_clearance_m": 0.5408326983451843,
          "segment_fraction_end": 0.07950782693135698,
          "segment_fraction_start": 0.0,
          "segment_index": 0,
          "static_traversability": "FEASIBLE"
        },
        "startid": 24
      },
      "type": "Feature"
    },
    {
      "geometry": {
        "coordinates": [
          [
            [
              6.733370774254692,
              2.648539319030385
            ],
            [
              6.514831455224307,
              2.527128586235727
            ]
          ]
        ],
        "type": "MultiLineString"
      },
      "properties": {
        "endid": 144,
        "id": 437,
        "metadata": {
          "bottleneck": false,
          "canonical_edge_id": 49,
          "length_m": 0.25,
          "min_clearance_m": 0.5408326983451843,
          "segment_fraction_end": 0.38633855128757133,
          "segment_fraction_start": 0.07950782693135698,
          "segment_index": 1,
          "static_traversability": "FEASIBLE"
        },
        "startid": 145
      },
      "type": "Feature"
    },
    {
      "geometry": {
        "coordinates": [
          [
            [
              6.514831455224307,
              2.527128586235727
            ],
            [
              6.29,
              2.4300000000000006
            ]
          ]
        ],
        "type": "MultiLineString"
      },
      "properties": {
        "endid": 143,
        "id": 438,
        "metadata": {
          "bottleneck": false,
          "canonical_edge_id": 49,
          "length_m": 0.25,
          "min_clearance_m": 0.5408326983451843,
          "segment_fraction_end": 0.6931692756437856,
          "segment_fraction_start": 0.38633855128757133,
          "segment_index": 2,
          "static_traversability": "FEASIBLE"
        },
        "startid": 144
      },
      "type": "Feature"
    },
    {
      "geometry": {
        "coordinates": [
          [
            [
              6.29,
              2.4300000000000006
            ],
            [
              6.04,
              2.4300000000000006
            ]
          ]
        ],
        "type": "MultiLineString"
      },
      "properties": {
        "endid": 22,
        "id": 439,
        "metadata": {
          "bottleneck": false,
          "canonical_edge_id": 49,
          "length_m": 0.25,
          "min_clearance_m": 0.5408326983451843,
          "segment_fraction_end": 1.0,
          "segment_fraction_start": 0.6931692756437856,
          "segment_index": 3,
          "static_traversability": "FEASIBLE"
        },
        "startid": 143
      },
      "type": "Feature"
    },
    {
      "geometry": {
        "coordinates": [
          [
            [
              6.79,
              2.6800000000000006
            ],
            [
              6.79,
              2.739016994374948
            ]
          ]
        ],
        "type": "MultiLineString"
      },
      "properties": {
        "endid": 154,
        "id": 440,
        "metadata": {
          "bottleneck": true,
          "canonical_edge_id": 50,
          "length_m": 0.05901699437494745,
          "min_clearance_m": 0.22360680997371674,
          "segment_fraction_end": 0.025559359034047904,
          "segment_fraction_start": 0.0,
          "segment_index": 0,
          "static_traversability": "UNKNOWN"
        },
        "startid": 24
      },
      "type": "Feature"
    },
    {
      "geometry": {
        "coordinates": [
          [
            [
              6.79,
              2.739016994374948
            ],
            [
              6.763606797749979,
              2.9827864045000427
            ]
          ]
        ],
        "type": "MultiLineString"
      },
      "properties": {
        "endid": 153,
        "id": 441,
        "metadata": {
          "bottleneck": true,
          "canonical_edge_id": 50,
          "length_m": 0.25,
          "min_clearance_m": 0.22360680997371674,
          "segment_fraction_end": 0.13383054136359815,
          "segment_fraction_start": 0.025559359034047904,
          "segment_index": 1,
          "static_traversability": "UNKNOWN"
        },
        "startid": 154
      },
      "type": "Feature"
    },
    {
      "geometry": {
        "coordinates": [
          [
            [
              6.763606797749979,
              2.9827864045000427
            ],
            [
              6.651803398874989,
              3.2063932022500214
            ]
          ]
        ],
        "type": "MultiLineString"
      },
      "properties": {
        "endid": 152,
        "id": 442,
        "metadata": {
          "bottleneck": true,
          "canonical_edge_id": 50,
          "length_m": 0.25,
          "min_clearance_m": 0.22360680997371674,
          "segment_fraction_end": 0.24210172369314836,
          "segment_fraction_start": 0.13383054136359815,
          "segment_index": 2,
          "static_traversability": "UNKNOWN"
        },
        "startid": 153
      },
      "type": "Feature"
    },
    {
      "geometry": {
        "coordinates": [
          [
            [
              6.651803398874989,
              3.2063932022500214
            ],
            [
              6.54,
              3.4300000000000006
            ]
          ]
        ],
        "type": "MultiLineString"
      },
      "properties": {
        "endid": 151,
        "id": 443,
        "metadata": {
          "bottleneck": true,
          "canonical_edge_id": 50,
          "length_m": 0.25,
          "min_clearance_m": 0.22360680997371674,
          "segment_fraction_end": 0.3503729060226986,
          "segment_fraction_start": 0.24210172369314836,
          "segment_index": 3,
          "static_traversability": "UNKNOWN"
        },
        "startid": 152
      },
      "type": "Feature"
    },
    {
      "geometry": {
        "coordinates": [
          [
            [
              6.54,
              3.4300000000000006
            ],
            [
              6.54,
              3.6800000000000006
            ]
          ]
        ],
        "type": "MultiLineString"
      },
      "properties": {
        "endid": 150,
        "id": 444,
        "metadata": {
          "bottleneck": true,
          "canonical_edge_id": 50,
          "length_m": 0.25,
          "min_clearance_m": 0.22360680997371674,
          "segment_fraction_end": 0.45864408835224885,
          "segment_fraction_start": 0.3503729060226986,
          "segment_index": 4,
          "static_traversability": "UNKNOWN"
        },
        "startid": 151
      },
      "type": "Feature"
    },
    {
      "geometry": {
        "coordinates": [
          [
            [
              6.54,
              3.6800000000000006
            ],
            [
              6.54,
              3.9300000000000006
            ]
          ]
        ],
        "type": "MultiLineString"
      },
      "properties": {
        "endid": 149,
        "id": 445,
        "metadata": {
          "bottleneck": true,
          "canonical_edge_id": 50,
          "length_m": 0.25,
          "min_clearance_m": 0.22360680997371674,
          "segment_fraction_end": 0.566915270681799,
          "segment_fraction_start": 0.45864408835224885,
          "segment_index": 5,
          "static_traversability": "UNKNOWN"
        },
        "startid": 150
      },
      "type": "Feature"
    },
    {
      "geometry": {
        "coordinates": [
          [
            [
              6.54,
              3.9300000000000006
            ],
            [
              6.54,
              4.180000000000001
            ]
          ]
        ],
        "type": "MultiLineString"
      },
      "properties": {
        "endid": 148,
        "id": 446,
        "metadata": {
          "bottleneck": true,
          "canonical_edge_id": 50,
          "length_m": 0.25,
          "min_clearance_m": 0.22360680997371674,
          "segment_fraction_end": 0.6751864530113493,
          "segment_fraction_start": 0.566915270681799,
          "segment_index": 6,
          "static_traversability": "UNKNOWN"
        },
        "startid": 149
      },
      "type": "Feature"
    },
    {
      "geometry": {
        "coordinates": [
          [
            [
              6.54,
              4.180000000000001
            ],
            [
              6.54,
              4.430000000000001
            ]
          ]
        ],
        "type": "MultiLineString"
      },
      "properties": {
        "endid": 147,
        "id": 447,
        "metadata": {
          "bottleneck": true,
          "canonical_edge_id": 50,
          "length_m": 0.25,
          "min_clearance_m": 0.22360680997371674,
          "segment_fraction_end": 0.7834576353408995,
          "segment_fraction_start": 0.6751864530113493,
          "segment_index": 7,
          "static_traversability": "UNKNOWN"
        },
        "startid": 148
      },
      "type": "Feature"
    },
    {
      "geometry": {
        "coordinates": [
          [
            [
              6.54,
              4.430000000000001
            ],
            [
              6.54,
              4.680000000000001
            ]
          ]
        ],
        "type": "MultiLineString"
      },
      "properties": {
        "endid": 146,
        "id": 448,
        "metadata": {
          "bottleneck": true,
          "canonical_edge_id": 50,
          "length_m": 0.25,
          "min_clearance_m": 0.22360680997371674,
          "segment_fraction_end": 0.8917288176704498,
          "segment_fraction_start": 0.7834576353408995,
          "segment_index": 8,
          "static_traversability": "UNKNOWN"
        },
        "startid": 147
      },
      "type": "Feature"
    },
    {
      "geometry": {
        "coordinates": [
          [
            [
              6.54,
              4.680000000000001
            ],
            [
              6.54,
              4.930000000000001
            ]
          ]
        ],
        "type": "MultiLineString"
      },
      "properties": {
        "endid": 23,
        "id": 449,
        "metadata": {
          "bottleneck": true,
          "canonical_edge_id": 50,
          "length_m": 0.25,
          "min_clearance_m": 0.22360680997371674,
          "segment_fraction_end": 1.0,
          "segment_fraction_start": 0.8917288176704498,
          "segment_index": 9,
          "static_traversability": "UNKNOWN"
        },
        "startid": 146
      },
      "type": "Feature"
    },
    {
      "geometry": {
        "coordinates": [
          [
            [
              6.79,
              2.6800000000000006
            ],
            [
              7.022119172721315,
              2.5871523309114743
            ]
          ]
        ],
        "type": "MultiLineString"
      },
      "properties": {
        "endid": 155,
        "id": 450,
        "metadata": {
          "bottleneck": true,
          "canonical_edge_id": 51,
          "length_m": 0.25,
          "min_clearance_m": 0.29154759645462036,
          "segment_fraction_end": 0.08799059684067294,
          "segment_fraction_start": 0.0,
          "segment_index": 0,
          "static_traversability": "UNKNOWN"
        },
        "startid": 24
      },
      "type": "Feature"
    },
    {
      "geometry": {
        "coordinates": [
          [
            [
              7.022119172721315,
              2.5871523309114743
            ],
            [
              7.270741759643275,
              2.58
            ]
          ]
        ],
        "type": "MultiLineString"
      },
      "properties": {
        "endid": 156,
        "id": 451,
        "metadata": {
          "bottleneck": true,
          "canonical_edge_id": 51,
          "length_m": 0.25,
          "min_clearance_m": 0.29154759645462036,
          "segment_fraction_end": 0.17598119368134588,
          "segment_fraction_start": 0.08799059684067294,
          "segment_index": 1,
          "static_traversability": "UNKNOWN"
        },
        "startid": 155
      },
      "type": "Feature"
    },
    {
      "geometry": {
        "coordinates": [
          [
            [
              7.270741759643275,
              2.58
            ],
            [
              7.520741759643275,
              2.58
            ]
          ]
        ],
        "type": "MultiLineString"
      },
      "properties": {
        "endid": 157,
        "id": 452,
        "metadata": {
          "bottleneck": true,
          "canonical_edge_id": 51,
          "length_m": 0.25,
          "min_clearance_m": 0.29154759645462036,
          "segment_fraction_end": 0.2639717905220188,
          "segment_fraction_start": 0.17598119368134588,
          "segment_index": 2,
          "static_traversability": "UNKNOWN"
        },
        "startid": 156
      },
      "type": "Feature"
    },
    {
      "geometry": {
        "coordinates": [
          [
            [
              7.520741759643275,
              2.58
            ],
            [
              7.770741759643275,
              2.58
            ]
          ]
        ],
        "type": "MultiLineString"
      },
      "properties": {
        "endid": 158,
        "id": 453,
        "metadata": {
          "bottleneck": true,
          "canonical_edge_id": 51,
          "length_m": 0.25,
          "min_clearance_m": 0.29154759645462036,
          "segment_fraction_end": 0.35196238736269175,
          "segment_fraction_start": 0.2639717905220188,
          "segment_index": 3,
          "static_traversability": "UNKNOWN"
        },
        "startid": 157
      },
      "type": "Feature"
    },
    {
      "geometry": {
        "coordinates": [
          [
            [
              7.770741759643275,
              2.58
            ],
            [
              8.020741759643276,
              2.58
            ]
          ]
        ],
        "type": "MultiLineString"
      },
      "properties": {
        "endid": 159,
        "id": 454,
        "metadata": {
          "bottleneck": true,
          "canonical_edge_id": 51,
          "length_m": 0.25,
          "min_clearance_m": 0.29154759645462036,
          "segment_fraction_end": 0.4399529842033647,
          "segment_fraction_start": 0.35196238736269175,
          "segment_index": 4,
          "static_traversability": "UNKNOWN"
        },
        "startid": 158
      },
      "type": "Feature"
    },
    {
      "geometry": {
        "coordinates": [
          [
            [
              8.020741759643276,
              2.58
            ],
            [
              8.270741759643276,
              2.58
            ]
          ]
        ],
        "type": "MultiLineString"
      },
      "properties": {
        "endid": 160,
        "id": 455,
        "metadata": {
          "bottleneck": true,
          "canonical_edge_id": 51,
          "length_m": 0.25,
          "min_clearance_m": 0.29154759645462036,
          "segment_fraction_end": 0.5279435810440376,
          "segment_fraction_start": 0.4399529842033647,
          "segment_index": 5,
          "static_traversability": "UNKNOWN"
        },
        "startid": 159
      },
      "type": "Feature"
    },
    {
      "geometry": {
        "coordinates": [
          [
            [
              8.270741759643276,
              2.58
            ],
            [
              8.520741759643276,
              2.58
            ]
          ]
        ],
        "type": "MultiLineString"
      },
      "properties": {
        "endid": 161,
        "id": 456,
        "metadata": {
          "bottleneck": true,
          "canonical_edge_id": 51,
          "length_m": 0.25,
          "min_clearance_m": 0.29154759645462036,
          "segment_fraction_end": 0.6159341778847106,
          "segment_fraction_start": 0.5279435810440376,
          "segment_index": 6,
          "static_traversability": "UNKNOWN"
        },
        "startid": 160
      },
      "type": "Feature"
    },
    {
      "geometry": {
        "coordinates": [
          [
            [
              8.520741759643276,
              2.58
            ],
            [
              8.7425460406535,
              2.641303714095747
            ]
          ]
        ],
        "type": "MultiLineString"
      },
      "properties": {
        "endid": 162,
        "id": 457,
        "metadata": {
          "bottleneck": true,
          "canonical_edge_id": 51,
          "length_m": 0.25,
          "min_clearance_m": 0.29154759645462036,
          "segment_fraction_end": 0.7039247747253835,
          "segment_fraction_start": 0.6159341778847106,
          "segment_index": 7,
          "static_traversability": "UNKNOWN"
        },
        "startid": 161
      },
      "type": "Feature"
    },
    {
      "geometry": {
        "coordinates": [
          [
            [
              8.7425460406535,
              2.641303714095747
            ],
            [
              8.90524388401749,
              2.8311178646870716
            ]
          ]
        ],
        "type": "MultiLineString"
      },
      "properties": {
        "endid": 163,
        "id": 458,
        "metadata": {
          "bottleneck": true,
          "canonical_edge_id": 51,
          "length_m": 0.25,
          "min_clearance_m": 0.29154759645462036,
          "segment_fraction_end": 0.7919153715660564,
          "segment_fraction_start": 0.7039247747253835,
          "segment_index": 8,
          "static_traversability": "UNKNOWN"
        },
        "startid": 162
      },
      "type": "Feature"
    },
    {
      "geometry": {
        "coordinates": [
          [
            [
              8.90524388401749,
              2.8311178646870716
            ],
            [
              9.067941727381482,
              3.0209320152783956
            ]
          ]
        ],
        "type": "MultiLineString"
      },
      "properties": {
        "endid": 164,
        "id": 459,
        "metadata": {
          "bottleneck": true,
          "canonical_edge_id": 51,
          "length_m": 0.25,
          "min_clearance_m": 0.29154759645462036,
          "segment_fraction_end": 0.8799059684067294,
          "segment_fraction_start": 0.7919153715660564,
          "segment_index": 9,
          "static_traversability": "UNKNOWN"
        },
        "startid": 163
      },
      "type": "Feature"
    },
    {
      "geometry": {
        "coordinates": [
          [
            [
              9.067941727381482,
              3.0209320152783956
            ],
            [
              9.230639570745476,
              3.21074616586972
            ]
          ]
        ],
        "type": "MultiLineString"
      },
      "properties": {
        "endid": 165,
        "id": 460,
        "metadata": {
          "bottleneck": true,
          "canonical_edge_id": 51,
          "length_m": 0.25,
          "min_clearance_m": 0.29154759645462036,
          "segment_fraction_end": 0.9678965652474023,
          "segment_fraction_start": 0.8799059684067294,
          "segment_index": 10,
          "static_traversability": "UNKNOWN"
        },
        "startid": 164
      },
      "type": "Feature"
    },
    {
      "geometry": {
        "coordinates": [
          [
            [
              9.230639570745476,
              3.21074616586972
            ],
            [
              9.290000000000001,
              3.2800000000000002
            ]
          ]
        ],
        "type": "MultiLineString"
      },
      "properties": {
        "endid": 31,
        "id": 461,
        "metadata": {
          "bottleneck": true,
          "canonical_edge_id": 51,
          "length_m": 0.09121268608601518,
          "min_clearance_m": 0.29154759645462036,
          "segment_fraction_end": 1.0,
          "segment_fraction_start": 0.9678965652474023,
          "segment_index": 11,
          "static_traversability": "UNKNOWN"
        },
        "startid": 165
      },
      "type": "Feature"
    },
    {
      "geometry": {
        "coordinates": [
          [
            [
              7.04,
              0.03000000000000025
            ],
            [
              7.28913643956122,
              0.05076136996343518
            ]
          ]
        ],
        "type": "MultiLineString"
      },
      "properties": {
        "endid": 166,
        "id": 462,
        "metadata": {
          "bottleneck": true,
          "canonical_edge_id": 52,
          "length_m": 0.25,
          "min_clearance_m": 0.3201562166213989,
          "segment_fraction_end": 0.3501973786175894,
          "segment_fraction_start": 0.0,
          "segment_index": 0,
          "static_traversability": "UNKNOWN"
        },
        "startid": 25
      },
      "type": "Feature"
    },
    {
      "geometry": {
        "coordinates": [
          [
            [
              7.28913643956122,
              0.05076136996343518
            ],
            [
              7.53827287912244,
              0.07152273992687011
            ]
          ]
        ],
        "type": "MultiLineString"
      },
      "properties": {
        "endid": 167,
        "id": 463,
        "metadata": {
          "bottleneck": true,
          "canonical_edge_id": 52,
          "length_m": 0.25,
          "min_clearance_m": 0.3201562166213989,
          "segment_fraction_end": 0.7003947572351789,
          "segment_fraction_start": 0.3501973786175894,
          "segment_index": 1,
          "static_traversability": "UNKNOWN"
        },
        "startid": 166
      },
      "type": "Feature"
    },
    {
      "geometry": {
        "coordinates": [
          [
            [
              7.53827287912244,
              0.07152273992687011
            ],
            [
              7.69,
              -0.020000000000000046
            ]
          ]
        ],
        "type": "MultiLineString"
      },
      "properties": {
        "endid": 26,
        "id": 464,
        "metadata": {
          "bottleneck": true,
          "canonical_edge_id": 52,
          "length_m": 0.2138831278146044,
          "min_clearance_m": 0.3201562166213989,
          "segment_fraction_end": 1.0,
          "segment_fraction_start": 0.7003947572351789,
          "segment_index": 2,
          "static_traversability": "UNKNOWN"
        },
        "startid": 167
      },
      "type": "Feature"
    },
    {
      "geometry": {
        "coordinates": [
          [
            [
              7.69,
              -0.020000000000000046
            ],
            [
              7.53827287912244,
              0.07152273992687011
            ]
          ]
        ],
        "type": "MultiLineString"
      },
      "properties": {
        "endid": 167,
        "id": 465,
        "metadata": {
          "bottleneck": true,
          "canonical_edge_id": 53,
          "length_m": 0.2138831278146044,
          "min_clearance_m": 0.3201562166213989,
          "segment_fraction_end": 0.29960524276482114,
          "segment_fraction_start": 0.0,
          "segment_index": 0,
          "static_traversability": "UNKNOWN"
        },
        "startid": 26
      },
      "type": "Feature"
    },
    {
      "geometry": {
        "coordinates": [
          [
            [
              7.53827287912244,
              0.07152273992687011
            ],
            [
              7.28913643956122,
              0.05076136996343518
            ]
          ]
        ],
        "type": "MultiLineString"
      },
      "properties": {
        "endid": 166,
        "id": 466,
        "metadata": {
          "bottleneck": true,
          "canonical_edge_id": 53,
          "length_m": 0.25,
          "min_clearance_m": 0.3201562166213989,
          "segment_fraction_end": 0.6498026213824105,
          "segment_fraction_start": 0.29960524276482114,
          "segment_index": 1,
          "static_traversability": "UNKNOWN"
        },
        "startid": 167
      },
      "type": "Feature"
    },
    {
      "geometry": {
        "coordinates": [
          [
            [
              7.28913643956122,
              0.05076136996343518
            ],
            [
              7.04,
              0.03000000000000025
            ]
          ]
        ],
        "type": "MultiLineString"
      },
      "properties": {
        "endid": 25,
        "id": 467,
        "metadata": {
          "bottleneck": true,
          "canonical_edge_id": 53,
          "length_m": 0.25,
          "min_clearance_m": 0.3201562166213989,
          "segment_fraction_end": 1.0,
          "segment_fraction_start": 0.6498026213824105,
          "segment_index": 2,
          "static_traversability": "UNKNOWN"
        },
        "startid": 166
      },
      "type": "Feature"
    },
    {
      "geometry": {
        "coordinates": [
          [
            [
              8.89,
              1.0300000000000002
            ],
            [
              8.663980049687751,
              0.9272636589489779
            ]
          ]
        ],
        "type": "MultiLineString"
      },
      "properties": {
        "endid": 126,
        "id": 468,
        "metadata": {
          "bottleneck": true,
          "canonical_edge_id": 54,
          "length_m": 0.24827358641567843,
          "min_clearance_m": 0.30000001192092896,
          "segment_fraction_end": 0.06623678359964444,
          "segment_fraction_start": 0.0,
          "segment_index": 0,
          "static_traversability": "FEASIBLE"
        },
        "startid": 27
      },
      "type": "Feature"
    },
    {
      "geometry": {
        "coordinates": [
          [
            [
              8.663980049687751,
              0.9272636589489779
            ],
            [
              8.4363884303221,
              0.8238129228736818
            ]
          ]
        ],
        "type": "MultiLineString"
      },
      "properties": {
        "endid": 125,
        "id": 469,
        "metadata": {
          "bottleneck": true,
          "canonical_edge_id": 54,
          "length_m": 0.25,
          "min_clearance_m": 0.30000001192092896,
          "segment_fraction_end": 0.13293415619966983,
          "segment_fraction_start": 0.06623678359964444,
          "segment_index": 1,
          "static_traversability": "FEASIBLE"
        },
        "startid": 126
      },
      "type": "Feature"
    },
    {
      "geometry": {
        "coordinates": [
          [
            [
              8.4363884303221,
              0.8238129228736818
            ],
            [
              8.196593958801776,
              0.7943406041198228
            ]
          ]
        ],
        "type": "MultiLineString"
      },
      "properties": {
        "endid": 124,
        "id": 470,
        "metadata": {
          "bottleneck": true,
          "canonical_edge_id": 54,
          "length_m": 0.25,
          "min_clearance_m": 0.30000001192092896,
          "segment_fraction_end": 0.19963152879969526,
          "segment_fraction_start": 0.13293415619966983,
          "segment_index": 2,
          "static_traversability": "FEASIBLE"
        },
        "startid": 125
      },
      "type": "Feature"
    },
    {
      "geometry": {
        "coordinates": [
          [
            [
              8.196593958801776,
              0.7943406041198228
            ],
            [
              7.947834661249279,
              0.8192165338750725
            ]
          ]
        ],
        "type": "MultiLineString"
      },
      "properties": {
        "endid": 123,
        "id": 471,
        "metadata": {
          "bottleneck": true,
          "canonical_edge_id": 54,
          "length_m": 0.25,
          "min_clearance_m": 0.30000001192092896,
          "segment_fraction_end": 0.26632890139972065,
          "segment_fraction_start": 0.19963152879969526,
          "segment_index": 3,
          "static_traversability": "FEASIBLE"
        },
        "startid": 124
      },
      "type": "Feature"
    },
    {
      "geometry": {
        "coordinates": [
          [
            [
              7.947834661249279,
              0.8192165338750725
            ],
            [
              7.699075363696782,
              0.8440924636303223
            ]
          ]
        ],
        "type": "MultiLineString"
      },
      "properties": {
        "endid": 122,
        "id": 472,
        "metadata": {
          "bottleneck": true,
          "canonical_edge_id": 54,
          "length_m": 0.25,
          "min_clearance_m": 0.30000001192092896,
          "segment_fraction_end": 0.33302627399974605,
          "segment_fraction_start": 0.26632890139972065,
          "segment_index": 4,
          "static_traversability": "FEASIBLE"
        },
        "startid": 123
      },
      "type": "Feature"
    },
    {
      "geometry": {
        "coordinates": [
          [
            [
              7.699075363696782,
              0.8440924636303223
            ],
            [
              7.450316066144284,
              0.868968393385572
            ]
          ]
        ],
        "type": "MultiLineString"
      },
      "properties": {
        "endid": 121,
        "id": 473,
        "metadata": {
          "bottleneck": true,
          "canonical_edge_id": 54,
          "length_m": 0.25,
          "min_clearance_m": 0.30000001192092896,
          "segment_fraction_end": 0.39972364659977144,
          "segment_fraction_start": 0.33302627399974605,
          "segment_index": 5,
          "static_traversability": "FEASIBLE"
        },
        "startid": 122
      },
      "type": "Feature"
    },
    {
      "geometry": {
        "coordinates": [
          [
            [
              7.450316066144284,
              0.868968393385572
            ],
            [
              7.200954922824531,
              0.8750341043865907
            ]
          ]
        ],
        "type": "MultiLineString"
      },
      "properties": {
        "endid": 120,
        "id": 474,
        "metadata": {
          "bottleneck": true,
          "canonical_edge_id": 54,
          "length_m": 0.25,
          "min_clearance_m": 0.30000001192092896,
          "segment_fraction_end": 0.4664210191997969,
          "segment_fraction_start": 0.39972364659977144,
          "segment_index": 6,
          "static_traversability": "FEASIBLE"
        },
        "startid": 121
      },
      "type": "Feature"
    },
    {
      "geometry": {
        "coordinates": [
          [
            [
              7.200954922824531,
              0.8750341043865907
            ],
            [
              6.951114209237643,
              0.8661112217584875
            ]
          ]
        ],
        "type": "MultiLineString"
      },
      "properties": {
        "endid": 119,
        "id": 475,
        "metadata": {
          "bottleneck": true,
          "canonical_edge_id": 54,
          "length_m": 0.25,
          "min_clearance_m": 0.30000001192092896,
          "segment_fraction_end": 0.5331183917998222,
          "segment_fraction_start": 0.4664210191997969,
          "segment_index": 7,
          "static_traversability": "FEASIBLE"
        },
        "startid": 120
      },
      "type": "Feature"
    },
    {
      "geometry": {
        "coordinates": [
          [
            [
              6.951114209237643,
              0.8661112217584875
            ],
            [
              6.701273495650756,
              0.8571883391303843
            ]
          ]
        ],
        "type": "MultiLineString"
      },
      "properties": {
        "endid": 118,
        "id": 476,
        "metadata": {
          "bottleneck": true,
          "canonical_edge_id": 54,
          "length_m": 0.25,
          "min_clearance_m": 0.30000001192092896,
          "segment_fraction_end": 0.5998157643998477,
          "segment_fraction_start": 0.5331183917998222,
          "segment_index": 8,
          "static_traversability": "FEASIBLE"
        },
        "startid": 119
      },
      "type": "Feature"
    },
    {
      "geometry": {
        "coordinates": [
          [
            [
              6.701273495650756,
              0.8571883391303843
            ],
            [
              6.451432782063868,
              0.8482654565022811
            ]
          ]
        ],
        "type": "MultiLineString"
      },
      "properties": {
        "endid": 117,
        "id": 477,
        "metadata": {
          "bottleneck": true,
          "canonical_edge_id": 54,
          "length_m": 0.25,
          "min_clearance_m": 0.30000001192092896,
          "segment_fraction_end": 0.6665131369998731,
          "segment_fraction_start": 0.5998157643998477,
          "segment_index": 9,
          "static_traversability": "FEASIBLE"
        },
        "startid": 118
      },
      "type": "Feature"
    },
    {
      "geometry": {
        "coordinates": [
          [
            [
              6.451432782063868,
              0.8482654565022811
            ],
            [
              6.201592068476981,
              0.839342573874178
            ]
          ]
        ],
        "type": "MultiLineString"
      },
      "properties": {
        "endid": 116,
        "id": 478,
        "metadata": {
          "bottleneck": true,
          "canonical_edge_id": 54,
          "length_m": 0.25,
          "min_clearance_m": 0.30000001192092896,
          "segment_fraction_end": 0.7332105095998985,
          "segment_fraction_start": 0.6665131369998731,
          "segment_index": 10,
          "static_traversability": "FEASIBLE"
        },
        "startid": 117
      },
      "type": "Feature"
    },
    {
      "geometry": {
        "coordinates": [
          [
            [
              6.201592068476981,
              0.839342573874178
            ],
            [
              5.951751354890094,
              0.8304196912460748
            ]
          ]
        ],
        "type": "MultiLineString"
      },
      "properties": {
        "endid": 115,
        "id": 479,
        "metadata": {
          "bottleneck": true,
          "canonical_edge_id": 54,
          "length_m": 0.25,
          "min_clearance_m": 0.30000001192092896,
          "segment_fraction_end": 0.7999078821999239,
          "segment_fraction_start": 0.7332105095998985,
          "segment_index": 11,
          "static_traversability": "FEASIBLE"
        },
        "startid": 116
      },
      "type": "Feature"
    },
    {
      "geometry": {
        "coordinates": [
          [
            [
              5.951751354890094,
              0.8304196912460748
            ],
            [
              5.730235549961088,
              0.7170499115175089
            ]
          ]
        ],
        "type": "MultiLineString"
      },
      "properties": {
        "endid": 114,
        "id": 480,
        "metadata": {
          "bottleneck": true,
          "canonical_edge_id": 54,
          "length_m": 0.25,
          "min_clearance_m": 0.30000001192092896,
          "segment_fraction_end": 0.8666052547999493,
          "segment_fraction_start": 0.7999078821999239,
          "segment_index": 12,
          "static_traversability": "FEASIBLE"
        },
        "startid": 115
      },
      "type": "Feature"
    },
    {
      "geometry": {
        "coordinates": [
          [
            [
              5.730235549961088,
              0.7170499115175089
            ],
            [
              5.510117774980544,
              0.5985249557587546
            ]
          ]
        ],
        "type": "MultiLineString"
      },
      "properties": {
        "endid": 113,
        "id": 481,
        "metadata": {
          "bottleneck": true,
          "canonical_edge_id": 54,
          "length_m": 0.25,
          "min_clearance_m": 0.30000001192092896,
          "segment_fraction_end": 0.9333026273999747,
          "segment_fraction_start": 0.8666052547999493,
          "segment_index": 13,
          "static_traversability": "FEASIBLE"
        },
        "startid": 114
      },
      "type": "Feature"
    },
    {
      "geometry": {
        "coordinates": [
          [
            [
              5.510117774980544,
              0.5985249557587546
            ],
            [
              5.29,
              0.4800000000000004
            ]
          ]
        ],
        "type": "MultiLineString"
      },
      "properties": {
        "endid": 16,
        "id": 482,
        "metadata": {
          "bottleneck": true,
          "canonical_edge_id": 54,
          "length_m": 0.25,
          "min_clearance_m": 0.30000001192092896,
          "segment_fraction_end": 1.0000000000000002,
          "segment_fraction_start": 0.9333026273999747,
          "segment_index": 14,
          "static_traversability": "FEASIBLE"
        },
        "startid": 113
      },
      "type": "Feature"
    },
    {
      "geometry": {
        "coordinates": [
          [
            [
              8.89,
              1.0300000000000002
            ],
            [
              8.960710678118655,
              1.250710678118655
            ]
          ]
        ],
        "type": "MultiLineString"
      },
      "properties": {
        "endid": 168,
        "id": 483,
        "metadata": {
          "bottleneck": true,
          "canonical_edge_id": 55,
          "length_m": 0.25,
          "min_clearance_m": 0.22360680997371674,
          "segment_fraction_end": 0.41421356237309415,
          "segment_fraction_start": 0.0,
          "segment_index": 0,
          "static_traversability": "UNKNOWN"
        },
        "startid": 27
      },
      "type": "Feature"
    },
    {
      "geometry": {
        "coordinates": [
          [
            [
              8.960710678118655,
              1.250710678118655
            ],
            [
              9.137487373415292,
              1.4274873734152917
            ]
          ]
        ],
        "type": "MultiLineString"
      },
      "properties": {
        "endid": 169,
        "id": 484,
        "metadata": {
          "bottleneck": true,
          "canonical_edge_id": 55,
          "length_m": 0.25,
          "min_clearance_m": 0.22360680997371674,
          "segment_fraction_end": 0.8284271247461883,
          "segment_fraction_start": 0.41421356237309415,
          "segment_index": 1,
          "static_traversability": "UNKNOWN"
        },
        "startid": 168
      },
      "type": "Feature"
    },
    {
      "geometry": {
        "coordinates": [
          [
            [
              9.137487373415292,
              1.4274873734152917
            ],
            [
              9.240000000000002,
              1.4300000000000002
            ]
          ]
        ],
        "type": "MultiLineString"
      },
      "properties": {
        "endid": 30,
        "id": 485,
        "metadata": {
          "bottleneck": true,
          "canonical_edge_id": 55,
          "length_m": 0.10355339059327506,
          "min_clearance_m": 0.22360680997371674,
          "segment_fraction_end": 1.0,
          "segment_fraction_start": 0.8284271247461883,
          "segment_index": 2,
          "static_traversability": "UNKNOWN"
        },
        "startid": 169
      },
      "type": "Feature"
    },
    {
      "geometry": {
        "coordinates": [
          [
            [
              8.89,
              1.0300000000000002
            ],
            [
              9.074288535050187,
              0.8610688428706639
            ]
          ]
        ],
        "type": "MultiLineString"
      },
      "properties": {
        "endid": 170,
        "id": 486,
        "metadata": {
          "bottleneck": true,
          "canonical_edge_id": 56,
          "length_m": 0.25,
          "min_clearance_m": 0.3201562166213989,
          "segment_fraction_end": 0.16733438046026647,
          "segment_fraction_start": 0.0,
          "segment_index": 0,
          "static_traversability": "FEASIBLE"
        },
        "startid": 27
      },
      "type": "Feature"
    },
    {
      "geometry": {
        "coordinates": [
          [
            [
              9.074288535050187,
              0.8610688428706639
            ],
            [
              9.258577070100372,
              0.6921376857413276
            ]
          ]
        ],
        "type": "MultiLineString"
      },
      "properties": {
        "endid": 171,
        "id": 487,
        "metadata": {
          "bottleneck": true,
          "canonical_edge_id": 56,
          "length_m": 0.25,
          "min_clearance_m": 0.3201562166213989,
          "segment_fraction_end": 0.33466876092053294,
          "segment_fraction_start": 0.16733438046026647,
          "segment_index": 1,
          "static_traversability": "FEASIBLE"
        },
        "startid": 170
      },
      "type": "Feature"
    },
    {
      "geometry": {
        "coordinates": [
          [
            [
              9.258577070100372,
              0.6921376857413276
            ],
            [
              9.442865605150557,
              0.5232065286119912
            ]
          ]
        ],
        "type": "MultiLineString"
      },
      "properties": {
        "endid": 172,
        "id": 488,
        "metadata": {
          "bottleneck": true,
          "canonical_edge_id": 56,
          "length_m": 0.25,
          "min_clearance_m": 0.3201562166213989,
          "segment_fraction_end": 0.5020031413807994,
          "segment_fraction_start": 0.33466876092053294,
          "segment_index": 2,
          "static_traversability": "FEASIBLE"
        },
        "startid": 171
      },
      "type": "Feature"
    },
    {
      "geometry": {
        "coordinates": [
          [
            [
              9.442865605150557,
              0.5232065286119912
            ],
            [
              9.667831258096818,
              0.42528268981636425
            ]
          ]
        ],
        "type": "MultiLineString"
      },
      "properties": {
        "endid": 173,
        "id": 489,
        "metadata": {
          "bottleneck": true,
          "canonical_edge_id": 56,
          "length_m": 0.25,
          "min_clearance_m": 0.3201562166213989,
          "segment_fraction_end": 0.6693375218410659,
          "segment_fraction_start": 0.5020031413807994,
          "segment_index": 3,
          "static_traversability": "FEASIBLE"
        },
        "startid": 172
      },
      "type": "Feature"
    },
    {
      "geometry": {
        "coordinates": [
          [
            [
              9.667831258096818,
              0.42528268981636425
            ],
            [
              9.906776010277307,
              0.35176122760698325
            ]
          ]
        ],
        "type": "MultiLineString"
      },
      "properties": {
        "endid": 174,
        "id": 490,
        "metadata": {
          "bottleneck": true,
          "canonical_edge_id": 56,
          "length_m": 0.25,
          "min_clearance_m": 0.3201562166213989,
          "segment_fraction_end": 0.8366719023013324,
          "segment_fraction_start": 0.6693375218410659,
          "segment_index": 4,
          "static_traversability": "FEASIBLE"
        },
        "startid": 173
      },
      "type": "Feature"
    },
    {
      "geometry": {
        "coordinates": [
          [
            [
              9.906776010277307,
              0.35176122760698325
            ],
            [
              10.14,
              0.28000000000000025
            ]
          ]
        ],
        "type": "MultiLineString"
      },
      "properties": {
        "endid": 33,
        "id": 491,
        "metadata": {
          "bottleneck": true,
          "canonical_edge_id": 56,
          "length_m": 0.2440145552417572,
          "min_clearance_m": 0.3201562166213989,
          "segment_fraction_end": 1.0,
          "segment_fraction_start": 0.8366719023013324,
          "segment_index": 5,
          "static_traversability": "FEASIBLE"
        },
        "startid": 174
      },
      "type": "Feature"
    },
    {
      "geometry": {
        "coordinates": [
          [
            [
              8.990000000000002,
              -0.97
            ],
            [
              9.040000000000001,
              -0.8199999999999998
            ]
          ]
        ],
        "type": "MultiLineString"
      },
      "properties": {
        "endid": 29,
        "id": 492,
        "metadata": {
          "bottleneck": false,
          "canonical_edge_id": 57,
          "length_m": 0.15811388300841878,
          "min_clearance_m": 0.41231057047843933,
          "segment_fraction_end": 1.0,
          "segment_fraction_start": 0.0,
          "segment_index": 0,
          "static_traversability": "FEASIBLE"
        },
        "startid": 28
      },
      "type": "Feature"
    },
    {
      "geometry": {
        "coordinates": [
          [
            [
              9.040000000000001,
              -0.8199999999999997
            ],
            [
              8.821841320363525,
              -0.7208369638016019
            ]
          ]
        ],
        "type": "MultiLineString"
      },
      "properties": {
        "endid": 142,
        "id": 493,
        "metadata": {
          "bottleneck": true,
          "canonical_edge_id": 58,
          "length_m": 0.2396383050532931,
          "min_clearance_m": 0.25,
          "segment_fraction_end": 0.07397069749406823,
          "segment_fraction_start": 0.0,
          "segment_index": 0,
          "static_traversability": "UNKNOWN"
        },
        "startid": 29
      },
      "type": "Feature"
    },
    {
      "geometry": {
        "coordinates": [
          [
            [
              8.821841320363525,
              -0.7208369638016019
            ],
            [
              8.594249700997874,
              -0.617386227726306
            ]
          ]
        ],
        "type": "MultiLineString"
      },
      "properties": {
        "endid": 141,
        "id": 494,
        "metadata": {
          "bottleneck": true,
          "canonical_edge_id": 58,
          "length_m": 0.25,
          "min_clearance_m": 0.25,
          "segment_fraction_end": 0.1511398060362292,
          "segment_fraction_start": 0.07397069749406823,
          "segment_index": 1,
          "static_traversability": "UNKNOWN"
        },
        "startid": 142
      },
      "type": "Feature"
    },
    {
      "geometry": {
        "coordinates": [
          [
            [
              8.594249700997874,
              -0.617386227726306
            ],
            [
              8.361466688633834,
              -0.6128444371220552
            ]
          ]
        ],
        "type": "MultiLineString"
      },
      "properties": {
        "endid": 140,
        "id": 495,
        "metadata": {
          "bottleneck": true,
          "canonical_edge_id": 58,
          "length_m": 0.25,
          "min_clearance_m": 0.25,
          "segment_fraction_end": 0.2283089145783902,
          "segment_fraction_start": 0.1511398060362292,
          "segment_index": 2,
          "static_traversability": "UNKNOWN"
        },
        "startid": 141
      },
      "type": "Feature"
    },
    {
      "geometry": {
        "coordinates": [
          [
            [
              8.361466688633834,
              -0.6128444371220552
            ],
            [
              8.120741759643275,
              -0.6699999999999999
            ]
          ]
        ],
        "type": "MultiLineString"
      },
      "properties": {
        "endid": 139,
        "id": 496,
        "metadata": {
          "bottleneck": true,
          "canonical_edge_id": 58,
          "length_m": 0.25,
          "min_clearance_m": 0.25,
          "segment_fraction_end": 0.30547802312055117,
          "segment_fraction_start": 0.2283089145783902,
          "segment_index": 3,
          "static_traversability": "UNKNOWN"
        },
        "startid": 140
      },
      "type": "Feature"
    },
    {
      "geometry": {
        "coordinates": [
          [
            [
              8.120741759643275,
              -0.6699999999999999
            ],
            [
              7.870741759643274,
              -0.6699999999999999
            ]
          ]
        ],
        "type": "MultiLineString"
      },
      "properties": {
        "endid": 138,
        "id": 497,
        "metadata": {
          "bottleneck": true,
          "canonical_edge_id": 58,
          "length_m": 0.25,
          "min_clearance_m": 0.25,
          "segment_fraction_end": 0.38264713166271214,
          "segment_fraction_start": 0.30547802312055117,
          "segment_index": 4,
          "static_traversability": "UNKNOWN"
        },
        "startid": 139
      },
      "type": "Feature"
    },
    {
      "geometry": {
        "coordinates": [
          [
            [
              7.870741759643274,
              -0.6699999999999999
            ],
            [
              7.620741759643274,
              -0.6699999999999999
            ]
          ]
        ],
        "type": "MultiLineString"
      },
      "properties": {
        "endid": 137,
        "id": 498,
        "metadata": {
          "bottleneck": true,
          "canonical_edge_id": 58,
          "length_m": 0.25,
          "min_clearance_m": 0.25,
          "segment_fraction_end": 0.45981624020487316,
          "segment_fraction_start": 0.38264713166271214,
          "segment_index": 5,
          "static_traversability": "UNKNOWN"
        },
        "startid": 138
      },
      "type": "Feature"
    },
    {
      "geometry": {
        "coordinates": [
          [
            [
              7.620741759643274,
              -0.6699999999999999
            ],
            [
              7.370741759643274,
              -0.6699999999999999
            ]
          ]
        ],
        "type": "MultiLineString"
      },
      "properties": {
        "endid": 136,
        "id": 499,
        "metadata": {
          "bottleneck": true,
          "canonical_edge_id": 58,
          "length_m": 0.25,
          "min_clearance_m": 0.25,
          "segment_fraction_end": 0.5369853487470341,
          "segment_fraction_start": 0.45981624020487316,
          "segment_index": 6,
          "static_traversability": "UNKNOWN"
        },
        "startid": 137
      },
      "type": "Feature"
    },
    {
      "geometry": {
        "coordinates": [
          [
            [
              7.370741759643274,
              -0.6699999999999999
            ],
            [
              7.120741759643274,
              -0.6699999999999999
            ]
          ]
        ],
        "type": "MultiLineString"
      },
      "properties": {
        "endid": 135,
        "id": 500,
        "metadata": {
          "bottleneck": true,
          "canonical_edge_id": 58,
          "length_m": 0.25,
          "min_clearance_m": 0.25,
          "segment_fraction_end": 0.614154457289195,
          "segment_fraction_start": 0.5369853487470341,
          "segment_index": 7,
          "static_traversability": "UNKNOWN"
        },
        "startid": 136
      },
      "type": "Feature"
    },
    {
      "geometry": {
        "coordinates": [
          [
            [
              7.120741759643274,
              -0.6699999999999999
            ],
            [
              6.870741759643274,
              -0.6699999999999999
            ]
          ]
        ],
        "type": "MultiLineString"
      },
      "properties": {
        "endid": 134,
        "id": 501,
        "metadata": {
          "bottleneck": true,
          "canonical_edge_id": 58,
          "length_m": 0.25,
          "min_clearance_m": 0.25,
          "segment_fraction_end": 0.6913235658313561,
          "segment_fraction_start": 0.614154457289195,
          "segment_index": 8,
          "static_traversability": "UNKNOWN"
        },
        "startid": 135
      },
      "type": "Feature"
    },
    {
      "geometry": {
        "coordinates": [
          [
            [
              6.870741759643274,
              -0.6699999999999999
            ],
            [
              6.620741759643274,
              -0.6699999999999999
            ]
          ]
        ],
        "type": "MultiLineString"
      },
      "properties": {
        "endid": 133,
        "id": 502,
        "metadata": {
          "bottleneck": true,
          "canonical_edge_id": 58,
          "length_m": 0.25,
          "min_clearance_m": 0.25,
          "segment_fraction_end": 0.7684926743735171,
          "segment_fraction_start": 0.6913235658313561,
          "segment_index": 9,
          "static_traversability": "UNKNOWN"
        },
        "startid": 134
      },
      "type": "Feature"
    },
    {
      "geometry": {
        "coordinates": [
          [
            [
              6.620741759643274,
              -0.6699999999999999
            ],
            [
              6.382847669088526,
              -0.6071390676354101
            ]
          ]
        ],
        "type": "MultiLineString"
      },
      "properties": {
        "endid": 132,
        "id": 503,
        "metadata": {
          "bottleneck": true,
          "canonical_edge_id": 58,
          "length_m": 0.25,
          "min_clearance_m": 0.25,
          "segment_fraction_end": 0.8456617829156781,
          "segment_fraction_start": 0.7684926743735171,
          "segment_index": 10,
          "static_traversability": "UNKNOWN"
        },
        "startid": 133
      },
      "type": "Feature"
    },
    {
      "geometry": {
        "coordinates": [
          [
            [
              6.382847669088526,
              -0.6071390676354101
            ],
            [
              6.14,
              -0.5699999999999998
            ]
          ]
        ],
        "type": "MultiLineString"
      },
      "properties": {
        "endid": 131,
        "id": 504,
        "metadata": {
          "bottleneck": true,
          "canonical_edge_id": 58,
          "length_m": 0.25,
          "min_clearance_m": 0.25,
          "segment_fraction_end": 0.922830891457839,
          "segment_fraction_start": 0.8456617829156781,
          "segment_index": 11,
          "static_traversability": "UNKNOWN"
        },
        "startid": 132
      },
      "type": "Feature"
    },
    {
      "geometry": {
        "coordinates": [
          [
            [
              6.14,
              -0.5699999999999998
            ],
            [
              5.89,
              -0.5699999999999998
            ]
          ]
        ],
        "type": "MultiLineString"
      },
      "properties": {
        "endid": 19,
        "id": 505,
        "metadata": {
          "bottleneck": true,
          "canonical_edge_id": 58,
          "length_m": 0.25,
          "min_clearance_m": 0.25,
          "segment_fraction_end": 1.0,
          "segment_fraction_start": 0.922830891457839,
          "segment_index": 12,
          "static_traversability": "UNKNOWN"
        },
        "startid": 131
      },
      "type": "Feature"
    },
    {
      "geometry": {
        "coordinates": [
          [
            [
              9.040000000000001,
              -0.8199999999999998
            ],
            [
              8.990000000000002,
              -0.97
            ]
          ]
        ],
        "type": "MultiLineString"
      },
      "properties": {
        "endid": 28,
        "id": 506,
        "metadata": {
          "bottleneck": false,
          "canonical_edge_id": 59,
          "length_m": 0.15811388300841878,
          "min_clearance_m": 0.41231057047843933,
          "segment_fraction_end": 1.0,
          "segment_fraction_start": 0.0,
          "segment_index": 0,
          "static_traversability": "FEASIBLE"
        },
        "startid": 29
      },
      "type": "Feature"
    },
    {
      "geometry": {
        "coordinates": [
          [
            [
              9.040000000000001,
              -0.8199999999999998
            ],
            [
              9.25840283260645,
              -0.7279089079727616
            ]
          ]
        ],
        "type": "MultiLineString"
      },
      "properties": {
        "endid": 175,
        "id": 507,
        "metadata": {
          "bottleneck": false,
          "canonical_edge_id": 60,
          "length_m": 0.25,
          "min_clearance_m": 0.44721361994743347,
          "segment_fraction_end": 0.22264634481542359,
          "segment_fraction_start": 0.0,
          "segment_index": 0,
          "static_traversability": "FEASIBLE"
        },
        "startid": 29
      },
      "type": "Feature"
    },
    {
      "geometry": {
        "coordinates": [
          [
            [
              9.25840283260645,
              -0.7279089079727616
            ],
            [
              9.455740886950531,
              -0.5744237545940318
            ]
          ]
        ],
        "type": "MultiLineString"
      },
      "properties": {
        "endid": 176,
        "id": 508,
        "metadata": {
          "bottleneck": false,
          "canonical_edge_id": 60,
          "length_m": 0.25,
          "min_clearance_m": 0.44721361994743347,
          "segment_fraction_end": 0.44529268963084717,
          "segment_fraction_start": 0.22264634481542359,
          "segment_index": 1,
          "static_traversability": "FEASIBLE"
        },
        "startid": 175
      },
      "type": "Feature"
    },
    {
      "geometry": {
        "coordinates": [
          [
            [
              9.455740886950531,
              -0.5744237545940318
            ],
            [
              9.669423522697548,
              -0.46117516414471693
            ]
          ]
        ],
        "type": "MultiLineString"
      },
      "properties": {
        "endid": 177,
        "id": 509,
        "metadata": {
          "bottleneck": false,
          "canonical_edge_id": 60,
          "length_m": 0.25,
          "min_clearance_m": 0.44721361994743347,
          "segment_fraction_end": 0.6679390344462707,
          "segment_fraction_start": 0.44529268963084717,
          "segment_index": 2,
          "static_traversability": "FEASIBLE"
        },
        "startid": 176
      },
      "type": "Feature"
    },
    {
      "geometry": {
        "coordinates": [
          [
            [
              9.669423522697548,
              -0.46117516414471693
            ],
            [
              9.917894456365952,
              -0.43356728262600536
            ]
          ]
        ],
        "type": "MultiLineString"
      },
      "properties": {
        "endid": 178,
        "id": 510,
        "metadata": {
          "bottleneck": false,
          "canonical_edge_id": 60,
          "length_m": 0.25,
          "min_clearance_m": 0.44721361994743347,
          "segment_fraction_end": 0.8905853792616943,
          "segment_fraction_start": 0.6679390344462707,
          "segment_index": 3,
          "static_traversability": "FEASIBLE"
        },
        "startid": 177
      },
      "type": "Feature"
    },
    {
      "geometry": {
        "coordinates": [
          [
            [
              9.917894456365952,
              -0.43356728262600536
            ],
            [
              10.040000000000001,
              -0.41999999999999993
            ]
          ]
        ],
        "type": "MultiLineString"
      },
      "properties": {
        "endid": 32,
        "id": 511,
        "metadata": {
          "bottleneck": false,
          "canonical_edge_id": 60,
          "length_m": 0.12285696945643965,
          "min_clearance_m": 0.44721361994743347,
          "segment_fraction_end": 1.0,
          "segment_fraction_start": 0.8905853792616943,
          "segment_index": 4,
          "static_traversability": "FEASIBLE"
        },
        "startid": 178
      },
      "type": "Feature"
    },
    {
      "geometry": {
        "coordinates": [
          [
            [
              9.240000000000002,
              1.4300000000000002
            ],
            [
              9.137487373415292,
              1.4274873734152917
            ]
          ]
        ],
        "type": "MultiLineString"
      },
      "properties": {
        "endid": 169,
        "id": 512,
        "metadata": {
          "bottleneck": true,
          "canonical_edge_id": 61,
          "length_m": 0.10355339059327506,
          "min_clearance_m": 0.22360680997371674,
          "segment_fraction_end": 0.17157287525381168,
          "segment_fraction_start": 0.0,
          "segment_index": 0,
          "static_traversability": "UNKNOWN"
        },
        "startid": 30
      },
      "type": "Feature"
    },
    {
      "geometry": {
        "coordinates": [
          [
            [
              9.137487373415292,
              1.4274873734152917
            ],
            [
              8.960710678118655,
              1.250710678118655
            ]
          ]
        ],
        "type": "MultiLineString"
      },
      "properties": {
        "endid": 168,
        "id": 513,
        "metadata": {
          "bottleneck": true,
          "canonical_edge_id": 61,
          "length_m": 0.25,
          "min_clearance_m": 0.22360680997371674,
          "segment_fraction_end": 0.5857864376269059,
          "segment_fraction_start": 0.17157287525381168,
          "segment_index": 1,
          "static_traversability": "UNKNOWN"
        },
        "startid": 169
      },
      "type": "Feature"
    },
    {
      "geometry": {
        "coordinates": [
          [
            [
              8.960710678118655,
              1.250710678118655
            ],
            [
              8.89,
              1.0300000000000002
            ]
          ]
        ],
        "type": "MultiLineString"
      },
      "properties": {
        "endid": 27,
        "id": 514,
        "metadata": {
          "bottleneck": true,
          "canonical_edge_id": 61,
          "length_m": 0.25,
          "min_clearance_m": 0.22360680997371674,
          "segment_fraction_end": 1.0,
          "segment_fraction_start": 0.5857864376269059,
          "segment_index": 2,
          "static_traversability": "UNKNOWN"
        },
        "startid": 168
      },
      "type": "Feature"
    },
    {
      "geometry": {
        "coordinates": [
          [
            [
              9.290000000000001,
              3.2800000000000002
            ],
            [
              9.230639570745476,
              3.21074616586972
            ]
          ]
        ],
        "type": "MultiLineString"
      },
      "properties": {
        "endid": 165,
        "id": 515,
        "metadata": {
          "bottleneck": true,
          "canonical_edge_id": 62,
          "length_m": 0.09121268608601518,
          "min_clearance_m": 0.29154759645462036,
          "segment_fraction_end": 0.03210343475259768,
          "segment_fraction_start": 0.0,
          "segment_index": 0,
          "static_traversability": "UNKNOWN"
        },
        "startid": 31
      },
      "type": "Feature"
    },
    {
      "geometry": {
        "coordinates": [
          [
            [
              9.230639570745476,
              3.21074616586972
            ],
            [
              9.067941727381482,
              3.0209320152783956
            ]
          ]
        ],
        "type": "MultiLineString"
      },
      "properties": {
        "endid": 164,
        "id": 516,
        "metadata": {
          "bottleneck": true,
          "canonical_edge_id": 62,
          "length_m": 0.25,
          "min_clearance_m": 0.29154759645462036,
          "segment_fraction_end": 0.12009403159327062,
          "segment_fraction_start": 0.03210343475259768,
          "segment_index": 1,
          "static_traversability": "UNKNOWN"
        },
        "startid": 165
      },
      "type": "Feature"
    },
    {
      "geometry": {
        "coordinates": [
          [
            [
              9.067941727381482,
              3.0209320152783956
            ],
            [
              8.90524388401749,
              2.8311178646870716
            ]
          ]
        ],
        "type": "MultiLineString"
      },
      "properties": {
        "endid": 163,
        "id": 517,
        "metadata": {
          "bottleneck": true,
          "canonical_edge_id": 62,
          "length_m": 0.25,
          "min_clearance_m": 0.29154759645462036,
          "segment_fraction_end": 0.20808462843394357,
          "segment_fraction_start": 0.12009403159327062,
          "segment_index": 2,
          "static_traversability": "UNKNOWN"
        },
        "startid": 164
      },
      "type": "Feature"
    },
    {
      "geometry": {
        "coordinates": [
          [
            [
              8.90524388401749,
              2.8311178646870716
            ],
            [
              8.7425460406535,
              2.641303714095747
            ]
          ]
        ],
        "type": "MultiLineString"
      },
      "properties": {
        "endid": 162,
        "id": 518,
        "metadata": {
          "bottleneck": true,
          "canonical_edge_id": 62,
          "length_m": 0.25,
          "min_clearance_m": 0.29154759645462036,
          "segment_fraction_end": 0.2960752252746165,
          "segment_fraction_start": 0.20808462843394357,
          "segment_index": 3,
          "static_traversability": "UNKNOWN"
        },
        "startid": 163
      },
      "type": "Feature"
    },
    {
      "geometry": {
        "coordinates": [
          [
            [
              8.7425460406535,
              2.641303714095747
            ],
            [
              8.520741759643276,
              2.58
            ]
          ]
        ],
        "type": "MultiLineString"
      },
      "properties": {
        "endid": 161,
        "id": 519,
        "metadata": {
          "bottleneck": true,
          "canonical_edge_id": 62,
          "length_m": 0.25,
          "min_clearance_m": 0.29154759645462036,
          "segment_fraction_end": 0.38406582211528945,
          "segment_fraction_start": 0.2960752252746165,
          "segment_index": 4,
          "static_traversability": "UNKNOWN"
        },
        "startid": 162
      },
      "type": "Feature"
    },
    {
      "geometry": {
        "coordinates": [
          [
            [
              8.520741759643276,
              2.58
            ],
            [
              8.270741759643276,
              2.58
            ]
          ]
        ],
        "type": "MultiLineString"
      },
      "properties": {
        "endid": 160,
        "id": 520,
        "metadata": {
          "bottleneck": true,
          "canonical_edge_id": 62,
          "length_m": 0.25,
          "min_clearance_m": 0.29154759645462036,
          "segment_fraction_end": 0.4720564189559624,
          "segment_fraction_start": 0.38406582211528945,
          "segment_index": 5,
          "static_traversability": "UNKNOWN"
        },
        "startid": 161
      },
      "type": "Feature"
    },
    {
      "geometry": {
        "coordinates": [
          [
            [
              8.270741759643276,
              2.58
            ],
            [
              8.020741759643276,
              2.58
            ]
          ]
        ],
        "type": "MultiLineString"
      },
      "properties": {
        "endid": 159,
        "id": 521,
        "metadata": {
          "bottleneck": true,
          "canonical_edge_id": 62,
          "length_m": 0.25,
          "min_clearance_m": 0.29154759645462036,
          "segment_fraction_end": 0.5600470157966353,
          "segment_fraction_start": 0.4720564189559624,
          "segment_index": 6,
          "static_traversability": "UNKNOWN"
        },
        "startid": 160
      },
      "type": "Feature"
    },
    {
      "geometry": {
        "coordinates": [
          [
            [
              8.020741759643276,
              2.58
            ],
            [
              7.770741759643275,
              2.58
            ]
          ]
        ],
        "type": "MultiLineString"
      },
      "properties": {
        "endid": 158,
        "id": 522,
        "metadata": {
          "bottleneck": true,
          "canonical_edge_id": 62,
          "length_m": 0.25,
          "min_clearance_m": 0.29154759645462036,
          "segment_fraction_end": 0.6480376126373083,
          "segment_fraction_start": 0.5600470157966353,
          "segment_index": 7,
          "static_traversability": "UNKNOWN"
        },
        "startid": 159
      },
      "type": "Feature"
    },
    {
      "geometry": {
        "coordinates": [
          [
            [
              7.770741759643275,
              2.58
            ],
            [
              7.520741759643275,
              2.58
            ]
          ]
        ],
        "type": "MultiLineString"
      },
      "properties": {
        "endid": 157,
        "id": 523,
        "metadata": {
          "bottleneck": true,
          "canonical_edge_id": 62,
          "length_m": 0.25,
          "min_clearance_m": 0.29154759645462036,
          "segment_fraction_end": 0.7360282094779812,
          "segment_fraction_start": 0.6480376126373083,
          "segment_index": 8,
          "static_traversability": "UNKNOWN"
        },
        "startid": 158
      },
      "type": "Feature"
    },
    {
      "geometry": {
        "coordinates": [
          [
            [
              7.520741759643275,
              2.58
            ],
            [
              7.270741759643275,
              2.58
            ]
          ]
        ],
        "type": "MultiLineString"
      },
      "properties": {
        "endid": 156,
        "id": 524,
        "metadata": {
          "bottleneck": true,
          "canonical_edge_id": 62,
          "length_m": 0.25,
          "min_clearance_m": 0.29154759645462036,
          "segment_fraction_end": 0.8240188063186541,
          "segment_fraction_start": 0.7360282094779812,
          "segment_index": 9,
          "static_traversability": "UNKNOWN"
        },
        "startid": 157
      },
      "type": "Feature"
    },
    {
      "geometry": {
        "coordinates": [
          [
            [
              7.270741759643275,
              2.58
            ],
            [
              7.022119172721315,
              2.5871523309114743
            ]
          ]
        ],
        "type": "MultiLineString"
      },
      "properties": {
        "endid": 155,
        "id": 525,
        "metadata": {
          "bottleneck": true,
          "canonical_edge_id": 62,
          "length_m": 0.25,
          "min_clearance_m": 0.29154759645462036,
          "segment_fraction_end": 0.9120094031593271,
          "segment_fraction_start": 0.8240188063186541,
          "segment_index": 10,
          "static_traversability": "UNKNOWN"
        },
        "startid": 156
      },
      "type": "Feature"
    },
    {
      "geometry": {
        "coordinates": [
          [
            [
              7.022119172721315,
              2.5871523309114743
            ],
            [
              6.79,
              2.6800000000000006
            ]
          ]
        ],
        "type": "MultiLineString"
      },
      "properties": {
        "endid": 24,
        "id": 526,
        "metadata": {
          "bottleneck": true,
          "canonical_edge_id": 62,
          "length_m": 0.25,
          "min_clearance_m": 0.29154759645462036,
          "segment_fraction_end": 1.0,
          "segment_fraction_start": 0.9120094031593271,
          "segment_index": 11,
          "static_traversability": "UNKNOWN"
        },
        "startid": 155
      },
      "type": "Feature"
    },
    {
      "geometry": {
        "coordinates": [
          [
            [
              10.040000000000001,
              -0.41999999999999993
            ],
            [
              9.917894456365952,
              -0.43356728262600536
            ]
          ]
        ],
        "type": "MultiLineString"
      },
      "properties": {
        "endid": 178,
        "id": 527,
        "metadata": {
          "bottleneck": false,
          "canonical_edge_id": 63,
          "length_m": 0.12285696945643965,
          "min_clearance_m": 0.44721361994743347,
          "segment_fraction_end": 0.1094146207383057,
          "segment_fraction_start": 0.0,
          "segment_index": 0,
          "static_traversability": "FEASIBLE"
        },
        "startid": 32
      },
      "type": "Feature"
    },
    {
      "geometry": {
        "coordinates": [
          [
            [
              9.917894456365952,
              -0.43356728262600536
            ],
            [
              9.669423522697548,
              -0.46117516414471693
            ]
          ]
        ],
        "type": "MultiLineString"
      },
      "properties": {
        "endid": 177,
        "id": 528,
        "metadata": {
          "bottleneck": false,
          "canonical_edge_id": 63,
          "length_m": 0.25,
          "min_clearance_m": 0.44721361994743347,
          "segment_fraction_end": 0.33206096555372927,
          "segment_fraction_start": 0.1094146207383057,
          "segment_index": 1,
          "static_traversability": "FEASIBLE"
        },
        "startid": 178
      },
      "type": "Feature"
    },
    {
      "geometry": {
        "coordinates": [
          [
            [
              9.669423522697548,
              -0.46117516414471693
            ],
            [
              9.455740886950531,
              -0.5744237545940318
            ]
          ]
        ],
        "type": "MultiLineString"
      },
      "properties": {
        "endid": 176,
        "id": 529,
        "metadata": {
          "bottleneck": false,
          "canonical_edge_id": 63,
          "length_m": 0.25,
          "min_clearance_m": 0.44721361994743347,
          "segment_fraction_end": 0.5547073103691529,
          "segment_fraction_start": 0.33206096555372927,
          "segment_index": 2,
          "static_traversability": "FEASIBLE"
        },
        "startid": 177
      },
      "type": "Feature"
    },
    {
      "geometry": {
        "coordinates": [
          [
            [
              9.455740886950531,
              -0.5744237545940318
            ],
            [
              9.25840283260645,
              -0.7279089079727616
            ]
          ]
        ],
        "type": "MultiLineString"
      },
      "properties": {
        "endid": 175,
        "id": 530,
        "metadata": {
          "bottleneck": false,
          "canonical_edge_id": 63,
          "length_m": 0.25,
          "min_clearance_m": 0.44721361994743347,
          "segment_fraction_end": 0.7773536551845764,
          "segment_fraction_start": 0.5547073103691529,
          "segment_index": 3,
          "static_traversability": "FEASIBLE"
        },
        "startid": 176
      },
      "type": "Feature"
    },
    {
      "geometry": {
        "coordinates": [
          [
            [
              9.25840283260645,
              -0.7279089079727616
            ],
            [
              9.040000000000001,
              -0.8199999999999998
            ]
          ]
        ],
        "type": "MultiLineString"
      },
      "properties": {
        "endid": 29,
        "id": 531,
        "metadata": {
          "bottleneck": false,
          "canonical_edge_id": 63,
          "length_m": 0.25,
          "min_clearance_m": 0.44721361994743347,
          "segment_fraction_end": 1.0,
          "segment_fraction_start": 0.7773536551845764,
          "segment_index": 4,
          "static_traversability": "FEASIBLE"
        },
        "startid": 175
      },
      "type": "Feature"
    },
    {
      "geometry": {
        "coordinates": [
          [
            [
              10.040000000000001,
              -0.41999999999999993
            ],
            [
              10.151803398874991,
              -0.19639320225002102
            ]
          ]
        ],
        "type": "MultiLineString"
      },
      "properties": {
        "endid": 179,
        "id": 532,
        "metadata": {
          "bottleneck": false,
          "canonical_edge_id": 64,
          "length_m": 0.25,
          "min_clearance_m": 0.8200610280036926,
          "segment_fraction_end": 0.338513453949795,
          "segment_fraction_start": 0.0,
          "segment_index": 0,
          "static_traversability": "FEASIBLE"
        },
        "startid": 32
      },
      "type": "Feature"
    },
    {
      "geometry": {
        "coordinates": [
          [
            [
              10.151803398874991,
              -0.19639320225002102
            ],
            [
              10.16958514742229,
              0.04331882062169626
            ]
          ]
        ],
        "type": "MultiLineString"
      },
      "properties": {
        "endid": 180,
        "id": 533,
        "metadata": {
          "bottleneck": false,
          "canonical_edge_id": 64,
          "length_m": 0.25,
          "min_clearance_m": 0.8200610280036926,
          "segment_fraction_end": 0.67702690789959,
          "segment_fraction_start": 0.338513453949795,
          "segment_index": 1,
          "static_traversability": "FEASIBLE"
        },
        "startid": 179
      },
      "type": "Feature"
    },
    {
      "geometry": {
        "coordinates": [
          [
            [
              10.16958514742229,
              0.04331882062169626
            ],
            [
              10.14,
              0.28000000000000025
            ]
          ]
        ],
        "type": "MultiLineString"
      },
      "properties": {
        "endid": 33,
        "id": 534,
        "metadata": {
          "bottleneck": false,
          "canonical_edge_id": 64,
          "length_m": 0.2385230840398963,
          "min_clearance_m": 0.8200610280036926,
          "segment_fraction_end": 1.0,
          "segment_fraction_start": 0.67702690789959,
          "segment_index": 2,
          "static_traversability": "FEASIBLE"
        },
        "startid": 180
      },
      "type": "Feature"
    },
    {
      "geometry": {
        "coordinates": [
          [
            [
              10.040000000000001,
              -0.41999999999999993
            ],
            [
              10.172499735000796,
              -0.6319995760012719
            ]
          ]
        ],
        "type": "MultiLineString"
      },
      "properties": {
        "endid": 181,
        "id": 535,
        "metadata": {
          "bottleneck": false,
          "canonical_edge_id": 65,
          "length_m": 0.25,
          "min_clearance_m": 0.4000000059604645,
          "segment_fraction_end": 0.21336536766090636,
          "segment_fraction_start": 0.0,
          "segment_index": 0,
          "static_traversability": "FEASIBLE"
        },
        "startid": 32
      },
      "type": "Feature"
    },
    {
      "geometry": {
        "coordinates": [
          [
            [
              10.172499735000796,
              -0.6319995760012719
            ],
            [
              10.290000000000001,
              -0.8483009433971698
            ]
          ]
        ],
        "type": "MultiLineString"
      },
      "properties": {
        "endid": 182,
        "id": 536,
        "metadata": {
          "bottleneck": false,
          "canonical_edge_id": 65,
          "length_m": 0.25,
          "min_clearance_m": 0.4000000059604645,
          "segment_fraction_end": 0.4267307353218127,
          "segment_fraction_start": 0.21336536766090636,
          "segment_index": 1,
          "static_traversability": "FEASIBLE"
        },
        "startid": 181
      },
      "type": "Feature"
    },
    {
      "geometry": {
        "coordinates": [
          [
            [
              10.290000000000001,
              -0.8483009433971698
            ],
            [
              10.290000000000001,
              -1.0983009433971698
            ]
          ]
        ],
        "type": "MultiLineString"
      },
      "properties": {
        "endid": 183,
        "id": 537,
        "metadata": {
          "bottleneck": false,
          "canonical_edge_id": 65,
          "length_m": 0.25,
          "min_clearance_m": 0.4000000059604645,
          "segment_fraction_end": 0.640096102982719,
          "segment_fraction_start": 0.4267307353218127,
          "segment_index": 2,
          "static_traversability": "FEASIBLE"
        },
        "startid": 182
      },
      "type": "Feature"
    },
    {
      "geometry": {
        "coordinates": [
          [
            [
              10.290000000000001,
              -1.0983009433971698
            ],
            [
              10.290000000000001,
              -1.3483009433971698
            ]
          ]
        ],
        "type": "MultiLineString"
      },
      "properties": {
        "endid": 184,
        "id": 538,
        "metadata": {
          "bottleneck": false,
          "canonical_edge_id": 65,
          "length_m": 0.25,
          "min_clearance_m": 0.4000000059604645,
          "segment_fraction_end": 0.8534614706436254,
          "segment_fraction_start": 0.640096102982719,
          "segment_index": 3,
          "static_traversability": "FEASIBLE"
        },
        "startid": 183
      },
      "type": "Feature"
    },
    {
      "geometry": {
        "coordinates": [
          [
            [
              10.290000000000001,
              -1.3483009433971698
            ],
            [
              10.290000000000001,
              -1.52
            ]
          ]
        ],
        "type": "MultiLineString"
      },
      "properties": {
        "endid": 34,
        "id": 539,
        "metadata": {
          "bottleneck": false,
          "canonical_edge_id": 65,
          "length_m": 0.17169905660283025,
          "min_clearance_m": 0.4000000059604645,
          "segment_fraction_end": 1.0,
          "segment_fraction_start": 0.8534614706436254,
          "segment_index": 4,
          "static_traversability": "FEASIBLE"
        },
        "startid": 184
      },
      "type": "Feature"
    },
    {
      "geometry": {
        "coordinates": [
          [
            [
              10.14,
              0.28000000000000025
            ],
            [
              9.906776010277307,
              0.35176122760698325
            ]
          ]
        ],
        "type": "MultiLineString"
      },
      "properties": {
        "endid": 174,
        "id": 540,
        "metadata": {
          "bottleneck": true,
          "canonical_edge_id": 66,
          "length_m": 0.2440145552417572,
          "min_clearance_m": 0.3201562166213989,
          "segment_fraction_end": 0.16332809769866763,
          "segment_fraction_start": 0.0,
          "segment_index": 0,
          "static_traversability": "FEASIBLE"
        },
        "startid": 33
      },
      "type": "Feature"
    },
    {
      "geometry": {
        "coordinates": [
          [
            [
              9.906776010277307,
              0.35176122760698325
            ],
            [
              9.667831258096818,
              0.42528268981636425
            ]
          ]
        ],
        "type": "MultiLineString"
      },
      "properties": {
        "endid": 173,
        "id": 541,
        "metadata": {
          "bottleneck": true,
          "canonical_edge_id": 66,
          "length_m": 0.25,
          "min_clearance_m": 0.3201562166213989,
          "segment_fraction_end": 0.3306624781589341,
          "segment_fraction_start": 0.16332809769866763,
          "segment_index": 1,
          "static_traversability": "FEASIBLE"
        },
        "startid": 174
      },
      "type": "Feature"
    },
    {
      "geometry": {
        "coordinates": [
          [
            [
              9.667831258096818,
              0.42528268981636425
            ],
            [
              9.442865605150557,
              0.5232065286119912
            ]
          ]
        ],
        "type": "MultiLineString"
      },
      "properties": {
        "endid": 172,
        "id": 542,
        "metadata": {
          "bottleneck": true,
          "canonical_edge_id": 66,
          "length_m": 0.25,
          "min_clearance_m": 0.3201562166213989,
          "segment_fraction_end": 0.49799685861920057,
          "segment_fraction_start": 0.3306624781589341,
          "segment_index": 2,
          "static_traversability": "FEASIBLE"
        },
        "startid": 173
      },
      "type": "Feature"
    },
    {
      "geometry": {
        "coordinates": [
          [
            [
              9.442865605150557,
              0.5232065286119912
            ],
            [
              9.258577070100372,
              0.6921376857413276
            ]
          ]
        ],
        "type": "MultiLineString"
      },
      "properties": {
        "endid": 171,
        "id": 543,
        "metadata": {
          "bottleneck": true,
          "canonical_edge_id": 66,
          "length_m": 0.25,
          "min_clearance_m": 0.3201562166213989,
          "segment_fraction_end": 0.665331239079467,
          "segment_fraction_start": 0.49799685861920057,
          "segment_index": 3,
          "static_traversability": "FEASIBLE"
        },
        "startid": 172
      },
      "type": "Feature"
    },
    {
      "geometry": {
        "coordinates": [
          [
            [
              9.258577070100372,
              0.6921376857413276
            ],
            [
              9.074288535050187,
              0.8610688428706639
            ]
          ]
        ],
        "type": "MultiLineString"
      },
      "properties": {
        "endid": 170,
        "id": 544,
        "metadata": {
          "bottleneck": true,
          "canonical_edge_id": 66,
          "length_m": 0.25,
          "min_clearance_m": 0.3201562166213989,
          "segment_fraction_end": 0.8326656195397335,
          "segment_fraction_start": 0.665331239079467,
          "segment_index": 4,
          "static_traversability": "FEASIBLE"
        },
        "startid": 171
      },
      "type": "Feature"
    },
    {
      "geometry": {
        "coordinates": [
          [
            [
              9.074288535050187,
              0.8610688428706639
            ],
            [
              8.89,
              1.0300000000000002
            ]
          ]
        ],
        "type": "MultiLineString"
      },
      "properties": {
        "endid": 27,
        "id": 545,
        "metadata": {
          "bottleneck": true,
          "canonical_edge_id": 66,
          "length_m": 0.25,
          "min_clearance_m": 0.3201562166213989,
          "segment_fraction_end": 1.0,
          "segment_fraction_start": 0.8326656195397335,
          "segment_index": 5,
          "static_traversability": "FEASIBLE"
        },
        "startid": 170
      },
      "type": "Feature"
    },
    {
      "geometry": {
        "coordinates": [
          [
            [
              10.14,
              0.28000000000000025
            ],
            [
              10.16958514742229,
              0.04331882062169626
            ]
          ]
        ],
        "type": "MultiLineString"
      },
      "properties": {
        "endid": 180,
        "id": 546,
        "metadata": {
          "bottleneck": false,
          "canonical_edge_id": 67,
          "length_m": 0.2385230840398963,
          "min_clearance_m": 0.8200610280036926,
          "segment_fraction_end": 0.32297309210041003,
          "segment_fraction_start": 0.0,
          "segment_index": 0,
          "static_traversability": "FEASIBLE"
        },
        "startid": 33
      },
      "type": "Feature"
    },
    {
      "geometry": {
        "coordinates": [
          [
            [
              10.16958514742229,
              0.04331882062169626
            ],
            [
              10.151803398874991,
              -0.19639320225002102
            ]
          ]
        ],
        "type": "MultiLineString"
      },
      "properties": {
        "endid": 179,
        "id": 547,
        "metadata": {
          "bottleneck": false,
          "canonical_edge_id": 67,
          "length_m": 0.25,
          "min_clearance_m": 0.8200610280036926,
          "segment_fraction_end": 0.6614865460502051,
          "segment_fraction_start": 0.32297309210041003,
          "segment_index": 1,
          "static_traversability": "FEASIBLE"
        },
        "startid": 180
      },
      "type": "Feature"
    },
    {
      "geometry": {
        "coordinates": [
          [
            [
              10.151803398874991,
              -0.19639320225002102
            ],
            [
              10.040000000000001,
              -0.41999999999999993
            ]
          ]
        ],
        "type": "MultiLineString"
      },
      "properties": {
        "endid": 32,
        "id": 548,
        "metadata": {
          "bottleneck": false,
          "canonical_edge_id": 67,
          "length_m": 0.25,
          "min_clearance_m": 0.8200610280036926,
          "segment_fraction_end": 1.0,
          "segment_fraction_start": 0.6614865460502051,
          "segment_index": 2,
          "static_traversability": "FEASIBLE"
        },
        "startid": 179
      },
      "type": "Feature"
    },
    {
      "geometry": {
        "coordinates": [
          [
            [
              10.14,
              0.28000000000000025
            ],
            [
              10.240204708504928,
              0.5090393337255474
            ]
          ]
        ],
        "type": "MultiLineString"
      },
      "properties": {
        "endid": 185,
        "id": 549,
        "metadata": {
          "bottleneck": false,
          "canonical_edge_id": 68,
          "length_m": 0.25,
          "min_clearance_m": 0.6000000238418579,
          "segment_fraction_end": 0.286299167156934,
          "segment_fraction_start": 0.0,
          "segment_index": 0,
          "static_traversability": "FEASIBLE"
        },
        "startid": 33
      },
      "type": "Feature"
    },
    {
      "geometry": {
        "coordinates": [
          [
            [
              10.240204708504928,
              0.5090393337255474
            ],
            [
              10.340409417009855,
              0.7380786674510945
            ]
          ]
        ],
        "type": "MultiLineString"
      },
      "properties": {
        "endid": 186,
        "id": 550,
        "metadata": {
          "bottleneck": false,
          "canonical_edge_id": 68,
          "length_m": 0.25,
          "min_clearance_m": 0.6000000238418579,
          "segment_fraction_end": 0.572598334313868,
          "segment_fraction_start": 0.286299167156934,
          "segment_index": 1,
          "static_traversability": "FEASIBLE"
        },
        "startid": 185
      },
      "type": "Feature"
    },
    {
      "geometry": {
        "coordinates": [
          [
            [
              10.340409417009855,
              0.7380786674510945
            ],
            [
              10.440614125514783,
              0.9671180011766417
            ]
          ]
        ],
        "type": "MultiLineString"
      },
      "properties": {
        "endid": 187,
        "id": 551,
        "metadata": {
          "bottleneck": false,
          "canonical_edge_id": 68,
          "length_m": 0.25,
          "min_clearance_m": 0.6000000238418579,
          "segment_fraction_end": 0.858897501470802,
          "segment_fraction_start": 0.572598334313868,
          "segment_index": 2,
          "static_traversability": "FEASIBLE"
        },
        "startid": 186
      },
      "type": "Feature"
    },
    {
      "geometry": {
        "coordinates": [
          [
            [
              10.440614125514783,
              0.9671180011766417
            ],
            [
              10.490000000000002,
              1.08
            ]
          ]
        ],
        "type": "MultiLineString"
      },
      "properties": {
        "endid": 35,
        "id": 552,
        "metadata": {
          "bottleneck": false,
          "canonical_edge_id": 68,
          "length_m": 0.12321245982864937,
          "min_clearance_m": 0.6000000238418579,
          "segment_fraction_end": 1.0,
          "segment_fraction_start": 0.858897501470802,
          "segment_index": 3,
          "static_traversability": "FEASIBLE"
        },
        "startid": 187
      },
      "type": "Feature"
    },
    {
      "geometry": {
        "coordinates": [
          [
            [
              10.290000000000001,
              -1.52
            ],
            [
              10.290000000000001,
              -1.3483009433971698
            ]
          ]
        ],
        "type": "MultiLineString"
      },
      "properties": {
        "endid": 184,
        "id": 553,
        "metadata": {
          "bottleneck": false,
          "canonical_edge_id": 69,
          "length_m": 0.17169905660283025,
          "min_clearance_m": 0.4000000059604645,
          "segment_fraction_end": 0.1465385293563746,
          "segment_fraction_start": 0.0,
          "segment_index": 0,
          "static_traversability": "FEASIBLE"
        },
        "startid": 34
      },
      "type": "Feature"
    },
    {
      "geometry": {
        "coordinates": [
          [
            [
              10.290000000000001,
              -1.3483009433971698
            ],
            [
              10.290000000000001,
              -1.0983009433971698
            ]
          ]
        ],
        "type": "MultiLineString"
      },
      "properties": {
        "endid": 183,
        "id": 554,
        "metadata": {
          "bottleneck": false,
          "canonical_edge_id": 69,
          "length_m": 0.25,
          "min_clearance_m": 0.4000000059604645,
          "segment_fraction_end": 0.3599038970172809,
          "segment_fraction_start": 0.1465385293563746,
          "segment_index": 1,
          "static_traversability": "FEASIBLE"
        },
        "startid": 184
      },
      "type": "Feature"
    },
    {
      "geometry": {
        "coordinates": [
          [
            [
              10.290000000000001,
              -1.0983009433971698
            ],
            [
              10.290000000000001,
              -0.8483009433971698
            ]
          ]
        ],
        "type": "MultiLineString"
      },
      "properties": {
        "endid": 182,
        "id": 555,
        "metadata": {
          "bottleneck": false,
          "canonical_edge_id": 69,
          "length_m": 0.25,
          "min_clearance_m": 0.4000000059604645,
          "segment_fraction_end": 0.5732692646781873,
          "segment_fraction_start": 0.3599038970172809,
          "segment_index": 2,
          "static_traversability": "FEASIBLE"
        },
        "startid": 183
      },
      "type": "Feature"
    },
    {
      "geometry": {
        "coordinates": [
          [
            [
              10.290000000000001,
              -0.8483009433971698
            ],
            [
              10.172499735000796,
              -0.6319995760012719
            ]
          ]
        ],
        "type": "MultiLineString"
      },
      "properties": {
        "endid": 181,
        "id": 556,
        "metadata": {
          "bottleneck": false,
          "canonical_edge_id": 69,
          "length_m": 0.25,
          "min_clearance_m": 0.4000000059604645,
          "segment_fraction_end": 0.7866346323390937,
          "segment_fraction_start": 0.5732692646781873,
          "segment_index": 3,
          "static_traversability": "FEASIBLE"
        },
        "startid": 182
      },
      "type": "Feature"
    },
    {
      "geometry": {
        "coordinates": [
          [
            [
              10.172499735000796,
              -0.6319995760012719
            ],
            [
              10.040000000000001,
              -0.41999999999999993
            ]
          ]
        ],
        "type": "MultiLineString"
      },
      "properties": {
        "endid": 32,
        "id": 557,
        "metadata": {
          "bottleneck": false,
          "canonical_edge_id": 69,
          "length_m": 0.25,
          "min_clearance_m": 0.4000000059604645,
          "segment_fraction_end": 1.0,
          "segment_fraction_start": 0.7866346323390937,
          "segment_index": 4,
          "static_traversability": "FEASIBLE"
        },
        "startid": 181
      },
      "type": "Feature"
    },
    {
      "geometry": {
        "coordinates": [
          [
            [
              10.490000000000002,
              1.08
            ],
            [
              10.440614125514783,
              0.9671180011766417
            ]
          ]
        ],
        "type": "MultiLineString"
      },
      "properties": {
        "endid": 187,
        "id": 558,
        "metadata": {
          "bottleneck": false,
          "canonical_edge_id": 70,
          "length_m": 0.12321245982864937,
          "min_clearance_m": 0.6000000238418579,
          "segment_fraction_end": 0.141102498529198,
          "segment_fraction_start": 0.0,
          "segment_index": 0,
          "static_traversability": "FEASIBLE"
        },
        "startid": 35
      },
      "type": "Feature"
    },
    {
      "geometry": {
        "coordinates": [
          [
            [
              10.440614125514783,
              0.9671180011766417
            ],
            [
              10.340409417009855,
              0.7380786674510945
            ]
          ]
        ],
        "type": "MultiLineString"
      },
      "properties": {
        "endid": 186,
        "id": 559,
        "metadata": {
          "bottleneck": false,
          "canonical_edge_id": 70,
          "length_m": 0.25,
          "min_clearance_m": 0.6000000238418579,
          "segment_fraction_end": 0.427401665686132,
          "segment_fraction_start": 0.141102498529198,
          "segment_index": 1,
          "static_traversability": "FEASIBLE"
        },
        "startid": 187
      },
      "type": "Feature"
    },
    {
      "geometry": {
        "coordinates": [
          [
            [
              10.340409417009855,
              0.7380786674510945
            ],
            [
              10.240204708504928,
              0.5090393337255474
            ]
          ]
        ],
        "type": "MultiLineString"
      },
      "properties": {
        "endid": 185,
        "id": 560,
        "metadata": {
          "bottleneck": false,
          "canonical_edge_id": 70,
          "length_m": 0.25,
          "min_clearance_m": 0.6000000238418579,
          "segment_fraction_end": 0.713700832843066,
          "segment_fraction_start": 0.427401665686132,
          "segment_index": 2,
          "static_traversability": "FEASIBLE"
        },
        "startid": 186
      },
      "type": "Feature"
    },
    {
      "geometry": {
        "coordinates": [
          [
            [
              10.240204708504928,
              0.5090393337255474
            ],
            [
              10.14,
              0.28000000000000025
            ]
          ]
        ],
        "type": "MultiLineString"
      },
      "properties": {
        "endid": 33,
        "id": 561,
        "metadata": {
          "bottleneck": false,
          "canonical_edge_id": 70,
          "length_m": 0.25,
          "min_clearance_m": 0.6000000238418579,
          "segment_fraction_end": 1.0,
          "segment_fraction_start": 0.713700832843066,
          "segment_index": 3,
          "static_traversability": "FEASIBLE"
        },
        "startid": 185
      },
      "type": "Feature"
    }
  ],
  "name": "kujiale_realistic_v17:gvg_v1",
  "type": "FeatureCollection"
}
