{
  "crs": {
    "properties": {
      "name": "urn:ogc:def:crs:EPSG::3857"
    },
    "type": "name"
  },
  "features": [
    {
      "geometry": {
        "coordinates": [
          -0.058,
          0.523
        ],
        "type": "Point"
      },
      "properties": {
        "frame": "map",
        "id": 0
      },
      "type": "Feature"
    },
    {
      "geometry": {
        "coordinates": [
          0.042,
          -0.027
        ],
        "type": "Point"
      },
      "properties": {
        "frame": "map",
        "id": 1
      },
      "type": "Feature"
    },
    {
      "geometry": {
        "coordinates": [
          0.142,
          0.073
        ],
        "type": "Point"
      },
      "properties": {
        "frame": "map",
        "id": 2
      },
      "type": "Feature"
    },
    {
      "geometry": {
        "coordinates": [
          0.692,
          0.073
        ],
        "type": "Point"
      },
      "properties": {
        "frame": "map",
        "id": 3
      },
      "type": "Feature"
    },
    {
      "geometry": {
        "coordinates": [
          0.792,
          0.273
        ],
        "type": "Point"
      },
      "properties": {
        "frame": "map",
        "id": 4
      },
      "type": "Feature"
    },
    {
      "geometry": {
        "coordinates": [
          1.742,
          3.523
        ],
        "type": "Point"
      },
      "properties": {
        "frame": "map",
        "id": 5
      },
      "type": "Feature"
    },
    {
      "geometry": {
        "coordinates": [
          1.742,
          3.923
        ],
        "type": "Point"
      },
      "properties": {
        "frame": "map",
        "id": 6
      },
      "type": "Feature"
    },
    {
      "geometry": {
        "coordinates": [
          1.892,
          4.373
        ],
        "type": "Point"
      },
      "properties": {
        "frame": "map",
        "id": 7
      },
      "type": "Feature"
    },
    {
      "geometry": {
        "coordinates": [
          2.542,
          4.323
        ],
        "type": "Point"
      },
      "properties": {
        "frame": "map",
        "id": 8
      },
      "type": "Feature"
    },
    {
      "geometry": {
        "coordinates": [
          2.642,
          4.373
        ],
        "type": "Point"
      },
      "properties": {
        "frame": "map",
        "id": 9
      },
      "type": "Feature"
    },
    {
      "geometry": {
        "coordinates": [
          2.692,
          2.723
        ],
        "type": "Point"
      },
      "properties": {
        "frame": "map",
        "id": 10
      },
      "type": "Feature"
    },
    {
      "geometry": {
        "coordinates": [
          4.542,
          -1.627
        ],
        "type": "Point"
      },
      "properties": {
        "frame": "map",
        "id": 11
      },
      "type": "Feature"
    },
    {
      "geometry": {
        "coordinates": [
          4.642,
          1.073
        ],
        "type": "Point"
      },
      "properties": {
        "frame": "map",
        "id": 12
      },
      "type": "Feature"
    },
    {
      "geometry": {
        "coordinates": [
          4.642,
          2.073
        ],
        "type": "Point"
      },
      "properties": {
        "frame": "map",
        "id": 13
      },
      "type": "Feature"
    },
    {
      "geometry": {
        "coordinates": [
          4.742,
          4.623
        ],
        "type": "Point"
      },
      "properties": {
        "frame": "map",
        "id": 14
      },
      "type": "Feature"
    },
    {
      "geometry": {
        "coordinates": [
          4.992,
          -1.227
        ],
        "type": "Point"
      },
      "properties": {
        "frame": "map",
        "id": 15
      },
      "type": "Feature"
    },
    {
      "geometry": {
        "coordinates": [
          5.042,
          2.373
        ],
        "type": "Point"
      },
      "properties": {
        "frame": "map",
        "id": 16
      },
      "type": "Feature"
    },
    {
      "geometry": {
        "coordinates": [
          5.042,
          4.423
        ],
        "type": "Point"
      },
      "properties": {
        "frame": "map",
        "id": 17
      },
      "type": "Feature"
    },
    {
      "geometry": {
        "coordinates": [
          5.192,
          4.573
        ],
        "type": "Point"
      },
      "properties": {
        "frame": "map",
        "id": 18
      },
      "type": "Feature"
    },
    {
      "geometry": {
        "coordinates": [
          5.292,
          0.473
        ],
        "type": "Point"
      },
      "properties": {
        "frame": "map",
        "id": 19
      },
      "type": "Feature"
    },
    {
      "geometry": {
        "coordinates": [
          5.492,
          -0.227
        ],
        "type": "Point"
      },
      "properties": {
        "frame": "map",
        "id": 20
      },
      "type": "Feature"
    },
    {
      "geometry": {
        "coordinates": [
          5.542,
          -1.527
        ],
        "type": "Point"
      },
      "properties": {
        "frame": "map",
        "id": 21
      },
      "type": "Feature"
    },
    {
      "geometry": {
        "coordinates": [
          5.942,
          -0.977
        ],
        "type": "Point"
      },
      "properties": {
        "frame": "map",
        "id": 22
      },
      "type": "Feature"
    },
    {
      "geometry": {
        "coordinates": [
          5.942,
          -0.577
        ],
        "type": "Point"
      },
      "properties": {
        "frame": "map",
        "id": 23
      },
      "type": "Feature"
    },
    {
      "geometry": {
        "coordinates": [
          6.542,
          4.923
        ],
        "type": "Point"
      },
      "properties": {
        "frame": "map",
        "id": 24
      },
      "type": "Feature"
    },
    {
      "geometry": {
        "coordinates": [
          6.792,
          2.723
        ],
        "type": "Point"
      },
      "properties": {
        "frame": "map",
        "id": 25
      },
      "type": "Feature"
    },
    {
      "geometry": {
        "coordinates": [
          7.092,
          0.073
        ],
        "type": "Point"
      },
      "properties": {
        "frame": "map",
        "id": 26
      },
      "type": "Feature"
    },
    {
      "geometry": {
        "coordinates": [
          7.692,
          0.073
        ],
        "type": "Point"
      },
      "properties": {
        "frame": "map",
        "id": 27
      },
      "type": "Feature"
    },
    {
      "geometry": {
        "coordinates": [
          8.392,
          -0.577
        ],
        "type": "Point"
      },
      "properties": {
        "frame": "map",
        "id": 28
      },
      "type": "Feature"
    },
    {
      "geometry": {
        "coordinates": [
          8.692,
          2.673
        ],
        "type": "Point"
      },
      "properties": {
        "frame": "map",
        "id": 29
      },
      "type": "Feature"
    },
    {
      "geometry": {
        "coordinates": [
          8.892,
          1.073
        ],
        "type": "Point"
      },
      "properties": {
        "frame": "map",
        "id": 30
      },
      "type": "Feature"
    },
    {
      "geometry": {
        "coordinates": [
          8.942,
          -0.977
        ],
        "type": "Point"
      },
      "properties": {
        "frame": "map",
        "id": 31
      },
      "type": "Feature"
    },
    {
      "geometry": {
        "coordinates": [
          8.992,
          -0.827
        ],
        "type": "Point"
      },
      "properties": {
        "frame": "map",
        "id": 32
      },
      "type": "Feature"
    },
    {
      "geometry": {
        "coordinates": [
          8.992,
          2.473
        ],
        "type": "Point"
      },
      "properties": {
        "frame": "map",
        "id": 33
      },
      "type": "Feature"
    },
    {
      "geometry": {
        "coordinates": [
          9.092,
          1.323
        ],
        "type": "Point"
      },
      "properties": {
        "frame": "map",
        "id": 34
      },
      "type": "Feature"
    },
    {
      "geometry": {
        "coordinates": [
          9.142,
          5.023
        ],
        "type": "Point"
      },
      "properties": {
        "frame": "map",
        "id": 35
      },
      "type": "Feature"
    },
    {
      "geometry": {
        "coordinates": [
          10.042,
          -0.377
        ],
        "type": "Point"
      },
      "properties": {
        "frame": "map",
        "id": 36
      },
      "type": "Feature"
    },
    {
      "geometry": {
        "coordinates": [
          10.142,
          0.273
        ],
        "type": "Point"
      },
      "properties": {
        "frame": "map",
        "id": 37
      },
      "type": "Feature"
    },
    {
      "geometry": {
        "coordinates": [
          10.242,
          -1.577
        ],
        "type": "Point"
      },
      "properties": {
        "frame": "map",
        "id": 38
      },
      "type": "Feature"
    },
    {
      "geometry": {
        "coordinates": [
          10.642,
          1.173
        ],
        "type": "Point"
      },
      "properties": {
        "frame": "map",
        "id": 39
      },
      "type": "Feature"
    },
    {
      "geometry": {
        "coordinates": [
          -0.00253,
          0.289795
        ],
        "type": "Point"
      },
      "properties": {
        "frame": "map",
        "id": 40
      },
      "type": "Feature"
    },
    {
      "geometry": {
        "coordinates": [
          0.136145,
          0.081782
        ],
        "type": "Point"
      },
      "properties": {
        "frame": "map",
        "id": 41
      },
      "type": "Feature"
    },
    {
      "geometry": {
        "coordinates": [
          0.392,
          0.073
        ],
        "type": "Point"
      },
      "properties": {
        "frame": "map",
        "id": 42
      },
      "type": "Feature"
    },
    {
      "geometry": {
        "coordinates": [
          0.642,
          0.073
        ],
        "type": "Point"
      },
      "properties": {
        "frame": "map",
        "id": 43
      },
      "type": "Feature"
    },
    {
      "geometry": {
        "coordinates": [
          0.904,
          -0.0595
        ],
        "type": "Point"
      },
      "properties": {
        "frame": "map",
        "id": 44
      },
      "type": "Feature"
    },
    {
      "geometry": {
        "coordinates": [
          1.120301,
          -0.177
        ],
        "type": "Point"
      },
      "properties": {
        "frame": "map",
        "id": 45
      },
      "type": "Feature"
    },
    {
      "geometry": {
        "coordinates": [
          1.370301,
          -0.177
        ],
        "type": "Point"
      },
      "properties": {
        "frame": "map",
        "id": 46
      },
      "type": "Feature"
    },
    {
      "geometry": {
        "coordinates": [
          1.620301,
          -0.177
        ],
        "type": "Point"
      },
      "properties": {
        "frame": "map",
        "id": 47
      },
      "type": "Feature"
    },
    {
      "geometry": {
        "coordinates": [
          1.839963,
          -0.079398
        ],
        "type": "Point"
      },
      "properties": {
        "frame": "map",
        "id": 48
      },
      "type": "Feature"
    },
    {
      "geometry": {
        "coordinates": [
          2.089652,
          -0.091883
        ],
        "type": "Point"
      },
      "properties": {
        "frame": "map",
        "id": 49
      },
      "type": "Feature"
    },
    {
      "geometry": {
        "coordinates": [
          2.33934,
          -0.104367
        ],
        "type": "Point"
      },
      "properties": {
        "frame": "map",
        "id": 50
      },
      "type": "Feature"
    },
    {
      "geometry": {
        "coordinates": [
          2.589028,
          -0.116851
        ],
        "type": "Point"
      },
      "properties": {
        "frame": "map",
        "id": 51
      },
      "type": "Feature"
    },
    {
      "geometry": {
        "coordinates": [
          2.832109,
          -0.102935
        ],
        "type": "Point"
      },
      "properties": {
        "frame": "map",
        "id": 52
      },
      "type": "Feature"
    },
    {
      "geometry": {
        "coordinates": [
          3.043941,
          0.027853
        ],
        "type": "Point"
      },
      "properties": {
        "frame": "map",
        "id": 53
      },
      "type": "Feature"
    },
    {
      "geometry": {
        "coordinates": [
          3.136789,
          0.259972
        ],
        "type": "Point"
      },
      "properties": {
        "frame": "map",
        "id": 54
      },
      "type": "Feature"
    },
    {
      "geometry": {
        "coordinates": [
          3.229636,
          0.492091
        ],
        "type": "Point"
      },
      "properties": {
        "frame": "map",
        "id": 55
      },
      "type": "Feature"
    },
    {
      "geometry": {
        "coordinates": [
          3.322484,
          0.72421
        ],
        "type": "Point"
      },
      "properties": {
        "frame": "map",
        "id": 56
      },
      "type": "Feature"
    },
    {
      "geometry": {
        "coordinates": [
          3.415332,
          0.956329
        ],
        "type": "Point"
      },
      "properties": {
        "frame": "map",
        "id": 57
      },
      "type": "Feature"
    },
    {
      "geometry": {
        "coordinates": [
          3.620039,
          1.030418
        ],
        "type": "Point"
      },
      "properties": {
        "frame": "map",
        "id": 58
      },
      "type": "Feature"
    },
    {
      "geometry": {
        "coordinates": [
          3.869822,
          1.040826
        ],
        "type": "Point"
      },
      "properties": {
        "frame": "map",
        "id": 59
      },
      "type": "Feature"
    },
    {
      "geometry": {
        "coordinates": [
          4.119606,
          1.051234
        ],
        "type": "Point"
      },
      "properties": {
        "frame": "map",
        "id": 60
      },
      "type": "Feature"
    },
    {
      "geometry": {
        "coordinates": [
          4.369389,
          1.061641
        ],
        "type": "Point"
      },
      "properties": {
        "frame": "map",
        "id": 61
      },
      "type": "Feature"
    },
    {
      "geometry": {
        "coordinates": [
          4.619172,
          1.072049
        ],
        "type": "Point"
      },
      "properties": {
        "frame": "map",
        "id": 62
      },
      "type": "Feature"
    },
    {
      "geometry": {
        "coordinates": [
          1.84048,
          3.293214
        ],
        "type": "Point"
      },
      "properties": {
        "frame": "map",
        "id": 63
      },
      "type": "Feature"
    },
    {
      "geometry": {
        "coordinates": [
          1.962117,
          3.076589
        ],
        "type": "Point"
      },
      "properties": {
        "frame": "map",
        "id": 64
      },
      "type": "Feature"
    },
    {
      "geometry": {
        "coordinates": [
          2.10916,
          2.874405
        ],
        "type": "Point"
      },
      "properties": {
        "frame": "map",
        "id": 65
      },
      "type": "Feature"
    },
    {
      "geometry": {
        "coordinates": [
          2.256203,
          2.672221
        ],
        "type": "Point"
      },
      "properties": {
        "frame": "map",
        "id": 66
      },
      "type": "Feature"
    },
    {
      "geometry": {
        "coordinates": [
          2.475491,
          2.668873
        ],
        "type": "Point"
      },
      "properties": {
        "frame": "map",
        "id": 67
      },
      "type": "Feature"
    },
    {
      "geometry": {
        "coordinates": [
          1.821057,
          4.160171
        ],
        "type": "Point"
      },
      "properties": {
        "frame": "map",
        "id": 68
      },
      "type": "Feature"
    },
    {
      "geometry": {
        "coordinates": [
          2.692,
          4.123
        ],
        "type": "Point"
      },
      "properties": {
        "frame": "map",
        "id": 69
      },
      "type": "Feature"
    },
    {
      "geometry": {
        "coordinates": [
          2.842,
          3.923
        ],
        "type": "Point"
      },
      "properties": {
        "frame": "map",
        "id": 70
      },
      "type": "Feature"
    },
    {
      "geometry": {
        "coordinates": [
          2.892,
          3.679155
        ],
        "type": "Point"
      },
      "properties": {
        "frame": "map",
        "id": 71
      },
      "type": "Feature"
    },
    {
      "geometry": {
        "coordinates": [
          2.892,
          3.429155
        ],
        "type": "Point"
      },
      "properties": {
        "frame": "map",
        "id": 72
      },
      "type": "Feature"
    },
    {
      "geometry": {
        "coordinates": [
          2.795826,
          3.204696
        ],
        "type": "Point"
      },
      "properties": {
        "frame": "map",
        "id": 73
      },
      "type": "Feature"
    },
    {
      "geometry": {
        "coordinates": [
          2.692,
          2.982268
        ],
        "type": "Point"
      },
      "properties": {
        "frame": "map",
        "id": 74
      },
      "type": "Feature"
    },
    {
      "geometry": {
        "coordinates": [
          2.692,
          2.732268
        ],
        "type": "Point"
      },
      "properties": {
        "frame": "map",
        "id": 75
      },
      "type": "Feature"
    },
    {
      "geometry": {
        "coordinates": [
          2.915607,
          2.611197
        ],
        "type": "Point"
      },
      "properties": {
        "frame": "map",
        "id": 76
      },
      "type": "Feature"
    },
    {
      "geometry": {
        "coordinates": [
          3.139214,
          2.499393
        ],
        "type": "Point"
      },
      "properties": {
        "frame": "map",
        "id": 77
      },
      "type": "Feature"
    },
    {
      "geometry": {
        "coordinates": [
          3.36282,
          2.38759
        ],
        "type": "Point"
      },
      "properties": {
        "frame": "map",
        "id": 78
      },
      "type": "Feature"
    },
    {
      "geometry": {
        "coordinates": [
          3.609376,
          2.373
        ],
        "type": "Point"
      },
      "properties": {
        "frame": "map",
        "id": 79
      },
      "type": "Feature"
    },
    {
      "geometry": {
        "coordinates": [
          3.859376,
          2.373
        ],
        "type": "Point"
      },
      "properties": {
        "frame": "map",
        "id": 80
      },
      "type": "Feature"
    },
    {
      "geometry": {
        "coordinates": [
          4.109376,
          2.373
        ],
        "type": "Point"
      },
      "properties": {
        "frame": "map",
        "id": 81
      },
      "type": "Feature"
    },
    {
      "geometry": {
        "coordinates": [
          4.328399,
          2.261161
        ],
        "type": "Point"
      },
      "properties": {
        "frame": "map",
        "id": 82
      },
      "type": "Feature"
    },
    {
      "geometry": {
        "coordinates": [
          4.542772,
          2.132537
        ],
        "type": "Point"
      },
      "properties": {
        "frame": "map",
        "id": 83
      },
      "type": "Feature"
    },
    {
      "geometry": {
        "coordinates": [
          4.728852,
          -1.460909
        ],
        "type": "Point"
      },
      "properties": {
        "frame": "map",
        "id": 84
      },
      "type": "Feature"
    },
    {
      "geometry": {
        "coordinates": [
          4.915705,
          -1.294818
        ],
        "type": "Point"
      },
      "properties": {
        "frame": "map",
        "id": 85
      },
      "type": "Feature"
    },
    {
      "geometry": {
        "coordinates": [
          4.642,
          1.323
        ],
        "type": "Point"
      },
      "properties": {
        "frame": "map",
        "id": 86
      },
      "type": "Feature"
    },
    {
      "geometry": {
        "coordinates": [
          4.642,
          1.573
        ],
        "type": "Point"
      },
      "properties": {
        "frame": "map",
        "id": 87
      },
      "type": "Feature"
    },
    {
      "geometry": {
        "coordinates": [
          4.642,
          1.823
        ],
        "type": "Point"
      },
      "properties": {
        "frame": "map",
        "id": 88
      },
      "type": "Feature"
    },
    {
      "geometry": {
        "coordinates": [
          4.825701,
          0.90343
        ],
        "type": "Point"
      },
      "properties": {
        "frame": "map",
        "id": 89
      },
      "type": "Feature"
    },
    {
      "geometry": {
        "coordinates": [
          5.009402,
          0.73386
        ],
        "type": "Point"
      },
      "properties": {
        "frame": "map",
        "id": 90
      },
      "type": "Feature"
    },
    {
      "geometry": {
        "coordinates": [
          5.193103,
          0.56429
        ],
        "type": "Point"
      },
      "properties": {
        "frame": "map",
        "id": 91
      },
      "type": "Feature"
    },
    {
      "geometry": {
        "coordinates": [
          4.842,
          2.223
        ],
        "type": "Point"
      },
      "properties": {
        "frame": "map",
        "id": 92
      },
      "type": "Feature"
    },
    {
      "geometry": {
        "coordinates": [
          4.950013,
          4.484325
        ],
        "type": "Point"
      },
      "properties": {
        "frame": "map",
        "id": 93
      },
      "type": "Feature"
    },
    {
      "geometry": {
        "coordinates": [
          5.103803,
          -1.003393
        ],
        "type": "Point"
      },
      "properties": {
        "frame": "map",
        "id": 94
      },
      "type": "Feature"
    },
    {
      "geometry": {
        "coordinates": [
          5.215607,
          -0.779786
        ],
        "type": "Point"
      },
      "properties": {
        "frame": "map",
        "id": 95
      },
      "type": "Feature"
    },
    {
      "geometry": {
        "coordinates": [
          5.32741,
          -0.55618
        ],
        "type": "Point"
      },
      "properties": {
        "frame": "map",
        "id": 96
      },
      "type": "Feature"
    },
    {
      "geometry": {
        "coordinates": [
          5.439214,
          -0.332573
        ],
        "type": "Point"
      },
      "properties": {
        "frame": "map",
        "id": 97
      },
      "type": "Feature"
    },
    {
      "geometry": {
        "coordinates": [
          5.181814,
          -1.389698
        ],
        "type": "Point"
      },
      "properties": {
        "frame": "map",
        "id": 98
      },
      "type": "Feature"
    },
    {
      "geometry": {
        "coordinates": [
          5.381023,
          -1.527
        ],
        "type": "Point"
      },
      "properties": {
        "frame": "map",
        "id": 99
      },
      "type": "Feature"
    },
    {
      "geometry": {
        "coordinates": [
          5.059812,
          2.622365
        ],
        "type": "Point"
      },
      "properties": {
        "frame": "map",
        "id": 100
      },
      "type": "Feature"
    },
    {
      "geometry": {
        "coordinates": [
          5.077624,
          2.871729
        ],
        "type": "Point"
      },
      "properties": {
        "frame": "map",
        "id": 101
      },
      "type": "Feature"
    },
    {
      "geometry": {
        "coordinates": [
          5.070437,
          3.116126
        ],
        "type": "Point"
      },
      "properties": {
        "frame": "map",
        "id": 102
      },
      "type": "Feature"
    },
    {
      "geometry": {
        "coordinates": [
          4.958634,
          3.339733
        ],
        "type": "Point"
      },
      "properties": {
        "frame": "map",
        "id": 103
      },
      "type": "Feature"
    },
    {
      "geometry": {
        "coordinates": [
          4.892,
          3.574003
        ],
        "type": "Point"
      },
      "properties": {
        "frame": "map",
        "id": 104
      },
      "type": "Feature"
    },
    {
      "geometry": {
        "coordinates": [
          4.892,
          3.824003
        ],
        "type": "Point"
      },
      "properties": {
        "frame": "map",
        "id": 105
      },
      "type": "Feature"
    },
    {
      "geometry": {
        "coordinates": [
          4.959531,
          4.058061
        ],
        "type": "Point"
      },
      "properties": {
        "frame": "map",
        "id": 106
      },
      "type": "Feature"
    },
    {
      "geometry": {
        "coordinates": [
          5.042,
          4.288593
        ],
        "type": "Point"
      },
      "properties": {
        "frame": "map",
        "id": 107
      },
      "type": "Feature"
    },
    {
      "geometry": {
        "coordinates": [
          5.292,
          2.373
        ],
        "type": "Point"
      },
      "properties": {
        "frame": "map",
        "id": 108
      },
      "type": "Feature"
    },
    {
      "geometry": {
        "coordinates": [
          5.542,
          2.373
        ],
        "type": "Point"
      },
      "properties": {
        "frame": "map",
        "id": 109
      },
      "type": "Feature"
    },
    {
      "geometry": {
        "coordinates": [
          5.792,
          2.373
        ],
        "type": "Point"
      },
      "properties": {
        "frame": "map",
        "id": 110
      },
      "type": "Feature"
    },
    {
      "geometry": {
        "coordinates": [
          6.011602,
          2.475178
        ],
        "type": "Point"
      },
      "properties": {
        "frame": "map",
        "id": 111
      },
      "type": "Feature"
    },
    {
      "geometry": {
        "coordinates": [
          6.260073,
          2.502786
        ],
        "type": "Point"
      },
      "properties": {
        "frame": "map",
        "id": 112
      },
      "type": "Feature"
    },
    {
      "geometry": {
        "coordinates": [
          6.500132,
          2.556218
        ],
        "type": "Point"
      },
      "properties": {
        "frame": "map",
        "id": 113
      },
      "type": "Feature"
    },
    {
      "geometry": {
        "coordinates": [
          6.717192,
          2.680253
        ],
        "type": "Point"
      },
      "properties": {
        "frame": "map",
        "id": 114
      },
      "type": "Feature"
    },
    {
      "geometry": {
        "coordinates": [
          5.295153,
          0.245434
        ],
        "type": "Point"
      },
      "properties": {
        "frame": "map",
        "id": 115
      },
      "type": "Feature"
    },
    {
      "geometry": {
        "coordinates": [
          5.391306,
          0.014665
        ],
        "type": "Point"
      },
      "properties": {
        "frame": "map",
        "id": 116
      },
      "type": "Feature"
    },
    {
      "geometry": {
        "coordinates": [
          5.48746,
          -0.216105
        ],
        "type": "Point"
      },
      "properties": {
        "frame": "map",
        "id": 117
      },
      "type": "Feature"
    },
    {
      "geometry": {
        "coordinates": [
          5.504915,
          0.604024
        ],
        "type": "Point"
      },
      "properties": {
        "frame": "map",
        "id": 118
      },
      "type": "Feature"
    },
    {
      "geometry": {
        "coordinates": [
          5.717829,
          0.735049
        ],
        "type": "Point"
      },
      "properties": {
        "frame": "map",
        "id": 119
      },
      "type": "Feature"
    },
    {
      "geometry": {
        "coordinates": [
          5.930744,
          0.866073
        ],
        "type": "Point"
      },
      "properties": {
        "frame": "map",
        "id": 120
      },
      "type": "Feature"
    },
    {
      "geometry": {
        "coordinates": [
          6.178734,
          0.868169
        ],
        "type": "Point"
      },
      "properties": {
        "frame": "map",
        "id": 121
      },
      "type": "Feature"
    },
    {
      "geometry": {
        "coordinates": [
          6.428682,
          0.863068
        ],
        "type": "Point"
      },
      "properties": {
        "frame": "map",
        "id": 122
      },
      "type": "Feature"
    },
    {
      "geometry": {
        "coordinates": [
          6.67863,
          0.857967
        ],
        "type": "Point"
      },
      "properties": {
        "frame": "map",
        "id": 123
      },
      "type": "Feature"
    },
    {
      "geometry": {
        "coordinates": [
          6.928578,
          0.852866
        ],
        "type": "Point"
      },
      "properties": {
        "frame": "map",
        "id": 124
      },
      "type": "Feature"
    },
    {
      "geometry": {
        "coordinates": [
          7.178526,
          0.847765
        ],
        "type": "Point"
      },
      "properties": {
        "frame": "map",
        "id": 125
      },
      "type": "Feature"
    },
    {
      "geometry": {
        "coordinates": [
          7.428474,
          0.842664
        ],
        "type": "Point"
      },
      "properties": {
        "frame": "map",
        "id": 126
      },
      "type": "Feature"
    },
    {
      "geometry": {
        "coordinates": [
          7.678422,
          0.837563
        ],
        "type": "Point"
      },
      "properties": {
        "frame": "map",
        "id": 127
      },
      "type": "Feature"
    },
    {
      "geometry": {
        "coordinates": [
          7.92837,
          0.832462
        ],
        "type": "Point"
      },
      "properties": {
        "frame": "map",
        "id": 128
      },
      "type": "Feature"
    },
    {
      "geometry": {
        "coordinates": [
          8.178317,
          0.827361
        ],
        "type": "Point"
      },
      "properties": {
        "frame": "map",
        "id": 129
      },
      "type": "Feature"
    },
    {
      "geometry": {
        "coordinates": [
          8.424444,
          0.839222
        ],
        "type": "Point"
      },
      "properties": {
        "frame": "map",
        "id": 130
      },
      "type": "Feature"
    },
    {
      "geometry": {
        "coordinates": [
          8.64805,
          0.951025
        ],
        "type": "Point"
      },
      "properties": {
        "frame": "map",
        "id": 131
      },
      "type": "Feature"
    },
    {
      "geometry": {
        "coordinates": [
          8.871657,
          1.062829
        ],
        "type": "Point"
      },
      "properties": {
        "frame": "map",
        "id": 132
      },
      "type": "Feature"
    },
    {
      "geometry": {
        "coordinates": [
          5.698066,
          -0.333066
        ],
        "type": "Point"
      },
      "properties": {
        "frame": "map",
        "id": 133
      },
      "type": "Feature"
    },
    {
      "geometry": {
        "coordinates": [
          5.874843,
          -0.509843
        ],
        "type": "Point"
      },
      "properties": {
        "frame": "map",
        "id": 134
      },
      "type": "Feature"
    },
    {
      "geometry": {
        "coordinates": [
          5.942,
          -0.727
        ],
        "type": "Point"
      },
      "properties": {
        "frame": "map",
        "id": 135
      },
      "type": "Feature"
    },
    {
      "geometry": {
        "coordinates": [
          6.191317,
          -0.595468
        ],
        "type": "Point"
      },
      "properties": {
        "frame": "map",
        "id": 136
      },
      "type": "Feature"
    },
    {
      "geometry": {
        "coordinates": [
          6.440634,
          -0.613936
        ],
        "type": "Point"
      },
      "properties": {
        "frame": "map",
        "id": 137
      },
      "type": "Feature"
    },
    {
      "geometry": {
        "coordinates": [
          6.689951,
          -0.632404
        ],
        "type": "Point"
      },
      "properties": {
        "frame": "map",
        "id": 138
      },
      "type": "Feature"
    },
    {
      "geometry": {
        "coordinates": [
          6.939268,
          -0.650872
        ],
        "type": "Point"
      },
      "properties": {
        "frame": "map",
        "id": 139
      },
      "type": "Feature"
    },
    {
      "geometry": {
        "coordinates": [
          7.188585,
          -0.66934
        ],
        "type": "Point"
      },
      "properties": {
        "frame": "map",
        "id": 140
      },
      "type": "Feature"
    },
    {
      "geometry": {
        "coordinates": [
          7.437701,
          -0.663754
        ],
        "type": "Point"
      },
      "properties": {
        "frame": "map",
        "id": 141
      },
      "type": "Feature"
    },
    {
      "geometry": {
        "coordinates": [
          7.686674,
          -0.641121
        ],
        "type": "Point"
      },
      "properties": {
        "frame": "map",
        "id": 142
      },
      "type": "Feature"
    },
    {
      "geometry": {
        "coordinates": [
          7.935647,
          -0.618487
        ],
        "type": "Point"
      },
      "properties": {
        "frame": "map",
        "id": 143
      },
      "type": "Feature"
    },
    {
      "geometry": {
        "coordinates": [
          8.18462,
          -0.595853
        ],
        "type": "Point"
      },
      "properties": {
        "frame": "map",
        "id": 144
      },
      "type": "Feature"
    },
    {
      "geometry": {
        "coordinates": [
          6.542,
          4.673
        ],
        "type": "Point"
      },
      "properties": {
        "frame": "map",
        "id": 145
      },
      "type": "Feature"
    },
    {
      "geometry": {
        "coordinates": [
          6.542,
          4.423
        ],
        "type": "Point"
      },
      "properties": {
        "frame": "map",
        "id": 146
      },
      "type": "Feature"
    },
    {
      "geometry": {
        "coordinates": [
          6.542,
          4.173
        ],
        "type": "Point"
      },
      "properties": {
        "frame": "map",
        "id": 147
      },
      "type": "Feature"
    },
    {
      "geometry": {
        "coordinates": [
          6.542,
          3.923
        ],
        "type": "Point"
      },
      "properties": {
        "frame": "map",
        "id": 148
      },
      "type": "Feature"
    },
    {
      "geometry": {
        "coordinates": [
          6.542,
          3.673
        ],
        "type": "Point"
      },
      "properties": {
        "frame": "map",
        "id": 149
      },
      "type": "Feature"
    },
    {
      "geometry": {
        "coordinates": [
          6.542,
          3.423
        ],
        "type": "Point"
      },
      "properties": {
        "frame": "map",
        "id": 150
      },
      "type": "Feature"
    },
    {
      "geometry": {
        "coordinates": [
          6.663411,
          3.204461
        ],
        "type": "Point"
      },
      "properties": {
        "frame": "map",
        "id": 151
      },
      "type": "Feature"
    },
    {
      "geometry": {
        "coordinates": [
          6.784821,
          2.985921
        ],
        "type": "Point"
      },
      "properties": {
        "frame": "map",
        "id": 152
      },
      "type": "Feature"
    },
    {
      "geometry": {
        "coordinates": [
          6.792,
          2.737782
        ],
        "type": "Point"
      },
      "properties": {
        "frame": "map",
        "id": 153
      },
      "type": "Feature"
    },
    {
      "geometry": {
        "coordinates": [
          7.018382,
          2.623776
        ],
        "type": "Point"
      },
      "properties": {
        "frame": "map",
        "id": 154
      },
      "type": "Feature"
    },
    {
      "geometry": {
        "coordinates": [
          7.268274,
          2.631126
        ],
        "type": "Point"
      },
      "properties": {
        "frame": "map",
        "id": 155
      },
      "type": "Feature"
    },
    {
      "geometry": {
        "coordinates": [
          7.518166,
          2.638475
        ],
        "type": "Point"
      },
      "properties": {
        "frame": "map",
        "id": 156
      },
      "type": "Feature"
    },
    {
      "geometry": {
        "coordinates": [
          7.768058,
          2.645825
        ],
        "type": "Point"
      },
      "properties": {
        "frame": "map",
        "id": 157
      },
      "type": "Feature"
    },
    {
      "geometry": {
        "coordinates": [
          8.01795,
          2.653175
        ],
        "type": "Point"
      },
      "properties": {
        "frame": "map",
        "id": 158
      },
      "type": "Feature"
    },
    {
      "geometry": {
        "coordinates": [
          8.267841,
          2.660525
        ],
        "type": "Point"
      },
      "properties": {
        "frame": "map",
        "id": 159
      },
      "type": "Feature"
    },
    {
      "geometry": {
        "coordinates": [
          8.517733,
          2.667875
        ],
        "type": "Point"
      },
      "properties": {
        "frame": "map",
        "id": 160
      },
      "type": "Feature"
    },
    {
      "geometry": {
        "coordinates": [
          7.342,
          0.073
        ],
        "type": "Point"
      },
      "properties": {
        "frame": "map",
        "id": 161
      },
      "type": "Feature"
    },
    {
      "geometry": {
        "coordinates": [
          7.592,
          0.073
        ],
        "type": "Point"
      },
      "properties": {
        "frame": "map",
        "id": 162
      },
      "type": "Feature"
    },
    {
      "geometry": {
        "coordinates": [
          8.629416,
          -0.625564
        ],
        "type": "Point"
      },
      "properties": {
        "frame": "map",
        "id": 163
      },
      "type": "Feature"
    },
    {
      "geometry": {
        "coordinates": [
          8.847955,
          -0.746975
        ],
        "type": "Point"
      },
      "properties": {
        "frame": "map",
        "id": 164
      },
      "type": "Feature"
    },
    {
      "geometry": {
        "coordinates": [
          8.900013,
          2.534325
        ],
        "type": "Point"
      },
      "properties": {
        "frame": "map",
        "id": 165
      },
      "type": "Feature"
    },
    {
      "geometry": {
        "coordinates": [
          8.868777,
          2.849777
        ],
        "type": "Point"
      },
      "properties": {
        "frame": "map",
        "id": 166
      },
      "type": "Feature"
    },
    {
      "geometry": {
        "coordinates": [
          9.045553,
          3.026553
        ],
        "type": "Point"
      },
      "properties": {
        "frame": "map",
        "id": 167
      },
      "type": "Feature"
    },
    {
      "geometry": {
        "coordinates": [
          9.160453,
          3.244132
        ],
        "type": "Point"
      },
      "properties": {
        "frame": "map",
        "id": 168
      },
      "type": "Feature"
    },
    {
      "geometry": {
        "coordinates": [
          9.2533,
          3.476251
        ],
        "type": "Point"
      },
      "properties": {
        "frame": "map",
        "id": 169
      },
      "type": "Feature"
    },
    {
      "geometry": {
        "coordinates": [
          9.256639,
          3.714445
        ],
        "type": "Point"
      },
      "properties": {
        "frame": "map",
        "id": 170
      },
      "type": "Feature"
    },
    {
      "geometry": {
        "coordinates": [
          9.265522,
          3.961178
        ],
        "type": "Point"
      },
      "properties": {
        "frame": "map",
        "id": 171
      },
      "type": "Feature"
    },
    {
      "geometry": {
        "coordinates": [
          9.285652,
          4.208974
        ],
        "type": "Point"
      },
      "properties": {
        "frame": "map",
        "id": 172
      },
      "type": "Feature"
    },
    {
      "geometry": {
        "coordinates": [
          9.242205,
          4.45517
        ],
        "type": "Point"
      },
      "properties": {
        "frame": "map",
        "id": 173
      },
      "type": "Feature"
    },
    {
      "geometry": {
        "coordinates": [
          9.198759,
          4.701366
        ],
        "type": "Point"
      },
      "properties": {
        "frame": "map",
        "id": 174
      },
      "type": "Feature"
    },
    {
      "geometry": {
        "coordinates": [
          9.155313,
          4.947562
        ],
        "type": "Point"
      },
      "properties": {
        "frame": "map",
        "id": 175
      },
      "type": "Feature"
    },
    {
      "geometry": {
        "coordinates": [
          9.012,
          1.263
        ],
        "type": "Point"
      },
      "properties": {
        "frame": "map",
        "id": 176
      },
      "type": "Feature"
    },
    {
      "geometry": {
        "coordinates": [
          9.075701,
          0.90343
        ],
        "type": "Point"
      },
      "properties": {
        "frame": "map",
        "id": 177
      },
      "type": "Feature"
    },
    {
      "geometry": {
        "coordinates": [
          9.259402,
          0.73386
        ],
        "type": "Point"
      },
      "properties": {
        "frame": "map",
        "id": 178
      },
      "type": "Feature"
    },
    {
      "geometry": {
        "coordinates": [
          9.443103,
          0.56429
        ],
        "type": "Point"
      },
      "properties": {
        "frame": "map",
        "id": 179
      },
      "type": "Feature"
    },
    {
      "geometry": {
        "coordinates": [
          9.651487,
          0.436504
        ],
        "type": "Point"
      },
      "properties": {
        "frame": "map",
        "id": 180
      },
      "type": "Feature"
    },
    {
      "geometry": {
        "coordinates": [
          9.888658,
          0.357447
        ],
        "type": "Point"
      },
      "properties": {
        "frame": "map",
        "id": 181
      },
      "type": "Feature"
    },
    {
      "geometry": {
        "coordinates": [
          10.125829,
          0.27839
        ],
        "type": "Point"
      },
      "properties": {
        "frame": "map",
        "id": 182
      },
      "type": "Feature"
    },
    {
      "geometry": {
        "coordinates": [
          9.210403,
          -0.734909
        ],
        "type": "Point"
      },
      "properties": {
        "frame": "map",
        "id": 183
      },
      "type": "Feature"
    },
    {
      "geometry": {
        "coordinates": [
          9.407741,
          -0.581424
        ],
        "type": "Point"
      },
      "properties": {
        "frame": "map",
        "id": 184
      },
      "type": "Feature"
    },
    {
      "geometry": {
        "coordinates": [
          9.62036,
          -0.461328
        ],
        "type": "Point"
      },
      "properties": {
        "frame": "map",
        "id": 185
      },
      "type": "Feature"
    },
    {
      "geometry": {
        "coordinates": [
          9.865506,
          -0.412299
        ],
        "type": "Point"
      },
      "properties": {
        "frame": "map",
        "id": 186
      },
      "type": "Feature"
    },
    {
      "geometry": {
        "coordinates": [
          10.14048,
          -0.147214
        ],
        "type": "Point"
      },
      "properties": {
        "frame": "map",
        "id": 187
      },
      "type": "Feature"
    },
    {
      "geometry": {
        "coordinates": [
          10.172402,
          0.090589
        ],
        "type": "Point"
      },
      "properties": {
        "frame": "map",
        "id": 188
      },
      "type": "Feature"
    },
    {
      "geometry": {
        "coordinates": [
          10.163411,
          -0.595539
        ],
        "type": "Point"
      },
      "properties": {
        "frame": "map",
        "id": 189
      },
      "type": "Feature"
    },
    {
      "geometry": {
        "coordinates": [
          10.284821,
          -0.814079
        ],
        "type": "Point"
      },
      "properties": {
        "frame": "map",
        "id": 190
      },
      "type": "Feature"
    },
    {
      "geometry": {
        "coordinates": [
          10.276353,
          -1.061698
        ],
        "type": "Point"
      },
      "properties": {
        "frame": "map",
        "id": 191
      },
      "type": "Feature"
    },
    {
      "geometry": {
        "coordinates": [
          10.259724,
          -1.311144
        ],
        "type": "Point"
      },
      "properties": {
        "frame": "map",
        "id": 192
      },
      "type": "Feature"
    },
    {
      "geometry": {
        "coordinates": [
          10.243094,
          -1.56059
        ],
        "type": "Point"
      },
      "properties": {
        "frame": "map",
        "id": 193
      },
      "type": "Feature"
    },
    {
      "geometry": {
        "coordinates": [
          10.260525,
          0.493118
        ],
        "type": "Point"
      },
      "properties": {
        "frame": "map",
        "id": 194
      },
      "type": "Feature"
    },
    {
      "geometry": {
        "coordinates": [
          10.37905,
          0.713236
        ],
        "type": "Point"
      },
      "properties": {
        "frame": "map",
        "id": 195
      },
      "type": "Feature"
    },
    {
      "geometry": {
        "coordinates": [
          10.492,
          0.934759
        ],
        "type": "Point"
      },
      "properties": {
        "frame": "map",
        "id": 196
      },
      "type": "Feature"
    },
    {
      "geometry": {
        "coordinates": [
          10.584989,
          1.134993
        ],
        "type": "Point"
      },
      "properties": {
        "frame": "map",
        "id": 197
      },
      "type": "Feature"
    },
    {
      "geometry": {
        "coordinates": [
          [
            [
              -0.05799999999999994,
              0.5230000000000001
            ],
            [
              -0.002529980377477016,
              0.2897949705662157
            ]
          ]
        ],
        "type": "MultiLineString"
      },
      "properties": {
        "endid": 40,
        "id": 198,
        "metadata": {
          "bottleneck": false,
          "canonical_edge_id": 1,
          "length_m": 0.25,
          "min_clearance_m": 0.49244290590286255,
          "segment_fraction_end": 0.48966308731720665,
          "segment_fraction_start": 0.0,
          "segment_index": 0,
          "static_traversability": "FEASIBLE"
        },
        "startid": 0
      },
      "type": "Feature"
    },
    {
      "geometry": {
        "coordinates": [
          [
            [
              -0.002529980377477016,
              0.2897949705662157
            ],
            [
              0.13614506867883017,
              0.08178239698175477
            ]
          ]
        ],
        "type": "MultiLineString"
      },
      "properties": {
        "endid": 41,
        "id": 199,
        "metadata": {
          "bottleneck": false,
          "canonical_edge_id": 1,
          "length_m": 0.25,
          "min_clearance_m": 0.49244290590286255,
          "segment_fraction_end": 0.9793261746344133,
          "segment_fraction_start": 0.48966308731720665,
          "segment_index": 1,
          "static_traversability": "FEASIBLE"
        },
        "startid": 40
      },
      "type": "Feature"
    },
    {
      "geometry": {
        "coordinates": [
          [
            [
              0.13614506867883017,
              0.08178239698175477
            ],
            [
              0.14200000000000007,
              0.0729999999999999
            ]
          ]
        ],
        "type": "MultiLineString"
      },
      "properties": {
        "endid": 2,
        "id": 200,
        "metadata": {
          "bottleneck": false,
          "canonical_edge_id": 1,
          "length_m": 0.01055512754639909,
          "min_clearance_m": 0.49244290590286255,
          "segment_fraction_end": 1.0,
          "segment_fraction_start": 0.9793261746344133,
          "segment_index": 2,
          "static_traversability": "FEASIBLE"
        },
        "startid": 41
      },
      "type": "Feature"
    },
    {
      "geometry": {
        "coordinates": [
          [
            [
              0.04200000000000004,
              -0.027000000000000135
            ],
            [
              0.14200000000000002,
              0.07299999999999995
            ]
          ]
        ],
        "type": "MultiLineString"
      },
      "properties": {
        "endid": 2,
        "id": 201,
        "metadata": {
          "bottleneck": false,
          "canonical_edge_id": 2,
          "length_m": 0.14142135623730953,
          "min_clearance_m": 0.5315073132514954,
          "segment_fraction_end": 1.0,
          "segment_fraction_start": 0.0,
          "segment_index": 0,
          "static_traversability": "FEASIBLE"
        },
        "startid": 1
      },
      "type": "Feature"
    },
    {
      "geometry": {
        "coordinates": [
          [
            [
              0.14200000000000007,
              0.0729999999999999
            ],
            [
              0.13614506867883017,
              0.08178239698175477
            ]
          ]
        ],
        "type": "MultiLineString"
      },
      "properties": {
        "endid": 41,
        "id": 202,
        "metadata": {
          "bottleneck": false,
          "canonical_edge_id": 3,
          "length_m": 0.01055512754639909,
          "min_clearance_m": 0.49244290590286255,
          "segment_fraction_end": 0.020673825365586682,
          "segment_fraction_start": 0.0,
          "segment_index": 0,
          "static_traversability": "FEASIBLE"
        },
        "startid": 2
      },
      "type": "Feature"
    },
    {
      "geometry": {
        "coordinates": [
          [
            [
              0.13614506867883017,
              0.08178239698175477
            ],
            [
              -0.002529980377477016,
              0.2897949705662157
            ]
          ]
        ],
        "type": "MultiLineString"
      },
      "properties": {
        "endid": 40,
        "id": 203,
        "metadata": {
          "bottleneck": false,
          "canonical_edge_id": 3,
          "length_m": 0.25,
          "min_clearance_m": 0.49244290590286255,
          "segment_fraction_end": 0.5103369126827934,
          "segment_fraction_start": 0.020673825365586682,
          "segment_index": 1,
          "static_traversability": "FEASIBLE"
        },
        "startid": 41
      },
      "type": "Feature"
    },
    {
      "geometry": {
        "coordinates": [
          [
            [
              -0.002529980377477016,
              0.2897949705662157
            ],
            [
              -0.05799999999999994,
              0.5230000000000001
            ]
          ]
        ],
        "type": "MultiLineString"
      },
      "properties": {
        "endid": 0,
        "id": 204,
        "metadata": {
          "bottleneck": false,
          "canonical_edge_id": 3,
          "length_m": 0.25,
          "min_clearance_m": 0.49244290590286255,
          "segment_fraction_end": 1.0,
          "segment_fraction_start": 0.5103369126827934,
          "segment_index": 2,
          "static_traversability": "FEASIBLE"
        },
        "startid": 40
      },
      "type": "Feature"
    },
    {
      "geometry": {
        "coordinates": [
          [
            [
              0.14200000000000002,
              0.07299999999999995
            ],
            [
              0.04200000000000004,
              -0.027000000000000135
            ]
          ]
        ],
        "type": "MultiLineString"
      },
      "properties": {
        "endid": 1,
        "id": 205,
        "metadata": {
          "bottleneck": false,
          "canonical_edge_id": 4,
          "length_m": 0.14142135623730953,
          "min_clearance_m": 0.5315073132514954,
          "segment_fraction_end": 1.0,
          "segment_fraction_start": 0.0,
          "segment_index": 0,
          "static_traversability": "FEASIBLE"
        },
        "startid": 2
      },
      "type": "Feature"
    },
    {
      "geometry": {
        "coordinates": [
          [
            [
              0.14200000000000002,
              0.07299999999999995
            ],
            [
              0.392,
              0.07299999999999995
            ]
          ]
        ],
        "type": "MultiLineString"
      },
      "properties": {
        "endid": 42,
        "id": 206,
        "metadata": {
          "bottleneck": false,
          "canonical_edge_id": 5,
          "length_m": 0.25,
          "min_clearance_m": 0.45000001788139343,
          "segment_fraction_end": 0.45454545454545453,
          "segment_fraction_start": 0.0,
          "segment_index": 0,
          "static_traversability": "FEASIBLE"
        },
        "startid": 2
      },
      "type": "Feature"
    },
    {
      "geometry": {
        "coordinates": [
          [
            [
              0.392,
              0.07299999999999995
            ],
            [
              0.642,
              0.07299999999999995
            ]
          ]
        ],
        "type": "MultiLineString"
      },
      "properties": {
        "endid": 43,
        "id": 207,
        "metadata": {
          "bottleneck": false,
          "canonical_edge_id": 5,
          "length_m": 0.25,
          "min_clearance_m": 0.45000001788139343,
          "segment_fraction_end": 0.9090909090909091,
          "segment_fraction_start": 0.45454545454545453,
          "segment_index": 1,
          "static_traversability": "FEASIBLE"
        },
        "startid": 42
      },
      "type": "Feature"
    },
    {
      "geometry": {
        "coordinates": [
          [
            [
              0.642,
              0.07299999999999995
            ],
            [
              0.6920000000000001,
              0.07299999999999995
            ]
          ]
        ],
        "type": "MultiLineString"
      },
      "properties": {
        "endid": 3,
        "id": 208,
        "metadata": {
          "bottleneck": false,
          "canonical_edge_id": 5,
          "length_m": 0.050000000000000044,
          "min_clearance_m": 0.45000001788139343,
          "segment_fraction_end": 1.0,
          "segment_fraction_start": 0.9090909090909091,
          "segment_index": 2,
          "static_traversability": "FEASIBLE"
        },
        "startid": 43
      },
      "type": "Feature"
    },
    {
      "geometry": {
        "coordinates": [
          [
            [
              0.6920000000000001,
              0.07299999999999995
            ],
            [
              0.642,
              0.07299999999999995
            ]
          ]
        ],
        "type": "MultiLineString"
      },
      "properties": {
        "endid": 43,
        "id": 209,
        "metadata": {
          "bottleneck": false,
          "canonical_edge_id": 6,
          "length_m": 0.050000000000000044,
          "min_clearance_m": 0.45000001788139343,
          "segment_fraction_end": 0.09090909090909098,
          "segment_fraction_start": 0.0,
          "segment_index": 0,
          "static_traversability": "FEASIBLE"
        },
        "startid": 3
      },
      "type": "Feature"
    },
    {
      "geometry": {
        "coordinates": [
          [
            [
              0.642,
              0.07299999999999995
            ],
            [
              0.392,
              0.07299999999999995
            ]
          ]
        ],
        "type": "MultiLineString"
      },
      "properties": {
        "endid": 42,
        "id": 210,
        "metadata": {
          "bottleneck": false,
          "canonical_edge_id": 6,
          "length_m": 0.25,
          "min_clearance_m": 0.45000001788139343,
          "segment_fraction_end": 0.5454545454545455,
          "segment_fraction_start": 0.09090909090909098,
          "segment_index": 1,
          "static_traversability": "FEASIBLE"
        },
        "startid": 43
      },
      "type": "Feature"
    },
    {
      "geometry": {
        "coordinates": [
          [
            [
              0.392,
              0.07299999999999995
            ],
            [
              0.14200000000000002,
              0.07299999999999995
            ]
          ]
        ],
        "type": "MultiLineString"
      },
      "properties": {
        "endid": 2,
        "id": 211,
        "metadata": {
          "bottleneck": false,
          "canonical_edge_id": 6,
          "length_m": 0.25,
          "min_clearance_m": 0.45000001788139343,
          "segment_fraction_end": 1.0,
          "segment_fraction_start": 0.5454545454545455,
          "segment_index": 2,
          "static_traversability": "FEASIBLE"
        },
        "startid": 42
      },
      "type": "Feature"
    },
    {
      "geometry": {
        "coordinates": [
          [
            [
              0.6920000000000001,
              0.07299999999999995
            ],
            [
              0.7920000000000001,
              0.27300000000000013
            ]
          ]
        ],
        "type": "MultiLineString"
      },
      "properties": {
        "endid": 4,
        "id": 212,
        "metadata": {
          "bottleneck": true,
          "canonical_edge_id": 7,
          "length_m": 0.22360679774997916,
          "min_clearance_m": 0.2692582309246063,
          "segment_fraction_end": 1.0,
          "segment_fraction_start": 0.0,
          "segment_index": 0,
          "static_traversability": "UNKNOWN"
        },
        "startid": 3
      },
      "type": "Feature"
    },
    {
      "geometry": {
        "coordinates": [
          [
            [
              0.6920000000000001,
              0.07299999999999995
            ],
            [
              0.903999576001272,
              -0.05949973500079503
            ]
          ]
        ],
        "type": "MultiLineString"
      },
      "properties": {
        "endid": 44,
        "id": 213,
        "metadata": {
          "bottleneck": true,
          "canonical_edge_id": 8,
          "length_m": 0.25,
          "min_clearance_m": 0.36400550603866577,
          "segment_fraction_end": 0.05237963169250892,
          "segment_fraction_start": 0.0,
          "segment_index": 0,
          "static_traversability": "FEASIBLE"
        },
        "startid": 3
      },
      "type": "Feature"
    },
    {
      "geometry": {
        "coordinates": [
          [
            [
              0.903999576001272,
              -0.05949973500079503
            ],
            [
              1.1203009433971698,
              -0.17700000000000005
            ]
          ]
        ],
        "type": "MultiLineString"
      },
      "properties": {
        "endid": 45,
        "id": 214,
        "metadata": {
          "bottleneck": true,
          "canonical_edge_id": 8,
          "length_m": 0.25,
          "min_clearance_m": 0.36400550603866577,
          "segment_fraction_end": 0.10475926338501784,
          "segment_fraction_start": 0.05237963169250892,
          "segment_index": 1,
          "static_traversability": "FEASIBLE"
        },
        "startid": 44
      },
      "type": "Feature"
    },
    {
      "geometry": {
        "coordinates": [
          [
            [
              1.1203009433971698,
              -0.17700000000000005
            ],
            [
              1.37030094339717,
              -0.17700000000000005
            ]
          ]
        ],
        "type": "MultiLineString"
      },
      "properties": {
        "endid": 46,
        "id": 215,
        "metadata": {
          "bottleneck": true,
          "canonical_edge_id": 8,
          "length_m": 0.25,
          "min_clearance_m": 0.36400550603866577,
          "segment_fraction_end": 0.15713889507752676,
          "segment_fraction_start": 0.10475926338501784,
          "segment_index": 2,
          "static_traversability": "FEASIBLE"
        },
        "startid": 45
      },
      "type": "Feature"
    },
    {
      "geometry": {
        "coordinates": [
          [
            [
              1.37030094339717,
              -0.17700000000000005
            ],
            [
              1.6203009433971698,
              -0.17700000000000005
            ]
          ]
        ],
        "type": "MultiLineString"
      },
      "properties": {
        "endid": 47,
        "id": 216,
        "metadata": {
          "bottleneck": true,
          "canonical_edge_id": 8,
          "length_m": 0.25,
          "min_clearance_m": 0.36400550603866577,
          "segment_fraction_end": 0.20951852677003568,
          "segment_fraction_start": 0.15713889507752676,
          "segment_index": 3,
          "static_traversability": "FEASIBLE"
        },
        "startid": 46
      },
      "type": "Feature"
    },
    {
      "geometry": {
        "coordinates": [
          [
            [
              1.6203009433971698,
              -0.17700000000000005
            ],
            [
              1.8399634627202588,
              -0.07939817313601288
            ]
          ]
        ],
        "type": "MultiLineString"
      },
      "properties": {
        "endid": 48,
        "id": 217,
        "metadata": {
          "bottleneck": true,
          "canonical_edge_id": 8,
          "length_m": 0.25,
          "min_clearance_m": 0.36400550603866577,
          "segment_fraction_end": 0.2618981584625446,
          "segment_fraction_start": 0.20951852677003568,
          "segment_index": 4,
          "static_traversability": "FEASIBLE"
        },
        "startid": 47
      },
      "type": "Feature"
    },
    {
      "geometry": {
        "coordinates": [
          [
            [
              1.8399634627202588,
              -0.07939817313601288
            ],
            [
              2.08965154743972,
              -0.09188257737198596
            ]
          ]
        ],
        "type": "MultiLineString"
      },
      "properties": {
        "endid": 49,
        "id": 218,
        "metadata": {
          "bottleneck": true,
          "canonical_edge_id": 8,
          "length_m": 0.25,
          "min_clearance_m": 0.36400550603866577,
          "segment_fraction_end": 0.3142777901550535,
          "segment_fraction_start": 0.2618981584625446,
          "segment_index": 5,
          "static_traversability": "FEASIBLE"
        },
        "startid": 48
      },
      "type": "Feature"
    },
    {
      "geometry": {
        "coordinates": [
          [
            [
              2.08965154743972,
              -0.09188257737198596
            ],
            [
              2.3393396321591813,
              -0.10436698160795903
            ]
          ]
        ],
        "type": "MultiLineString"
      },
      "properties": {
        "endid": 50,
        "id": 219,
        "metadata": {
          "bottleneck": true,
          "canonical_edge_id": 8,
          "length_m": 0.25,
          "min_clearance_m": 0.36400550603866577,
          "segment_fraction_end": 0.36665742184756245,
          "segment_fraction_start": 0.3142777901550535,
          "segment_index": 6,
          "static_traversability": "FEASIBLE"
        },
        "startid": 49
      },
      "type": "Feature"
    },
    {
      "geometry": {
        "coordinates": [
          [
            [
              2.3393396321591813,
              -0.10436698160795903
            ],
            [
              2.5890277168786424,
              -0.11685138584393209
            ]
          ]
        ],
        "type": "MultiLineString"
      },
      "properties": {
        "endid": 51,
        "id": 220,
        "metadata": {
          "bottleneck": true,
          "canonical_edge_id": 8,
          "length_m": 0.25,
          "min_clearance_m": 0.36400550603866577,
          "segment_fraction_end": 0.41903705354007137,
          "segment_fraction_start": 0.36665742184756245,
          "segment_index": 7,
          "static_traversability": "FEASIBLE"
        },
        "startid": 50
      },
      "type": "Feature"
    },
    {
      "geometry": {
        "coordinates": [
          [
            [
              2.5890277168786424,
              -0.11685138584393209
            ],
            [
              2.832108511219481,
              -0.10293489326831176
            ]
          ]
        ],
        "type": "MultiLineString"
      },
      "properties": {
        "endid": 52,
        "id": 221,
        "metadata": {
          "bottleneck": true,
          "canonical_edge_id": 8,
          "length_m": 0.25,
          "min_clearance_m": 0.36400550603866577,
          "segment_fraction_end": 0.4714166852325803,
          "segment_fraction_start": 0.41903705354007137,
          "segment_index": 8,
          "static_traversability": "FEASIBLE"
        },
        "startid": 51
      },
      "type": "Feature"
    },
    {
      "geometry": {
        "coordinates": [
          [
            [
              2.832108511219481,
              -0.10293489326831176
            ],
            [
              3.043941097568543,
              0.027852743921357035
            ]
          ]
        ],
        "type": "MultiLineString"
      },
      "properties": {
        "endid": 53,
        "id": 222,
        "metadata": {
          "bottleneck": true,
          "canonical_edge_id": 8,
          "length_m": 0.25,
          "min_clearance_m": 0.36400550603866577,
          "segment_fraction_end": 0.5237963169250892,
          "segment_fraction_start": 0.4714166852325803,
          "segment_index": 9,
          "static_traversability": "FEASIBLE"
        },
        "startid": 52
      },
      "type": "Feature"
    },
    {
      "geometry": {
        "coordinates": [
          [
            [
              3.043941097568543,
              0.027852743921357035
            ],
            [
              3.136788766657069,
              0.25997191664267183
            ]
          ]
        ],
        "type": "MultiLineString"
      },
      "properties": {
        "endid": 54,
        "id": 223,
        "metadata": {
          "bottleneck": true,
          "canonical_edge_id": 8,
          "length_m": 0.25,
          "min_clearance_m": 0.36400550603866577,
          "segment_fraction_end": 0.5761759486175981,
          "segment_fraction_start": 0.5237963169250892,
          "segment_index": 10,
          "static_traversability": "FEASIBLE"
        },
        "startid": 53
      },
      "type": "Feature"
    },
    {
      "geometry": {
        "coordinates": [
          [
            [
              3.136788766657069,
              0.25997191664267183
            ],
            [
              3.229636435745595,
              0.4920910893639866
            ]
          ]
        ],
        "type": "MultiLineString"
      },
      "properties": {
        "endid": 55,
        "id": 224,
        "metadata": {
          "bottleneck": true,
          "canonical_edge_id": 8,
          "length_m": 0.25,
          "min_clearance_m": 0.36400550603866577,
          "segment_fraction_end": 0.628555580310107,
          "segment_fraction_start": 0.5761759486175981,
          "segment_index": 11,
          "static_traversability": "FEASIBLE"
        },
        "startid": 54
      },
      "type": "Feature"
    },
    {
      "geometry": {
        "coordinates": [
          [
            [
              3.229636435745595,
              0.4920910893639866
            ],
            [
              3.322484104834121,
              0.7242102620853014
            ]
          ]
        ],
        "type": "MultiLineString"
      },
      "properties": {
        "endid": 56,
        "id": 225,
        "metadata": {
          "bottleneck": true,
          "canonical_edge_id": 8,
          "length_m": 0.25,
          "min_clearance_m": 0.36400550603866577,
          "segment_fraction_end": 0.680935212002616,
          "segment_fraction_start": 0.628555580310107,
          "segment_index": 12,
          "static_traversability": "FEASIBLE"
        },
        "startid": 55
      },
      "type": "Feature"
    },
    {
      "geometry": {
        "coordinates": [
          [
            [
              3.322484104834121,
              0.7242102620853014
            ],
            [
              3.415331773922647,
              0.9563294348066163
            ]
          ]
        ],
        "type": "MultiLineString"
      },
      "properties": {
        "endid": 57,
        "id": 226,
        "metadata": {
          "bottleneck": true,
          "canonical_edge_id": 8,
          "length_m": 0.25,
          "min_clearance_m": 0.36400550603866577,
          "segment_fraction_end": 0.7333148436951249,
          "segment_fraction_start": 0.680935212002616,
          "segment_index": 13,
          "static_traversability": "FEASIBLE"
        },
        "startid": 56
      },
      "type": "Feature"
    },
    {
      "geometry": {
        "coordinates": [
          [
            [
              3.415331773922647,
              0.9563294348066163
            ],
            [
              3.6200391228999207,
              1.0304182967874969
            ]
          ]
        ],
        "type": "MultiLineString"
      },
      "properties": {
        "endid": 58,
        "id": 227,
        "metadata": {
          "bottleneck": true,
          "canonical_edge_id": 8,
          "length_m": 0.25,
          "min_clearance_m": 0.36400550603866577,
          "segment_fraction_end": 0.7856944753876338,
          "segment_fraction_start": 0.7333148436951249,
          "segment_index": 14,
          "static_traversability": "FEASIBLE"
        },
        "startid": 57
      },
      "type": "Feature"
    },
    {
      "geometry": {
        "coordinates": [
          [
            [
              3.6200391228999207,
              1.0304182967874969
            ],
            [
              3.8698223911730087,
              1.040825932965542
            ]
          ]
        ],
        "type": "MultiLineString"
      },
      "properties": {
        "endid": 59,
        "id": 228,
        "metadata": {
          "bottleneck": true,
          "canonical_edge_id": 8,
          "length_m": 0.25,
          "min_clearance_m": 0.36400550603866577,
          "segment_fraction_end": 0.8380741070801427,
          "segment_fraction_start": 0.7856944753876338,
          "segment_index": 15,
          "static_traversability": "FEASIBLE"
        },
        "startid": 58
      },
      "type": "Feature"
    },
    {
      "geometry": {
        "coordinates": [
          [
            [
              3.8698223911730087,
              1.040825932965542
            ],
            [
              4.119605659446097,
              1.0512335691435875
            ]
          ]
        ],
        "type": "MultiLineString"
      },
      "properties": {
        "endid": 60,
        "id": 229,
        "metadata": {
          "bottleneck": true,
          "canonical_edge_id": 8,
          "length_m": 0.25,
          "min_clearance_m": 0.36400550603866577,
          "segment_fraction_end": 0.8904537387726517,
          "segment_fraction_start": 0.8380741070801427,
          "segment_index": 16,
          "static_traversability": "FEASIBLE"
        },
        "startid": 59
      },
      "type": "Feature"
    },
    {
      "geometry": {
        "coordinates": [
          [
            [
              4.119605659446097,
              1.0512335691435875
            ],
            [
              4.369388927719185,
              1.0616412053216326
            ]
          ]
        ],
        "type": "MultiLineString"
      },
      "properties": {
        "endid": 61,
        "id": 230,
        "metadata": {
          "bottleneck": true,
          "canonical_edge_id": 8,
          "length_m": 0.25,
          "min_clearance_m": 0.36400550603866577,
          "segment_fraction_end": 0.9428333704651606,
          "segment_fraction_start": 0.8904537387726517,
          "segment_index": 17,
          "static_traversability": "FEASIBLE"
        },
        "startid": 60
      },
      "type": "Feature"
    },
    {
      "geometry": {
        "coordinates": [
          [
            [
              4.369388927719185,
              1.0616412053216326
            ],
            [
              4.619172195992273,
              1.072048841499678
            ]
          ]
        ],
        "type": "MultiLineString"
      },
      "properties": {
        "endid": 62,
        "id": 231,
        "metadata": {
          "bottleneck": true,
          "canonical_edge_id": 8,
          "length_m": 0.25,
          "min_clearance_m": 0.36400550603866577,
          "segment_fraction_end": 0.9952130021576695,
          "segment_fraction_start": 0.9428333704651606,
          "segment_index": 18,
          "static_traversability": "FEASIBLE"
        },
        "startid": 61
      },
      "type": "Feature"
    },
    {
      "geometry": {
        "coordinates": [
          [
            [
              4.619172195992273,
              1.072048841499678
            ],
            [
              4.642,
              1.073
            ]
          ]
        ],
        "type": "MultiLineString"
      },
      "properties": {
        "endid": 12,
        "id": 232,
        "metadata": {
          "bottleneck": true,
          "canonical_edge_id": 8,
          "length_m": 0.02284761121666712,
          "min_clearance_m": 0.36400550603866577,
          "segment_fraction_end": 1.0000000000000002,
          "segment_fraction_start": 0.9952130021576695,
          "segment_index": 19,
          "static_traversability": "FEASIBLE"
        },
        "startid": 62
      },
      "type": "Feature"
    },
    {
      "geometry": {
        "coordinates": [
          [
            [
              0.7920000000000001,
              0.27300000000000013
            ],
            [
              0.6920000000000001,
              0.07299999999999995
            ]
          ]
        ],
        "type": "MultiLineString"
      },
      "properties": {
        "endid": 3,
        "id": 233,
        "metadata": {
          "bottleneck": true,
          "canonical_edge_id": 9,
          "length_m": 0.22360679774997916,
          "min_clearance_m": 0.2692582309246063,
          "segment_fraction_end": 1.0,
          "segment_fraction_start": 0.0,
          "segment_index": 0,
          "static_traversability": "UNKNOWN"
        },
        "startid": 4
      },
      "type": "Feature"
    },
    {
      "geometry": {
        "coordinates": [
          [
            [
              1.7420000000000004,
              3.523
            ],
            [
              1.8404798246447924,
              3.2932137424954857
            ]
          ]
        ],
        "type": "MultiLineString"
      },
      "properties": {
        "endid": 63,
        "id": 234,
        "metadata": {
          "bottleneck": true,
          "canonical_edge_id": 10,
          "length_m": 0.25,
          "min_clearance_m": 0.22360680997371674,
          "segment_fraction_end": 0.16970175503070128,
          "segment_fraction_start": 0.0,
          "segment_index": 0,
          "static_traversability": "UNKNOWN"
        },
        "startid": 5
      },
      "type": "Feature"
    },
    {
      "geometry": {
        "coordinates": [
          [
            [
              1.8404798246447924,
              3.2932137424954857
            ],
            [
              1.962116738998327,
              3.0765894838773016
            ]
          ]
        ],
        "type": "MultiLineString"
      },
      "properties": {
        "endid": 64,
        "id": 235,
        "metadata": {
          "bottleneck": true,
          "canonical_edge_id": 10,
          "length_m": 0.25,
          "min_clearance_m": 0.22360680997371674,
          "segment_fraction_end": 0.33940351006140257,
          "segment_fraction_start": 0.16970175503070128,
          "segment_index": 1,
          "static_traversability": "UNKNOWN"
        },
        "startid": 63
      },
      "type": "Feature"
    },
    {
      "geometry": {
        "coordinates": [
          [
            [
              1.962116738998327,
              3.0765894838773016
            ],
            [
              2.1091596634170884,
              2.874405462801504
            ]
          ]
        ],
        "type": "MultiLineString"
      },
      "properties": {
        "endid": 65,
        "id": 236,
        "metadata": {
          "bottleneck": true,
          "canonical_edge_id": 10,
          "length_m": 0.25,
          "min_clearance_m": 0.22360680997371674,
          "segment_fraction_end": 0.5091052650921039,
          "segment_fraction_start": 0.33940351006140257,
          "segment_index": 2,
          "static_traversability": "UNKNOWN"
        },
        "startid": 64
      },
      "type": "Feature"
    },
    {
      "geometry": {
        "coordinates": [
          [
            [
              2.1091596634170884,
              2.874405462801504
            ],
            [
              2.25620258783585,
              2.672221441725707
            ]
          ]
        ],
        "type": "MultiLineString"
      },
      "properties": {
        "endid": 66,
        "id": 237,
        "metadata": {
          "bottleneck": true,
          "canonical_edge_id": 10,
          "length_m": 0.25,
          "min_clearance_m": 0.22360680997371674,
          "segment_fraction_end": 0.6788070201228051,
          "segment_fraction_start": 0.5091052650921039,
          "segment_index": 3,
          "static_traversability": "UNKNOWN"
        },
        "startid": 65
      },
      "type": "Feature"
    },
    {
      "geometry": {
        "coordinates": [
          [
            [
              2.25620258783585,
              2.672221441725707
            ],
            [
              2.475490636858665,
              2.6688726592146663
            ]
          ]
        ],
        "type": "MultiLineString"
      },
      "properties": {
        "endid": 67,
        "id": 238,
        "metadata": {
          "bottleneck": true,
          "canonical_edge_id": 10,
          "length_m": 0.25,
          "min_clearance_m": 0.22360680997371674,
          "segment_fraction_end": 0.8485087751535064,
          "segment_fraction_start": 0.6788070201228051,
          "segment_index": 4,
          "static_traversability": "UNKNOWN"
        },
        "startid": 66
      },
      "type": "Feature"
    },
    {
      "geometry": {
        "coordinates": [
          [
            [
              2.475490636858665,
              2.6688726592146663
            ],
            [
              2.692,
              2.7230000000000003
            ]
          ]
        ],
        "type": "MultiLineString"
      },
      "properties": {
        "endid": 10,
        "id": 239,
        "metadata": {
          "bottleneck": true,
          "canonical_edge_id": 10,
          "length_m": 0.22317274329173387,
          "min_clearance_m": 0.22360680997371674,
          "segment_fraction_end": 1.0,
          "segment_fraction_start": 0.8485087751535064,
          "segment_index": 5,
          "static_traversability": "UNKNOWN"
        },
        "startid": 67
      },
      "type": "Feature"
    },
    {
      "geometry": {
        "coordinates": [
          [
            [
              1.7420000000000004,
              3.9230000000000005
            ],
            [
              1.8210569415042097,
              4.160170824512629
            ]
          ]
        ],
        "type": "MultiLineString"
      },
      "properties": {
        "endid": 68,
        "id": 240,
        "metadata": {
          "bottleneck": true,
          "canonical_edge_id": 11,
          "length_m": 0.25,
          "min_clearance_m": 0.22360680997371674,
          "segment_fraction_end": 0.5270462766947293,
          "segment_fraction_start": 0.0,
          "segment_index": 0,
          "static_traversability": "UNKNOWN"
        },
        "startid": 6
      },
      "type": "Feature"
    },
    {
      "geometry": {
        "coordinates": [
          [
            [
              1.8210569415042097,
              4.160170824512629
            ],
            [
              1.8920000000000003,
              4.373000000000001
            ]
          ]
        ],
        "type": "MultiLineString"
      },
      "properties": {
        "endid": 7,
        "id": 241,
        "metadata": {
          "bottleneck": true,
          "canonical_edge_id": 11,
          "length_m": 0.22434164902525744,
          "min_clearance_m": 0.22360680997371674,
          "segment_fraction_end": 1.0,
          "segment_fraction_start": 0.5270462766947293,
          "segment_index": 1,
          "static_traversability": "UNKNOWN"
        },
        "startid": 68
      },
      "type": "Feature"
    },
    {
      "geometry": {
        "coordinates": [
          [
            [
              1.8920000000000003,
              4.373000000000001
            ],
            [
              1.8210569415042097,
              4.160170824512629
            ]
          ]
        ],
        "type": "MultiLineString"
      },
      "properties": {
        "endid": 68,
        "id": 242,
        "metadata": {
          "bottleneck": true,
          "canonical_edge_id": 12,
          "length_m": 0.22434164902525744,
          "min_clearance_m": 0.22360680997371674,
          "segment_fraction_end": 0.4729537233052707,
          "segment_fraction_start": 0.0,
          "segment_index": 0,
          "static_traversability": "UNKNOWN"
        },
        "startid": 7
      },
      "type": "Feature"
    },
    {
      "geometry": {
        "coordinates": [
          [
            [
              1.8210569415042097,
              4.160170824512629
            ],
            [
              1.7420000000000004,
              3.9230000000000005
            ]
          ]
        ],
        "type": "MultiLineString"
      },
      "properties": {
        "endid": 6,
        "id": 243,
        "metadata": {
          "bottleneck": true,
          "canonical_edge_id": 12,
          "length_m": 0.25,
          "min_clearance_m": 0.22360680997371674,
          "segment_fraction_end": 1.0,
          "segment_fraction_start": 0.4729537233052707,
          "segment_index": 1,
          "static_traversability": "UNKNOWN"
        },
        "startid": 68
      },
      "type": "Feature"
    },
    {
      "geometry": {
        "coordinates": [
          [
            [
              2.5420000000000003,
              4.323
            ],
            [
              2.6420000000000003,
              4.373000000000001
            ]
          ]
        ],
        "type": "MultiLineString"
      },
      "properties": {
        "endid": 9,
        "id": 244,
        "metadata": {
          "bottleneck": true,
          "canonical_edge_id": 15,
          "length_m": 0.11180339887498988,
          "min_clearance_m": 0.3162277638912201,
          "segment_fraction_end": 1.0,
          "segment_fraction_start": 0.0,
          "segment_index": 0,
          "static_traversability": "UNKNOWN"
        },
        "startid": 8
      },
      "type": "Feature"
    },
    {
      "geometry": {
        "coordinates": [
          [
            [
              2.5420000000000003,
              4.323
            ],
            [
              2.692,
              4.123
            ]
          ]
        ],
        "type": "MultiLineString"
      },
      "properties": {
        "endid": 69,
        "id": 245,
        "metadata": {
          "bottleneck": true,
          "canonical_edge_id": 16,
          "length_m": 0.25,
          "min_clearance_m": 0.2828427255153656,
          "segment_fraction_end": 0.1421045434962489,
          "segment_fraction_start": 0.0,
          "segment_index": 0,
          "static_traversability": "FEASIBLE"
        },
        "startid": 8
      },
      "type": "Feature"
    },
    {
      "geometry": {
        "coordinates": [
          [
            [
              2.692,
              4.123
            ],
            [
              2.842,
              3.9230000000000005
            ]
          ]
        ],
        "type": "MultiLineString"
      },
      "properties": {
        "endid": 70,
        "id": 246,
        "metadata": {
          "bottleneck": true,
          "canonical_edge_id": 16,
          "length_m": 0.25,
          "min_clearance_m": 0.2828427255153656,
          "segment_fraction_end": 0.2842090869924978,
          "segment_fraction_start": 0.1421045434962489,
          "segment_index": 1,
          "static_traversability": "FEASIBLE"
        },
        "startid": 69
      },
      "type": "Feature"
    },
    {
      "geometry": {
        "coordinates": [
          [
            [
              2.842,
              3.9230000000000005
            ],
            [
              2.8920000000000003,
              3.6791552812808836
            ]
          ]
        ],
        "type": "MultiLineString"
      },
      "properties": {
        "endid": 71,
        "id": 247,
        "metadata": {
          "bottleneck": true,
          "canonical_edge_id": 16,
          "length_m": 0.25,
          "min_clearance_m": 0.2828427255153656,
          "segment_fraction_end": 0.4263136304887467,
          "segment_fraction_start": 0.2842090869924978,
          "segment_index": 2,
          "static_traversability": "FEASIBLE"
        },
        "startid": 70
      },
      "type": "Feature"
    },
    {
      "geometry": {
        "coordinates": [
          [
            [
              2.8920000000000003,
              3.6791552812808836
            ],
            [
              2.8920000000000003,
              3.4291552812808836
            ]
          ]
        ],
        "type": "MultiLineString"
      },
      "properties": {
        "endid": 72,
        "id": 248,
        "metadata": {
          "bottleneck": true,
          "canonical_edge_id": 16,
          "length_m": 0.25,
          "min_clearance_m": 0.2828427255153656,
          "segment_fraction_end": 0.5684181739849956,
          "segment_fraction_start": 0.4263136304887467,
          "segment_index": 3,
          "static_traversability": "FEASIBLE"
        },
        "startid": 71
      },
      "type": "Feature"
    },
    {
      "geometry": {
        "coordinates": [
          [
            [
              2.8920000000000003,
              3.4291552812808836
            ],
            [
              2.7958260870486185,
              3.2046956523350825
            ]
          ]
        ],
        "type": "MultiLineString"
      },
      "properties": {
        "endid": 73,
        "id": 249,
        "metadata": {
          "bottleneck": true,
          "canonical_edge_id": 16,
          "length_m": 0.25,
          "min_clearance_m": 0.2828427255153656,
          "segment_fraction_end": 0.7105227174812445,
          "segment_fraction_start": 0.5684181739849956,
          "segment_index": 4,
          "static_traversability": "FEASIBLE"
        },
        "startid": 72
      },
      "type": "Feature"
    },
    {
      "geometry": {
        "coordinates": [
          [
            [
              2.7958260870486185,
              3.2046956523350825
            ],
            [
              2.692,
              2.982268168695811
            ]
          ]
        ],
        "type": "MultiLineString"
      },
      "properties": {
        "endid": 74,
        "id": 250,
        "metadata": {
          "bottleneck": true,
          "canonical_edge_id": 16,
          "length_m": 0.25,
          "min_clearance_m": 0.2828427255153656,
          "segment_fraction_end": 0.8526272609774934,
          "segment_fraction_start": 0.7105227174812445,
          "segment_index": 5,
          "static_traversability": "FEASIBLE"
        },
        "startid": 73
      },
      "type": "Feature"
    },
    {
      "geometry": {
        "coordinates": [
          [
            [
              2.692,
              2.982268168695811
            ],
            [
              2.692,
              2.732268168695811
            ]
          ]
        ],
        "type": "MultiLineString"
      },
      "properties": {
        "endid": 75,
        "id": 251,
        "metadata": {
          "bottleneck": true,
          "canonical_edge_id": 16,
          "length_m": 0.25,
          "min_clearance_m": 0.2828427255153656,
          "segment_fraction_end": 0.9947318044737424,
          "segment_fraction_start": 0.8526272609774934,
          "segment_index": 6,
          "static_traversability": "FEASIBLE"
        },
        "startid": 74
      },
      "type": "Feature"
    },
    {
      "geometry": {
        "coordinates": [
          [
            [
              2.692,
              2.732268168695811
            ],
            [
              2.692,
              2.7230000000000003
            ]
          ]
        ],
        "type": "MultiLineString"
      },
      "properties": {
        "endid": 10,
        "id": 252,
        "metadata": {
          "bottleneck": true,
          "canonical_edge_id": 16,
          "length_m": 0.009268168695810708,
          "min_clearance_m": 0.2828427255153656,
          "segment_fraction_end": 1.0,
          "segment_fraction_start": 0.9947318044737424,
          "segment_index": 7,
          "static_traversability": "FEASIBLE"
        },
        "startid": 75
      },
      "type": "Feature"
    },
    {
      "geometry": {
        "coordinates": [
          [
            [
              2.6420000000000003,
              4.373000000000001
            ],
            [
              2.5420000000000003,
              4.323
            ]
          ]
        ],
        "type": "MultiLineString"
      },
      "properties": {
        "endid": 8,
        "id": 253,
        "metadata": {
          "bottleneck": true,
          "canonical_edge_id": 17,
          "length_m": 0.11180339887498988,
          "min_clearance_m": 0.3162277638912201,
          "segment_fraction_end": 1.0,
          "segment_fraction_start": 0.0,
          "segment_index": 0,
          "static_traversability": "UNKNOWN"
        },
        "startid": 9
      },
      "type": "Feature"
    },
    {
      "geometry": {
        "coordinates": [
          [
            [
              2.692,
              2.7230000000000003
            ],
            [
              2.475490636858665,
              2.6688726592146663
            ]
          ]
        ],
        "type": "MultiLineString"
      },
      "properties": {
        "endid": 67,
        "id": 254,
        "metadata": {
          "bottleneck": true,
          "canonical_edge_id": 18,
          "length_m": 0.22317274329173387,
          "min_clearance_m": 0.22360680997371674,
          "segment_fraction_end": 0.1514912248464936,
          "segment_fraction_start": 0.0,
          "segment_index": 0,
          "static_traversability": "UNKNOWN"
        },
        "startid": 10
      },
      "type": "Feature"
    },
    {
      "geometry": {
        "coordinates": [
          [
            [
              2.475490636858665,
              2.6688726592146663
            ],
            [
              2.25620258783585,
              2.672221441725707
            ]
          ]
        ],
        "type": "MultiLineString"
      },
      "properties": {
        "endid": 66,
        "id": 255,
        "metadata": {
          "bottleneck": true,
          "canonical_edge_id": 18,
          "length_m": 0.25,
          "min_clearance_m": 0.22360680997371674,
          "segment_fraction_end": 0.32119297987719486,
          "segment_fraction_start": 0.1514912248464936,
          "segment_index": 1,
          "static_traversability": "UNKNOWN"
        },
        "startid": 67
      },
      "type": "Feature"
    },
    {
      "geometry": {
        "coordinates": [
          [
            [
              2.25620258783585,
              2.672221441725707
            ],
            [
              2.1091596634170884,
              2.874405462801504
            ]
          ]
        ],
        "type": "MultiLineString"
      },
      "properties": {
        "endid": 65,
        "id": 256,
        "metadata": {
          "bottleneck": true,
          "canonical_edge_id": 18,
          "length_m": 0.25,
          "min_clearance_m": 0.22360680997371674,
          "segment_fraction_end": 0.49089473490789615,
          "segment_fraction_start": 0.32119297987719486,
          "segment_index": 2,
          "static_traversability": "UNKNOWN"
        },
        "startid": 66
      },
      "type": "Feature"
    },
    {
      "geometry": {
        "coordinates": [
          [
            [
              2.1091596634170884,
              2.874405462801504
            ],
            [
              1.962116738998327,
              3.0765894838773016
            ]
          ]
        ],
        "type": "MultiLineString"
      },
      "properties": {
        "endid": 64,
        "id": 257,
        "metadata": {
          "bottleneck": true,
          "canonical_edge_id": 18,
          "length_m": 0.25,
          "min_clearance_m": 0.22360680997371674,
          "segment_fraction_end": 0.6605964899385974,
          "segment_fraction_start": 0.49089473490789615,
          "segment_index": 3,
          "static_traversability": "UNKNOWN"
        },
        "startid": 65
      },
      "type": "Feature"
    },
    {
      "geometry": {
        "coordinates": [
          [
            [
              1.962116738998327,
              3.0765894838773016
            ],
            [
              1.8404798246447924,
              3.2932137424954857
            ]
          ]
        ],
        "type": "MultiLineString"
      },
      "properties": {
        "endid": 63,
        "id": 258,
        "metadata": {
          "bottleneck": true,
          "canonical_edge_id": 18,
          "length_m": 0.25,
          "min_clearance_m": 0.22360680997371674,
          "segment_fraction_end": 0.8302982449692987,
          "segment_fraction_start": 0.6605964899385974,
          "segment_index": 4,
          "static_traversability": "UNKNOWN"
        },
        "startid": 64
      },
      "type": "Feature"
    },
    {
      "geometry": {
        "coordinates": [
          [
            [
              1.8404798246447924,
              3.2932137424954857
            ],
            [
              1.7420000000000004,
              3.523
            ]
          ]
        ],
        "type": "MultiLineString"
      },
      "properties": {
        "endid": 5,
        "id": 259,
        "metadata": {
          "bottleneck": true,
          "canonical_edge_id": 18,
          "length_m": 0.25,
          "min_clearance_m": 0.22360680997371674,
          "segment_fraction_end": 1.0,
          "segment_fraction_start": 0.8302982449692987,
          "segment_index": 5,
          "static_traversability": "UNKNOWN"
        },
        "startid": 63
      },
      "type": "Feature"
    },
    {
      "geometry": {
        "coordinates": [
          [
            [
              2.692,
              2.7230000000000003
            ],
            [
              2.692,
              2.732268168695811
            ]
          ]
        ],
        "type": "MultiLineString"
      },
      "properties": {
        "endid": 75,
        "id": 260,
        "metadata": {
          "bottleneck": true,
          "canonical_edge_id": 19,
          "length_m": 0.009268168695810708,
          "min_clearance_m": 0.2828427255153656,
          "segment_fraction_end": 0.0052681955262576215,
          "segment_fraction_start": 0.0,
          "segment_index": 0,
          "static_traversability": "FEASIBLE"
        },
        "startid": 10
      },
      "type": "Feature"
    },
    {
      "geometry": {
        "coordinates": [
          [
            [
              2.692,
              2.732268168695811
            ],
            [
              2.692,
              2.982268168695811
            ]
          ]
        ],
        "type": "MultiLineString"
      },
      "properties": {
        "endid": 74,
        "id": 261,
        "metadata": {
          "bottleneck": true,
          "canonical_edge_id": 19,
          "length_m": 0.25,
          "min_clearance_m": 0.2828427255153656,
          "segment_fraction_end": 0.14737273902250653,
          "segment_fraction_start": 0.0052681955262576215,
          "segment_index": 1,
          "static_traversability": "FEASIBLE"
        },
        "startid": 75
      },
      "type": "Feature"
    },
    {
      "geometry": {
        "coordinates": [
          [
            [
              2.692,
              2.982268168695811
            ],
            [
              2.7958260870486185,
              3.2046956523350825
            ]
          ]
        ],
        "type": "MultiLineString"
      },
      "properties": {
        "endid": 73,
        "id": 262,
        "metadata": {
          "bottleneck": true,
          "canonical_edge_id": 19,
          "length_m": 0.25,
          "min_clearance_m": 0.2828427255153656,
          "segment_fraction_end": 0.28947728251875543,
          "segment_fraction_start": 0.14737273902250653,
          "segment_index": 2,
          "static_traversability": "FEASIBLE"
        },
        "startid": 74
      },
      "type": "Feature"
    },
    {
      "geometry": {
        "coordinates": [
          [
            [
              2.7958260870486185,
              3.2046956523350825
            ],
            [
              2.8920000000000003,
              3.4291552812808836
            ]
          ]
        ],
        "type": "MultiLineString"
      },
      "properties": {
        "endid": 72,
        "id": 263,
        "metadata": {
          "bottleneck": true,
          "canonical_edge_id": 19,
          "length_m": 0.25,
          "min_clearance_m": 0.2828427255153656,
          "segment_fraction_end": 0.43158182601500433,
          "segment_fraction_start": 0.28947728251875543,
          "segment_index": 3,
          "static_traversability": "FEASIBLE"
        },
        "startid": 73
      },
      "type": "Feature"
    },
    {
      "geometry": {
        "coordinates": [
          [
            [
              2.8920000000000003,
              3.4291552812808836
            ],
            [
              2.8920000000000003,
              3.6791552812808836
            ]
          ]
        ],
        "type": "MultiLineString"
      },
      "properties": {
        "endid": 71,
        "id": 264,
        "metadata": {
          "bottleneck": true,
          "canonical_edge_id": 19,
          "length_m": 0.25,
          "min_clearance_m": 0.2828427255153656,
          "segment_fraction_end": 0.5736863695112533,
          "segment_fraction_start": 0.43158182601500433,
          "segment_index": 4,
          "static_traversability": "FEASIBLE"
        },
        "startid": 72
      },
      "type": "Feature"
    },
    {
      "geometry": {
        "coordinates": [
          [
            [
              2.8920000000000003,
              3.6791552812808836
            ],
            [
              2.842,
              3.9230000000000005
            ]
          ]
        ],
        "type": "MultiLineString"
      },
      "properties": {
        "endid": 70,
        "id": 265,
        "metadata": {
          "bottleneck": true,
          "canonical_edge_id": 19,
          "length_m": 0.25,
          "min_clearance_m": 0.2828427255153656,
          "segment_fraction_end": 0.7157909130075022,
          "segment_fraction_start": 0.5736863695112533,
          "segment_index": 5,
          "static_traversability": "FEASIBLE"
        },
        "startid": 71
      },
      "type": "Feature"
    },
    {
      "geometry": {
        "coordinates": [
          [
            [
              2.842,
              3.9230000000000005
            ],
            [
              2.692,
              4.123
            ]
          ]
        ],
        "type": "MultiLineString"
      },
      "properties": {
        "endid": 69,
        "id": 266,
        "metadata": {
          "bottleneck": true,
          "canonical_edge_id": 19,
          "length_m": 0.25,
          "min_clearance_m": 0.2828427255153656,
          "segment_fraction_end": 0.8578954565037511,
          "segment_fraction_start": 0.7157909130075022,
          "segment_index": 6,
          "static_traversability": "FEASIBLE"
        },
        "startid": 70
      },
      "type": "Feature"
    },
    {
      "geometry": {
        "coordinates": [
          [
            [
              2.692,
              4.123
            ],
            [
              2.5420000000000003,
              4.323
            ]
          ]
        ],
        "type": "MultiLineString"
      },
      "properties": {
        "endid": 8,
        "id": 267,
        "metadata": {
          "bottleneck": true,
          "canonical_edge_id": 19,
          "length_m": 0.25,
          "min_clearance_m": 0.2828427255153656,
          "segment_fraction_end": 1.0,
          "segment_fraction_start": 0.8578954565037511,
          "segment_index": 7,
          "static_traversability": "FEASIBLE"
        },
        "startid": 69
      },
      "type": "Feature"
    },
    {
      "geometry": {
        "coordinates": [
          [
            [
              2.692,
              2.7230000000000003
            ],
            [
              2.915606797749979,
              2.6111966011250107
            ]
          ]
        ],
        "type": "MultiLineString"
      },
      "properties": {
        "endid": 76,
        "id": 268,
        "metadata": {
          "bottleneck": true,
          "canonical_edge_id": 20,
          "length_m": 0.25,
          "min_clearance_m": 0.3499999940395355,
          "segment_fraction_end": 0.11816314083915885,
          "segment_fraction_start": 0.0,
          "segment_index": 0,
          "static_traversability": "FEASIBLE"
        },
        "startid": 10
      },
      "type": "Feature"
    },
    {
      "geometry": {
        "coordinates": [
          [
            [
              2.915606797749979,
              2.6111966011250107
            ],
            [
              3.139213595499958,
              2.499393202250021
            ]
          ]
        ],
        "type": "MultiLineString"
      },
      "properties": {
        "endid": 77,
        "id": 269,
        "metadata": {
          "bottleneck": true,
          "canonical_edge_id": 20,
          "length_m": 0.25,
          "min_clearance_m": 0.3499999940395355,
          "segment_fraction_end": 0.2363262816783177,
          "segment_fraction_start": 0.11816314083915885,
          "segment_index": 1,
          "static_traversability": "FEASIBLE"
        },
        "startid": 76
      },
      "type": "Feature"
    },
    {
      "geometry": {
        "coordinates": [
          [
            [
              3.139213595499958,
              2.499393202250021
            ],
            [
              3.3628203932499368,
              2.3875898033750316
            ]
          ]
        ],
        "type": "MultiLineString"
      },
      "properties": {
        "endid": 78,
        "id": 270,
        "metadata": {
          "bottleneck": true,
          "canonical_edge_id": 20,
          "length_m": 0.25,
          "min_clearance_m": 0.3499999940395355,
          "segment_fraction_end": 0.35448942251747656,
          "segment_fraction_start": 0.2363262816783177,
          "segment_index": 2,
          "static_traversability": "FEASIBLE"
        },
        "startid": 77
      },
      "type": "Feature"
    },
    {
      "geometry": {
        "coordinates": [
          [
            [
              3.3628203932499368,
              2.3875898033750316
            ],
            [
              3.6093762078750737,
              2.3729999999999998
            ]
          ]
        ],
        "type": "MultiLineString"
      },
      "properties": {
        "endid": 79,
        "id": 271,
        "metadata": {
          "bottleneck": true,
          "canonical_edge_id": 20,
          "length_m": 0.25,
          "min_clearance_m": 0.3499999940395355,
          "segment_fraction_end": 0.4726525633566354,
          "segment_fraction_start": 0.35448942251747656,
          "segment_index": 3,
          "static_traversability": "FEASIBLE"
        },
        "startid": 78
      },
      "type": "Feature"
    },
    {
      "geometry": {
        "coordinates": [
          [
            [
              3.6093762078750737,
              2.3729999999999998
            ],
            [
              3.8593762078750737,
              2.3729999999999998
            ]
          ]
        ],
        "type": "MultiLineString"
      },
      "properties": {
        "endid": 80,
        "id": 272,
        "metadata": {
          "bottleneck": true,
          "canonical_edge_id": 20,
          "length_m": 0.25,
          "min_clearance_m": 0.3499999940395355,
          "segment_fraction_end": 0.5908157041957942,
          "segment_fraction_start": 0.4726525633566354,
          "segment_index": 4,
          "static_traversability": "FEASIBLE"
        },
        "startid": 79
      },
      "type": "Feature"
    },
    {
      "geometry": {
        "coordinates": [
          [
            [
              3.8593762078750737,
              2.3729999999999998
            ],
            [
              4.109376207875074,
              2.3729999999999998
            ]
          ]
        ],
        "type": "MultiLineString"
      },
      "properties": {
        "endid": 81,
        "id": 273,
        "metadata": {
          "bottleneck": true,
          "canonical_edge_id": 20,
          "length_m": 0.25,
          "min_clearance_m": 0.3499999940395355,
          "segment_fraction_end": 0.7089788450349531,
          "segment_fraction_start": 0.5908157041957942,
          "segment_index": 5,
          "static_traversability": "FEASIBLE"
        },
        "startid": 80
      },
      "type": "Feature"
    },
    {
      "geometry": {
        "coordinates": [
          [
            [
              4.109376207875074,
              2.3729999999999998
            ],
            [
              4.328398560471095,
              2.261160863717343
            ]
          ]
        ],
        "type": "MultiLineString"
      },
      "properties": {
        "endid": 82,
        "id": 274,
        "metadata": {
          "bottleneck": true,
          "canonical_edge_id": 20,
          "length_m": 0.25,
          "min_clearance_m": 0.3499999940395355,
          "segment_fraction_end": 0.8271419858741119,
          "segment_fraction_start": 0.7089788450349531,
          "segment_index": 6,
          "static_traversability": "FEASIBLE"
        },
        "startid": 81
      },
      "type": "Feature"
    },
    {
      "geometry": {
        "coordinates": [
          [
            [
              4.328398560471095,
              2.261160863717343
            ],
            [
              4.542771791899231,
              2.1325369248604615
            ]
          ]
        ],
        "type": "MultiLineString"
      },
      "properties": {
        "endid": 83,
        "id": 275,
        "metadata": {
          "bottleneck": true,
          "canonical_edge_id": 20,
          "length_m": 0.25,
          "min_clearance_m": 0.3499999940395355,
          "segment_fraction_end": 0.9453051267132708,
          "segment_fraction_start": 0.8271419858741119,
          "segment_index": 7,
          "static_traversability": "FEASIBLE"
        },
        "startid": 82
      },
      "type": "Feature"
    },
    {
      "geometry": {
        "coordinates": [
          [
            [
              4.542771791899231,
              2.1325369248604615
            ],
            [
              4.642,
              2.073
            ]
          ]
        ],
        "type": "MultiLineString"
      },
      "properties": {
        "endid": 13,
        "id": 276,
        "metadata": {
          "bottleneck": true,
          "canonical_edge_id": 20,
          "length_m": 0.11571898160945704,
          "min_clearance_m": 0.3499999940395355,
          "segment_fraction_end": 1.0,
          "segment_fraction_start": 0.9453051267132708,
          "segment_index": 8,
          "static_traversability": "FEASIBLE"
        },
        "startid": 83
      },
      "type": "Feature"
    },
    {
      "geometry": {
        "coordinates": [
          [
            [
              4.542,
              -1.627
            ],
            [
              4.728852329670914,
              -1.46090904029252
            ]
          ]
        ],
        "type": "MultiLineString"
      },
      "properties": {
        "endid": 84,
        "id": 277,
        "metadata": {
          "bottleneck": true,
          "canonical_edge_id": 21,
          "length_m": 0.25,
          "min_clearance_m": 0.2692582309246063,
          "segment_fraction_end": 0.41522739926869967,
          "segment_fraction_start": 0.0,
          "segment_index": 0,
          "static_traversability": "UNKNOWN"
        },
        "startid": 11
      },
      "type": "Feature"
    },
    {
      "geometry": {
        "coordinates": [
          [
            [
              4.728852329670914,
              -1.46090904029252
            ],
            [
              4.91570465934183,
              -1.2948180805850402
            ]
          ]
        ],
        "type": "MultiLineString"
      },
      "properties": {
        "endid": 85,
        "id": 278,
        "metadata": {
          "bottleneck": true,
          "canonical_edge_id": 21,
          "length_m": 0.25,
          "min_clearance_m": 0.2692582309246063,
          "segment_fraction_end": 0.8304547985373993,
          "segment_fraction_start": 0.41522739926869967,
          "segment_index": 1,
          "static_traversability": "UNKNOWN"
        },
        "startid": 84
      },
      "type": "Feature"
    },
    {
      "geometry": {
        "coordinates": [
          [
            [
              4.91570465934183,
              -1.2948180805850402
            ],
            [
              4.992,
              -1.2269999999999999
            ]
          ]
        ],
        "type": "MultiLineString"
      },
      "properties": {
        "endid": 15,
        "id": 279,
        "metadata": {
          "bottleneck": true,
          "canonical_edge_id": 21,
          "length_m": 0.10207972893961503,
          "min_clearance_m": 0.2692582309246063,
          "segment_fraction_end": 1.0,
          "segment_fraction_start": 0.8304547985373993,
          "segment_index": 2,
          "static_traversability": "UNKNOWN"
        },
        "startid": 85
      },
      "type": "Feature"
    },
    {
      "geometry": {
        "coordinates": [
          [
            [
              4.642,
              1.073
            ],
            [
              4.619172195992273,
              1.072048841499678
            ]
          ]
        ],
        "type": "MultiLineString"
      },
      "properties": {
        "endid": 62,
        "id": 280,
        "metadata": {
          "bottleneck": true,
          "canonical_edge_id": 22,
          "length_m": 0.02284761121666712,
          "min_clearance_m": 0.36400550603866577,
          "segment_fraction_end": 0.004786997842330638,
          "segment_fraction_start": 0.0,
          "segment_index": 0,
          "static_traversability": "FEASIBLE"
        },
        "startid": 12
      },
      "type": "Feature"
    },
    {
      "geometry": {
        "coordinates": [
          [
            [
              4.619172195992273,
              1.072048841499678
            ],
            [
              4.369388927719185,
              1.0616412053216326
            ]
          ]
        ],
        "type": "MultiLineString"
      },
      "properties": {
        "endid": 61,
        "id": 281,
        "metadata": {
          "bottleneck": true,
          "canonical_edge_id": 22,
          "length_m": 0.25,
          "min_clearance_m": 0.36400550603866577,
          "segment_fraction_end": 0.05716662953483956,
          "segment_fraction_start": 0.004786997842330638,
          "segment_index": 1,
          "static_traversability": "FEASIBLE"
        },
        "startid": 62
      },
      "type": "Feature"
    },
    {
      "geometry": {
        "coordinates": [
          [
            [
              4.369388927719185,
              1.0616412053216326
            ],
            [
              4.119605659446097,
              1.0512335691435875
            ]
          ]
        ],
        "type": "MultiLineString"
      },
      "properties": {
        "endid": 60,
        "id": 282,
        "metadata": {
          "bottleneck": true,
          "canonical_edge_id": 22,
          "length_m": 0.25,
          "min_clearance_m": 0.36400550603866577,
          "segment_fraction_end": 0.10954626122734848,
          "segment_fraction_start": 0.05716662953483956,
          "segment_index": 2,
          "static_traversability": "FEASIBLE"
        },
        "startid": 61
      },
      "type": "Feature"
    },
    {
      "geometry": {
        "coordinates": [
          [
            [
              4.119605659446097,
              1.0512335691435875
            ],
            [
              3.8698223911730087,
              1.040825932965542
            ]
          ]
        ],
        "type": "MultiLineString"
      },
      "properties": {
        "endid": 59,
        "id": 283,
        "metadata": {
          "bottleneck": true,
          "canonical_edge_id": 22,
          "length_m": 0.25,
          "min_clearance_m": 0.36400550603866577,
          "segment_fraction_end": 0.1619258929198574,
          "segment_fraction_start": 0.10954626122734848,
          "segment_index": 3,
          "static_traversability": "FEASIBLE"
        },
        "startid": 60
      },
      "type": "Feature"
    },
    {
      "geometry": {
        "coordinates": [
          [
            [
              3.8698223911730087,
              1.040825932965542
            ],
            [
              3.6200391228999207,
              1.0304182967874969
            ]
          ]
        ],
        "type": "MultiLineString"
      },
      "properties": {
        "endid": 58,
        "id": 284,
        "metadata": {
          "bottleneck": true,
          "canonical_edge_id": 22,
          "length_m": 0.25,
          "min_clearance_m": 0.36400550603866577,
          "segment_fraction_end": 0.21430552461236632,
          "segment_fraction_start": 0.1619258929198574,
          "segment_index": 4,
          "static_traversability": "FEASIBLE"
        },
        "startid": 59
      },
      "type": "Feature"
    },
    {
      "geometry": {
        "coordinates": [
          [
            [
              3.6200391228999207,
              1.0304182967874969
            ],
            [
              3.415331773922647,
              0.9563294348066163
            ]
          ]
        ],
        "type": "MultiLineString"
      },
      "properties": {
        "endid": 57,
        "id": 285,
        "metadata": {
          "bottleneck": true,
          "canonical_edge_id": 22,
          "length_m": 0.25,
          "min_clearance_m": 0.36400550603866577,
          "segment_fraction_end": 0.26668515630487527,
          "segment_fraction_start": 0.21430552461236632,
          "segment_index": 5,
          "static_traversability": "FEASIBLE"
        },
        "startid": 58
      },
      "type": "Feature"
    },
    {
      "geometry": {
        "coordinates": [
          [
            [
              3.415331773922647,
              0.9563294348066163
            ],
            [
              3.322484104834121,
              0.7242102620853014
            ]
          ]
        ],
        "type": "MultiLineString"
      },
      "properties": {
        "endid": 56,
        "id": 286,
        "metadata": {
          "bottleneck": true,
          "canonical_edge_id": 22,
          "length_m": 0.25,
          "min_clearance_m": 0.36400550603866577,
          "segment_fraction_end": 0.3190647879973842,
          "segment_fraction_start": 0.26668515630487527,
          "segment_index": 6,
          "static_traversability": "FEASIBLE"
        },
        "startid": 57
      },
      "type": "Feature"
    },
    {
      "geometry": {
        "coordinates": [
          [
            [
              3.322484104834121,
              0.7242102620853014
            ],
            [
              3.229636435745595,
              0.4920910893639866
            ]
          ]
        ],
        "type": "MultiLineString"
      },
      "properties": {
        "endid": 55,
        "id": 287,
        "metadata": {
          "bottleneck": true,
          "canonical_edge_id": 22,
          "length_m": 0.25,
          "min_clearance_m": 0.36400550603866577,
          "segment_fraction_end": 0.3714444196898931,
          "segment_fraction_start": 0.3190647879973842,
          "segment_index": 7,
          "static_traversability": "FEASIBLE"
        },
        "startid": 56
      },
      "type": "Feature"
    },
    {
      "geometry": {
        "coordinates": [
          [
            [
              3.229636435745595,
              0.4920910893639866
            ],
            [
              3.136788766657069,
              0.25997191664267183
            ]
          ]
        ],
        "type": "MultiLineString"
      },
      "properties": {
        "endid": 54,
        "id": 288,
        "metadata": {
          "bottleneck": true,
          "canonical_edge_id": 22,
          "length_m": 0.25,
          "min_clearance_m": 0.36400550603866577,
          "segment_fraction_end": 0.42382405138240203,
          "segment_fraction_start": 0.3714444196898931,
          "segment_index": 8,
          "static_traversability": "FEASIBLE"
        },
        "startid": 55
      },
      "type": "Feature"
    },
    {
      "geometry": {
        "coordinates": [
          [
            [
              3.136788766657069,
              0.25997191664267183
            ],
            [
              3.043941097568543,
              0.027852743921357035
            ]
          ]
        ],
        "type": "MultiLineString"
      },
      "properties": {
        "endid": 53,
        "id": 289,
        "metadata": {
          "bottleneck": true,
          "canonical_edge_id": 22,
          "length_m": 0.25,
          "min_clearance_m": 0.36400550603866577,
          "segment_fraction_end": 0.47620368307491096,
          "segment_fraction_start": 0.42382405138240203,
          "segment_index": 9,
          "static_traversability": "FEASIBLE"
        },
        "startid": 54
      },
      "type": "Feature"
    },
    {
      "geometry": {
        "coordinates": [
          [
            [
              3.043941097568543,
              0.027852743921357035
            ],
            [
              2.832108511219481,
              -0.10293489326831176
            ]
          ]
        ],
        "type": "MultiLineString"
      },
      "properties": {
        "endid": 52,
        "id": 290,
        "metadata": {
          "bottleneck": true,
          "canonical_edge_id": 22,
          "length_m": 0.25,
          "min_clearance_m": 0.36400550603866577,
          "segment_fraction_end": 0.5285833147674198,
          "segment_fraction_start": 0.47620368307491096,
          "segment_index": 10,
          "static_traversability": "FEASIBLE"
        },
        "startid": 53
      },
      "type": "Feature"
    },
    {
      "geometry": {
        "coordinates": [
          [
            [
              2.832108511219481,
              -0.10293489326831176
            ],
            [
              2.5890277168786424,
              -0.11685138584393209
            ]
          ]
        ],
        "type": "MultiLineString"
      },
      "properties": {
        "endid": 51,
        "id": 291,
        "metadata": {
          "bottleneck": true,
          "canonical_edge_id": 22,
          "length_m": 0.25,
          "min_clearance_m": 0.36400550603866577,
          "segment_fraction_end": 0.5809629464599287,
          "segment_fraction_start": 0.5285833147674198,
          "segment_index": 11,
          "static_traversability": "FEASIBLE"
        },
        "startid": 52
      },
      "type": "Feature"
    },
    {
      "geometry": {
        "coordinates": [
          [
            [
              2.5890277168786424,
              -0.11685138584393209
            ],
            [
              2.3393396321591813,
              -0.10436698160795903
            ]
          ]
        ],
        "type": "MultiLineString"
      },
      "properties": {
        "endid": 50,
        "id": 292,
        "metadata": {
          "bottleneck": true,
          "canonical_edge_id": 22,
          "length_m": 0.25,
          "min_clearance_m": 0.36400550603866577,
          "segment_fraction_end": 0.6333425781524378,
          "segment_fraction_start": 0.5809629464599287,
          "segment_index": 12,
          "static_traversability": "FEASIBLE"
        },
        "startid": 51
      },
      "type": "Feature"
    },
    {
      "geometry": {
        "coordinates": [
          [
            [
              2.3393396321591813,
              -0.10436698160795903
            ],
            [
              2.08965154743972,
              -0.09188257737198596
            ]
          ]
        ],
        "type": "MultiLineString"
      },
      "properties": {
        "endid": 49,
        "id": 293,
        "metadata": {
          "bottleneck": true,
          "canonical_edge_id": 22,
          "length_m": 0.25,
          "min_clearance_m": 0.36400550603866577,
          "segment_fraction_end": 0.6857222098449467,
          "segment_fraction_start": 0.6333425781524378,
          "segment_index": 13,
          "static_traversability": "FEASIBLE"
        },
        "startid": 50
      },
      "type": "Feature"
    },
    {
      "geometry": {
        "coordinates": [
          [
            [
              2.08965154743972,
              -0.09188257737198596
            ],
            [
              1.8399634627202588,
              -0.07939817313601288
            ]
          ]
        ],
        "type": "MultiLineString"
      },
      "properties": {
        "endid": 48,
        "id": 294,
        "metadata": {
          "bottleneck": true,
          "canonical_edge_id": 22,
          "length_m": 0.25,
          "min_clearance_m": 0.36400550603866577,
          "segment_fraction_end": 0.7381018415374556,
          "segment_fraction_start": 0.6857222098449467,
          "segment_index": 14,
          "static_traversability": "FEASIBLE"
        },
        "startid": 49
      },
      "type": "Feature"
    },
    {
      "geometry": {
        "coordinates": [
          [
            [
              1.8399634627202588,
              -0.07939817313601288
            ],
            [
              1.6203009433971698,
              -0.17700000000000005
            ]
          ]
        ],
        "type": "MultiLineString"
      },
      "properties": {
        "endid": 47,
        "id": 295,
        "metadata": {
          "bottleneck": true,
          "canonical_edge_id": 22,
          "length_m": 0.25,
          "min_clearance_m": 0.36400550603866577,
          "segment_fraction_end": 0.7904814732299645,
          "segment_fraction_start": 0.7381018415374556,
          "segment_index": 15,
          "static_traversability": "FEASIBLE"
        },
        "startid": 48
      },
      "type": "Feature"
    },
    {
      "geometry": {
        "coordinates": [
          [
            [
              1.6203009433971698,
              -0.17700000000000005
            ],
            [
              1.37030094339717,
              -0.17700000000000005
            ]
          ]
        ],
        "type": "MultiLineString"
      },
      "properties": {
        "endid": 46,
        "id": 296,
        "metadata": {
          "bottleneck": true,
          "canonical_edge_id": 22,
          "length_m": 0.25,
          "min_clearance_m": 0.36400550603866577,
          "segment_fraction_end": 0.8428611049224735,
          "segment_fraction_start": 0.7904814732299645,
          "segment_index": 16,
          "static_traversability": "FEASIBLE"
        },
        "startid": 47
      },
      "type": "Feature"
    },
    {
      "geometry": {
        "coordinates": [
          [
            [
              1.37030094339717,
              -0.17700000000000005
            ],
            [
              1.1203009433971698,
              -0.17700000000000005
            ]
          ]
        ],
        "type": "MultiLineString"
      },
      "properties": {
        "endid": 45,
        "id": 297,
        "metadata": {
          "bottleneck": true,
          "canonical_edge_id": 22,
          "length_m": 0.25,
          "min_clearance_m": 0.36400550603866577,
          "segment_fraction_end": 0.8952407366149824,
          "segment_fraction_start": 0.8428611049224735,
          "segment_index": 17,
          "static_traversability": "FEASIBLE"
        },
        "startid": 46
      },
      "type": "Feature"
    },
    {
      "geometry": {
        "coordinates": [
          [
            [
              1.1203009433971698,
              -0.17700000000000005
            ],
            [
              0.903999576001272,
              -0.05949973500079503
            ]
          ]
        ],
        "type": "MultiLineString"
      },
      "properties": {
        "endid": 44,
        "id": 298,
        "metadata": {
          "bottleneck": true,
          "canonical_edge_id": 22,
          "length_m": 0.25,
          "min_clearance_m": 0.36400550603866577,
          "segment_fraction_end": 0.9476203683074913,
          "segment_fraction_start": 0.8952407366149824,
          "segment_index": 18,
          "static_traversability": "FEASIBLE"
        },
        "startid": 45
      },
      "type": "Feature"
    },
    {
      "geometry": {
        "coordinates": [
          [
            [
              0.903999576001272,
              -0.05949973500079503
            ],
            [
              0.6920000000000001,
              0.07299999999999995
            ]
          ]
        ],
        "type": "MultiLineString"
      },
      "properties": {
        "endid": 3,
        "id": 299,
        "metadata": {
          "bottleneck": true,
          "canonical_edge_id": 22,
          "length_m": 0.25,
          "min_clearance_m": 0.36400550603866577,
          "segment_fraction_end": 1.0000000000000002,
          "segment_fraction_start": 0.9476203683074913,
          "segment_index": 19,
          "static_traversability": "FEASIBLE"
        },
        "startid": 44
      },
      "type": "Feature"
    },
    {
      "geometry": {
        "coordinates": [
          [
            [
              4.642,
              1.073
            ],
            [
              4.642,
              1.323
            ]
          ]
        ],
        "type": "MultiLineString"
      },
      "properties": {
        "endid": 86,
        "id": 300,
        "metadata": {
          "bottleneck": false,
          "canonical_edge_id": 23,
          "length_m": 0.25,
          "min_clearance_m": 0.75,
          "segment_fraction_end": 0.25,
          "segment_fraction_start": 0.0,
          "segment_index": 0,
          "static_traversability": "FEASIBLE"
        },
        "startid": 12
      },
      "type": "Feature"
    },
    {
      "geometry": {
        "coordinates": [
          [
            [
              4.642,
              1.323
            ],
            [
              4.642,
              1.573
            ]
          ]
        ],
        "type": "MultiLineString"
      },
      "properties": {
        "endid": 87,
        "id": 301,
        "metadata": {
          "bottleneck": false,
          "canonical_edge_id": 23,
          "length_m": 0.25,
          "min_clearance_m": 0.75,
          "segment_fraction_end": 0.5,
          "segment_fraction_start": 0.25,
          "segment_index": 1,
          "static_traversability": "FEASIBLE"
        },
        "startid": 86
      },
      "type": "Feature"
    },
    {
      "geometry": {
        "coordinates": [
          [
            [
              4.642,
              1.573
            ],
            [
              4.642,
              1.823
            ]
          ]
        ],
        "type": "MultiLineString"
      },
      "properties": {
        "endid": 88,
        "id": 302,
        "metadata": {
          "bottleneck": false,
          "canonical_edge_id": 23,
          "length_m": 0.25,
          "min_clearance_m": 0.75,
          "segment_fraction_end": 0.75,
          "segment_fraction_start": 0.5,
          "segment_index": 2,
          "static_traversability": "FEASIBLE"
        },
        "startid": 87
      },
      "type": "Feature"
    },
    {
      "geometry": {
        "coordinates": [
          [
            [
              4.642,
              1.823
            ],
            [
              4.642,
              2.073
            ]
          ]
        ],
        "type": "MultiLineString"
      },
      "properties": {
        "endid": 13,
        "id": 303,
        "metadata": {
          "bottleneck": false,
          "canonical_edge_id": 23,
          "length_m": 0.25,
          "min_clearance_m": 0.75,
          "segment_fraction_end": 1.0,
          "segment_fraction_start": 0.75,
          "segment_index": 3,
          "static_traversability": "FEASIBLE"
        },
        "startid": 88
      },
      "type": "Feature"
    },
    {
      "geometry": {
        "coordinates": [
          [
            [
              4.642,
              1.073
            ],
            [
              4.825700861156872,
              0.9034299743167334
            ]
          ]
        ],
        "type": "MultiLineString"
      },
      "properties": {
        "endid": 89,
        "id": 304,
        "metadata": {
          "bottleneck": false,
          "canonical_edge_id": 24,
          "length_m": 0.25,
          "min_clearance_m": 0.9924716949462891,
          "segment_fraction_end": 0.282616709472111,
          "segment_fraction_start": 0.0,
          "segment_index": 0,
          "static_traversability": "FEASIBLE"
        },
        "startid": 12
      },
      "type": "Feature"
    },
    {
      "geometry": {
        "coordinates": [
          [
            [
              4.825700861156872,
              0.9034299743167334
            ],
            [
              5.009401722313744,
              0.7338599486334669
            ]
          ]
        ],
        "type": "MultiLineString"
      },
      "properties": {
        "endid": 90,
        "id": 305,
        "metadata": {
          "bottleneck": false,
          "canonical_edge_id": 24,
          "length_m": 0.25,
          "min_clearance_m": 0.9924716949462891,
          "segment_fraction_end": 0.565233418944222,
          "segment_fraction_start": 0.282616709472111,
          "segment_index": 1,
          "static_traversability": "FEASIBLE"
        },
        "startid": 89
      },
      "type": "Feature"
    },
    {
      "geometry": {
        "coordinates": [
          [
            [
              5.009401722313744,
              0.7338599486334669
            ],
            [
              5.193102583470616,
              0.5642899229502005
            ]
          ]
        ],
        "type": "MultiLineString"
      },
      "properties": {
        "endid": 91,
        "id": 306,
        "metadata": {
          "bottleneck": false,
          "canonical_edge_id": 24,
          "length_m": 0.25,
          "min_clearance_m": 0.9924716949462891,
          "segment_fraction_end": 0.8478501284163329,
          "segment_fraction_start": 0.565233418944222,
          "segment_index": 2,
          "static_traversability": "FEASIBLE"
        },
        "startid": 90
      },
      "type": "Feature"
    },
    {
      "geometry": {
        "coordinates": [
          [
            [
              5.193102583470616,
              0.5642899229502005
            ],
            [
              5.292,
              0.4730000000000003
            ]
          ]
        ],
        "type": "MultiLineString"
      },
      "properties": {
        "endid": 19,
        "id": 307,
        "metadata": {
          "bottleneck": false,
          "canonical_edge_id": 24,
          "length_m": 0.13459030064770594,
          "min_clearance_m": 0.9924716949462891,
          "segment_fraction_end": 1.0,
          "segment_fraction_start": 0.8478501284163329,
          "segment_index": 3,
          "static_traversability": "FEASIBLE"
        },
        "startid": 91
      },
      "type": "Feature"
    },
    {
      "geometry": {
        "coordinates": [
          [
            [
              4.642,
              2.073
            ],
            [
              4.542771791899231,
              2.1325369248604615
            ]
          ]
        ],
        "type": "MultiLineString"
      },
      "properties": {
        "endid": 83,
        "id": 308,
        "metadata": {
          "bottleneck": true,
          "canonical_edge_id": 25,
          "length_m": 0.11571898160945704,
          "min_clearance_m": 0.3499999940395355,
          "segment_fraction_end": 0.05469487328672922,
          "segment_fraction_start": 0.0,
          "segment_index": 0,
          "static_traversability": "FEASIBLE"
        },
        "startid": 13
      },
      "type": "Feature"
    },
    {
      "geometry": {
        "coordinates": [
          [
            [
              4.542771791899231,
              2.1325369248604615
            ],
            [
              4.328398560471095,
              2.261160863717343
            ]
          ]
        ],
        "type": "MultiLineString"
      },
      "properties": {
        "endid": 82,
        "id": 309,
        "metadata": {
          "bottleneck": true,
          "canonical_edge_id": 25,
          "length_m": 0.25,
          "min_clearance_m": 0.3499999940395355,
          "segment_fraction_end": 0.17285801412588805,
          "segment_fraction_start": 0.05469487328672922,
          "segment_index": 1,
          "static_traversability": "FEASIBLE"
        },
        "startid": 83
      },
      "type": "Feature"
    },
    {
      "geometry": {
        "coordinates": [
          [
            [
              4.328398560471095,
              2.261160863717343
            ],
            [
              4.109376207875074,
              2.3729999999999998
            ]
          ]
        ],
        "type": "MultiLineString"
      },
      "properties": {
        "endid": 81,
        "id": 310,
        "metadata": {
          "bottleneck": true,
          "canonical_edge_id": 25,
          "length_m": 0.25,
          "min_clearance_m": 0.3499999940395355,
          "segment_fraction_end": 0.29102115496504694,
          "segment_fraction_start": 0.17285801412588805,
          "segment_index": 2,
          "static_traversability": "FEASIBLE"
        },
        "startid": 82
      },
      "type": "Feature"
    },
    {
      "geometry": {
        "coordinates": [
          [
            [
              4.109376207875074,
              2.3729999999999998
            ],
            [
              3.8593762078750737,
              2.3729999999999998
            ]
          ]
        ],
        "type": "MultiLineString"
      },
      "properties": {
        "endid": 80,
        "id": 311,
        "metadata": {
          "bottleneck": true,
          "canonical_edge_id": 25,
          "length_m": 0.25,
          "min_clearance_m": 0.3499999940395355,
          "segment_fraction_end": 0.4091842958042058,
          "segment_fraction_start": 0.29102115496504694,
          "segment_index": 3,
          "static_traversability": "FEASIBLE"
        },
        "startid": 81
      },
      "type": "Feature"
    },
    {
      "geometry": {
        "coordinates": [
          [
            [
              3.8593762078750737,
              2.3729999999999998
            ],
            [
              3.6093762078750737,
              2.3729999999999998
            ]
          ]
        ],
        "type": "MultiLineString"
      },
      "properties": {
        "endid": 79,
        "id": 312,
        "metadata": {
          "bottleneck": true,
          "canonical_edge_id": 25,
          "length_m": 0.25,
          "min_clearance_m": 0.3499999940395355,
          "segment_fraction_end": 0.5273474366433646,
          "segment_fraction_start": 0.4091842958042058,
          "segment_index": 4,
          "static_traversability": "FEASIBLE"
        },
        "startid": 80
      },
      "type": "Feature"
    },
    {
      "geometry": {
        "coordinates": [
          [
            [
              3.6093762078750737,
              2.3729999999999998
            ],
            [
              3.3628203932499368,
              2.3875898033750316
            ]
          ]
        ],
        "type": "MultiLineString"
      },
      "properties": {
        "endid": 78,
        "id": 313,
        "metadata": {
          "bottleneck": true,
          "canonical_edge_id": 25,
          "length_m": 0.25,
          "min_clearance_m": 0.3499999940395355,
          "segment_fraction_end": 0.6455105774825235,
          "segment_fraction_start": 0.5273474366433646,
          "segment_index": 5,
          "static_traversability": "FEASIBLE"
        },
        "startid": 79
      },
      "type": "Feature"
    },
    {
      "geometry": {
        "coordinates": [
          [
            [
              3.3628203932499368,
              2.3875898033750316
            ],
            [
              3.139213595499958,
              2.499393202250021
            ]
          ]
        ],
        "type": "MultiLineString"
      },
      "properties": {
        "endid": 77,
        "id": 314,
        "metadata": {
          "bottleneck": true,
          "canonical_edge_id": 25,
          "length_m": 0.25,
          "min_clearance_m": 0.3499999940395355,
          "segment_fraction_end": 0.7636737183216823,
          "segment_fraction_start": 0.6455105774825235,
          "segment_index": 6,
          "static_traversability": "FEASIBLE"
        },
        "startid": 78
      },
      "type": "Feature"
    },
    {
      "geometry": {
        "coordinates": [
          [
            [
              3.139213595499958,
              2.499393202250021
            ],
            [
              2.915606797749979,
              2.6111966011250107
            ]
          ]
        ],
        "type": "MultiLineString"
      },
      "properties": {
        "endid": 76,
        "id": 315,
        "metadata": {
          "bottleneck": true,
          "canonical_edge_id": 25,
          "length_m": 0.25,
          "min_clearance_m": 0.3499999940395355,
          "segment_fraction_end": 0.8818368591608412,
          "segment_fraction_start": 0.7636737183216823,
          "segment_index": 7,
          "static_traversability": "FEASIBLE"
        },
        "startid": 77
      },
      "type": "Feature"
    },
    {
      "geometry": {
        "coordinates": [
          [
            [
              2.915606797749979,
              2.6111966011250107
            ],
            [
              2.692,
              2.7230000000000003
            ]
          ]
        ],
        "type": "MultiLineString"
      },
      "properties": {
        "endid": 10,
        "id": 316,
        "metadata": {
          "bottleneck": true,
          "canonical_edge_id": 25,
          "length_m": 0.25,
          "min_clearance_m": 0.3499999940395355,
          "segment_fraction_end": 1.0,
          "segment_fraction_start": 0.8818368591608412,
          "segment_index": 8,
          "static_traversability": "FEASIBLE"
        },
        "startid": 76
      },
      "type": "Feature"
    },
    {
      "geometry": {
        "coordinates": [
          [
            [
              4.642,
              2.073
            ],
            [
              4.642,
              1.823
            ]
          ]
        ],
        "type": "MultiLineString"
      },
      "properties": {
        "endid": 88,
        "id": 317,
        "metadata": {
          "bottleneck": false,
          "canonical_edge_id": 26,
          "length_m": 0.25,
          "min_clearance_m": 0.75,
          "segment_fraction_end": 0.25,
          "segment_fraction_start": 0.0,
          "segment_index": 0,
          "static_traversability": "FEASIBLE"
        },
        "startid": 13
      },
      "type": "Feature"
    },
    {
      "geometry": {
        "coordinates": [
          [
            [
              4.642,
              1.823
            ],
            [
              4.642,
              1.573
            ]
          ]
        ],
        "type": "MultiLineString"
      },
      "properties": {
        "endid": 87,
        "id": 318,
        "metadata": {
          "bottleneck": false,
          "canonical_edge_id": 26,
          "length_m": 0.25,
          "min_clearance_m": 0.75,
          "segment_fraction_end": 0.5,
          "segment_fraction_start": 0.25,
          "segment_index": 1,
          "static_traversability": "FEASIBLE"
        },
        "startid": 88
      },
      "type": "Feature"
    },
    {
      "geometry": {
        "coordinates": [
          [
            [
              4.642,
              1.573
            ],
            [
              4.642,
              1.323
            ]
          ]
        ],
        "type": "MultiLineString"
      },
      "properties": {
        "endid": 86,
        "id": 319,
        "metadata": {
          "bottleneck": false,
          "canonical_edge_id": 26,
          "length_m": 0.25,
          "min_clearance_m": 0.75,
          "segment_fraction_end": 0.75,
          "segment_fraction_start": 0.5,
          "segment_index": 2,
          "static_traversability": "FEASIBLE"
        },
        "startid": 87
      },
      "type": "Feature"
    },
    {
      "geometry": {
        "coordinates": [
          [
            [
              4.642,
              1.323
            ],
            [
              4.642,
              1.073
            ]
          ]
        ],
        "type": "MultiLineString"
      },
      "properties": {
        "endid": 12,
        "id": 320,
        "metadata": {
          "bottleneck": false,
          "canonical_edge_id": 26,
          "length_m": 0.25,
          "min_clearance_m": 0.75,
          "segment_fraction_end": 1.0,
          "segment_fraction_start": 0.75,
          "segment_index": 3,
          "static_traversability": "FEASIBLE"
        },
        "startid": 86
      },
      "type": "Feature"
    },
    {
      "geometry": {
        "coordinates": [
          [
            [
              4.642,
              2.073
            ],
            [
              4.8420000000000005,
              2.223
            ]
          ]
        ],
        "type": "MultiLineString"
      },
      "properties": {
        "endid": 92,
        "id": 321,
        "metadata": {
          "bottleneck": false,
          "canonical_edge_id": 27,
          "length_m": 0.25,
          "min_clearance_m": 0.5656854510307312,
          "segment_fraction_end": 0.5000000000000006,
          "segment_fraction_start": 0.0,
          "segment_index": 0,
          "static_traversability": "FEASIBLE"
        },
        "startid": 13
      },
      "type": "Feature"
    },
    {
      "geometry": {
        "coordinates": [
          [
            [
              4.8420000000000005,
              2.223
            ],
            [
              5.042,
              2.3729999999999998
            ]
          ]
        ],
        "type": "MultiLineString"
      },
      "properties": {
        "endid": 16,
        "id": 322,
        "metadata": {
          "bottleneck": false,
          "canonical_edge_id": 27,
          "length_m": 0.2499999999999995,
          "min_clearance_m": 0.5656854510307312,
          "segment_fraction_end": 1.0,
          "segment_fraction_start": 0.5000000000000006,
          "segment_index": 1,
          "static_traversability": "FEASIBLE"
        },
        "startid": 92
      },
      "type": "Feature"
    },
    {
      "geometry": {
        "coordinates": [
          [
            [
              4.742,
              4.623000000000001
            ],
            [
              4.950012573584461,
              4.4843249509436935
            ]
          ]
        ],
        "type": "MultiLineString"
      },
      "properties": {
        "endid": 93,
        "id": 323,
        "metadata": {
          "bottleneck": true,
          "canonical_edge_id": 28,
          "length_m": 0.25,
          "min_clearance_m": 0.22360680997371674,
          "segment_fraction_end": 0.6933752452815355,
          "segment_fraction_start": 0.0,
          "segment_index": 0,
          "static_traversability": "UNKNOWN"
        },
        "startid": 14
      },
      "type": "Feature"
    },
    {
      "geometry": {
        "coordinates": [
          [
            [
              4.950012573584461,
              4.4843249509436935
            ],
            [
              5.042,
              4.423
            ]
          ]
        ],
        "type": "MultiLineString"
      },
      "properties": {
        "endid": 17,
        "id": 324,
        "metadata": {
          "bottleneck": true,
          "canonical_edge_id": 28,
          "length_m": 0.1105551275463994,
          "min_clearance_m": 0.22360680997371674,
          "segment_fraction_end": 1.0,
          "segment_fraction_start": 0.6933752452815355,
          "segment_index": 1,
          "static_traversability": "UNKNOWN"
        },
        "startid": 93
      },
      "type": "Feature"
    },
    {
      "geometry": {
        "coordinates": [
          [
            [
              4.992,
              -1.2269999999999999
            ],
            [
              4.91570465934183,
              -1.2948180805850402
            ]
          ]
        ],
        "type": "MultiLineString"
      },
      "properties": {
        "endid": 85,
        "id": 325,
        "metadata": {
          "bottleneck": true,
          "canonical_edge_id": 29,
          "length_m": 0.10207972893961503,
          "min_clearance_m": 0.2692582309246063,
          "segment_fraction_end": 0.16954520146260066,
          "segment_fraction_start": 0.0,
          "segment_index": 0,
          "static_traversability": "UNKNOWN"
        },
        "startid": 15
      },
      "type": "Feature"
    },
    {
      "geometry": {
        "coordinates": [
          [
            [
              4.91570465934183,
              -1.2948180805850402
            ],
            [
              4.728852329670914,
              -1.46090904029252
            ]
          ]
        ],
        "type": "MultiLineString"
      },
      "properties": {
        "endid": 84,
        "id": 326,
        "metadata": {
          "bottleneck": true,
          "canonical_edge_id": 29,
          "length_m": 0.25,
          "min_clearance_m": 0.2692582309246063,
          "segment_fraction_end": 0.5847726007313003,
          "segment_fraction_start": 0.16954520146260066,
          "segment_index": 1,
          "static_traversability": "UNKNOWN"
        },
        "startid": 85
      },
      "type": "Feature"
    },
    {
      "geometry": {
        "coordinates": [
          [
            [
              4.728852329670914,
              -1.46090904029252
            ],
            [
              4.542,
              -1.627
            ]
          ]
        ],
        "type": "MultiLineString"
      },
      "properties": {
        "endid": 11,
        "id": 327,
        "metadata": {
          "bottleneck": true,
          "canonical_edge_id": 29,
          "length_m": 0.25,
          "min_clearance_m": 0.2692582309246063,
          "segment_fraction_end": 1.0,
          "segment_fraction_start": 0.5847726007313003,
          "segment_index": 2,
          "static_traversability": "UNKNOWN"
        },
        "startid": 84
      },
      "type": "Feature"
    },
    {
      "geometry": {
        "coordinates": [
          [
            [
              4.992,
              -1.2269999999999999
            ],
            [
              5.103803398874989,
              -1.003393202250021
            ]
          ]
        ],
        "type": "MultiLineString"
      },
      "properties": {
        "endid": 94,
        "id": 328,
        "metadata": {
          "bottleneck": false,
          "canonical_edge_id": 30,
          "length_m": 0.25,
          "min_clearance_m": 0.6264982223510742,
          "segment_fraction_end": 0.22360679774997896,
          "segment_fraction_start": 0.0,
          "segment_index": 0,
          "static_traversability": "FEASIBLE"
        },
        "startid": 15
      },
      "type": "Feature"
    },
    {
      "geometry": {
        "coordinates": [
          [
            [
              5.103803398874989,
              -1.003393202250021
            ],
            [
              5.215606797749979,
              -0.779786404500042
            ]
          ]
        ],
        "type": "MultiLineString"
      },
      "properties": {
        "endid": 95,
        "id": 329,
        "metadata": {
          "bottleneck": false,
          "canonical_edge_id": 30,
          "length_m": 0.25,
          "min_clearance_m": 0.6264982223510742,
          "segment_fraction_end": 0.4472135954999579,
          "segment_fraction_start": 0.22360679774997896,
          "segment_index": 1,
          "static_traversability": "FEASIBLE"
        },
        "startid": 94
      },
      "type": "Feature"
    },
    {
      "geometry": {
        "coordinates": [
          [
            [
              5.215606797749979,
              -0.779786404500042
            ],
            [
              5.327410196624968,
              -0.556179606750063
            ]
          ]
        ],
        "type": "MultiLineString"
      },
      "properties": {
        "endid": 96,
        "id": 330,
        "metadata": {
          "bottleneck": false,
          "canonical_edge_id": 30,
          "length_m": 0.25,
          "min_clearance_m": 0.6264982223510742,
          "segment_fraction_end": 0.6708203932499369,
          "segment_fraction_start": 0.4472135954999579,
          "segment_index": 2,
          "static_traversability": "FEASIBLE"
        },
        "startid": 95
      },
      "type": "Feature"
    },
    {
      "geometry": {
        "coordinates": [
          [
            [
              5.327410196624968,
              -0.556179606750063
            ],
            [
              5.439213595499958,
              -0.332572809000084
            ]
          ]
        ],
        "type": "MultiLineString"
      },
      "properties": {
        "endid": 97,
        "id": 331,
        "metadata": {
          "bottleneck": false,
          "canonical_edge_id": 30,
          "length_m": 0.25,
          "min_clearance_m": 0.6264982223510742,
          "segment_fraction_end": 0.8944271909999159,
          "segment_fraction_start": 0.6708203932499369,
          "segment_index": 3,
          "static_traversability": "FEASIBLE"
        },
        "startid": 96
      },
      "type": "Feature"
    },
    {
      "geometry": {
        "coordinates": [
          [
            [
              5.439213595499958,
              -0.332572809000084
            ],
            [
              5.492,
              -0.22699999999999987
            ]
          ]
        ],
        "type": "MultiLineString"
      },
      "properties": {
        "endid": 20,
        "id": 332,
        "metadata": {
          "bottleneck": false,
          "canonical_edge_id": 30,
          "length_m": 0.1180339887498949,
          "min_clearance_m": 0.6264982223510742,
          "segment_fraction_end": 1.0,
          "segment_fraction_start": 0.8944271909999159,
          "segment_index": 4,
          "static_traversability": "FEASIBLE"
        },
        "startid": 97
      },
      "type": "Feature"
    },
    {
      "geometry": {
        "coordinates": [
          [
            [
              4.992,
              -1.2269999999999999
            ],
            [
              5.1818141505913236,
              -1.3896978433639922
            ]
          ]
        ],
        "type": "MultiLineString"
      },
      "properties": {
        "endid": 98,
        "id": 333,
        "metadata": {
          "bottleneck": true,
          "canonical_edge_id": 31,
          "length_m": 0.25,
          "min_clearance_m": 0.22360680997371674,
          "segment_fraction_end": 0.3782278592241222,
          "segment_fraction_start": 0.0,
          "segment_index": 0,
          "static_traversability": "UNKNOWN"
        },
        "startid": 15
      },
      "type": "Feature"
    },
    {
      "geometry": {
        "coordinates": [
          [
            [
              5.1818141505913236,
              -1.3896978433639922
            ],
            [
              5.381022777135355,
              -1.5270000000000001
            ]
          ]
        ],
        "type": "MultiLineString"
      },
      "properties": {
        "endid": 99,
        "id": 334,
        "metadata": {
          "bottleneck": true,
          "canonical_edge_id": 31,
          "length_m": 0.25,
          "min_clearance_m": 0.22360680997371674,
          "segment_fraction_end": 0.7564557184482444,
          "segment_fraction_start": 0.3782278592241222,
          "segment_index": 1,
          "static_traversability": "UNKNOWN"
        },
        "startid": 98
      },
      "type": "Feature"
    },
    {
      "geometry": {
        "coordinates": [
          [
            [
              5.381022777135355,
              -1.5270000000000001
            ],
            [
              5.542,
              -1.5270000000000001
            ]
          ]
        ],
        "type": "MultiLineString"
      },
      "properties": {
        "endid": 21,
        "id": 335,
        "metadata": {
          "bottleneck": true,
          "canonical_edge_id": 31,
          "length_m": 0.16097722286464444,
          "min_clearance_m": 0.22360680997371674,
          "segment_fraction_end": 1.0,
          "segment_fraction_start": 0.7564557184482444,
          "segment_index": 2,
          "static_traversability": "UNKNOWN"
        },
        "startid": 99
      },
      "type": "Feature"
    },
    {
      "geometry": {
        "coordinates": [
          [
            [
              5.042,
              2.3729999999999998
            ],
            [
              4.8420000000000005,
              2.223
            ]
          ]
        ],
        "type": "MultiLineString"
      },
      "properties": {
        "endid": 92,
        "id": 336,
        "metadata": {
          "bottleneck": false,
          "canonical_edge_id": 32,
          "length_m": 0.2499999999999995,
          "min_clearance_m": 0.5656854510307312,
          "segment_fraction_end": 0.4999999999999995,
          "segment_fraction_start": 0.0,
          "segment_index": 0,
          "static_traversability": "FEASIBLE"
        },
        "startid": 16
      },
      "type": "Feature"
    },
    {
      "geometry": {
        "coordinates": [
          [
            [
              4.8420000000000005,
              2.223
            ],
            [
              4.642,
              2.073
            ]
          ]
        ],
        "type": "MultiLineString"
      },
      "properties": {
        "endid": 13,
        "id": 337,
        "metadata": {
          "bottleneck": false,
          "canonical_edge_id": 32,
          "length_m": 0.25,
          "min_clearance_m": 0.5656854510307312,
          "segment_fraction_end": 1.0,
          "segment_fraction_start": 0.4999999999999995,
          "segment_index": 1,
          "static_traversability": "FEASIBLE"
        },
        "startid": 92
      },
      "type": "Feature"
    },
    {
      "geometry": {
        "coordinates": [
          [
            [
              5.042,
              2.3729999999999998
            ],
            [
              5.059811762496977,
              2.6223646749576837
            ]
          ]
        ],
        "type": "MultiLineString"
      },
      "properties": {
        "endid": 100,
        "id": 338,
        "metadata": {
          "bottleneck": true,
          "canonical_edge_id": 33,
          "length_m": 0.25,
          "min_clearance_m": 0.3499999940395355,
          "segment_fraction_end": 0.11712853852741026,
          "segment_fraction_start": 0.0,
          "segment_index": 0,
          "static_traversability": "FEASIBLE"
        },
        "startid": 16
      },
      "type": "Feature"
    },
    {
      "geometry": {
        "coordinates": [
          [
            [
              5.059811762496977,
              2.6223646749576837
            ],
            [
              5.077623524993954,
              2.871729349915367
            ]
          ]
        ],
        "type": "MultiLineString"
      },
      "properties": {
        "endid": 101,
        "id": 339,
        "metadata": {
          "bottleneck": true,
          "canonical_edge_id": 33,
          "length_m": 0.25,
          "min_clearance_m": 0.3499999940395355,
          "segment_fraction_end": 0.23425707705482052,
          "segment_fraction_start": 0.11712853852741026,
          "segment_index": 1,
          "static_traversability": "FEASIBLE"
        },
        "startid": 100
      },
      "type": "Feature"
    },
    {
      "geometry": {
        "coordinates": [
          [
            [
              5.077623524993954,
              2.871729349915367
            ],
            [
              5.070436899904536,
              3.1161262001909282
            ]
          ]
        ],
        "type": "MultiLineString"
      },
      "properties": {
        "endid": 102,
        "id": 340,
        "metadata": {
          "bottleneck": true,
          "canonical_edge_id": 33,
          "length_m": 0.25,
          "min_clearance_m": 0.3499999940395355,
          "segment_fraction_end": 0.3513856155822308,
          "segment_fraction_start": 0.23425707705482052,
          "segment_index": 2,
          "static_traversability": "FEASIBLE"
        },
        "startid": 101
      },
      "type": "Feature"
    },
    {
      "geometry": {
        "coordinates": [
          [
            [
              5.070436899904536,
              3.1161262001909282
            ],
            [
              4.958633501029547,
              3.3397329979409074
            ]
          ]
        ],
        "type": "MultiLineString"
      },
      "properties": {
        "endid": 103,
        "id": 341,
        "metadata": {
          "bottleneck": true,
          "canonical_edge_id": 33,
          "length_m": 0.25,
          "min_clearance_m": 0.3499999940395355,
          "segment_fraction_end": 0.46851415410964103,
          "segment_fraction_start": 0.3513856155822308,
          "segment_index": 3,
          "static_traversability": "FEASIBLE"
        },
        "startid": 102
      },
      "type": "Feature"
    },
    {
      "geometry": {
        "coordinates": [
          [
            [
              4.958633501029547,
              3.3397329979409074
            ],
            [
              4.892,
              3.574002962119132
            ]
          ]
        ],
        "type": "MultiLineString"
      },
      "properties": {
        "endid": 104,
        "id": 342,
        "metadata": {
          "bottleneck": true,
          "canonical_edge_id": 33,
          "length_m": 0.25,
          "min_clearance_m": 0.3499999940395355,
          "segment_fraction_end": 0.5856426926370513,
          "segment_fraction_start": 0.46851415410964103,
          "segment_index": 4,
          "static_traversability": "FEASIBLE"
        },
        "startid": 103
      },
      "type": "Feature"
    },
    {
      "geometry": {
        "coordinates": [
          [
            [
              4.892,
              3.574002962119132
            ],
            [
              4.892,
              3.824002962119132
            ]
          ]
        ],
        "type": "MultiLineString"
      },
      "properties": {
        "endid": 105,
        "id": 343,
        "metadata": {
          "bottleneck": true,
          "canonical_edge_id": 33,
          "length_m": 0.25,
          "min_clearance_m": 0.3499999940395355,
          "segment_fraction_end": 0.7027712311644616,
          "segment_fraction_start": 0.5856426926370513,
          "segment_index": 5,
          "static_traversability": "FEASIBLE"
        },
        "startid": 104
      },
      "type": "Feature"
    },
    {
      "geometry": {
        "coordinates": [
          [
            [
              4.892,
              3.824002962119132
            ],
            [
              4.959530577620441,
              4.058061155240883
            ]
          ]
        ],
        "type": "MultiLineString"
      },
      "properties": {
        "endid": 106,
        "id": 344,
        "metadata": {
          "bottleneck": true,
          "canonical_edge_id": 33,
          "length_m": 0.25,
          "min_clearance_m": 0.3499999940395355,
          "segment_fraction_end": 0.8198997696918718,
          "segment_fraction_start": 0.7027712311644616,
          "segment_index": 6,
          "static_traversability": "FEASIBLE"
        },
        "startid": 105
      },
      "type": "Feature"
    },
    {
      "geometry": {
        "coordinates": [
          [
            [
              4.959530577620441,
              4.058061155240883
            ],
            [
              5.042,
              4.288592765494164
            ]
          ]
        ],
        "type": "MultiLineString"
      },
      "properties": {
        "endid": 107,
        "id": 345,
        "metadata": {
          "bottleneck": true,
          "canonical_edge_id": 33,
          "length_m": 0.25,
          "min_clearance_m": 0.3499999940395355,
          "segment_fraction_end": 0.9370283082192821,
          "segment_fraction_start": 0.8198997696918718,
          "segment_index": 7,
          "static_traversability": "FEASIBLE"
        },
        "startid": 106
      },
      "type": "Feature"
    },
    {
      "geometry": {
        "coordinates": [
          [
            [
              5.042,
              4.288592765494164
            ],
            [
              5.042,
              4.423
            ]
          ]
        ],
        "type": "MultiLineString"
      },
      "properties": {
        "endid": 17,
        "id": 346,
        "metadata": {
          "bottleneck": true,
          "canonical_edge_id": 33,
          "length_m": 0.13440723450583603,
          "min_clearance_m": 0.3499999940395355,
          "segment_fraction_end": 1.0,
          "segment_fraction_start": 0.9370283082192821,
          "segment_index": 8,
          "static_traversability": "FEASIBLE"
        },
        "startid": 107
      },
      "type": "Feature"
    },
    {
      "geometry": {
        "coordinates": [
          [
            [
              5.042,
              2.3729999999999998
            ],
            [
              5.292,
              2.3729999999999998
            ]
          ]
        ],
        "type": "MultiLineString"
      },
      "properties": {
        "endid": 108,
        "id": 347,
        "metadata": {
          "bottleneck": true,
          "canonical_edge_id": 34,
          "length_m": 0.25,
          "min_clearance_m": 0.3499999940395355,
          "segment_fraction_end": 0.13615373373995507,
          "segment_fraction_start": 0.0,
          "segment_index": 0,
          "static_traversability": "FEASIBLE"
        },
        "startid": 16
      },
      "type": "Feature"
    },
    {
      "geometry": {
        "coordinates": [
          [
            [
              5.292,
              2.3729999999999998
            ],
            [
              5.542,
              2.3729999999999998
            ]
          ]
        ],
        "type": "MultiLineString"
      },
      "properties": {
        "endid": 109,
        "id": 348,
        "metadata": {
          "bottleneck": true,
          "canonical_edge_id": 34,
          "length_m": 0.25,
          "min_clearance_m": 0.3499999940395355,
          "segment_fraction_end": 0.27230746747991014,
          "segment_fraction_start": 0.13615373373995507,
          "segment_index": 1,
          "static_traversability": "FEASIBLE"
        },
        "startid": 108
      },
      "type": "Feature"
    },
    {
      "geometry": {
        "coordinates": [
          [
            [
              5.542,
              2.3729999999999998
            ],
            [
              5.792,
              2.3729999999999998
            ]
          ]
        ],
        "type": "MultiLineString"
      },
      "properties": {
        "endid": 110,
        "id": 349,
        "metadata": {
          "bottleneck": true,
          "canonical_edge_id": 34,
          "length_m": 0.25,
          "min_clearance_m": 0.3499999940395355,
          "segment_fraction_end": 0.40846120121986523,
          "segment_fraction_start": 0.27230746747991014,
          "segment_index": 2,
          "static_traversability": "FEASIBLE"
        },
        "startid": 109
      },
      "type": "Feature"
    },
    {
      "geometry": {
        "coordinates": [
          [
            [
              5.792,
              2.3729999999999998
            ],
            [
              6.011601808573954,
              2.4751779787304398
            ]
          ]
        ],
        "type": "MultiLineString"
      },
      "properties": {
        "endid": 111,
        "id": 350,
        "metadata": {
          "bottleneck": true,
          "canonical_edge_id": 34,
          "length_m": 0.25,
          "min_clearance_m": 0.3499999940395355,
          "segment_fraction_end": 0.5446149349598203,
          "segment_fraction_start": 0.40846120121986523,
          "segment_index": 3,
          "static_traversability": "FEASIBLE"
        },
        "startid": 110
      },
      "type": "Feature"
    },
    {
      "geometry": {
        "coordinates": [
          [
            [
              6.011601808573954,
              2.4751779787304398
            ],
            [
              6.260072742242359,
              2.5027858602491513
            ]
          ]
        ],
        "type": "MultiLineString"
      },
      "properties": {
        "endid": 112,
        "id": 351,
        "metadata": {
          "bottleneck": true,
          "canonical_edge_id": 34,
          "length_m": 0.25,
          "min_clearance_m": 0.3499999940395355,
          "segment_fraction_end": 0.6807686686997754,
          "segment_fraction_start": 0.5446149349598203,
          "segment_index": 4,
          "static_traversability": "FEASIBLE"
        },
        "startid": 111
      },
      "type": "Feature"
    },
    {
      "geometry": {
        "coordinates": [
          [
            [
              6.260072742242359,
              2.5027858602491513
            ],
            [
              6.500131638787958,
              2.5562180793074045
            ]
          ]
        ],
        "type": "MultiLineString"
      },
      "properties": {
        "endid": 113,
        "id": 352,
        "metadata": {
          "bottleneck": true,
          "canonical_edge_id": 34,
          "length_m": 0.25,
          "min_clearance_m": 0.3499999940395355,
          "segment_fraction_end": 0.8169224024397305,
          "segment_fraction_start": 0.6807686686997754,
          "segment_index": 5,
          "static_traversability": "FEASIBLE"
        },
        "startid": 112
      },
      "type": "Feature"
    },
    {
      "geometry": {
        "coordinates": [
          [
            [
              6.500131638787958,
              2.5562180793074045
            ],
            [
              6.717192424319072,
              2.680252813896613
            ]
          ]
        ],
        "type": "MultiLineString"
      },
      "properties": {
        "endid": 114,
        "id": 353,
        "metadata": {
          "bottleneck": true,
          "canonical_edge_id": 34,
          "length_m": 0.25,
          "min_clearance_m": 0.3499999940395355,
          "segment_fraction_end": 0.9530761361796856,
          "segment_fraction_start": 0.8169224024397305,
          "segment_index": 6,
          "static_traversability": "FEASIBLE"
        },
        "startid": 113
      },
      "type": "Feature"
    },
    {
      "geometry": {
        "coordinates": [
          [
            [
              6.717192424319072,
              2.680252813896613
            ],
            [
              6.792,
              2.7230000000000003
            ]
          ]
        ],
        "type": "MultiLineString"
      },
      "properties": {
        "endid": 25,
        "id": 354,
        "metadata": {
          "bottleneck": true,
          "canonical_edge_id": 34,
          "length_m": 0.08615970809499807,
          "min_clearance_m": 0.3499999940395355,
          "segment_fraction_end": 1.0,
          "segment_fraction_start": 0.9530761361796856,
          "segment_index": 7,
          "static_traversability": "FEASIBLE"
        },
        "startid": 114
      },
      "type": "Feature"
    },
    {
      "geometry": {
        "coordinates": [
          [
            [
              5.042,
              4.423
            ],
            [
              4.950012573584461,
              4.4843249509436935
            ]
          ]
        ],
        "type": "MultiLineString"
      },
      "properties": {
        "endid": 93,
        "id": 355,
        "metadata": {
          "bottleneck": true,
          "canonical_edge_id": 35,
          "length_m": 0.1105551275463994,
          "min_clearance_m": 0.22360680997371674,
          "segment_fraction_end": 0.3066247547184645,
          "segment_fraction_start": 0.0,
          "segment_index": 0,
          "static_traversability": "UNKNOWN"
        },
        "startid": 17
      },
      "type": "Feature"
    },
    {
      "geometry": {
        "coordinates": [
          [
            [
              4.950012573584461,
              4.4843249509436935
            ],
            [
              4.742,
              4.623000000000001
            ]
          ]
        ],
        "type": "MultiLineString"
      },
      "properties": {
        "endid": 14,
        "id": 356,
        "metadata": {
          "bottleneck": true,
          "canonical_edge_id": 35,
          "length_m": 0.25,
          "min_clearance_m": 0.22360680997371674,
          "segment_fraction_end": 1.0,
          "segment_fraction_start": 0.3066247547184645,
          "segment_index": 1,
          "static_traversability": "UNKNOWN"
        },
        "startid": 93
      },
      "type": "Feature"
    },
    {
      "geometry": {
        "coordinates": [
          [
            [
              5.042,
              4.423
            ],
            [
              5.042,
              4.288592765494164
            ]
          ]
        ],
        "type": "MultiLineString"
      },
      "properties": {
        "endid": 107,
        "id": 357,
        "metadata": {
          "bottleneck": true,
          "canonical_edge_id": 36,
          "length_m": 0.13440723450583603,
          "min_clearance_m": 0.3499999940395355,
          "segment_fraction_end": 0.06297169178071792,
          "segment_fraction_start": 0.0,
          "segment_index": 0,
          "static_traversability": "FEASIBLE"
        },
        "startid": 17
      },
      "type": "Feature"
    },
    {
      "geometry": {
        "coordinates": [
          [
            [
              5.042,
              4.288592765494164
            ],
            [
              4.959530577620441,
              4.058061155240883
            ]
          ]
        ],
        "type": "MultiLineString"
      },
      "properties": {
        "endid": 106,
        "id": 358,
        "metadata": {
          "bottleneck": true,
          "canonical_edge_id": 36,
          "length_m": 0.25,
          "min_clearance_m": 0.3499999940395355,
          "segment_fraction_end": 0.1801002303081282,
          "segment_fraction_start": 0.06297169178071792,
          "segment_index": 1,
          "static_traversability": "FEASIBLE"
        },
        "startid": 107
      },
      "type": "Feature"
    },
    {
      "geometry": {
        "coordinates": [
          [
            [
              4.959530577620441,
              4.058061155240883
            ],
            [
              4.892,
              3.824002962119132
            ]
          ]
        ],
        "type": "MultiLineString"
      },
      "properties": {
        "endid": 105,
        "id": 359,
        "metadata": {
          "bottleneck": true,
          "canonical_edge_id": 36,
          "length_m": 0.25,
          "min_clearance_m": 0.3499999940395355,
          "segment_fraction_end": 0.29722876883553845,
          "segment_fraction_start": 0.1801002303081282,
          "segment_index": 2,
          "static_traversability": "FEASIBLE"
        },
        "startid": 106
      },
      "type": "Feature"
    },
    {
      "geometry": {
        "coordinates": [
          [
            [
              4.892,
              3.824002962119132
            ],
            [
              4.892,
              3.574002962119132
            ]
          ]
        ],
        "type": "MultiLineString"
      },
      "properties": {
        "endid": 104,
        "id": 360,
        "metadata": {
          "bottleneck": true,
          "canonical_edge_id": 36,
          "length_m": 0.25,
          "min_clearance_m": 0.3499999940395355,
          "segment_fraction_end": 0.4143573073629487,
          "segment_fraction_start": 0.29722876883553845,
          "segment_index": 3,
          "static_traversability": "FEASIBLE"
        },
        "startid": 105
      },
      "type": "Feature"
    },
    {
      "geometry": {
        "coordinates": [
          [
            [
              4.892,
              3.574002962119132
            ],
            [
              4.958633501029547,
              3.3397329979409074
            ]
          ]
        ],
        "type": "MultiLineString"
      },
      "properties": {
        "endid": 103,
        "id": 361,
        "metadata": {
          "bottleneck": true,
          "canonical_edge_id": 36,
          "length_m": 0.25,
          "min_clearance_m": 0.3499999940395355,
          "segment_fraction_end": 0.531485845890359,
          "segment_fraction_start": 0.4143573073629487,
          "segment_index": 4,
          "static_traversability": "FEASIBLE"
        },
        "startid": 104
      },
      "type": "Feature"
    },
    {
      "geometry": {
        "coordinates": [
          [
            [
              4.958633501029547,
              3.3397329979409074
            ],
            [
              5.070436899904536,
              3.1161262001909282
            ]
          ]
        ],
        "type": "MultiLineString"
      },
      "properties": {
        "endid": 102,
        "id": 362,
        "metadata": {
          "bottleneck": true,
          "canonical_edge_id": 36,
          "length_m": 0.25,
          "min_clearance_m": 0.3499999940395355,
          "segment_fraction_end": 0.6486143844177692,
          "segment_fraction_start": 0.531485845890359,
          "segment_index": 5,
          "static_traversability": "FEASIBLE"
        },
        "startid": 103
      },
      "type": "Feature"
    },
    {
      "geometry": {
        "coordinates": [
          [
            [
              5.070436899904536,
              3.1161262001909282
            ],
            [
              5.077623524993954,
              2.871729349915367
            ]
          ]
        ],
        "type": "MultiLineString"
      },
      "properties": {
        "endid": 101,
        "id": 363,
        "metadata": {
          "bottleneck": true,
          "canonical_edge_id": 36,
          "length_m": 0.25,
          "min_clearance_m": 0.3499999940395355,
          "segment_fraction_end": 0.7657429229451794,
          "segment_fraction_start": 0.6486143844177692,
          "segment_index": 6,
          "static_traversability": "FEASIBLE"
        },
        "startid": 102
      },
      "type": "Feature"
    },
    {
      "geometry": {
        "coordinates": [
          [
            [
              5.077623524993954,
              2.871729349915367
            ],
            [
              5.059811762496977,
              2.6223646749576837
            ]
          ]
        ],
        "type": "MultiLineString"
      },
      "properties": {
        "endid": 100,
        "id": 364,
        "metadata": {
          "bottleneck": true,
          "canonical_edge_id": 36,
          "length_m": 0.25,
          "min_clearance_m": 0.3499999940395355,
          "segment_fraction_end": 0.8828714614725898,
          "segment_fraction_start": 0.7657429229451794,
          "segment_index": 7,
          "static_traversability": "FEASIBLE"
        },
        "startid": 101
      },
      "type": "Feature"
    },
    {
      "geometry": {
        "coordinates": [
          [
            [
              5.059811762496977,
              2.6223646749576837
            ],
            [
              5.042,
              2.3729999999999998
            ]
          ]
        ],
        "type": "MultiLineString"
      },
      "properties": {
        "endid": 16,
        "id": 365,
        "metadata": {
          "bottleneck": true,
          "canonical_edge_id": 36,
          "length_m": 0.25,
          "min_clearance_m": 0.3499999940395355,
          "segment_fraction_end": 1.0,
          "segment_fraction_start": 0.8828714614725898,
          "segment_index": 8,
          "static_traversability": "FEASIBLE"
        },
        "startid": 100
      },
      "type": "Feature"
    },
    {
      "geometry": {
        "coordinates": [
          [
            [
              5.042,
              4.423
            ],
            [
              5.192,
              4.573
            ]
          ]
        ],
        "type": "MultiLineString"
      },
      "properties": {
        "endid": 18,
        "id": 366,
        "metadata": {
          "bottleneck": true,
          "canonical_edge_id": 37,
          "length_m": 0.21213203435596475,
          "min_clearance_m": 0.2692582309246063,
          "segment_fraction_end": 1.0,
          "segment_fraction_start": 0.0,
          "segment_index": 0,
          "static_traversability": "UNKNOWN"
        },
        "startid": 17
      },
      "type": "Feature"
    },
    {
      "geometry": {
        "coordinates": [
          [
            [
              5.192,
              4.573
            ],
            [
              5.042,
              4.423
            ]
          ]
        ],
        "type": "MultiLineString"
      },
      "properties": {
        "endid": 17,
        "id": 367,
        "metadata": {
          "bottleneck": true,
          "canonical_edge_id": 38,
          "length_m": 0.21213203435596475,
          "min_clearance_m": 0.2692582309246063,
          "segment_fraction_end": 1.0,
          "segment_fraction_start": 0.0,
          "segment_index": 0,
          "static_traversability": "UNKNOWN"
        },
        "startid": 18
      },
      "type": "Feature"
    },
    {
      "geometry": {
        "coordinates": [
          [
            [
              5.292,
              0.4730000000000003
            ],
            [
              5.193102583470616,
              0.5642899229502005
            ]
          ]
        ],
        "type": "MultiLineString"
      },
      "properties": {
        "endid": 91,
        "id": 368,
        "metadata": {
          "bottleneck": false,
          "canonical_edge_id": 39,
          "length_m": 0.13459030064770594,
          "min_clearance_m": 0.9924716949462891,
          "segment_fraction_end": 0.1521498715836671,
          "segment_fraction_start": 0.0,
          "segment_index": 0,
          "static_traversability": "FEASIBLE"
        },
        "startid": 19
      },
      "type": "Feature"
    },
    {
      "geometry": {
        "coordinates": [
          [
            [
              5.193102583470616,
              0.5642899229502005
            ],
            [
              5.009401722313744,
              0.7338599486334669
            ]
          ]
        ],
        "type": "MultiLineString"
      },
      "properties": {
        "endid": 90,
        "id": 369,
        "metadata": {
          "bottleneck": false,
          "canonical_edge_id": 39,
          "length_m": 0.25,
          "min_clearance_m": 0.9924716949462891,
          "segment_fraction_end": 0.4347665810557781,
          "segment_fraction_start": 0.1521498715836671,
          "segment_index": 1,
          "static_traversability": "FEASIBLE"
        },
        "startid": 91
      },
      "type": "Feature"
    },
    {
      "geometry": {
        "coordinates": [
          [
            [
              5.009401722313744,
              0.7338599486334669
            ],
            [
              4.825700861156872,
              0.9034299743167334
            ]
          ]
        ],
        "type": "MultiLineString"
      },
      "properties": {
        "endid": 89,
        "id": 370,
        "metadata": {
          "bottleneck": false,
          "canonical_edge_id": 39,
          "length_m": 0.25,
          "min_clearance_m": 0.9924716949462891,
          "segment_fraction_end": 0.7173832905278891,
          "segment_fraction_start": 0.4347665810557781,
          "segment_index": 2,
          "static_traversability": "FEASIBLE"
        },
        "startid": 90
      },
      "type": "Feature"
    },
    {
      "geometry": {
        "coordinates": [
          [
            [
              4.825700861156872,
              0.9034299743167334
            ],
            [
              4.642,
              1.073
            ]
          ]
        ],
        "type": "MultiLineString"
      },
      "properties": {
        "endid": 12,
        "id": 371,
        "metadata": {
          "bottleneck": false,
          "canonical_edge_id": 39,
          "length_m": 0.25,
          "min_clearance_m": 0.9924716949462891,
          "segment_fraction_end": 1.0,
          "segment_fraction_start": 0.7173832905278891,
          "segment_index": 3,
          "static_traversability": "FEASIBLE"
        },
        "startid": 89
      },
      "type": "Feature"
    },
    {
      "geometry": {
        "coordinates": [
          [
            [
              5.292,
              0.4730000000000003
            ],
            [
              5.295152538894235,
              0.24543390665383663
            ]
          ]
        ],
        "type": "MultiLineString"
      },
      "properties": {
        "endid": 115,
        "id": 372,
        "metadata": {
          "bottleneck": false,
          "canonical_edge_id": 40,
          "length_m": 0.25,
          "min_clearance_m": 1.0198038816452026,
          "segment_fraction_end": 0.3281686592225674,
          "segment_fraction_start": 0.0,
          "segment_index": 0,
          "static_traversability": "FEASIBLE"
        },
        "startid": 19
      },
      "type": "Feature"
    },
    {
      "geometry": {
        "coordinates": [
          [
            [
              5.295152538894235,
              0.24543390665383663
            ],
            [
              5.391306385048081,
              0.014664675884605849
            ]
          ]
        ],
        "type": "MultiLineString"
      },
      "properties": {
        "endid": 116,
        "id": 373,
        "metadata": {
          "bottleneck": false,
          "canonical_edge_id": 40,
          "length_m": 0.25,
          "min_clearance_m": 1.0198038816452026,
          "segment_fraction_end": 0.6563373184451348,
          "segment_fraction_start": 0.3281686592225674,
          "segment_index": 1,
          "static_traversability": "FEASIBLE"
        },
        "startid": 115
      },
      "type": "Feature"
    },
    {
      "geometry": {
        "coordinates": [
          [
            [
              5.391306385048081,
              0.014664675884605849
            ],
            [
              5.487460231201927,
              -0.216104554884625
            ]
          ]
        ],
        "type": "MultiLineString"
      },
      "properties": {
        "endid": 117,
        "id": 374,
        "metadata": {
          "bottleneck": false,
          "canonical_edge_id": 40,
          "length_m": 0.25,
          "min_clearance_m": 1.0198038816452026,
          "segment_fraction_end": 0.9845059776677022,
          "segment_fraction_start": 0.6563373184451348,
          "segment_index": 2,
          "static_traversability": "FEASIBLE"
        },
        "startid": 116
      },
      "type": "Feature"
    },
    {
      "geometry": {
        "coordinates": [
          [
            [
              5.487460231201927,
              -0.216104554884625
            ],
            [
              5.492,
              -0.22699999999999987
            ]
          ]
        ],
        "type": "MultiLineString"
      },
      "properties": {
        "endid": 20,
        "id": 375,
        "metadata": {
          "bottleneck": false,
          "canonical_edge_id": 40,
          "length_m": 0.01180339887498949,
          "min_clearance_m": 1.0198038816452026,
          "segment_fraction_end": 1.0,
          "segment_fraction_start": 0.9845059776677022,
          "segment_index": 3,
          "static_traversability": "FEASIBLE"
        },
        "startid": 117
      },
      "type": "Feature"
    },
    {
      "geometry": {
        "coordinates": [
          [
            [
              5.292,
              0.4730000000000003
            ],
            [
              5.504914579176136,
              0.6040243564160839
            ]
          ]
        ],
        "type": "MultiLineString"
      },
      "properties": {
        "endid": 118,
        "id": 376,
        "metadata": {
          "bottleneck": true,
          "canonical_edge_id": 41,
          "length_m": 0.25,
          "min_clearance_m": 0.3499999940395355,
          "segment_fraction_end": 0.06626476606350196,
          "segment_fraction_start": 0.0,
          "segment_index": 0,
          "static_traversability": "FEASIBLE"
        },
        "startid": 19
      },
      "type": "Feature"
    },
    {
      "geometry": {
        "coordinates": [
          [
            [
              5.504914579176136,
              0.6040243564160839
            ],
            [
              5.717829158352272,
              0.7350487128321674
            ]
          ]
        ],
        "type": "MultiLineString"
      },
      "properties": {
        "endid": 119,
        "id": 377,
        "metadata": {
          "bottleneck": true,
          "canonical_edge_id": 41,
          "length_m": 0.25,
          "min_clearance_m": 0.3499999940395355,
          "segment_fraction_end": 0.1325295321270039,
          "segment_fraction_start": 0.06626476606350196,
          "segment_index": 1,
          "static_traversability": "FEASIBLE"
        },
        "startid": 118
      },
      "type": "Feature"
    },
    {
      "geometry": {
        "coordinates": [
          [
            [
              5.717829158352272,
              0.7350487128321674
            ],
            [
              5.930743737528408,
              0.8660730692482511
            ]
          ]
        ],
        "type": "MultiLineString"
      },
      "properties": {
        "endid": 120,
        "id": 378,
        "metadata": {
          "bottleneck": true,
          "canonical_edge_id": 41,
          "length_m": 0.25,
          "min_clearance_m": 0.3499999940395355,
          "segment_fraction_end": 0.19879429819050587,
          "segment_fraction_start": 0.1325295321270039,
          "segment_index": 2,
          "static_traversability": "FEASIBLE"
        },
        "startid": 119
      },
      "type": "Feature"
    },
    {
      "geometry": {
        "coordinates": [
          [
            [
              5.930743737528408,
              0.8660730692482511
            ],
            [
              6.178733830001754,
              0.8681686973469032
            ]
          ]
        ],
        "type": "MultiLineString"
      },
      "properties": {
        "endid": 121,
        "id": 379,
        "metadata": {
          "bottleneck": true,
          "canonical_edge_id": 41,
          "length_m": 0.25,
          "min_clearance_m": 0.3499999940395355,
          "segment_fraction_end": 0.2650590642540078,
          "segment_fraction_start": 0.19879429819050587,
          "segment_index": 3,
          "static_traversability": "FEASIBLE"
        },
        "startid": 120
      },
      "type": "Feature"
    },
    {
      "geometry": {
        "coordinates": [
          [
            [
              6.178733830001754,
              0.8681686973469032
            ],
            [
              6.428681784617615,
              0.8630677186812733
            ]
          ]
        ],
        "type": "MultiLineString"
      },
      "properties": {
        "endid": 122,
        "id": 380,
        "metadata": {
          "bottleneck": true,
          "canonical_edge_id": 41,
          "length_m": 0.25,
          "min_clearance_m": 0.3499999940395355,
          "segment_fraction_end": 0.3313238303175098,
          "segment_fraction_start": 0.2650590642540078,
          "segment_index": 4,
          "static_traversability": "FEASIBLE"
        },
        "startid": 121
      },
      "type": "Feature"
    },
    {
      "geometry": {
        "coordinates": [
          [
            [
              6.428681784617615,
              0.8630677186812733
            ],
            [
              6.678629739233477,
              0.8579667400156434
            ]
          ]
        ],
        "type": "MultiLineString"
      },
      "properties": {
        "endid": 123,
        "id": 381,
        "metadata": {
          "bottleneck": true,
          "canonical_edge_id": 41,
          "length_m": 0.25,
          "min_clearance_m": 0.3499999940395355,
          "segment_fraction_end": 0.39758859638101174,
          "segment_fraction_start": 0.3313238303175098,
          "segment_index": 5,
          "static_traversability": "FEASIBLE"
        },
        "startid": 122
      },
      "type": "Feature"
    },
    {
      "geometry": {
        "coordinates": [
          [
            [
              6.678629739233477,
              0.8579667400156434
            ],
            [
              6.928577693849339,
              0.8528657613500136
            ]
          ]
        ],
        "type": "MultiLineString"
      },
      "properties": {
        "endid": 124,
        "id": 382,
        "metadata": {
          "bottleneck": true,
          "canonical_edge_id": 41,
          "length_m": 0.25,
          "min_clearance_m": 0.3499999940395355,
          "segment_fraction_end": 0.4638533624445137,
          "segment_fraction_start": 0.39758859638101174,
          "segment_index": 6,
          "static_traversability": "FEASIBLE"
        },
        "startid": 123
      },
      "type": "Feature"
    },
    {
      "geometry": {
        "coordinates": [
          [
            [
              6.928577693849339,
              0.8528657613500136
            ],
            [
              7.1785256484652,
              0.8477647826843838
            ]
          ]
        ],
        "type": "MultiLineString"
      },
      "properties": {
        "endid": 125,
        "id": 383,
        "metadata": {
          "bottleneck": true,
          "canonical_edge_id": 41,
          "length_m": 0.25,
          "min_clearance_m": 0.3499999940395355,
          "segment_fraction_end": 0.5301181285080157,
          "segment_fraction_start": 0.4638533624445137,
          "segment_index": 7,
          "static_traversability": "FEASIBLE"
        },
        "startid": 124
      },
      "type": "Feature"
    },
    {
      "geometry": {
        "coordinates": [
          [
            [
              7.1785256484652,
              0.8477647826843838
            ],
            [
              7.428473603081062,
              0.842663804018754
            ]
          ]
        ],
        "type": "MultiLineString"
      },
      "properties": {
        "endid": 126,
        "id": 384,
        "metadata": {
          "bottleneck": true,
          "canonical_edge_id": 41,
          "length_m": 0.25,
          "min_clearance_m": 0.3499999940395355,
          "segment_fraction_end": 0.5963828945715176,
          "segment_fraction_start": 0.5301181285080157,
          "segment_index": 8,
          "static_traversability": "FEASIBLE"
        },
        "startid": 125
      },
      "type": "Feature"
    },
    {
      "geometry": {
        "coordinates": [
          [
            [
              7.428473603081062,
              0.842663804018754
            ],
            [
              7.6784215576969235,
              0.8375628253531241
            ]
          ]
        ],
        "type": "MultiLineString"
      },
      "properties": {
        "endid": 127,
        "id": 385,
        "metadata": {
          "bottleneck": true,
          "canonical_edge_id": 41,
          "length_m": 0.25,
          "min_clearance_m": 0.3499999940395355,
          "segment_fraction_end": 0.6626476606350196,
          "segment_fraction_start": 0.5963828945715176,
          "segment_index": 9,
          "static_traversability": "FEASIBLE"
        },
        "startid": 126
      },
      "type": "Feature"
    },
    {
      "geometry": {
        "coordinates": [
          [
            [
              7.6784215576969235,
              0.8375628253531241
            ],
            [
              7.928369512312784,
              0.8324618466874942
            ]
          ]
        ],
        "type": "MultiLineString"
      },
      "properties": {
        "endid": 128,
        "id": 386,
        "metadata": {
          "bottleneck": true,
          "canonical_edge_id": 41,
          "length_m": 0.25,
          "min_clearance_m": 0.3499999940395355,
          "segment_fraction_end": 0.7289124266985215,
          "segment_fraction_start": 0.6626476606350196,
          "segment_index": 10,
          "static_traversability": "FEASIBLE"
        },
        "startid": 127
      },
      "type": "Feature"
    },
    {
      "geometry": {
        "coordinates": [
          [
            [
              7.928369512312784,
              0.8324618466874942
            ],
            [
              8.178317466928647,
              0.8273608680218644
            ]
          ]
        ],
        "type": "MultiLineString"
      },
      "properties": {
        "endid": 129,
        "id": 387,
        "metadata": {
          "bottleneck": true,
          "canonical_edge_id": 41,
          "length_m": 0.25,
          "min_clearance_m": 0.3499999940395355,
          "segment_fraction_end": 0.7951771927620235,
          "segment_fraction_start": 0.7289124266985215,
          "segment_index": 11,
          "static_traversability": "FEASIBLE"
        },
        "startid": 128
      },
      "type": "Feature"
    },
    {
      "geometry": {
        "coordinates": [
          [
            [
              8.178317466928647,
              0.8273608680218644
            ],
            [
              8.42444353326709,
              0.8392217666335438
            ]
          ]
        ],
        "type": "MultiLineString"
      },
      "properties": {
        "endid": 130,
        "id": 388,
        "metadata": {
          "bottleneck": true,
          "canonical_edge_id": 41,
          "length_m": 0.25,
          "min_clearance_m": 0.3499999940395355,
          "segment_fraction_end": 0.8614419588255254,
          "segment_fraction_start": 0.7951771927620235,
          "segment_index": 12,
          "static_traversability": "FEASIBLE"
        },
        "startid": 129
      },
      "type": "Feature"
    },
    {
      "geometry": {
        "coordinates": [
          [
            [
              8.42444353326709,
              0.8392217666335438
            ],
            [
              8.648050331017068,
              0.9510251655085332
            ]
          ]
        ],
        "type": "MultiLineString"
      },
      "properties": {
        "endid": 131,
        "id": 389,
        "metadata": {
          "bottleneck": true,
          "canonical_edge_id": 41,
          "length_m": 0.25,
          "min_clearance_m": 0.3499999940395355,
          "segment_fraction_end": 0.9277067248890274,
          "segment_fraction_start": 0.8614419588255254,
          "segment_index": 13,
          "static_traversability": "FEASIBLE"
        },
        "startid": 130
      },
      "type": "Feature"
    },
    {
      "geometry": {
        "coordinates": [
          [
            [
              8.648050331017068,
              0.9510251655085332
            ],
            [
              8.871657128767048,
              1.0628285643835227
            ]
          ]
        ],
        "type": "MultiLineString"
      },
      "properties": {
        "endid": 132,
        "id": 390,
        "metadata": {
          "bottleneck": true,
          "canonical_edge_id": 41,
          "length_m": 0.25,
          "min_clearance_m": 0.3499999940395355,
          "segment_fraction_end": 0.9939714909525293,
          "segment_fraction_start": 0.9277067248890274,
          "segment_index": 14,
          "static_traversability": "FEASIBLE"
        },
        "startid": 131
      },
      "type": "Feature"
    },
    {
      "geometry": {
        "coordinates": [
          [
            [
              8.871657128767048,
              1.0628285643835227
            ],
            [
              8.892000000000001,
              1.073
            ]
          ]
        ],
        "type": "MultiLineString"
      },
      "properties": {
        "endid": 30,
        "id": 391,
        "metadata": {
          "bottleneck": true,
          "canonical_edge_id": 41,
          "length_m": 0.022744021467205666,
          "min_clearance_m": 0.3499999940395355,
          "segment_fraction_end": 1.0,
          "segment_fraction_start": 0.9939714909525293,
          "segment_index": 15,
          "static_traversability": "FEASIBLE"
        },
        "startid": 132
      },
      "type": "Feature"
    },
    {
      "geometry": {
        "coordinates": [
          [
            [
              5.492,
              -0.22699999999999987
            ],
            [
              5.439213595499958,
              -0.332572809000084
            ]
          ]
        ],
        "type": "MultiLineString"
      },
      "properties": {
        "endid": 97,
        "id": 392,
        "metadata": {
          "bottleneck": false,
          "canonical_edge_id": 42,
          "length_m": 0.1180339887498949,
          "min_clearance_m": 0.6264982223510742,
          "segment_fraction_end": 0.10557280900008416,
          "segment_fraction_start": 0.0,
          "segment_index": 0,
          "static_traversability": "FEASIBLE"
        },
        "startid": 20
      },
      "type": "Feature"
    },
    {
      "geometry": {
        "coordinates": [
          [
            [
              5.439213595499958,
              -0.332572809000084
            ],
            [
              5.327410196624968,
              -0.556179606750063
            ]
          ]
        ],
        "type": "MultiLineString"
      },
      "properties": {
        "endid": 96,
        "id": 393,
        "metadata": {
          "bottleneck": false,
          "canonical_edge_id": 42,
          "length_m": 0.25,
          "min_clearance_m": 0.6264982223510742,
          "segment_fraction_end": 0.32917960675006314,
          "segment_fraction_start": 0.10557280900008416,
          "segment_index": 1,
          "static_traversability": "FEASIBLE"
        },
        "startid": 97
      },
      "type": "Feature"
    },
    {
      "geometry": {
        "coordinates": [
          [
            [
              5.327410196624968,
              -0.556179606750063
            ],
            [
              5.215606797749979,
              -0.779786404500042
            ]
          ]
        ],
        "type": "MultiLineString"
      },
      "properties": {
        "endid": 95,
        "id": 394,
        "metadata": {
          "bottleneck": false,
          "canonical_edge_id": 42,
          "length_m": 0.25,
          "min_clearance_m": 0.6264982223510742,
          "segment_fraction_end": 0.5527864045000421,
          "segment_fraction_start": 0.32917960675006314,
          "segment_index": 2,
          "static_traversability": "FEASIBLE"
        },
        "startid": 96
      },
      "type": "Feature"
    },
    {
      "geometry": {
        "coordinates": [
          [
            [
              5.215606797749979,
              -0.779786404500042
            ],
            [
              5.103803398874989,
              -1.003393202250021
            ]
          ]
        ],
        "type": "MultiLineString"
      },
      "properties": {
        "endid": 94,
        "id": 395,
        "metadata": {
          "bottleneck": false,
          "canonical_edge_id": 42,
          "length_m": 0.25,
          "min_clearance_m": 0.6264982223510742,
          "segment_fraction_end": 0.7763932022500211,
          "segment_fraction_start": 0.5527864045000421,
          "segment_index": 3,
          "static_traversability": "FEASIBLE"
        },
        "startid": 95
      },
      "type": "Feature"
    },
    {
      "geometry": {
        "coordinates": [
          [
            [
              5.103803398874989,
              -1.003393202250021
            ],
            [
              4.992,
              -1.2269999999999999
            ]
          ]
        ],
        "type": "MultiLineString"
      },
      "properties": {
        "endid": 15,
        "id": 396,
        "metadata": {
          "bottleneck": false,
          "canonical_edge_id": 42,
          "length_m": 0.25,
          "min_clearance_m": 0.6264982223510742,
          "segment_fraction_end": 1.0,
          "segment_fraction_start": 0.7763932022500211,
          "segment_index": 4,
          "static_traversability": "FEASIBLE"
        },
        "startid": 94
      },
      "type": "Feature"
    },
    {
      "geometry": {
        "coordinates": [
          [
            [
              5.492,
              -0.22699999999999987
            ],
            [
              5.487460231201927,
              -0.216104554884625
            ]
          ]
        ],
        "type": "MultiLineString"
      },
      "properties": {
        "endid": 117,
        "id": 397,
        "metadata": {
          "bottleneck": false,
          "canonical_edge_id": 43,
          "length_m": 0.01180339887498949,
          "min_clearance_m": 1.0198038816452026,
          "segment_fraction_end": 0.015494022332297845,
          "segment_fraction_start": 0.0,
          "segment_index": 0,
          "static_traversability": "FEASIBLE"
        },
        "startid": 20
      },
      "type": "Feature"
    },
    {
      "geometry": {
        "coordinates": [
          [
            [
              5.487460231201927,
              -0.216104554884625
            ],
            [
              5.391306385048081,
              0.014664675884605849
            ]
          ]
        ],
        "type": "MultiLineString"
      },
      "properties": {
        "endid": 116,
        "id": 398,
        "metadata": {
          "bottleneck": false,
          "canonical_edge_id": 43,
          "length_m": 0.25,
          "min_clearance_m": 1.0198038816452026,
          "segment_fraction_end": 0.34366268155486523,
          "segment_fraction_start": 0.015494022332297845,
          "segment_index": 1,
          "static_traversability": "FEASIBLE"
        },
        "startid": 117
      },
      "type": "Feature"
    },
    {
      "geometry": {
        "coordinates": [
          [
            [
              5.391306385048081,
              0.014664675884605849
            ],
            [
              5.295152538894235,
              0.24543390665383663
            ]
          ]
        ],
        "type": "MultiLineString"
      },
      "properties": {
        "endid": 115,
        "id": 399,
        "metadata": {
          "bottleneck": false,
          "canonical_edge_id": 43,
          "length_m": 0.25,
          "min_clearance_m": 1.0198038816452026,
          "segment_fraction_end": 0.6718313407774326,
          "segment_fraction_start": 0.34366268155486523,
          "segment_index": 2,
          "static_traversability": "FEASIBLE"
        },
        "startid": 116
      },
      "type": "Feature"
    },
    {
      "geometry": {
        "coordinates": [
          [
            [
              5.295152538894235,
              0.24543390665383663
            ],
            [
              5.292,
              0.4730000000000003
            ]
          ]
        ],
        "type": "MultiLineString"
      },
      "properties": {
        "endid": 19,
        "id": 400,
        "metadata": {
          "bottleneck": false,
          "canonical_edge_id": 43,
          "length_m": 0.25,
          "min_clearance_m": 1.0198038816452026,
          "segment_fraction_end": 1.0,
          "segment_fraction_start": 0.6718313407774326,
          "segment_index": 3,
          "static_traversability": "FEASIBLE"
        },
        "startid": 115
      },
      "type": "Feature"
    },
    {
      "geometry": {
        "coordinates": [
          [
            [
              5.492,
              -0.22699999999999987
            ],
            [
              5.6980660171779824,
              -0.3330660171779822
            ]
          ]
        ],
        "type": "MultiLineString"
      },
      "properties": {
        "endid": 133,
        "id": 401,
        "metadata": {
          "bottleneck": false,
          "canonical_edge_id": 44,
          "length_m": 0.25,
          "min_clearance_m": 0.5656854510307312,
          "segment_fraction_end": 0.42018590088359914,
          "segment_fraction_start": 0.0,
          "segment_index": 0,
          "static_traversability": "FEASIBLE"
        },
        "startid": 20
      },
      "type": "Feature"
    },
    {
      "geometry": {
        "coordinates": [
          [
            [
              5.6980660171779824,
              -0.3330660171779822
            ],
            [
              5.874842712474619,
              -0.509842712474619
            ]
          ]
        ],
        "type": "MultiLineString"
      },
      "properties": {
        "endid": 134,
        "id": 402,
        "metadata": {
          "bottleneck": false,
          "canonical_edge_id": 44,
          "length_m": 0.25,
          "min_clearance_m": 0.5656854510307312,
          "segment_fraction_end": 0.8403718017671983,
          "segment_fraction_start": 0.42018590088359914,
          "segment_index": 1,
          "static_traversability": "FEASIBLE"
        },
        "startid": 133
      },
      "type": "Feature"
    },
    {
      "geometry": {
        "coordinates": [
          [
            [
              5.874842712474619,
              -0.509842712474619
            ],
            [
              5.942,
              -0.577
            ]
          ]
        ],
        "type": "MultiLineString"
      },
      "properties": {
        "endid": 23,
        "id": 403,
        "metadata": {
          "bottleneck": false,
          "canonical_edge_id": 44,
          "length_m": 0.09497474683058338,
          "min_clearance_m": 0.5656854510307312,
          "segment_fraction_end": 1.0,
          "segment_fraction_start": 0.8403718017671983,
          "segment_index": 2,
          "static_traversability": "FEASIBLE"
        },
        "startid": 134
      },
      "type": "Feature"
    },
    {
      "geometry": {
        "coordinates": [
          [
            [
              5.542,
              -1.5270000000000001
            ],
            [
              5.381022777135355,
              -1.5270000000000001
            ]
          ]
        ],
        "type": "MultiLineString"
      },
      "properties": {
        "endid": 99,
        "id": 404,
        "metadata": {
          "bottleneck": true,
          "canonical_edge_id": 45,
          "length_m": 0.16097722286464444,
          "min_clearance_m": 0.22360680997371674,
          "segment_fraction_end": 0.24354428155175556,
          "segment_fraction_start": 0.0,
          "segment_index": 0,
          "static_traversability": "UNKNOWN"
        },
        "startid": 21
      },
      "type": "Feature"
    },
    {
      "geometry": {
        "coordinates": [
          [
            [
              5.381022777135355,
              -1.5270000000000001
            ],
            [
              5.1818141505913236,
              -1.3896978433639922
            ]
          ]
        ],
        "type": "MultiLineString"
      },
      "properties": {
        "endid": 98,
        "id": 405,
        "metadata": {
          "bottleneck": true,
          "canonical_edge_id": 45,
          "length_m": 0.25,
          "min_clearance_m": 0.22360680997371674,
          "segment_fraction_end": 0.6217721407758777,
          "segment_fraction_start": 0.24354428155175556,
          "segment_index": 1,
          "static_traversability": "UNKNOWN"
        },
        "startid": 99
      },
      "type": "Feature"
    },
    {
      "geometry": {
        "coordinates": [
          [
            [
              5.1818141505913236,
              -1.3896978433639922
            ],
            [
              4.992,
              -1.2269999999999999
            ]
          ]
        ],
        "type": "MultiLineString"
      },
      "properties": {
        "endid": 15,
        "id": 406,
        "metadata": {
          "bottleneck": true,
          "canonical_edge_id": 45,
          "length_m": 0.25,
          "min_clearance_m": 0.22360680997371674,
          "segment_fraction_end": 1.0,
          "segment_fraction_start": 0.6217721407758777,
          "segment_index": 2,
          "static_traversability": "UNKNOWN"
        },
        "startid": 98
      },
      "type": "Feature"
    },
    {
      "geometry": {
        "coordinates": [
          [
            [
              5.942,
              -0.9770000000000001
            ],
            [
              5.942,
              -0.7270000000000001
            ]
          ]
        ],
        "type": "MultiLineString"
      },
      "properties": {
        "endid": 135,
        "id": 407,
        "metadata": {
          "bottleneck": true,
          "canonical_edge_id": 46,
          "length_m": 0.25,
          "min_clearance_m": 0.3535533845424652,
          "segment_fraction_end": 0.6249999999999998,
          "segment_fraction_start": 0.0,
          "segment_index": 0,
          "static_traversability": "FEASIBLE"
        },
        "startid": 22
      },
      "type": "Feature"
    },
    {
      "geometry": {
        "coordinates": [
          [
            [
              5.942,
              -0.7270000000000001
            ],
            [
              5.942,
              -0.577
            ]
          ]
        ],
        "type": "MultiLineString"
      },
      "properties": {
        "endid": 23,
        "id": 408,
        "metadata": {
          "bottleneck": true,
          "canonical_edge_id": 46,
          "length_m": 0.15000000000000013,
          "min_clearance_m": 0.3535533845424652,
          "segment_fraction_end": 1.0,
          "segment_fraction_start": 0.6249999999999998,
          "segment_index": 1,
          "static_traversability": "FEASIBLE"
        },
        "startid": 135
      },
      "type": "Feature"
    },
    {
      "geometry": {
        "coordinates": [
          [
            [
              5.942,
              -0.577
            ],
            [
              5.874842712474619,
              -0.509842712474619
            ]
          ]
        ],
        "type": "MultiLineString"
      },
      "properties": {
        "endid": 134,
        "id": 409,
        "metadata": {
          "bottleneck": false,
          "canonical_edge_id": 47,
          "length_m": 0.09497474683058338,
          "min_clearance_m": 0.5656854510307312,
          "segment_fraction_end": 0.15962819823280172,
          "segment_fraction_start": 0.0,
          "segment_index": 0,
          "static_traversability": "FEASIBLE"
        },
        "startid": 23
      },
      "type": "Feature"
    },
    {
      "geometry": {
        "coordinates": [
          [
            [
              5.874842712474619,
              -0.509842712474619
            ],
            [
              5.6980660171779824,
              -0.3330660171779822
            ]
          ]
        ],
        "type": "MultiLineString"
      },
      "properties": {
        "endid": 133,
        "id": 410,
        "metadata": {
          "bottleneck": false,
          "canonical_edge_id": 47,
          "length_m": 0.25,
          "min_clearance_m": 0.5656854510307312,
          "segment_fraction_end": 0.5798140991164008,
          "segment_fraction_start": 0.15962819823280172,
          "segment_index": 1,
          "static_traversability": "FEASIBLE"
        },
        "startid": 134
      },
      "type": "Feature"
    },
    {
      "geometry": {
        "coordinates": [
          [
            [
              5.6980660171779824,
              -0.3330660171779822
            ],
            [
              5.492,
              -0.22699999999999987
            ]
          ]
        ],
        "type": "MultiLineString"
      },
      "properties": {
        "endid": 20,
        "id": 411,
        "metadata": {
          "bottleneck": false,
          "canonical_edge_id": 47,
          "length_m": 0.25,
          "min_clearance_m": 0.5656854510307312,
          "segment_fraction_end": 1.0,
          "segment_fraction_start": 0.5798140991164008,
          "segment_index": 2,
          "static_traversability": "FEASIBLE"
        },
        "startid": 133
      },
      "type": "Feature"
    },
    {
      "geometry": {
        "coordinates": [
          [
            [
              5.942,
              -0.577
            ],
            [
              5.942,
              -0.7270000000000001
            ]
          ]
        ],
        "type": "MultiLineString"
      },
      "properties": {
        "endid": 135,
        "id": 412,
        "metadata": {
          "bottleneck": true,
          "canonical_edge_id": 48,
          "length_m": 0.15000000000000013,
          "min_clearance_m": 0.3535533845424652,
          "segment_fraction_end": 0.3750000000000002,
          "segment_fraction_start": 0.0,
          "segment_index": 0,
          "static_traversability": "FEASIBLE"
        },
        "startid": 23
      },
      "type": "Feature"
    },
    {
      "geometry": {
        "coordinates": [
          [
            [
              5.942,
              -0.7270000000000001
            ],
            [
              5.942,
              -0.9770000000000001
            ]
          ]
        ],
        "type": "MultiLineString"
      },
      "properties": {
        "endid": 22,
        "id": 413,
        "metadata": {
          "bottleneck": true,
          "canonical_edge_id": 48,
          "length_m": 0.25,
          "min_clearance_m": 0.3535533845424652,
          "segment_fraction_end": 1.0,
          "segment_fraction_start": 0.3750000000000002,
          "segment_index": 1,
          "static_traversability": "FEASIBLE"
        },
        "startid": 135
      },
      "type": "Feature"
    },
    {
      "geometry": {
        "coordinates": [
          [
            [
              5.942,
              -0.577
            ],
            [
              6.191316938614177,
              -0.5954679213788279
            ]
          ]
        ],
        "type": "MultiLineString"
      },
      "properties": {
        "endid": 136,
        "id": 414,
        "metadata": {
          "bottleneck": true,
          "canonical_edge_id": 49,
          "length_m": 0.25,
          "min_clearance_m": 0.22360680997371674,
          "segment_fraction_end": 0.10169899402014783,
          "segment_fraction_start": 0.0,
          "segment_index": 0,
          "static_traversability": "UNKNOWN"
        },
        "startid": 23
      },
      "type": "Feature"
    },
    {
      "geometry": {
        "coordinates": [
          [
            [
              6.191316938614177,
              -0.5954679213788279
            ],
            [
              6.440633877228355,
              -0.6139358427576559
            ]
          ]
        ],
        "type": "MultiLineString"
      },
      "properties": {
        "endid": 137,
        "id": 415,
        "metadata": {
          "bottleneck": true,
          "canonical_edge_id": 49,
          "length_m": 0.25,
          "min_clearance_m": 0.22360680997371674,
          "segment_fraction_end": 0.20339798804029566,
          "segment_fraction_start": 0.10169899402014783,
          "segment_index": 1,
          "static_traversability": "UNKNOWN"
        },
        "startid": 136
      },
      "type": "Feature"
    },
    {
      "geometry": {
        "coordinates": [
          [
            [
              6.440633877228355,
              -0.6139358427576559
            ],
            [
              6.689950815842532,
              -0.6324037641364838
            ]
          ]
        ],
        "type": "MultiLineString"
      },
      "properties": {
        "endid": 138,
        "id": 416,
        "metadata": {
          "bottleneck": true,
          "canonical_edge_id": 49,
          "length_m": 0.25,
          "min_clearance_m": 0.22360680997371674,
          "segment_fraction_end": 0.3050969820604435,
          "segment_fraction_start": 0.20339798804029566,
          "segment_index": 2,
          "static_traversability": "UNKNOWN"
        },
        "startid": 137
      },
      "type": "Feature"
    },
    {
      "geometry": {
        "coordinates": [
          [
            [
              6.689950815842532,
              -0.6324037641364838
            ],
            [
              6.93926775445671,
              -0.6508716855153118
            ]
          ]
        ],
        "type": "MultiLineString"
      },
      "properties": {
        "endid": 139,
        "id": 417,
        "metadata": {
          "bottleneck": true,
          "canonical_edge_id": 49,
          "length_m": 0.25,
          "min_clearance_m": 0.22360680997371674,
          "segment_fraction_end": 0.4067959760805913,
          "segment_fraction_start": 0.3050969820604435,
          "segment_index": 3,
          "static_traversability": "UNKNOWN"
        },
        "startid": 138
      },
      "type": "Feature"
    },
    {
      "geometry": {
        "coordinates": [
          [
            [
              6.93926775445671,
              -0.6508716855153118
            ],
            [
              7.1885846930708865,
              -0.6693396068941397
            ]
          ]
        ],
        "type": "MultiLineString"
      },
      "properties": {
        "endid": 140,
        "id": 418,
        "metadata": {
          "bottleneck": true,
          "canonical_edge_id": 49,
          "length_m": 0.25,
          "min_clearance_m": 0.22360680997371674,
          "segment_fraction_end": 0.5084949701007392,
          "segment_fraction_start": 0.4067959760805913,
          "segment_index": 4,
          "static_traversability": "UNKNOWN"
        },
        "startid": 139
      },
      "type": "Feature"
    },
    {
      "geometry": {
        "coordinates": [
          [
            [
              7.1885846930708865,
              -0.6693396068941397
            ],
            [
              7.437700533440857,
              -0.6637544969599222
            ]
          ]
        ],
        "type": "MultiLineString"
      },
      "properties": {
        "endid": 141,
        "id": 419,
        "metadata": {
          "bottleneck": true,
          "canonical_edge_id": 49,
          "length_m": 0.25,
          "min_clearance_m": 0.22360680997371674,
          "segment_fraction_end": 0.610193964120887,
          "segment_fraction_start": 0.5084949701007392,
          "segment_index": 5,
          "static_traversability": "UNKNOWN"
        },
        "startid": 140
      },
      "type": "Feature"
    },
    {
      "geometry": {
        "coordinates": [
          [
            [
              7.437700533440857,
              -0.6637544969599222
            ],
            [
              7.686673835057783,
              -0.6411205604492926
            ]
          ]
        ],
        "type": "MultiLineString"
      },
      "properties": {
        "endid": 142,
        "id": 420,
        "metadata": {
          "bottleneck": true,
          "canonical_edge_id": 49,
          "length_m": 0.25,
          "min_clearance_m": 0.22360680997371674,
          "segment_fraction_end": 0.7118929581410348,
          "segment_fraction_start": 0.610193964120887,
          "segment_index": 6,
          "static_traversability": "UNKNOWN"
        },
        "startid": 141
      },
      "type": "Feature"
    },
    {
      "geometry": {
        "coordinates": [
          [
            [
              7.686673835057783,
              -0.6411205604492926
            ],
            [
              7.935647136674709,
              -0.6184866239386629
            ]
          ]
        ],
        "type": "MultiLineString"
      },
      "properties": {
        "endid": 143,
        "id": 421,
        "metadata": {
          "bottleneck": true,
          "canonical_edge_id": 49,
          "length_m": 0.25,
          "min_clearance_m": 0.22360680997371674,
          "segment_fraction_end": 0.8135919521611826,
          "segment_fraction_start": 0.7118929581410348,
          "segment_index": 7,
          "static_traversability": "UNKNOWN"
        },
        "startid": 142
      },
      "type": "Feature"
    },
    {
      "geometry": {
        "coordinates": [
          [
            [
              7.935647136674709,
              -0.6184866239386629
            ],
            [
              8.184620438291635,
              -0.5958526874280332
            ]
          ]
        ],
        "type": "MultiLineString"
      },
      "properties": {
        "endid": 144,
        "id": 422,
        "metadata": {
          "bottleneck": true,
          "canonical_edge_id": 49,
          "length_m": 0.25,
          "min_clearance_m": 0.22360680997371674,
          "segment_fraction_end": 0.9152909461813304,
          "segment_fraction_start": 0.8135919521611826,
          "segment_index": 8,
          "static_traversability": "UNKNOWN"
        },
        "startid": 143
      },
      "type": "Feature"
    },
    {
      "geometry": {
        "coordinates": [
          [
            [
              8.184620438291635,
              -0.5958526874280332
            ],
            [
              8.392000000000001,
              -0.577
            ]
          ]
        ],
        "type": "MultiLineString"
      },
      "properties": {
        "endid": 28,
        "id": 423,
        "metadata": {
          "bottleneck": true,
          "canonical_edge_id": 49,
          "length_m": 0.2082347387868153,
          "min_clearance_m": 0.22360680997371674,
          "segment_fraction_end": 1.0,
          "segment_fraction_start": 0.9152909461813304,
          "segment_index": 9,
          "static_traversability": "UNKNOWN"
        },
        "startid": 144
      },
      "type": "Feature"
    },
    {
      "geometry": {
        "coordinates": [
          [
            [
              6.542,
              4.923
            ],
            [
              6.542,
              4.673
            ]
          ]
        ],
        "type": "MultiLineString"
      },
      "properties": {
        "endid": 145,
        "id": 424,
        "metadata": {
          "bottleneck": true,
          "canonical_edge_id": 50,
          "length_m": 0.25,
          "min_clearance_m": 0.22360680997371674,
          "segment_fraction_end": 0.11038592430300716,
          "segment_fraction_start": 0.0,
          "segment_index": 0,
          "static_traversability": "UNKNOWN"
        },
        "startid": 24
      },
      "type": "Feature"
    },
    {
      "geometry": {
        "coordinates": [
          [
            [
              6.542,
              4.673
            ],
            [
              6.542,
              4.423
            ]
          ]
        ],
        "type": "MultiLineString"
      },
      "properties": {
        "endid": 146,
        "id": 425,
        "metadata": {
          "bottleneck": true,
          "canonical_edge_id": 50,
          "length_m": 0.25,
          "min_clearance_m": 0.22360680997371674,
          "segment_fraction_end": 0.22077184860601431,
          "segment_fraction_start": 0.11038592430300716,
          "segment_index": 1,
          "static_traversability": "UNKNOWN"
        },
        "startid": 145
      },
      "type": "Feature"
    },
    {
      "geometry": {
        "coordinates": [
          [
            [
              6.542,
              4.423
            ],
            [
              6.542,
              4.173
            ]
          ]
        ],
        "type": "MultiLineString"
      },
      "properties": {
        "endid": 147,
        "id": 426,
        "metadata": {
          "bottleneck": true,
          "canonical_edge_id": 50,
          "length_m": 0.25,
          "min_clearance_m": 0.22360680997371674,
          "segment_fraction_end": 0.3311577729090215,
          "segment_fraction_start": 0.22077184860601431,
          "segment_index": 2,
          "static_traversability": "UNKNOWN"
        },
        "startid": 146
      },
      "type": "Feature"
    },
    {
      "geometry": {
        "coordinates": [
          [
            [
              6.542,
              4.173
            ],
            [
              6.542,
              3.923
            ]
          ]
        ],
        "type": "MultiLineString"
      },
      "properties": {
        "endid": 148,
        "id": 427,
        "metadata": {
          "bottleneck": true,
          "canonical_edge_id": 50,
          "length_m": 0.25,
          "min_clearance_m": 0.22360680997371674,
          "segment_fraction_end": 0.44154369721202863,
          "segment_fraction_start": 0.3311577729090215,
          "segment_index": 3,
          "static_traversability": "UNKNOWN"
        },
        "startid": 147
      },
      "type": "Feature"
    },
    {
      "geometry": {
        "coordinates": [
          [
            [
              6.542,
              3.923
            ],
            [
              6.542,
              3.673
            ]
          ]
        ],
        "type": "MultiLineString"
      },
      "properties": {
        "endid": 149,
        "id": 428,
        "metadata": {
          "bottleneck": true,
          "canonical_edge_id": 50,
          "length_m": 0.25,
          "min_clearance_m": 0.22360680997371674,
          "segment_fraction_end": 0.5519296215150358,
          "segment_fraction_start": 0.44154369721202863,
          "segment_index": 4,
          "static_traversability": "UNKNOWN"
        },
        "startid": 148
      },
      "type": "Feature"
    },
    {
      "geometry": {
        "coordinates": [
          [
            [
              6.542,
              3.673
            ],
            [
              6.542,
              3.423
            ]
          ]
        ],
        "type": "MultiLineString"
      },
      "properties": {
        "endid": 150,
        "id": 429,
        "metadata": {
          "bottleneck": true,
          "canonical_edge_id": 50,
          "length_m": 0.25,
          "min_clearance_m": 0.22360680997371674,
          "segment_fraction_end": 0.662315545818043,
          "segment_fraction_start": 0.5519296215150358,
          "segment_index": 5,
          "static_traversability": "UNKNOWN"
        },
        "startid": 149
      },
      "type": "Feature"
    },
    {
      "geometry": {
        "coordinates": [
          [
            [
              6.542,
              3.423
            ],
            [
              6.663410732794658,
              3.2044606809696154
            ]
          ]
        ],
        "type": "MultiLineString"
      },
      "properties": {
        "endid": 151,
        "id": 430,
        "metadata": {
          "bottleneck": true,
          "canonical_edge_id": 50,
          "length_m": 0.25,
          "min_clearance_m": 0.22360680997371674,
          "segment_fraction_end": 0.7727014701210502,
          "segment_fraction_start": 0.662315545818043,
          "segment_index": 6,
          "static_traversability": "UNKNOWN"
        },
        "startid": 150
      },
      "type": "Feature"
    },
    {
      "geometry": {
        "coordinates": [
          [
            [
              6.663410732794658,
              3.2044606809696154
            ],
            [
              6.784821465589316,
              2.9859213619392313
            ]
          ]
        ],
        "type": "MultiLineString"
      },
      "properties": {
        "endid": 152,
        "id": 431,
        "metadata": {
          "bottleneck": true,
          "canonical_edge_id": 50,
          "length_m": 0.25,
          "min_clearance_m": 0.22360680997371674,
          "segment_fraction_end": 0.8830873944240573,
          "segment_fraction_start": 0.7727014701210502,
          "segment_index": 7,
          "static_traversability": "UNKNOWN"
        },
        "startid": 151
      },
      "type": "Feature"
    },
    {
      "geometry": {
        "coordinates": [
          [
            [
              6.784821465589316,
              2.9859213619392313
            ],
            [
              6.792,
              2.73778150704935
            ]
          ]
        ],
        "type": "MultiLineString"
      },
      "properties": {
        "endid": 153,
        "id": 432,
        "metadata": {
          "bottleneck": true,
          "canonical_edge_id": 50,
          "length_m": 0.25,
          "min_clearance_m": 0.22360680997371674,
          "segment_fraction_end": 0.9934733187270645,
          "segment_fraction_start": 0.8830873944240573,
          "segment_index": 8,
          "static_traversability": "UNKNOWN"
        },
        "startid": 152
      },
      "type": "Feature"
    },
    {
      "geometry": {
        "coordinates": [
          [
            [
              6.792,
              2.73778150704935
            ],
            [
              6.792,
              2.7230000000000003
            ]
          ]
        ],
        "type": "MultiLineString"
      },
      "properties": {
        "endid": 25,
        "id": 433,
        "metadata": {
          "bottleneck": true,
          "canonical_edge_id": 50,
          "length_m": 0.014781507049349774,
          "min_clearance_m": 0.22360680997371674,
          "segment_fraction_end": 1.0,
          "segment_fraction_start": 0.9934733187270645,
          "segment_index": 9,
          "static_traversability": "UNKNOWN"
        },
        "startid": 153
      },
      "type": "Feature"
    },
    {
      "geometry": {
        "coordinates": [
          [
            [
              6.792,
              2.7230000000000003
            ],
            [
              6.717192424319072,
              2.680252813896613
            ]
          ]
        ],
        "type": "MultiLineString"
      },
      "properties": {
        "endid": 114,
        "id": 434,
        "metadata": {
          "bottleneck": true,
          "canonical_edge_id": 51,
          "length_m": 0.08615970809499807,
          "min_clearance_m": 0.3499999940395355,
          "segment_fraction_end": 0.04692386382031447,
          "segment_fraction_start": 0.0,
          "segment_index": 0,
          "static_traversability": "FEASIBLE"
        },
        "startid": 25
      },
      "type": "Feature"
    },
    {
      "geometry": {
        "coordinates": [
          [
            [
              6.717192424319072,
              2.680252813896613
            ],
            [
              6.500131638787958,
              2.5562180793074045
            ]
          ]
        ],
        "type": "MultiLineString"
      },
      "properties": {
        "endid": 113,
        "id": 435,
        "metadata": {
          "bottleneck": true,
          "canonical_edge_id": 51,
          "length_m": 0.25,
          "min_clearance_m": 0.3499999940395355,
          "segment_fraction_end": 0.18307759756026956,
          "segment_fraction_start": 0.04692386382031447,
          "segment_index": 1,
          "static_traversability": "FEASIBLE"
        },
        "startid": 114
      },
      "type": "Feature"
    },
    {
      "geometry": {
        "coordinates": [
          [
            [
              6.500131638787958,
              2.5562180793074045
            ],
            [
              6.260072742242359,
              2.5027858602491513
            ]
          ]
        ],
        "type": "MultiLineString"
      },
      "properties": {
        "endid": 112,
        "id": 436,
        "metadata": {
          "bottleneck": true,
          "canonical_edge_id": 51,
          "length_m": 0.25,
          "min_clearance_m": 0.3499999940395355,
          "segment_fraction_end": 0.31923133130022463,
          "segment_fraction_start": 0.18307759756026956,
          "segment_index": 2,
          "static_traversability": "FEASIBLE"
        },
        "startid": 113
      },
      "type": "Feature"
    },
    {
      "geometry": {
        "coordinates": [
          [
            [
              6.260072742242359,
              2.5027858602491513
            ],
            [
              6.011601808573954,
              2.4751779787304398
            ]
          ]
        ],
        "type": "MultiLineString"
      },
      "properties": {
        "endid": 111,
        "id": 437,
        "metadata": {
          "bottleneck": true,
          "canonical_edge_id": 51,
          "length_m": 0.25,
          "min_clearance_m": 0.3499999940395355,
          "segment_fraction_end": 0.4553850650401797,
          "segment_fraction_start": 0.31923133130022463,
          "segment_index": 3,
          "static_traversability": "FEASIBLE"
        },
        "startid": 112
      },
      "type": "Feature"
    },
    {
      "geometry": {
        "coordinates": [
          [
            [
              6.011601808573954,
              2.4751779787304398
            ],
            [
              5.792,
              2.3729999999999998
            ]
          ]
        ],
        "type": "MultiLineString"
      },
      "properties": {
        "endid": 110,
        "id": 438,
        "metadata": {
          "bottleneck": true,
          "canonical_edge_id": 51,
          "length_m": 0.25,
          "min_clearance_m": 0.3499999940395355,
          "segment_fraction_end": 0.5915387987801348,
          "segment_fraction_start": 0.4553850650401797,
          "segment_index": 4,
          "static_traversability": "FEASIBLE"
        },
        "startid": 111
      },
      "type": "Feature"
    },
    {
      "geometry": {
        "coordinates": [
          [
            [
              5.792,
              2.3729999999999998
            ],
            [
              5.542,
              2.3729999999999998
            ]
          ]
        ],
        "type": "MultiLineString"
      },
      "properties": {
        "endid": 109,
        "id": 439,
        "metadata": {
          "bottleneck": true,
          "canonical_edge_id": 51,
          "length_m": 0.25,
          "min_clearance_m": 0.3499999940395355,
          "segment_fraction_end": 0.7276925325200898,
          "segment_fraction_start": 0.5915387987801348,
          "segment_index": 5,
          "static_traversability": "FEASIBLE"
        },
        "startid": 110
      },
      "type": "Feature"
    },
    {
      "geometry": {
        "coordinates": [
          [
            [
              5.542,
              2.3729999999999998
            ],
            [
              5.292,
              2.3729999999999998
            ]
          ]
        ],
        "type": "MultiLineString"
      },
      "properties": {
        "endid": 108,
        "id": 440,
        "metadata": {
          "bottleneck": true,
          "canonical_edge_id": 51,
          "length_m": 0.25,
          "min_clearance_m": 0.3499999940395355,
          "segment_fraction_end": 0.8638462662600449,
          "segment_fraction_start": 0.7276925325200898,
          "segment_index": 6,
          "static_traversability": "FEASIBLE"
        },
        "startid": 109
      },
      "type": "Feature"
    },
    {
      "geometry": {
        "coordinates": [
          [
            [
              5.292,
              2.3729999999999998
            ],
            [
              5.042,
              2.3729999999999998
            ]
          ]
        ],
        "type": "MultiLineString"
      },
      "properties": {
        "endid": 16,
        "id": 441,
        "metadata": {
          "bottleneck": true,
          "canonical_edge_id": 51,
          "length_m": 0.25,
          "min_clearance_m": 0.3499999940395355,
          "segment_fraction_end": 1.0,
          "segment_fraction_start": 0.8638462662600449,
          "segment_index": 7,
          "static_traversability": "FEASIBLE"
        },
        "startid": 108
      },
      "type": "Feature"
    },
    {
      "geometry": {
        "coordinates": [
          [
            [
              6.792,
              2.7230000000000003
            ],
            [
              6.792,
              2.73778150704935
            ]
          ]
        ],
        "type": "MultiLineString"
      },
      "properties": {
        "endid": 153,
        "id": 442,
        "metadata": {
          "bottleneck": true,
          "canonical_edge_id": 52,
          "length_m": 0.014781507049349774,
          "min_clearance_m": 0.22360680997371674,
          "segment_fraction_end": 0.006526681272935563,
          "segment_fraction_start": 0.0,
          "segment_index": 0,
          "static_traversability": "UNKNOWN"
        },
        "startid": 25
      },
      "type": "Feature"
    },
    {
      "geometry": {
        "coordinates": [
          [
            [
              6.792,
              2.73778150704935
            ],
            [
              6.784821465589316,
              2.9859213619392313
            ]
          ]
        ],
        "type": "MultiLineString"
      },
      "properties": {
        "endid": 152,
        "id": 443,
        "metadata": {
          "bottleneck": true,
          "canonical_edge_id": 52,
          "length_m": 0.25,
          "min_clearance_m": 0.22360680997371674,
          "segment_fraction_end": 0.11691260557594273,
          "segment_fraction_start": 0.006526681272935563,
          "segment_index": 1,
          "static_traversability": "UNKNOWN"
        },
        "startid": 153
      },
      "type": "Feature"
    },
    {
      "geometry": {
        "coordinates": [
          [
            [
              6.784821465589316,
              2.9859213619392313
            ],
            [
              6.663410732794658,
              3.2044606809696154
            ]
          ]
        ],
        "type": "MultiLineString"
      },
      "properties": {
        "endid": 151,
        "id": 444,
        "metadata": {
          "bottleneck": true,
          "canonical_edge_id": 52,
          "length_m": 0.25,
          "min_clearance_m": 0.22360680997371674,
          "segment_fraction_end": 0.22729852987894988,
          "segment_fraction_start": 0.11691260557594273,
          "segment_index": 2,
          "static_traversability": "UNKNOWN"
        },
        "startid": 152
      },
      "type": "Feature"
    },
    {
      "geometry": {
        "coordinates": [
          [
            [
              6.663410732794658,
              3.2044606809696154
            ],
            [
              6.542,
              3.423
            ]
          ]
        ],
        "type": "MultiLineString"
      },
      "properties": {
        "endid": 150,
        "id": 445,
        "metadata": {
          "bottleneck": true,
          "canonical_edge_id": 52,
          "length_m": 0.25,
          "min_clearance_m": 0.22360680997371674,
          "segment_fraction_end": 0.33768445418195703,
          "segment_fraction_start": 0.22729852987894988,
          "segment_index": 3,
          "static_traversability": "UNKNOWN"
        },
        "startid": 151
      },
      "type": "Feature"
    },
    {
      "geometry": {
        "coordinates": [
          [
            [
              6.542,
              3.423
            ],
            [
              6.542,
              3.673
            ]
          ]
        ],
        "type": "MultiLineString"
      },
      "properties": {
        "endid": 149,
        "id": 446,
        "metadata": {
          "bottleneck": true,
          "canonical_edge_id": 52,
          "length_m": 0.25,
          "min_clearance_m": 0.22360680997371674,
          "segment_fraction_end": 0.4480703784849642,
          "segment_fraction_start": 0.33768445418195703,
          "segment_index": 4,
          "static_traversability": "UNKNOWN"
        },
        "startid": 150
      },
      "type": "Feature"
    },
    {
      "geometry": {
        "coordinates": [
          [
            [
              6.542,
              3.673
            ],
            [
              6.542,
              3.923
            ]
          ]
        ],
        "type": "MultiLineString"
      },
      "properties": {
        "endid": 148,
        "id": 447,
        "metadata": {
          "bottleneck": true,
          "canonical_edge_id": 52,
          "length_m": 0.25,
          "min_clearance_m": 0.22360680997371674,
          "segment_fraction_end": 0.5584563027879713,
          "segment_fraction_start": 0.4480703784849642,
          "segment_index": 5,
          "static_traversability": "UNKNOWN"
        },
        "startid": 149
      },
      "type": "Feature"
    },
    {
      "geometry": {
        "coordinates": [
          [
            [
              6.542,
              3.923
            ],
            [
              6.542,
              4.173
            ]
          ]
        ],
        "type": "MultiLineString"
      },
      "properties": {
        "endid": 147,
        "id": 448,
        "metadata": {
          "bottleneck": true,
          "canonical_edge_id": 52,
          "length_m": 0.25,
          "min_clearance_m": 0.22360680997371674,
          "segment_fraction_end": 0.6688422270909785,
          "segment_fraction_start": 0.5584563027879713,
          "segment_index": 6,
          "static_traversability": "UNKNOWN"
        },
        "startid": 148
      },
      "type": "Feature"
    },
    {
      "geometry": {
        "coordinates": [
          [
            [
              6.542,
              4.173
            ],
            [
              6.542,
              4.423
            ]
          ]
        ],
        "type": "MultiLineString"
      },
      "properties": {
        "endid": 146,
        "id": 449,
        "metadata": {
          "bottleneck": true,
          "canonical_edge_id": 52,
          "length_m": 0.25,
          "min_clearance_m": 0.22360680997371674,
          "segment_fraction_end": 0.7792281513939857,
          "segment_fraction_start": 0.6688422270909785,
          "segment_index": 7,
          "static_traversability": "UNKNOWN"
        },
        "startid": 147
      },
      "type": "Feature"
    },
    {
      "geometry": {
        "coordinates": [
          [
            [
              6.542,
              4.423
            ],
            [
              6.542,
              4.673
            ]
          ]
        ],
        "type": "MultiLineString"
      },
      "properties": {
        "endid": 145,
        "id": 450,
        "metadata": {
          "bottleneck": true,
          "canonical_edge_id": 52,
          "length_m": 0.25,
          "min_clearance_m": 0.22360680997371674,
          "segment_fraction_end": 0.8896140756969928,
          "segment_fraction_start": 0.7792281513939857,
          "segment_index": 8,
          "static_traversability": "UNKNOWN"
        },
        "startid": 146
      },
      "type": "Feature"
    },
    {
      "geometry": {
        "coordinates": [
          [
            [
              6.542,
              4.673
            ],
            [
              6.542,
              4.923
            ]
          ]
        ],
        "type": "MultiLineString"
      },
      "properties": {
        "endid": 24,
        "id": 451,
        "metadata": {
          "bottleneck": true,
          "canonical_edge_id": 52,
          "length_m": 0.25,
          "min_clearance_m": 0.22360680997371674,
          "segment_fraction_end": 1.0,
          "segment_fraction_start": 0.8896140756969928,
          "segment_index": 9,
          "static_traversability": "UNKNOWN"
        },
        "startid": 145
      },
      "type": "Feature"
    },
    {
      "geometry": {
        "coordinates": [
          [
            [
              6.792,
              2.7230000000000003
            ],
            [
              7.018381793906177,
              2.6237759351148875
            ]
          ]
        ],
        "type": "MultiLineString"
      },
      "properties": {
        "endid": 154,
        "id": 452,
        "metadata": {
          "bottleneck": false,
          "canonical_edge_id": 53,
          "length_m": 0.25,
          "min_clearance_m": 0.670820415019989,
          "segment_fraction_end": 0.12991454154964957,
          "segment_fraction_start": 0.0,
          "segment_index": 0,
          "static_traversability": "FEASIBLE"
        },
        "startid": 25
      },
      "type": "Feature"
    },
    {
      "geometry": {
        "coordinates": [
          [
            [
              7.018381793906177,
              2.6237759351148875
            ],
            [
              7.268273732522265,
              2.6311256980153606
            ]
          ]
        ],
        "type": "MultiLineString"
      },
      "properties": {
        "endid": 155,
        "id": 453,
        "metadata": {
          "bottleneck": false,
          "canonical_edge_id": 53,
          "length_m": 0.25,
          "min_clearance_m": 0.670820415019989,
          "segment_fraction_end": 0.25982908309929914,
          "segment_fraction_start": 0.12991454154964957,
          "segment_index": 1,
          "static_traversability": "FEASIBLE"
        },
        "startid": 154
      },
      "type": "Feature"
    },
    {
      "geometry": {
        "coordinates": [
          [
            [
              7.268273732522265,
              2.6311256980153606
            ],
            [
              7.5181656711383535,
              2.638475460915834
            ]
          ]
        ],
        "type": "MultiLineString"
      },
      "properties": {
        "endid": 156,
        "id": 454,
        "metadata": {
          "bottleneck": false,
          "canonical_edge_id": 53,
          "length_m": 0.25,
          "min_clearance_m": 0.670820415019989,
          "segment_fraction_end": 0.3897436246489487,
          "segment_fraction_start": 0.25982908309929914,
          "segment_index": 2,
          "static_traversability": "FEASIBLE"
        },
        "startid": 155
      },
      "type": "Feature"
    },
    {
      "geometry": {
        "coordinates": [
          [
            [
              7.5181656711383535,
              2.638475460915834
            ],
            [
              7.768057609754441,
              2.645825223816307
            ]
          ]
        ],
        "type": "MultiLineString"
      },
      "properties": {
        "endid": 157,
        "id": 455,
        "metadata": {
          "bottleneck": false,
          "canonical_edge_id": 53,
          "length_m": 0.25,
          "min_clearance_m": 0.670820415019989,
          "segment_fraction_end": 0.5196581661985983,
          "segment_fraction_start": 0.3897436246489487,
          "segment_index": 3,
          "static_traversability": "FEASIBLE"
        },
        "startid": 156
      },
      "type": "Feature"
    },
    {
      "geometry": {
        "coordinates": [
          [
            [
              7.768057609754441,
              2.645825223816307
            ],
            [
              8.01794954837053,
              2.6531749867167806
            ]
          ]
        ],
        "type": "MultiLineString"
      },
      "properties": {
        "endid": 158,
        "id": 456,
        "metadata": {
          "bottleneck": false,
          "canonical_edge_id": 53,
          "length_m": 0.25,
          "min_clearance_m": 0.670820415019989,
          "segment_fraction_end": 0.6495727077482478,
          "segment_fraction_start": 0.5196581661985983,
          "segment_index": 4,
          "static_traversability": "FEASIBLE"
        },
        "startid": 157
      },
      "type": "Feature"
    },
    {
      "geometry": {
        "coordinates": [
          [
            [
              8.01794954837053,
              2.6531749867167806
            ],
            [
              8.267841486986619,
              2.6605247496172537
            ]
          ]
        ],
        "type": "MultiLineString"
      },
      "properties": {
        "endid": 159,
        "id": 457,
        "metadata": {
          "bottleneck": false,
          "canonical_edge_id": 53,
          "length_m": 0.25,
          "min_clearance_m": 0.670820415019989,
          "segment_fraction_end": 0.7794872492978974,
          "segment_fraction_start": 0.6495727077482478,
          "segment_index": 5,
          "static_traversability": "FEASIBLE"
        },
        "startid": 158
      },
      "type": "Feature"
    },
    {
      "geometry": {
        "coordinates": [
          [
            [
              8.267841486986619,
              2.6605247496172537
            ],
            [
              8.517733425602707,
              2.6678745125177272
            ]
          ]
        ],
        "type": "MultiLineString"
      },
      "properties": {
        "endid": 160,
        "id": 458,
        "metadata": {
          "bottleneck": false,
          "canonical_edge_id": 53,
          "length_m": 0.25,
          "min_clearance_m": 0.670820415019989,
          "segment_fraction_end": 0.9094017908475469,
          "segment_fraction_start": 0.7794872492978974,
          "segment_index": 6,
          "static_traversability": "FEASIBLE"
        },
        "startid": 159
      },
      "type": "Feature"
    },
    {
      "geometry": {
        "coordinates": [
          [
            [
              8.517733425602707,
              2.6678745125177272
            ],
            [
              8.692,
              2.6730000000000005
            ]
          ]
        ],
        "type": "MultiLineString"
      },
      "properties": {
        "endid": 29,
        "id": 459,
        "metadata": {
          "bottleneck": false,
          "canonical_edge_id": 53,
          "length_m": 0.17434193291947442,
          "min_clearance_m": 0.670820415019989,
          "segment_fraction_end": 1.0,
          "segment_fraction_start": 0.9094017908475469,
          "segment_index": 7,
          "static_traversability": "FEASIBLE"
        },
        "startid": 160
      },
      "type": "Feature"
    },
    {
      "geometry": {
        "coordinates": [
          [
            [
              7.092,
              0.07299999999999995
            ],
            [
              7.342,
              0.07299999999999995
            ]
          ]
        ],
        "type": "MultiLineString"
      },
      "properties": {
        "endid": 161,
        "id": 460,
        "metadata": {
          "bottleneck": true,
          "canonical_edge_id": 54,
          "length_m": 0.25,
          "min_clearance_m": 0.3499999940395355,
          "segment_fraction_end": 0.4166666666666669,
          "segment_fraction_start": 0.0,
          "segment_index": 0,
          "static_traversability": "FEASIBLE"
        },
        "startid": 26
      },
      "type": "Feature"
    },
    {
      "geometry": {
        "coordinates": [
          [
            [
              7.342,
              0.07299999999999995
            ],
            [
              7.592,
              0.07299999999999995
            ]
          ]
        ],
        "type": "MultiLineString"
      },
      "properties": {
        "endid": 162,
        "id": 461,
        "metadata": {
          "bottleneck": true,
          "canonical_edge_id": 54,
          "length_m": 0.25,
          "min_clearance_m": 0.3499999940395355,
          "segment_fraction_end": 0.8333333333333338,
          "segment_fraction_start": 0.4166666666666669,
          "segment_index": 1,
          "static_traversability": "FEASIBLE"
        },
        "startid": 161
      },
      "type": "Feature"
    },
    {
      "geometry": {
        "coordinates": [
          [
            [
              7.592,
              0.07299999999999995
            ],
            [
              7.691999999999999,
              0.07299999999999995
            ]
          ]
        ],
        "type": "MultiLineString"
      },
      "properties": {
        "endid": 27,
        "id": 462,
        "metadata": {
          "bottleneck": true,
          "canonical_edge_id": 54,
          "length_m": 0.09999999999999964,
          "min_clearance_m": 0.3499999940395355,
          "segment_fraction_end": 1.0,
          "segment_fraction_start": 0.8333333333333338,
          "segment_index": 2,
          "static_traversability": "FEASIBLE"
        },
        "startid": 162
      },
      "type": "Feature"
    },
    {
      "geometry": {
        "coordinates": [
          [
            [
              7.691999999999999,
              0.07299999999999995
            ],
            [
              7.592,
              0.07299999999999995
            ]
          ]
        ],
        "type": "MultiLineString"
      },
      "properties": {
        "endid": 162,
        "id": 463,
        "metadata": {
          "bottleneck": true,
          "canonical_edge_id": 55,
          "length_m": 0.09999999999999964,
          "min_clearance_m": 0.3499999940395355,
          "segment_fraction_end": 0.16666666666666619,
          "segment_fraction_start": 0.0,
          "segment_index": 0,
          "static_traversability": "FEASIBLE"
        },
        "startid": 27
      },
      "type": "Feature"
    },
    {
      "geometry": {
        "coordinates": [
          [
            [
              7.592,
              0.07299999999999995
            ],
            [
              7.342,
              0.07299999999999995
            ]
          ]
        ],
        "type": "MultiLineString"
      },
      "properties": {
        "endid": 161,
        "id": 464,
        "metadata": {
          "bottleneck": true,
          "canonical_edge_id": 55,
          "length_m": 0.25,
          "min_clearance_m": 0.3499999940395355,
          "segment_fraction_end": 0.583333333333333,
          "segment_fraction_start": 0.16666666666666619,
          "segment_index": 1,
          "static_traversability": "FEASIBLE"
        },
        "startid": 162
      },
      "type": "Feature"
    },
    {
      "geometry": {
        "coordinates": [
          [
            [
              7.342,
              0.07299999999999995
            ],
            [
              7.092,
              0.07299999999999995
            ]
          ]
        ],
        "type": "MultiLineString"
      },
      "properties": {
        "endid": 26,
        "id": 465,
        "metadata": {
          "bottleneck": true,
          "canonical_edge_id": 55,
          "length_m": 0.25,
          "min_clearance_m": 0.3499999940395355,
          "segment_fraction_end": 1.0,
          "segment_fraction_start": 0.583333333333333,
          "segment_index": 2,
          "static_traversability": "FEASIBLE"
        },
        "startid": 161
      },
      "type": "Feature"
    },
    {
      "geometry": {
        "coordinates": [
          [
            [
              8.392000000000001,
              -0.577
            ],
            [
              8.184620438291635,
              -0.5958526874280332
            ]
          ]
        ],
        "type": "MultiLineString"
      },
      "properties": {
        "endid": 144,
        "id": 466,
        "metadata": {
          "bottleneck": true,
          "canonical_edge_id": 56,
          "length_m": 0.2082347387868153,
          "min_clearance_m": 0.22360680997371674,
          "segment_fraction_end": 0.0847090538186695,
          "segment_fraction_start": 0.0,
          "segment_index": 0,
          "static_traversability": "UNKNOWN"
        },
        "startid": 28
      },
      "type": "Feature"
    },
    {
      "geometry": {
        "coordinates": [
          [
            [
              8.184620438291635,
              -0.5958526874280332
            ],
            [
              7.935647136674709,
              -0.6184866239386629
            ]
          ]
        ],
        "type": "MultiLineString"
      },
      "properties": {
        "endid": 143,
        "id": 467,
        "metadata": {
          "bottleneck": true,
          "canonical_edge_id": 56,
          "length_m": 0.25,
          "min_clearance_m": 0.22360680997371674,
          "segment_fraction_end": 0.18640804783881734,
          "segment_fraction_start": 0.0847090538186695,
          "segment_index": 1,
          "static_traversability": "UNKNOWN"
        },
        "startid": 144
      },
      "type": "Feature"
    },
    {
      "geometry": {
        "coordinates": [
          [
            [
              7.935647136674709,
              -0.6184866239386629
            ],
            [
              7.686673835057783,
              -0.6411205604492926
            ]
          ]
        ],
        "type": "MultiLineString"
      },
      "properties": {
        "endid": 142,
        "id": 468,
        "metadata": {
          "bottleneck": true,
          "canonical_edge_id": 56,
          "length_m": 0.25,
          "min_clearance_m": 0.22360680997371674,
          "segment_fraction_end": 0.2881070418589652,
          "segment_fraction_start": 0.18640804783881734,
          "segment_index": 2,
          "static_traversability": "UNKNOWN"
        },
        "startid": 143
      },
      "type": "Feature"
    },
    {
      "geometry": {
        "coordinates": [
          [
            [
              7.686673835057783,
              -0.6411205604492926
            ],
            [
              7.437700533440857,
              -0.6637544969599222
            ]
          ]
        ],
        "type": "MultiLineString"
      },
      "properties": {
        "endid": 141,
        "id": 469,
        "metadata": {
          "bottleneck": true,
          "canonical_edge_id": 56,
          "length_m": 0.25,
          "min_clearance_m": 0.22360680997371674,
          "segment_fraction_end": 0.389806035879113,
          "segment_fraction_start": 0.2881070418589652,
          "segment_index": 3,
          "static_traversability": "UNKNOWN"
        },
        "startid": 142
      },
      "type": "Feature"
    },
    {
      "geometry": {
        "coordinates": [
          [
            [
              7.437700533440857,
              -0.6637544969599222
            ],
            [
              7.1885846930708865,
              -0.6693396068941397
            ]
          ]
        ],
        "type": "MultiLineString"
      },
      "properties": {
        "endid": 140,
        "id": 470,
        "metadata": {
          "bottleneck": true,
          "canonical_edge_id": 56,
          "length_m": 0.25,
          "min_clearance_m": 0.22360680997371674,
          "segment_fraction_end": 0.4915050298992608,
          "segment_fraction_start": 0.389806035879113,
          "segment_index": 4,
          "static_traversability": "UNKNOWN"
        },
        "startid": 141
      },
      "type": "Feature"
    },
    {
      "geometry": {
        "coordinates": [
          [
            [
              7.1885846930708865,
              -0.6693396068941397
            ],
            [
              6.93926775445671,
              -0.6508716855153118
            ]
          ]
        ],
        "type": "MultiLineString"
      },
      "properties": {
        "endid": 139,
        "id": 471,
        "metadata": {
          "bottleneck": true,
          "canonical_edge_id": 56,
          "length_m": 0.25,
          "min_clearance_m": 0.22360680997371674,
          "segment_fraction_end": 0.5932040239194086,
          "segment_fraction_start": 0.4915050298992608,
          "segment_index": 5,
          "static_traversability": "UNKNOWN"
        },
        "startid": 140
      },
      "type": "Feature"
    },
    {
      "geometry": {
        "coordinates": [
          [
            [
              6.93926775445671,
              -0.6508716855153118
            ],
            [
              6.689950815842532,
              -0.6324037641364838
            ]
          ]
        ],
        "type": "MultiLineString"
      },
      "properties": {
        "endid": 138,
        "id": 472,
        "metadata": {
          "bottleneck": true,
          "canonical_edge_id": 56,
          "length_m": 0.25,
          "min_clearance_m": 0.22360680997371674,
          "segment_fraction_end": 0.6949030179395566,
          "segment_fraction_start": 0.5932040239194086,
          "segment_index": 6,
          "static_traversability": "UNKNOWN"
        },
        "startid": 139
      },
      "type": "Feature"
    },
    {
      "geometry": {
        "coordinates": [
          [
            [
              6.689950815842532,
              -0.6324037641364838
            ],
            [
              6.440633877228355,
              -0.6139358427576559
            ]
          ]
        ],
        "type": "MultiLineString"
      },
      "properties": {
        "endid": 137,
        "id": 473,
        "metadata": {
          "bottleneck": true,
          "canonical_edge_id": 56,
          "length_m": 0.25,
          "min_clearance_m": 0.22360680997371674,
          "segment_fraction_end": 0.7966020119597044,
          "segment_fraction_start": 0.6949030179395566,
          "segment_index": 7,
          "static_traversability": "UNKNOWN"
        },
        "startid": 138
      },
      "type": "Feature"
    },
    {
      "geometry": {
        "coordinates": [
          [
            [
              6.440633877228355,
              -0.6139358427576559
            ],
            [
              6.191316938614177,
              -0.5954679213788279
            ]
          ]
        ],
        "type": "MultiLineString"
      },
      "properties": {
        "endid": 136,
        "id": 474,
        "metadata": {
          "bottleneck": true,
          "canonical_edge_id": 56,
          "length_m": 0.25,
          "min_clearance_m": 0.22360680997371674,
          "segment_fraction_end": 0.8983010059798522,
          "segment_fraction_start": 0.7966020119597044,
          "segment_index": 8,
          "static_traversability": "UNKNOWN"
        },
        "startid": 137
      },
      "type": "Feature"
    },
    {
      "geometry": {
        "coordinates": [
          [
            [
              6.191316938614177,
              -0.5954679213788279
            ],
            [
              5.942,
              -0.577
            ]
          ]
        ],
        "type": "MultiLineString"
      },
      "properties": {
        "endid": 23,
        "id": 475,
        "metadata": {
          "bottleneck": true,
          "canonical_edge_id": 56,
          "length_m": 0.25,
          "min_clearance_m": 0.22360680997371674,
          "segment_fraction_end": 1.0,
          "segment_fraction_start": 0.8983010059798522,
          "segment_index": 9,
          "static_traversability": "UNKNOWN"
        },
        "startid": 136
      },
      "type": "Feature"
    },
    {
      "geometry": {
        "coordinates": [
          [
            [
              8.392000000000001,
              -0.577
            ],
            [
              8.629415727612155,
              -0.6255642931178631
            ]
          ]
        ],
        "type": "MultiLineString"
      },
      "properties": {
        "endid": 163,
        "id": 476,
        "metadata": {
          "bottleneck": true,
          "canonical_edge_id": 57,
          "length_m": 0.25,
          "min_clearance_m": 0.3162277638912201,
          "segment_fraction_end": 0.376063409329227,
          "segment_fraction_start": 0.0,
          "segment_index": 0,
          "static_traversability": "FEASIBLE"
        },
        "startid": 28
      },
      "type": "Feature"
    },
    {
      "geometry": {
        "coordinates": [
          [
            [
              8.629415727612155,
              -0.6255642931178631
            ],
            [
              8.84795504664254,
              -0.7469750259125212
            ]
          ]
        ],
        "type": "MultiLineString"
      },
      "properties": {
        "endid": 164,
        "id": 477,
        "metadata": {
          "bottleneck": true,
          "canonical_edge_id": 57,
          "length_m": 0.25,
          "min_clearance_m": 0.3162277638912201,
          "segment_fraction_end": 0.752126818658454,
          "segment_fraction_start": 0.376063409329227,
          "segment_index": 1,
          "static_traversability": "FEASIBLE"
        },
        "startid": 163
      },
      "type": "Feature"
    },
    {
      "geometry": {
        "coordinates": [
          [
            [
              8.84795504664254,
              -0.7469750259125212
            ],
            [
              8.992,
              -0.827
            ]
          ]
        ],
        "type": "MultiLineString"
      },
      "properties": {
        "endid": 32,
        "id": 478,
        "metadata": {
          "bottleneck": true,
          "canonical_edge_id": 57,
          "length_m": 0.16478150704934968,
          "min_clearance_m": 0.3162277638912201,
          "segment_fraction_end": 1.0,
          "segment_fraction_start": 0.752126818658454,
          "segment_index": 2,
          "static_traversability": "FEASIBLE"
        },
        "startid": 164
      },
      "type": "Feature"
    },
    {
      "geometry": {
        "coordinates": [
          [
            [
              8.692,
              2.6730000000000005
            ],
            [
              8.517733425602707,
              2.6678745125177272
            ]
          ]
        ],
        "type": "MultiLineString"
      },
      "properties": {
        "endid": 160,
        "id": 479,
        "metadata": {
          "bottleneck": false,
          "canonical_edge_id": 58,
          "length_m": 0.17434193291947442,
          "min_clearance_m": 0.670820415019989,
          "segment_fraction_end": 0.0905982091524531,
          "segment_fraction_start": 0.0,
          "segment_index": 0,
          "static_traversability": "FEASIBLE"
        },
        "startid": 29
      },
      "type": "Feature"
    },
    {
      "geometry": {
        "coordinates": [
          [
            [
              8.517733425602707,
              2.6678745125177272
            ],
            [
              8.267841486986619,
              2.6605247496172537
            ]
          ]
        ],
        "type": "MultiLineString"
      },
      "properties": {
        "endid": 159,
        "id": 480,
        "metadata": {
          "bottleneck": false,
          "canonical_edge_id": 58,
          "length_m": 0.25,
          "min_clearance_m": 0.670820415019989,
          "segment_fraction_end": 0.22051275070210266,
          "segment_fraction_start": 0.0905982091524531,
          "segment_index": 1,
          "static_traversability": "FEASIBLE"
        },
        "startid": 160
      },
      "type": "Feature"
    },
    {
      "geometry": {
        "coordinates": [
          [
            [
              8.267841486986619,
              2.6605247496172537
            ],
            [
              8.01794954837053,
              2.6531749867167806
            ]
          ]
        ],
        "type": "MultiLineString"
      },
      "properties": {
        "endid": 158,
        "id": 481,
        "metadata": {
          "bottleneck": false,
          "canonical_edge_id": 58,
          "length_m": 0.25,
          "min_clearance_m": 0.670820415019989,
          "segment_fraction_end": 0.35042729225175223,
          "segment_fraction_start": 0.22051275070210266,
          "segment_index": 2,
          "static_traversability": "FEASIBLE"
        },
        "startid": 159
      },
      "type": "Feature"
    },
    {
      "geometry": {
        "coordinates": [
          [
            [
              8.01794954837053,
              2.6531749867167806
            ],
            [
              7.768057609754441,
              2.645825223816307
            ]
          ]
        ],
        "type": "MultiLineString"
      },
      "properties": {
        "endid": 157,
        "id": 482,
        "metadata": {
          "bottleneck": false,
          "canonical_edge_id": 58,
          "length_m": 0.25,
          "min_clearance_m": 0.670820415019989,
          "segment_fraction_end": 0.4803418338014018,
          "segment_fraction_start": 0.35042729225175223,
          "segment_index": 3,
          "static_traversability": "FEASIBLE"
        },
        "startid": 158
      },
      "type": "Feature"
    },
    {
      "geometry": {
        "coordinates": [
          [
            [
              7.768057609754441,
              2.645825223816307
            ],
            [
              7.5181656711383535,
              2.638475460915834
            ]
          ]
        ],
        "type": "MultiLineString"
      },
      "properties": {
        "endid": 156,
        "id": 483,
        "metadata": {
          "bottleneck": false,
          "canonical_edge_id": 58,
          "length_m": 0.25,
          "min_clearance_m": 0.670820415019989,
          "segment_fraction_end": 0.6102563753510514,
          "segment_fraction_start": 0.4803418338014018,
          "segment_index": 4,
          "static_traversability": "FEASIBLE"
        },
        "startid": 157
      },
      "type": "Feature"
    },
    {
      "geometry": {
        "coordinates": [
          [
            [
              7.5181656711383535,
              2.638475460915834
            ],
            [
              7.268273732522265,
              2.6311256980153606
            ]
          ]
        ],
        "type": "MultiLineString"
      },
      "properties": {
        "endid": 155,
        "id": 484,
        "metadata": {
          "bottleneck": false,
          "canonical_edge_id": 58,
          "length_m": 0.25,
          "min_clearance_m": 0.670820415019989,
          "segment_fraction_end": 0.7401709169007009,
          "segment_fraction_start": 0.6102563753510514,
          "segment_index": 5,
          "static_traversability": "FEASIBLE"
        },
        "startid": 156
      },
      "type": "Feature"
    },
    {
      "geometry": {
        "coordinates": [
          [
            [
              7.268273732522265,
              2.6311256980153606
            ],
            [
              7.018381793906177,
              2.6237759351148875
            ]
          ]
        ],
        "type": "MultiLineString"
      },
      "properties": {
        "endid": 154,
        "id": 485,
        "metadata": {
          "bottleneck": false,
          "canonical_edge_id": 58,
          "length_m": 0.25,
          "min_clearance_m": 0.670820415019989,
          "segment_fraction_end": 0.8700854584503505,
          "segment_fraction_start": 0.7401709169007009,
          "segment_index": 6,
          "static_traversability": "FEASIBLE"
        },
        "startid": 155
      },
      "type": "Feature"
    },
    {
      "geometry": {
        "coordinates": [
          [
            [
              7.018381793906177,
              2.6237759351148875
            ],
            [
              6.792,
              2.7230000000000003
            ]
          ]
        ],
        "type": "MultiLineString"
      },
      "properties": {
        "endid": 25,
        "id": 486,
        "metadata": {
          "bottleneck": false,
          "canonical_edge_id": 58,
          "length_m": 0.25,
          "min_clearance_m": 0.670820415019989,
          "segment_fraction_end": 1.0,
          "segment_fraction_start": 0.8700854584503505,
          "segment_index": 7,
          "static_traversability": "FEASIBLE"
        },
        "startid": 154
      },
      "type": "Feature"
    },
    {
      "geometry": {
        "coordinates": [
          [
            [
              8.692,
              2.6730000000000005
            ],
            [
              8.900012573584462,
              2.5343249509436934
            ]
          ]
        ],
        "type": "MultiLineString"
      },
      "properties": {
        "endid": 165,
        "id": 487,
        "metadata": {
          "bottleneck": false,
          "canonical_edge_id": 59,
          "length_m": 0.25,
          "min_clearance_m": 0.4609772264957428,
          "segment_fraction_end": 0.693375245281535,
          "segment_fraction_start": 0.0,
          "segment_index": 0,
          "static_traversability": "FEASIBLE"
        },
        "startid": 29
      },
      "type": "Feature"
    },
    {
      "geometry": {
        "coordinates": [
          [
            [
              8.900012573584462,
              2.5343249509436934
            ],
            [
              8.992,
              2.4730000000000003
            ]
          ]
        ],
        "type": "MultiLineString"
      },
      "properties": {
        "endid": 33,
        "id": 488,
        "metadata": {
          "bottleneck": false,
          "canonical_edge_id": 59,
          "length_m": 0.11055512754639962,
          "min_clearance_m": 0.4609772264957428,
          "segment_fraction_end": 1.0,
          "segment_fraction_start": 0.693375245281535,
          "segment_index": 1,
          "static_traversability": "FEASIBLE"
        },
        "startid": 165
      },
      "type": "Feature"
    },
    {
      "geometry": {
        "coordinates": [
          [
            [
              8.692,
              2.6730000000000005
            ],
            [
              8.868776695296637,
              2.849776695296637
            ]
          ]
        ],
        "type": "MultiLineString"
      },
      "properties": {
        "endid": 166,
        "id": 489,
        "metadata": {
          "bottleneck": true,
          "canonical_edge_id": 60,
          "length_m": 0.25,
          "min_clearance_m": 0.22360680997371674,
          "segment_fraction_end": 0.09702694312242761,
          "segment_fraction_start": 0.0,
          "segment_index": 0,
          "static_traversability": "UNKNOWN"
        },
        "startid": 29
      },
      "type": "Feature"
    },
    {
      "geometry": {
        "coordinates": [
          [
            [
              8.868776695296637,
              2.849776695296637
            ],
            [
              9.045553390593275,
              3.026553390593274
            ]
          ]
        ],
        "type": "MultiLineString"
      },
      "properties": {
        "endid": 167,
        "id": 490,
        "metadata": {
          "bottleneck": true,
          "canonical_edge_id": 60,
          "length_m": 0.25,
          "min_clearance_m": 0.22360680997371674,
          "segment_fraction_end": 0.19405388624485523,
          "segment_fraction_start": 0.09702694312242761,
          "segment_index": 1,
          "static_traversability": "UNKNOWN"
        },
        "startid": 166
      },
      "type": "Feature"
    },
    {
      "geometry": {
        "coordinates": [
          [
            [
              9.045553390593275,
              3.026553390593274
            ],
            [
              9.160452714690022,
              3.2441317867250543
            ]
          ]
        ],
        "type": "MultiLineString"
      },
      "properties": {
        "endid": 168,
        "id": 491,
        "metadata": {
          "bottleneck": true,
          "canonical_edge_id": 60,
          "length_m": 0.25,
          "min_clearance_m": 0.22360680997371674,
          "segment_fraction_end": 0.2910808293672828,
          "segment_fraction_start": 0.19405388624485523,
          "segment_index": 2,
          "static_traversability": "UNKNOWN"
        },
        "startid": 167
      },
      "type": "Feature"
    },
    {
      "geometry": {
        "coordinates": [
          [
            [
              9.160452714690022,
              3.2441317867250543
            ],
            [
              9.25330038377855,
              3.476250959446369
            ]
          ]
        ],
        "type": "MultiLineString"
      },
      "properties": {
        "endid": 169,
        "id": 492,
        "metadata": {
          "bottleneck": true,
          "canonical_edge_id": 60,
          "length_m": 0.25,
          "min_clearance_m": 0.22360680997371674,
          "segment_fraction_end": 0.38810777248971046,
          "segment_fraction_start": 0.2910808293672828,
          "segment_index": 3,
          "static_traversability": "UNKNOWN"
        },
        "startid": 168
      },
      "type": "Feature"
    },
    {
      "geometry": {
        "coordinates": [
          [
            [
              9.25330038377855,
              3.476250959446369
            ],
            [
              9.256638768060794,
              3.714444927756824
            ]
          ]
        ],
        "type": "MultiLineString"
      },
      "properties": {
        "endid": 170,
        "id": 493,
        "metadata": {
          "bottleneck": true,
          "canonical_edge_id": 60,
          "length_m": 0.25,
          "min_clearance_m": 0.22360680997371674,
          "segment_fraction_end": 0.48513471561213806,
          "segment_fraction_start": 0.38810777248971046,
          "segment_index": 4,
          "static_traversability": "UNKNOWN"
        },
        "startid": 169
      },
      "type": "Feature"
    },
    {
      "geometry": {
        "coordinates": [
          [
            [
              9.256638768060794,
              3.714444927756824
            ],
            [
              9.265522295984207,
              3.9611783678736394
            ]
          ]
        ],
        "type": "MultiLineString"
      },
      "properties": {
        "endid": 171,
        "id": 494,
        "metadata": {
          "bottleneck": true,
          "canonical_edge_id": 60,
          "length_m": 0.25,
          "min_clearance_m": 0.22360680997371674,
          "segment_fraction_end": 0.5821616587345656,
          "segment_fraction_start": 0.48513471561213806,
          "segment_index": 5,
          "static_traversability": "UNKNOWN"
        },
        "startid": 170
      },
      "type": "Feature"
    },
    {
      "geometry": {
        "coordinates": [
          [
            [
              9.265522295984207,
              3.9611783678736394
            ],
            [
              9.285651634674721,
              4.208974070176591
            ]
          ]
        ],
        "type": "MultiLineString"
      },
      "properties": {
        "endid": 172,
        "id": 495,
        "metadata": {
          "bottleneck": true,
          "canonical_edge_id": 60,
          "length_m": 0.25,
          "min_clearance_m": 0.22360680997371674,
          "segment_fraction_end": 0.6791886018569933,
          "segment_fraction_start": 0.5821616587345656,
          "segment_index": 6,
          "static_traversability": "UNKNOWN"
        },
        "startid": 171
      },
      "type": "Feature"
    },
    {
      "geometry": {
        "coordinates": [
          [
            [
              9.285651634674721,
              4.208974070176591
            ],
            [
              9.242205301197458,
              4.455169959881076
            ]
          ]
        ],
        "type": "MultiLineString"
      },
      "properties": {
        "endid": 173,
        "id": 496,
        "metadata": {
          "bottleneck": true,
          "canonical_edge_id": 60,
          "length_m": 0.25,
          "min_clearance_m": 0.22360680997371674,
          "segment_fraction_end": 0.7762155449794209,
          "segment_fraction_start": 0.6791886018569933,
          "segment_index": 7,
          "static_traversability": "UNKNOWN"
        },
        "startid": 172
      },
      "type": "Feature"
    },
    {
      "geometry": {
        "coordinates": [
          [
            [
              9.242205301197458,
              4.455169959881076
            ],
            [
              9.198758967720197,
              4.70136584958556
            ]
          ]
        ],
        "type": "MultiLineString"
      },
      "properties": {
        "endid": 174,
        "id": 497,
        "metadata": {
          "bottleneck": true,
          "canonical_edge_id": 60,
          "length_m": 0.25,
          "min_clearance_m": 0.22360680997371674,
          "segment_fraction_end": 0.8732424881018485,
          "segment_fraction_start": 0.7762155449794209,
          "segment_index": 8,
          "static_traversability": "UNKNOWN"
        },
        "startid": 173
      },
      "type": "Feature"
    },
    {
      "geometry": {
        "coordinates": [
          [
            [
              9.198758967720197,
              4.70136584958556
            ],
            [
              9.155312634242934,
              4.947561739290045
            ]
          ]
        ],
        "type": "MultiLineString"
      },
      "properties": {
        "endid": 175,
        "id": 498,
        "metadata": {
          "bottleneck": true,
          "canonical_edge_id": 60,
          "length_m": 0.25,
          "min_clearance_m": 0.22360680997371674,
          "segment_fraction_end": 0.9702694312242761,
          "segment_fraction_start": 0.8732424881018485,
          "segment_index": 9,
          "static_traversability": "UNKNOWN"
        },
        "startid": 174
      },
      "type": "Feature"
    },
    {
      "geometry": {
        "coordinates": [
          [
            [
              9.155312634242934,
              4.947561739290045
            ],
            [
              9.142000000000001,
              5.023
            ]
          ]
        ],
        "type": "MultiLineString"
      },
      "properties": {
        "endid": 35,
        "id": 499,
        "metadata": {
          "bottleneck": true,
          "canonical_edge_id": 60,
          "length_m": 0.07660389944010237,
          "min_clearance_m": 0.22360680997371674,
          "segment_fraction_end": 1.0,
          "segment_fraction_start": 0.9702694312242761,
          "segment_index": 10,
          "static_traversability": "UNKNOWN"
        },
        "startid": 175
      },
      "type": "Feature"
    },
    {
      "geometry": {
        "coordinates": [
          [
            [
              8.892000000000001,
              1.073
            ],
            [
              8.871657128767048,
              1.0628285643835227
            ]
          ]
        ],
        "type": "MultiLineString"
      },
      "properties": {
        "endid": 132,
        "id": 500,
        "metadata": {
          "bottleneck": true,
          "canonical_edge_id": 61,
          "length_m": 0.022744021467205666,
          "min_clearance_m": 0.3499999940395355,
          "segment_fraction_end": 0.0060285090474706,
          "segment_fraction_start": 0.0,
          "segment_index": 0,
          "static_traversability": "FEASIBLE"
        },
        "startid": 30
      },
      "type": "Feature"
    },
    {
      "geometry": {
        "coordinates": [
          [
            [
              8.871657128767048,
              1.0628285643835227
            ],
            [
              8.648050331017068,
              0.9510251655085332
            ]
          ]
        ],
        "type": "MultiLineString"
      },
      "properties": {
        "endid": 131,
        "id": 501,
        "metadata": {
          "bottleneck": true,
          "canonical_edge_id": 61,
          "length_m": 0.25,
          "min_clearance_m": 0.3499999940395355,
          "segment_fraction_end": 0.07229327511097255,
          "segment_fraction_start": 0.0060285090474706,
          "segment_index": 1,
          "static_traversability": "FEASIBLE"
        },
        "startid": 132
      },
      "type": "Feature"
    },
    {
      "geometry": {
        "coordinates": [
          [
            [
              8.648050331017068,
              0.9510251655085332
            ],
            [
              8.42444353326709,
              0.8392217666335438
            ]
          ]
        ],
        "type": "MultiLineString"
      },
      "properties": {
        "endid": 130,
        "id": 502,
        "metadata": {
          "bottleneck": true,
          "canonical_edge_id": 61,
          "length_m": 0.25,
          "min_clearance_m": 0.3499999940395355,
          "segment_fraction_end": 0.1385580411744745,
          "segment_fraction_start": 0.07229327511097255,
          "segment_index": 2,
          "static_traversability": "FEASIBLE"
        },
        "startid": 131
      },
      "type": "Feature"
    },
    {
      "geometry": {
        "coordinates": [
          [
            [
              8.42444353326709,
              0.8392217666335438
            ],
            [
              8.178317466928647,
              0.8273608680218644
            ]
          ]
        ],
        "type": "MultiLineString"
      },
      "properties": {
        "endid": 129,
        "id": 503,
        "metadata": {
          "bottleneck": true,
          "canonical_edge_id": 61,
          "length_m": 0.25,
          "min_clearance_m": 0.3499999940395355,
          "segment_fraction_end": 0.20482280723797647,
          "segment_fraction_start": 0.1385580411744745,
          "segment_index": 3,
          "static_traversability": "FEASIBLE"
        },
        "startid": 130
      },
      "type": "Feature"
    },
    {
      "geometry": {
        "coordinates": [
          [
            [
              8.178317466928647,
              0.8273608680218644
            ],
            [
              7.928369512312784,
              0.8324618466874942
            ]
          ]
        ],
        "type": "MultiLineString"
      },
      "properties": {
        "endid": 128,
        "id": 504,
        "metadata": {
          "bottleneck": true,
          "canonical_edge_id": 61,
          "length_m": 0.25,
          "min_clearance_m": 0.3499999940395355,
          "segment_fraction_end": 0.2710875733014784,
          "segment_fraction_start": 0.20482280723797647,
          "segment_index": 4,
          "static_traversability": "FEASIBLE"
        },
        "startid": 129
      },
      "type": "Feature"
    },
    {
      "geometry": {
        "coordinates": [
          [
            [
              7.928369512312784,
              0.8324618466874942
            ],
            [
              7.6784215576969235,
              0.8375628253531241
            ]
          ]
        ],
        "type": "MultiLineString"
      },
      "properties": {
        "endid": 127,
        "id": 505,
        "metadata": {
          "bottleneck": true,
          "canonical_edge_id": 61,
          "length_m": 0.25,
          "min_clearance_m": 0.3499999940395355,
          "segment_fraction_end": 0.3373523393649804,
          "segment_fraction_start": 0.2710875733014784,
          "segment_index": 5,
          "static_traversability": "FEASIBLE"
        },
        "startid": 128
      },
      "type": "Feature"
    },
    {
      "geometry": {
        "coordinates": [
          [
            [
              7.6784215576969235,
              0.8375628253531241
            ],
            [
              7.428473603081062,
              0.842663804018754
            ]
          ]
        ],
        "type": "MultiLineString"
      },
      "properties": {
        "endid": 126,
        "id": 506,
        "metadata": {
          "bottleneck": true,
          "canonical_edge_id": 61,
          "length_m": 0.25,
          "min_clearance_m": 0.3499999940395355,
          "segment_fraction_end": 0.40361710542848234,
          "segment_fraction_start": 0.3373523393649804,
          "segment_index": 6,
          "static_traversability": "FEASIBLE"
        },
        "startid": 127
      },
      "type": "Feature"
    },
    {
      "geometry": {
        "coordinates": [
          [
            [
              7.428473603081062,
              0.842663804018754
            ],
            [
              7.1785256484652,
              0.8477647826843838
            ]
          ]
        ],
        "type": "MultiLineString"
      },
      "properties": {
        "endid": 125,
        "id": 507,
        "metadata": {
          "bottleneck": true,
          "canonical_edge_id": 61,
          "length_m": 0.25,
          "min_clearance_m": 0.3499999940395355,
          "segment_fraction_end": 0.4698818714919843,
          "segment_fraction_start": 0.40361710542848234,
          "segment_index": 7,
          "static_traversability": "FEASIBLE"
        },
        "startid": 126
      },
      "type": "Feature"
    },
    {
      "geometry": {
        "coordinates": [
          [
            [
              7.1785256484652,
              0.8477647826843838
            ],
            [
              6.928577693849339,
              0.8528657613500136
            ]
          ]
        ],
        "type": "MultiLineString"
      },
      "properties": {
        "endid": 124,
        "id": 508,
        "metadata": {
          "bottleneck": true,
          "canonical_edge_id": 61,
          "length_m": 0.25,
          "min_clearance_m": 0.3499999940395355,
          "segment_fraction_end": 0.5361466375554863,
          "segment_fraction_start": 0.4698818714919843,
          "segment_index": 8,
          "static_traversability": "FEASIBLE"
        },
        "startid": 125
      },
      "type": "Feature"
    },
    {
      "geometry": {
        "coordinates": [
          [
            [
              6.928577693849339,
              0.8528657613500136
            ],
            [
              6.678629739233477,
              0.8579667400156434
            ]
          ]
        ],
        "type": "MultiLineString"
      },
      "properties": {
        "endid": 123,
        "id": 509,
        "metadata": {
          "bottleneck": true,
          "canonical_edge_id": 61,
          "length_m": 0.25,
          "min_clearance_m": 0.3499999940395355,
          "segment_fraction_end": 0.6024114036189883,
          "segment_fraction_start": 0.5361466375554863,
          "segment_index": 9,
          "static_traversability": "FEASIBLE"
        },
        "startid": 124
      },
      "type": "Feature"
    },
    {
      "geometry": {
        "coordinates": [
          [
            [
              6.678629739233477,
              0.8579667400156434
            ],
            [
              6.428681784617615,
              0.8630677186812733
            ]
          ]
        ],
        "type": "MultiLineString"
      },
      "properties": {
        "endid": 122,
        "id": 510,
        "metadata": {
          "bottleneck": true,
          "canonical_edge_id": 61,
          "length_m": 0.25,
          "min_clearance_m": 0.3499999940395355,
          "segment_fraction_end": 0.6686761696824902,
          "segment_fraction_start": 0.6024114036189883,
          "segment_index": 10,
          "static_traversability": "FEASIBLE"
        },
        "startid": 123
      },
      "type": "Feature"
    },
    {
      "geometry": {
        "coordinates": [
          [
            [
              6.428681784617615,
              0.8630677186812733
            ],
            [
              6.178733830001754,
              0.8681686973469032
            ]
          ]
        ],
        "type": "MultiLineString"
      },
      "properties": {
        "endid": 121,
        "id": 511,
        "metadata": {
          "bottleneck": true,
          "canonical_edge_id": 61,
          "length_m": 0.25,
          "min_clearance_m": 0.3499999940395355,
          "segment_fraction_end": 0.7349409357459922,
          "segment_fraction_start": 0.6686761696824902,
          "segment_index": 11,
          "static_traversability": "FEASIBLE"
        },
        "startid": 122
      },
      "type": "Feature"
    },
    {
      "geometry": {
        "coordinates": [
          [
            [
              6.178733830001754,
              0.8681686973469032
            ],
            [
              5.930743737528408,
              0.8660730692482511
            ]
          ]
        ],
        "type": "MultiLineString"
      },
      "properties": {
        "endid": 120,
        "id": 512,
        "metadata": {
          "bottleneck": true,
          "canonical_edge_id": 61,
          "length_m": 0.25,
          "min_clearance_m": 0.3499999940395355,
          "segment_fraction_end": 0.8012057018094941,
          "segment_fraction_start": 0.7349409357459922,
          "segment_index": 12,
          "static_traversability": "FEASIBLE"
        },
        "startid": 121
      },
      "type": "Feature"
    },
    {
      "geometry": {
        "coordinates": [
          [
            [
              5.930743737528408,
              0.8660730692482511
            ],
            [
              5.717829158352272,
              0.7350487128321674
            ]
          ]
        ],
        "type": "MultiLineString"
      },
      "properties": {
        "endid": 119,
        "id": 513,
        "metadata": {
          "bottleneck": true,
          "canonical_edge_id": 61,
          "length_m": 0.25,
          "min_clearance_m": 0.3499999940395355,
          "segment_fraction_end": 0.8674704678729961,
          "segment_fraction_start": 0.8012057018094941,
          "segment_index": 13,
          "static_traversability": "FEASIBLE"
        },
        "startid": 120
      },
      "type": "Feature"
    },
    {
      "geometry": {
        "coordinates": [
          [
            [
              5.717829158352272,
              0.7350487128321674
            ],
            [
              5.504914579176136,
              0.6040243564160839
            ]
          ]
        ],
        "type": "MultiLineString"
      },
      "properties": {
        "endid": 118,
        "id": 514,
        "metadata": {
          "bottleneck": true,
          "canonical_edge_id": 61,
          "length_m": 0.25,
          "min_clearance_m": 0.3499999940395355,
          "segment_fraction_end": 0.933735233936498,
          "segment_fraction_start": 0.8674704678729961,
          "segment_index": 14,
          "static_traversability": "FEASIBLE"
        },
        "startid": 119
      },
      "type": "Feature"
    },
    {
      "geometry": {
        "coordinates": [
          [
            [
              5.504914579176136,
              0.6040243564160839
            ],
            [
              5.292,
              0.4730000000000003
            ]
          ]
        ],
        "type": "MultiLineString"
      },
      "properties": {
        "endid": 19,
        "id": 515,
        "metadata": {
          "bottleneck": true,
          "canonical_edge_id": 61,
          "length_m": 0.25,
          "min_clearance_m": 0.3499999940395355,
          "segment_fraction_end": 1.0,
          "segment_fraction_start": 0.933735233936498,
          "segment_index": 15,
          "static_traversability": "FEASIBLE"
        },
        "startid": 118
      },
      "type": "Feature"
    },
    {
      "geometry": {
        "coordinates": [
          [
            [
              8.892000000000001,
              1.073
            ],
            [
              9.012,
              1.2630000000000001
            ]
          ]
        ],
        "type": "MultiLineString"
      },
      "properties": {
        "endid": 176,
        "id": 516,
        "metadata": {
          "bottleneck": true,
          "canonical_edge_id": 62,
          "length_m": 0.25,
          "min_clearance_m": 0.36400550603866577,
          "segment_fraction_end": 0.7142857142857153,
          "segment_fraction_start": 0.0,
          "segment_index": 0,
          "static_traversability": "FEASIBLE"
        },
        "startid": 30
      },
      "type": "Feature"
    },
    {
      "geometry": {
        "coordinates": [
          [
            [
              9.012,
              1.2630000000000001
            ],
            [
              9.092,
              1.323
            ]
          ]
        ],
        "type": "MultiLineString"
      },
      "properties": {
        "endid": 34,
        "id": 517,
        "metadata": {
          "bottleneck": true,
          "canonical_edge_id": 62,
          "length_m": 0.09999999999999948,
          "min_clearance_m": 0.36400550603866577,
          "segment_fraction_end": 1.0,
          "segment_fraction_start": 0.7142857142857153,
          "segment_index": 1,
          "static_traversability": "FEASIBLE"
        },
        "startid": 176
      },
      "type": "Feature"
    },
    {
      "geometry": {
        "coordinates": [
          [
            [
              8.892000000000001,
              1.073
            ],
            [
              9.075700861156873,
              0.9034299743167337
            ]
          ]
        ],
        "type": "MultiLineString"
      },
      "properties": {
        "endid": 177,
        "id": 518,
        "metadata": {
          "bottleneck": true,
          "canonical_edge_id": 63,
          "length_m": 0.25,
          "min_clearance_m": 0.3201562166213989,
          "segment_fraction_end": 0.1647939664143992,
          "segment_fraction_start": 0.0,
          "segment_index": 0,
          "static_traversability": "FEASIBLE"
        },
        "startid": 30
      },
      "type": "Feature"
    },
    {
      "geometry": {
        "coordinates": [
          [
            [
              9.075700861156873,
              0.9034299743167337
            ],
            [
              9.259401722313745,
              0.7338599486334674
            ]
          ]
        ],
        "type": "MultiLineString"
      },
      "properties": {
        "endid": 178,
        "id": 519,
        "metadata": {
          "bottleneck": true,
          "canonical_edge_id": 63,
          "length_m": 0.25,
          "min_clearance_m": 0.3201562166213989,
          "segment_fraction_end": 0.3295879328287984,
          "segment_fraction_start": 0.1647939664143992,
          "segment_index": 1,
          "static_traversability": "FEASIBLE"
        },
        "startid": 177
      },
      "type": "Feature"
    },
    {
      "geometry": {
        "coordinates": [
          [
            [
              9.259401722313745,
              0.7338599486334674
            ],
            [
              9.443102583470617,
              0.564289922950201
            ]
          ]
        ],
        "type": "MultiLineString"
      },
      "properties": {
        "endid": 179,
        "id": 520,
        "metadata": {
          "bottleneck": true,
          "canonical_edge_id": 63,
          "length_m": 0.25,
          "min_clearance_m": 0.3201562166213989,
          "segment_fraction_end": 0.4943818992431976,
          "segment_fraction_start": 0.3295879328287984,
          "segment_index": 2,
          "static_traversability": "FEASIBLE"
        },
        "startid": 178
      },
      "type": "Feature"
    },
    {
      "geometry": {
        "coordinates": [
          [
            [
              9.443102583470617,
              0.564289922950201
            ],
            [
              9.651487254208554,
              0.43650424859714965
            ]
          ]
        ],
        "type": "MultiLineString"
      },
      "properties": {
        "endid": 180,
        "id": 521,
        "metadata": {
          "bottleneck": true,
          "canonical_edge_id": 63,
          "length_m": 0.25,
          "min_clearance_m": 0.3201562166213989,
          "segment_fraction_end": 0.6591758656575968,
          "segment_fraction_start": 0.4943818992431976,
          "segment_index": 3,
          "static_traversability": "FEASIBLE"
        },
        "startid": 179
      },
      "type": "Feature"
    },
    {
      "geometry": {
        "coordinates": [
          [
            [
              9.651487254208554,
              0.43650424859714965
            ],
            [
              9.888658078721182,
              0.35744730709294004
            ]
          ]
        ],
        "type": "MultiLineString"
      },
      "properties": {
        "endid": 181,
        "id": 522,
        "metadata": {
          "bottleneck": true,
          "canonical_edge_id": 63,
          "length_m": 0.25,
          "min_clearance_m": 0.3201562166213989,
          "segment_fraction_end": 0.8239698320719959,
          "segment_fraction_start": 0.6591758656575968,
          "segment_index": 4,
          "static_traversability": "FEASIBLE"
        },
        "startid": 180
      },
      "type": "Feature"
    },
    {
      "geometry": {
        "coordinates": [
          [
            [
              9.888658078721182,
              0.35744730709294004
            ],
            [
              10.12582890323381,
              0.27839036558873054
            ]
          ]
        ],
        "type": "MultiLineString"
      },
      "properties": {
        "endid": 182,
        "id": 523,
        "metadata": {
          "bottleneck": true,
          "canonical_edge_id": 63,
          "length_m": 0.25,
          "min_clearance_m": 0.3201562166213989,
          "segment_fraction_end": 0.9887637984863952,
          "segment_fraction_start": 0.8239698320719959,
          "segment_index": 5,
          "static_traversability": "FEASIBLE"
        },
        "startid": 181
      },
      "type": "Feature"
    },
    {
      "geometry": {
        "coordinates": [
          [
            [
              10.12582890323381,
              0.27839036558873054
            ],
            [
              10.142000000000001,
              0.2730000000000001
            ]
          ]
        ],
        "type": "MultiLineString"
      },
      "properties": {
        "endid": 37,
        "id": 524,
        "metadata": {
          "bottleneck": true,
          "canonical_edge_id": 63,
          "length_m": 0.01704583268138249,
          "min_clearance_m": 0.3201562166213989,
          "segment_fraction_end": 1.0,
          "segment_fraction_start": 0.9887637984863952,
          "segment_index": 6,
          "static_traversability": "FEASIBLE"
        },
        "startid": 182
      },
      "type": "Feature"
    },
    {
      "geometry": {
        "coordinates": [
          [
            [
              8.942000000000002,
              -0.9770000000000001
            ],
            [
              8.992,
              -0.827
            ]
          ]
        ],
        "type": "MultiLineString"
      },
      "properties": {
        "endid": 32,
        "id": 525,
        "metadata": {
          "bottleneck": false,
          "canonical_edge_id": 64,
          "length_m": 0.15811388300841878,
          "min_clearance_m": 0.41231057047843933,
          "segment_fraction_end": 1.0,
          "segment_fraction_start": 0.0,
          "segment_index": 0,
          "static_traversability": "FEASIBLE"
        },
        "startid": 31
      },
      "type": "Feature"
    },
    {
      "geometry": {
        "coordinates": [
          [
            [
              8.992,
              -0.827
            ],
            [
              8.84795504664254,
              -0.7469750259125212
            ]
          ]
        ],
        "type": "MultiLineString"
      },
      "properties": {
        "endid": 164,
        "id": 526,
        "metadata": {
          "bottleneck": true,
          "canonical_edge_id": 65,
          "length_m": 0.16478150704934968,
          "min_clearance_m": 0.3162277638912201,
          "segment_fraction_end": 0.24787318134154598,
          "segment_fraction_start": 0.0,
          "segment_index": 0,
          "static_traversability": "FEASIBLE"
        },
        "startid": 32
      },
      "type": "Feature"
    },
    {
      "geometry": {
        "coordinates": [
          [
            [
              8.84795504664254,
              -0.7469750259125212
            ],
            [
              8.629415727612155,
              -0.6255642931178631
            ]
          ]
        ],
        "type": "MultiLineString"
      },
      "properties": {
        "endid": 163,
        "id": 527,
        "metadata": {
          "bottleneck": true,
          "canonical_edge_id": 65,
          "length_m": 0.25,
          "min_clearance_m": 0.3162277638912201,
          "segment_fraction_end": 0.623936590670773,
          "segment_fraction_start": 0.24787318134154598,
          "segment_index": 1,
          "static_traversability": "FEASIBLE"
        },
        "startid": 164
      },
      "type": "Feature"
    },
    {
      "geometry": {
        "coordinates": [
          [
            [
              8.629415727612155,
              -0.6255642931178631
            ],
            [
              8.392000000000001,
              -0.577
            ]
          ]
        ],
        "type": "MultiLineString"
      },
      "properties": {
        "endid": 28,
        "id": 528,
        "metadata": {
          "bottleneck": true,
          "canonical_edge_id": 65,
          "length_m": 0.25,
          "min_clearance_m": 0.3162277638912201,
          "segment_fraction_end": 1.0,
          "segment_fraction_start": 0.623936590670773,
          "segment_index": 2,
          "static_traversability": "FEASIBLE"
        },
        "startid": 163
      },
      "type": "Feature"
    },
    {
      "geometry": {
        "coordinates": [
          [
            [
              8.992,
              -0.827
            ],
            [
              8.942000000000002,
              -0.9770000000000001
            ]
          ]
        ],
        "type": "MultiLineString"
      },
      "properties": {
        "endid": 31,
        "id": 529,
        "metadata": {
          "bottleneck": false,
          "canonical_edge_id": 66,
          "length_m": 0.15811388300841878,
          "min_clearance_m": 0.41231057047843933,
          "segment_fraction_end": 1.0,
          "segment_fraction_start": 0.0,
          "segment_index": 0,
          "static_traversability": "FEASIBLE"
        },
        "startid": 32
      },
      "type": "Feature"
    },
    {
      "geometry": {
        "coordinates": [
          [
            [
              8.992,
              -0.827
            ],
            [
              9.21040283260645,
              -0.7349089079727618
            ]
          ]
        ],
        "type": "MultiLineString"
      },
      "properties": {
        "endid": 183,
        "id": 530,
        "metadata": {
          "bottleneck": false,
          "canonical_edge_id": 67,
          "length_m": 0.25,
          "min_clearance_m": 0.44721361994743347,
          "segment_fraction_end": 0.21186626260084943,
          "segment_fraction_start": 0.0,
          "segment_index": 0,
          "static_traversability": "FEASIBLE"
        },
        "startid": 32
      },
      "type": "Feature"
    },
    {
      "geometry": {
        "coordinates": [
          [
            [
              9.21040283260645,
              -0.7349089079727618
            ],
            [
              9.407740886950531,
              -0.581423754594032
            ]
          ]
        ],
        "type": "MultiLineString"
      },
      "properties": {
        "endid": 184,
        "id": 531,
        "metadata": {
          "bottleneck": false,
          "canonical_edge_id": 67,
          "length_m": 0.25,
          "min_clearance_m": 0.44721361994743347,
          "segment_fraction_end": 0.42373252520169885,
          "segment_fraction_start": 0.21186626260084943,
          "segment_index": 1,
          "static_traversability": "FEASIBLE"
        },
        "startid": 183
      },
      "type": "Feature"
    },
    {
      "geometry": {
        "coordinates": [
          [
            [
              9.407740886950531,
              -0.581423754594032
            ],
            [
              9.620360444824152,
              -0.46132791103516985
            ]
          ]
        ],
        "type": "MultiLineString"
      },
      "properties": {
        "endid": 185,
        "id": 532,
        "metadata": {
          "bottleneck": false,
          "canonical_edge_id": 67,
          "length_m": 0.25,
          "min_clearance_m": 0.44721361994743347,
          "segment_fraction_end": 0.6355987878025482,
          "segment_fraction_start": 0.42373252520169885,
          "segment_index": 2,
          "static_traversability": "FEASIBLE"
        },
        "startid": 184
      },
      "type": "Feature"
    },
    {
      "geometry": {
        "coordinates": [
          [
            [
              9.620360444824152,
              -0.46132791103516985
            ],
            [
              9.865505613746882,
              -0.4122988772506239
            ]
          ]
        ],
        "type": "MultiLineString"
      },
      "properties": {
        "endid": 186,
        "id": 533,
        "metadata": {
          "bottleneck": false,
          "canonical_edge_id": 67,
          "length_m": 0.25,
          "min_clearance_m": 0.44721361994743347,
          "segment_fraction_end": 0.8474650504033977,
          "segment_fraction_start": 0.6355987878025482,
          "segment_index": 3,
          "static_traversability": "FEASIBLE"
        },
        "startid": 185
      },
      "type": "Feature"
    },
    {
      "geometry": {
        "coordinates": [
          [
            [
              9.865505613746882,
              -0.4122988772506239
            ],
            [
              10.042000000000002,
              -0.377
            ]
          ]
        ],
        "type": "MultiLineString"
      },
      "properties": {
        "endid": 36,
        "id": 534,
        "metadata": {
          "bottleneck": false,
          "canonical_edge_id": 67,
          "length_m": 0.17998966390884785,
          "min_clearance_m": 0.44721361994743347,
          "segment_fraction_end": 1.0,
          "segment_fraction_start": 0.8474650504033977,
          "segment_index": 4,
          "static_traversability": "FEASIBLE"
        },
        "startid": 186
      },
      "type": "Feature"
    },
    {
      "geometry": {
        "coordinates": [
          [
            [
              8.992,
              2.4730000000000003
            ],
            [
              8.900012573584462,
              2.5343249509436934
            ]
          ]
        ],
        "type": "MultiLineString"
      },
      "properties": {
        "endid": 165,
        "id": 535,
        "metadata": {
          "bottleneck": false,
          "canonical_edge_id": 68,
          "length_m": 0.11055512754639962,
          "min_clearance_m": 0.4609772264957428,
          "segment_fraction_end": 0.30662475471846495,
          "segment_fraction_start": 0.0,
          "segment_index": 0,
          "static_traversability": "FEASIBLE"
        },
        "startid": 33
      },
      "type": "Feature"
    },
    {
      "geometry": {
        "coordinates": [
          [
            [
              8.900012573584462,
              2.5343249509436934
            ],
            [
              8.692,
              2.6730000000000005
            ]
          ]
        ],
        "type": "MultiLineString"
      },
      "properties": {
        "endid": 29,
        "id": 536,
        "metadata": {
          "bottleneck": false,
          "canonical_edge_id": 68,
          "length_m": 0.25,
          "min_clearance_m": 0.4609772264957428,
          "segment_fraction_end": 1.0,
          "segment_fraction_start": 0.30662475471846495,
          "segment_index": 1,
          "static_traversability": "FEASIBLE"
        },
        "startid": 165
      },
      "type": "Feature"
    },
    {
      "geometry": {
        "coordinates": [
          [
            [
              9.092,
              1.323
            ],
            [
              9.012,
              1.2630000000000001
            ]
          ]
        ],
        "type": "MultiLineString"
      },
      "properties": {
        "endid": 176,
        "id": 537,
        "metadata": {
          "bottleneck": true,
          "canonical_edge_id": 69,
          "length_m": 0.09999999999999948,
          "min_clearance_m": 0.36400550603866577,
          "segment_fraction_end": 0.28571428571428464,
          "segment_fraction_start": 0.0,
          "segment_index": 0,
          "static_traversability": "FEASIBLE"
        },
        "startid": 34
      },
      "type": "Feature"
    },
    {
      "geometry": {
        "coordinates": [
          [
            [
              9.012,
              1.2630000000000001
            ],
            [
              8.892000000000001,
              1.073
            ]
          ]
        ],
        "type": "MultiLineString"
      },
      "properties": {
        "endid": 30,
        "id": 538,
        "metadata": {
          "bottleneck": true,
          "canonical_edge_id": 69,
          "length_m": 0.25,
          "min_clearance_m": 0.36400550603866577,
          "segment_fraction_end": 1.0,
          "segment_fraction_start": 0.28571428571428464,
          "segment_index": 1,
          "static_traversability": "FEASIBLE"
        },
        "startid": 176
      },
      "type": "Feature"
    },
    {
      "geometry": {
        "coordinates": [
          [
            [
              9.142000000000001,
              5.023
            ],
            [
              9.155312634242934,
              4.947561739290045
            ]
          ]
        ],
        "type": "MultiLineString"
      },
      "properties": {
        "endid": 175,
        "id": 539,
        "metadata": {
          "bottleneck": true,
          "canonical_edge_id": 70,
          "length_m": 0.07660389944010237,
          "min_clearance_m": 0.22360680997371674,
          "segment_fraction_end": 0.029730568775723908,
          "segment_fraction_start": 0.0,
          "segment_index": 0,
          "static_traversability": "UNKNOWN"
        },
        "startid": 35
      },
      "type": "Feature"
    },
    {
      "geometry": {
        "coordinates": [
          [
            [
              9.155312634242934,
              4.947561739290045
            ],
            [
              9.198758967720197,
              4.70136584958556
            ]
          ]
        ],
        "type": "MultiLineString"
      },
      "properties": {
        "endid": 174,
        "id": 540,
        "metadata": {
          "bottleneck": true,
          "canonical_edge_id": 70,
          "length_m": 0.25,
          "min_clearance_m": 0.22360680997371674,
          "segment_fraction_end": 0.12675751189815151,
          "segment_fraction_start": 0.029730568775723908,
          "segment_index": 1,
          "static_traversability": "UNKNOWN"
        },
        "startid": 175
      },
      "type": "Feature"
    },
    {
      "geometry": {
        "coordinates": [
          [
            [
              9.198758967720197,
              4.70136584958556
            ],
            [
              9.242205301197458,
              4.455169959881076
            ]
          ]
        ],
        "type": "MultiLineString"
      },
      "properties": {
        "endid": 173,
        "id": 541,
        "metadata": {
          "bottleneck": true,
          "canonical_edge_id": 70,
          "length_m": 0.25,
          "min_clearance_m": 0.22360680997371674,
          "segment_fraction_end": 0.22378445502057911,
          "segment_fraction_start": 0.12675751189815151,
          "segment_index": 2,
          "static_traversability": "UNKNOWN"
        },
        "startid": 174
      },
      "type": "Feature"
    },
    {
      "geometry": {
        "coordinates": [
          [
            [
              9.242205301197458,
              4.455169959881076
            ],
            [
              9.285651634674721,
              4.208974070176591
            ]
          ]
        ],
        "type": "MultiLineString"
      },
      "properties": {
        "endid": 172,
        "id": 542,
        "metadata": {
          "bottleneck": true,
          "canonical_edge_id": 70,
          "length_m": 0.25,
          "min_clearance_m": 0.22360680997371674,
          "segment_fraction_end": 0.32081139814300674,
          "segment_fraction_start": 0.22378445502057911,
          "segment_index": 3,
          "static_traversability": "UNKNOWN"
        },
        "startid": 173
      },
      "type": "Feature"
    },
    {
      "geometry": {
        "coordinates": [
          [
            [
              9.285651634674721,
              4.208974070176591
            ],
            [
              9.265522295984207,
              3.9611783678736394
            ]
          ]
        ],
        "type": "MultiLineString"
      },
      "properties": {
        "endid": 171,
        "id": 543,
        "metadata": {
          "bottleneck": true,
          "canonical_edge_id": 70,
          "length_m": 0.25,
          "min_clearance_m": 0.22360680997371674,
          "segment_fraction_end": 0.41783834126543434,
          "segment_fraction_start": 0.32081139814300674,
          "segment_index": 4,
          "static_traversability": "UNKNOWN"
        },
        "startid": 172
      },
      "type": "Feature"
    },
    {
      "geometry": {
        "coordinates": [
          [
            [
              9.265522295984207,
              3.9611783678736394
            ],
            [
              9.256638768060794,
              3.714444927756824
            ]
          ]
        ],
        "type": "MultiLineString"
      },
      "properties": {
        "endid": 170,
        "id": 544,
        "metadata": {
          "bottleneck": true,
          "canonical_edge_id": 70,
          "length_m": 0.25,
          "min_clearance_m": 0.22360680997371674,
          "segment_fraction_end": 0.5148652843878619,
          "segment_fraction_start": 0.41783834126543434,
          "segment_index": 5,
          "static_traversability": "UNKNOWN"
        },
        "startid": 171
      },
      "type": "Feature"
    },
    {
      "geometry": {
        "coordinates": [
          [
            [
              9.256638768060794,
              3.714444927756824
            ],
            [
              9.25330038377855,
              3.476250959446369
            ]
          ]
        ],
        "type": "MultiLineString"
      },
      "properties": {
        "endid": 169,
        "id": 545,
        "metadata": {
          "bottleneck": true,
          "canonical_edge_id": 70,
          "length_m": 0.25,
          "min_clearance_m": 0.22360680997371674,
          "segment_fraction_end": 0.6118922275102896,
          "segment_fraction_start": 0.5148652843878619,
          "segment_index": 6,
          "static_traversability": "UNKNOWN"
        },
        "startid": 170
      },
      "type": "Feature"
    },
    {
      "geometry": {
        "coordinates": [
          [
            [
              9.25330038377855,
              3.476250959446369
            ],
            [
              9.160452714690022,
              3.2441317867250543
            ]
          ]
        ],
        "type": "MultiLineString"
      },
      "properties": {
        "endid": 168,
        "id": 546,
        "metadata": {
          "bottleneck": true,
          "canonical_edge_id": 70,
          "length_m": 0.25,
          "min_clearance_m": 0.22360680997371674,
          "segment_fraction_end": 0.7089191706327171,
          "segment_fraction_start": 0.6118922275102896,
          "segment_index": 7,
          "static_traversability": "UNKNOWN"
        },
        "startid": 169
      },
      "type": "Feature"
    },
    {
      "geometry": {
        "coordinates": [
          [
            [
              9.160452714690022,
              3.2441317867250543
            ],
            [
              9.045553390593275,
              3.026553390593274
            ]
          ]
        ],
        "type": "MultiLineString"
      },
      "properties": {
        "endid": 167,
        "id": 547,
        "metadata": {
          "bottleneck": true,
          "canonical_edge_id": 70,
          "length_m": 0.25,
          "min_clearance_m": 0.22360680997371674,
          "segment_fraction_end": 0.8059461137551448,
          "segment_fraction_start": 0.7089191706327171,
          "segment_index": 8,
          "static_traversability": "UNKNOWN"
        },
        "startid": 168
      },
      "type": "Feature"
    },
    {
      "geometry": {
        "coordinates": [
          [
            [
              9.045553390593275,
              3.026553390593274
            ],
            [
              8.868776695296637,
              2.849776695296637
            ]
          ]
        ],
        "type": "MultiLineString"
      },
      "properties": {
        "endid": 166,
        "id": 548,
        "metadata": {
          "bottleneck": true,
          "canonical_edge_id": 70,
          "length_m": 0.25,
          "min_clearance_m": 0.22360680997371674,
          "segment_fraction_end": 0.9029730568775723,
          "segment_fraction_start": 0.8059461137551448,
          "segment_index": 9,
          "static_traversability": "UNKNOWN"
        },
        "startid": 167
      },
      "type": "Feature"
    },
    {
      "geometry": {
        "coordinates": [
          [
            [
              8.868776695296637,
              2.849776695296637
            ],
            [
              8.692,
              2.6730000000000005
            ]
          ]
        ],
        "type": "MultiLineString"
      },
      "properties": {
        "endid": 29,
        "id": 549,
        "metadata": {
          "bottleneck": true,
          "canonical_edge_id": 70,
          "length_m": 0.25,
          "min_clearance_m": 0.22360680997371674,
          "segment_fraction_end": 1.0,
          "segment_fraction_start": 0.9029730568775723,
          "segment_index": 10,
          "static_traversability": "UNKNOWN"
        },
        "startid": 166
      },
      "type": "Feature"
    },
    {
      "geometry": {
        "coordinates": [
          [
            [
              10.042000000000002,
              -0.377
            ],
            [
              9.865505613746882,
              -0.4122988772506239
            ]
          ]
        ],
        "type": "MultiLineString"
      },
      "properties": {
        "endid": 186,
        "id": 550,
        "metadata": {
          "bottleneck": false,
          "canonical_edge_id": 71,
          "length_m": 0.17998966390884785,
          "min_clearance_m": 0.44721361994743347,
          "segment_fraction_end": 0.15253494959660235,
          "segment_fraction_start": 0.0,
          "segment_index": 0,
          "static_traversability": "FEASIBLE"
        },
        "startid": 36
      },
      "type": "Feature"
    },
    {
      "geometry": {
        "coordinates": [
          [
            [
              9.865505613746882,
              -0.4122988772506239
            ],
            [
              9.620360444824152,
              -0.46132791103516985
            ]
          ]
        ],
        "type": "MultiLineString"
      },
      "properties": {
        "endid": 185,
        "id": 551,
        "metadata": {
          "bottleneck": false,
          "canonical_edge_id": 71,
          "length_m": 0.25,
          "min_clearance_m": 0.44721361994743347,
          "segment_fraction_end": 0.36440121219745175,
          "segment_fraction_start": 0.15253494959660235,
          "segment_index": 1,
          "static_traversability": "FEASIBLE"
        },
        "startid": 186
      },
      "type": "Feature"
    },
    {
      "geometry": {
        "coordinates": [
          [
            [
              9.620360444824152,
              -0.46132791103516985
            ],
            [
              9.407740886950531,
              -0.581423754594032
            ]
          ]
        ],
        "type": "MultiLineString"
      },
      "properties": {
        "endid": 184,
        "id": 552,
        "metadata": {
          "bottleneck": false,
          "canonical_edge_id": 71,
          "length_m": 0.25,
          "min_clearance_m": 0.44721361994743347,
          "segment_fraction_end": 0.5762674747983012,
          "segment_fraction_start": 0.36440121219745175,
          "segment_index": 2,
          "static_traversability": "FEASIBLE"
        },
        "startid": 185
      },
      "type": "Feature"
    },
    {
      "geometry": {
        "coordinates": [
          [
            [
              9.407740886950531,
              -0.581423754594032
            ],
            [
              9.21040283260645,
              -0.7349089079727618
            ]
          ]
        ],
        "type": "MultiLineString"
      },
      "properties": {
        "endid": 183,
        "id": 553,
        "metadata": {
          "bottleneck": false,
          "canonical_edge_id": 71,
          "length_m": 0.25,
          "min_clearance_m": 0.44721361994743347,
          "segment_fraction_end": 0.7881337373991506,
          "segment_fraction_start": 0.5762674747983012,
          "segment_index": 3,
          "static_traversability": "FEASIBLE"
        },
        "startid": 184
      },
      "type": "Feature"
    },
    {
      "geometry": {
        "coordinates": [
          [
            [
              9.21040283260645,
              -0.7349089079727618
            ],
            [
              8.992,
              -0.827
            ]
          ]
        ],
        "type": "MultiLineString"
      },
      "properties": {
        "endid": 32,
        "id": 554,
        "metadata": {
          "bottleneck": false,
          "canonical_edge_id": 71,
          "length_m": 0.25,
          "min_clearance_m": 0.44721361994743347,
          "segment_fraction_end": 1.0,
          "segment_fraction_start": 0.7881337373991506,
          "segment_index": 4,
          "static_traversability": "FEASIBLE"
        },
        "startid": 183
      },
      "type": "Feature"
    },
    {
      "geometry": {
        "coordinates": [
          [
            [
              10.042000000000002,
              -0.377
            ],
            [
              10.140479824644794,
              -0.14721374249548563
            ]
          ]
        ],
        "type": "MultiLineString"
      },
      "properties": {
        "endid": 187,
        "id": 555,
        "metadata": {
          "bottleneck": false,
          "canonical_edge_id": 72,
          "length_m": 0.25,
          "min_clearance_m": 0.8077747225761414,
          "segment_fraction_end": 0.36500251799183037,
          "segment_fraction_start": 0.0,
          "segment_index": 0,
          "static_traversability": "FEASIBLE"
        },
        "startid": 36
      },
      "type": "Feature"
    },
    {
      "geometry": {
        "coordinates": [
          [
            [
              10.140479824644794,
              -0.14721374249548563
            ],
            [
              10.172401775654894,
              0.09058934607065104
            ]
          ]
        ],
        "type": "MultiLineString"
      },
      "properties": {
        "endid": 188,
        "id": 556,
        "metadata": {
          "bottleneck": false,
          "canonical_edge_id": 72,
          "length_m": 0.25,
          "min_clearance_m": 0.8077747225761414,
          "segment_fraction_end": 0.7300050359836607,
          "segment_fraction_start": 0.36500251799183037,
          "segment_index": 1,
          "static_traversability": "FEASIBLE"
        },
        "startid": 187
      },
      "type": "Feature"
    },
    {
      "geometry": {
        "coordinates": [
          [
            [
              10.172401775654894,
              0.09058934607065104
            ],
            [
              10.142000000000001,
              0.2730000000000002
            ]
          ]
        ],
        "type": "MultiLineString"
      },
      "properties": {
        "endid": 37,
        "id": 557,
        "metadata": {
          "bottleneck": false,
          "canonical_edge_id": 72,
          "length_m": 0.18492678180810684,
          "min_clearance_m": 0.8077747225761414,
          "segment_fraction_end": 1.0,
          "segment_fraction_start": 0.7300050359836607,
          "segment_index": 2,
          "static_traversability": "FEASIBLE"
        },
        "startid": 188
      },
      "type": "Feature"
    },
    {
      "geometry": {
        "coordinates": [
          [
            [
              10.042000000000002,
              -0.377
            ],
            [
              10.16341073279466,
              -0.5955393190303844
            ]
          ]
        ],
        "type": "MultiLineString"
      },
      "properties": {
        "endid": 189,
        "id": 558,
        "metadata": {
          "bottleneck": true,
          "canonical_edge_id": 73,
          "length_m": 0.25,
          "min_clearance_m": 0.3499999940395355,
          "segment_fraction_end": 0.1974027598910795,
          "segment_fraction_start": 0.0,
          "segment_index": 0,
          "static_traversability": "FEASIBLE"
        },
        "startid": 36
      },
      "type": "Feature"
    },
    {
      "geometry": {
        "coordinates": [
          [
            [
              10.16341073279466,
              -0.5955393190303844
            ],
            [
              10.284821465589317,
              -0.8140786380607689
            ]
          ]
        ],
        "type": "MultiLineString"
      },
      "properties": {
        "endid": 190,
        "id": 559,
        "metadata": {
          "bottleneck": true,
          "canonical_edge_id": 73,
          "length_m": 0.25,
          "min_clearance_m": 0.3499999940395355,
          "segment_fraction_end": 0.394805519782159,
          "segment_fraction_start": 0.1974027598910795,
          "segment_index": 1,
          "static_traversability": "FEASIBLE"
        },
        "startid": 189
      },
      "type": "Feature"
    },
    {
      "geometry": {
        "coordinates": [
          [
            [
              10.284821465589317,
              -0.8140786380607689
            ],
            [
              10.27635349859203,
              -1.0616975211195578
            ]
          ]
        ],
        "type": "MultiLineString"
      },
      "properties": {
        "endid": 191,
        "id": 560,
        "metadata": {
          "bottleneck": true,
          "canonical_edge_id": 73,
          "length_m": 0.25,
          "min_clearance_m": 0.3499999940395355,
          "segment_fraction_end": 0.5922082796732385,
          "segment_fraction_start": 0.394805519782159,
          "segment_index": 2,
          "static_traversability": "FEASIBLE"
        },
        "startid": 190
      },
      "type": "Feature"
    },
    {
      "geometry": {
        "coordinates": [
          [
            [
              10.27635349859203,
              -1.0616975211195578
            ],
            [
              10.259723745961088,
              -1.3111438105837103
            ]
          ]
        ],
        "type": "MultiLineString"
      },
      "properties": {
        "endid": 192,
        "id": 561,
        "metadata": {
          "bottleneck": true,
          "canonical_edge_id": 73,
          "length_m": 0.25,
          "min_clearance_m": 0.3499999940395355,
          "segment_fraction_end": 0.789611039564318,
          "segment_fraction_start": 0.5922082796732385,
          "segment_index": 3,
          "static_traversability": "FEASIBLE"
        },
        "startid": 191
      },
      "type": "Feature"
    },
    {
      "geometry": {
        "coordinates": [
          [
            [
              10.259723745961088,
              -1.3111438105837103
            ],
            [
              10.243093993330143,
              -1.5605901000478624
            ]
          ]
        ],
        "type": "MultiLineString"
      },
      "properties": {
        "endid": 193,
        "id": 562,
        "metadata": {
          "bottleneck": true,
          "canonical_edge_id": 73,
          "length_m": 0.25,
          "min_clearance_m": 0.3499999940395355,
          "segment_fraction_end": 0.9870137994553975,
          "segment_fraction_start": 0.789611039564318,
          "segment_index": 4,
          "static_traversability": "FEASIBLE"
        },
        "startid": 192
      },
      "type": "Feature"
    },
    {
      "geometry": {
        "coordinates": [
          [
            [
              10.243093993330143,
              -1.5605901000478624
            ],
            [
              10.242,
              -1.577
            ]
          ]
        ],
        "type": "MultiLineString"
      },
      "properties": {
        "endid": 38,
        "id": 563,
        "metadata": {
          "bottleneck": true,
          "canonical_edge_id": 73,
          "length_m": 0.016446325967995445,
          "min_clearance_m": 0.3499999940395355,
          "segment_fraction_end": 1.0,
          "segment_fraction_start": 0.9870137994553975,
          "segment_index": 5,
          "static_traversability": "FEASIBLE"
        },
        "startid": 193
      },
      "type": "Feature"
    },
    {
      "geometry": {
        "coordinates": [
          [
            [
              10.142000000000001,
              0.2730000000000001
            ],
            [
              10.12582890323381,
              0.27839036558873054
            ]
          ]
        ],
        "type": "MultiLineString"
      },
      "properties": {
        "endid": 182,
        "id": 564,
        "metadata": {
          "bottleneck": true,
          "canonical_edge_id": 74,
          "length_m": 0.01704583268138249,
          "min_clearance_m": 0.3201562166213989,
          "segment_fraction_end": 0.011236201513604856,
          "segment_fraction_start": 0.0,
          "segment_index": 0,
          "static_traversability": "FEASIBLE"
        },
        "startid": 37
      },
      "type": "Feature"
    },
    {
      "geometry": {
        "coordinates": [
          [
            [
              10.12582890323381,
              0.27839036558873054
            ],
            [
              9.888658078721182,
              0.35744730709294004
            ]
          ]
        ],
        "type": "MultiLineString"
      },
      "properties": {
        "endid": 181,
        "id": 565,
        "metadata": {
          "bottleneck": true,
          "canonical_edge_id": 74,
          "length_m": 0.25,
          "min_clearance_m": 0.3201562166213989,
          "segment_fraction_end": 0.17603016792800405,
          "segment_fraction_start": 0.011236201513604856,
          "segment_index": 1,
          "static_traversability": "FEASIBLE"
        },
        "startid": 182
      },
      "type": "Feature"
    },
    {
      "geometry": {
        "coordinates": [
          [
            [
              9.888658078721182,
              0.35744730709294004
            ],
            [
              9.651487254208554,
              0.43650424859714965
            ]
          ]
        ],
        "type": "MultiLineString"
      },
      "properties": {
        "endid": 180,
        "id": 566,
        "metadata": {
          "bottleneck": true,
          "canonical_edge_id": 74,
          "length_m": 0.25,
          "min_clearance_m": 0.3201562166213989,
          "segment_fraction_end": 0.3408241343424032,
          "segment_fraction_start": 0.17603016792800405,
          "segment_index": 2,
          "static_traversability": "FEASIBLE"
        },
        "startid": 181
      },
      "type": "Feature"
    },
    {
      "geometry": {
        "coordinates": [
          [
            [
              9.651487254208554,
              0.43650424859714965
            ],
            [
              9.443102583470617,
              0.564289922950201
            ]
          ]
        ],
        "type": "MultiLineString"
      },
      "properties": {
        "endid": 179,
        "id": 567,
        "metadata": {
          "bottleneck": true,
          "canonical_edge_id": 74,
          "length_m": 0.25,
          "min_clearance_m": 0.3201562166213989,
          "segment_fraction_end": 0.5056181007568025,
          "segment_fraction_start": 0.3408241343424032,
          "segment_index": 3,
          "static_traversability": "FEASIBLE"
        },
        "startid": 180
      },
      "type": "Feature"
    },
    {
      "geometry": {
        "coordinates": [
          [
            [
              9.443102583470617,
              0.564289922950201
            ],
            [
              9.259401722313745,
              0.7338599486334674
            ]
          ]
        ],
        "type": "MultiLineString"
      },
      "properties": {
        "endid": 178,
        "id": 568,
        "metadata": {
          "bottleneck": true,
          "canonical_edge_id": 74,
          "length_m": 0.25,
          "min_clearance_m": 0.3201562166213989,
          "segment_fraction_end": 0.6704120671712016,
          "segment_fraction_start": 0.5056181007568025,
          "segment_index": 4,
          "static_traversability": "FEASIBLE"
        },
        "startid": 179
      },
      "type": "Feature"
    },
    {
      "geometry": {
        "coordinates": [
          [
            [
              9.259401722313745,
              0.7338599486334674
            ],
            [
              9.075700861156873,
              0.9034299743167337
            ]
          ]
        ],
        "type": "MultiLineString"
      },
      "properties": {
        "endid": 177,
        "id": 569,
        "metadata": {
          "bottleneck": true,
          "canonical_edge_id": 74,
          "length_m": 0.25,
          "min_clearance_m": 0.3201562166213989,
          "segment_fraction_end": 0.8352060335856009,
          "segment_fraction_start": 0.6704120671712016,
          "segment_index": 5,
          "static_traversability": "FEASIBLE"
        },
        "startid": 178
      },
      "type": "Feature"
    },
    {
      "geometry": {
        "coordinates": [
          [
            [
              9.075700861156873,
              0.9034299743167337
            ],
            [
              8.892000000000001,
              1.073
            ]
          ]
        ],
        "type": "MultiLineString"
      },
      "properties": {
        "endid": 30,
        "id": 570,
        "metadata": {
          "bottleneck": true,
          "canonical_edge_id": 74,
          "length_m": 0.25,
          "min_clearance_m": 0.3201562166213989,
          "segment_fraction_end": 1.0,
          "segment_fraction_start": 0.8352060335856009,
          "segment_index": 6,
          "static_traversability": "FEASIBLE"
        },
        "startid": 177
      },
      "type": "Feature"
    },
    {
      "geometry": {
        "coordinates": [
          [
            [
              10.142000000000001,
              0.2730000000000002
            ],
            [
              10.172401775654894,
              0.09058934607065104
            ]
          ]
        ],
        "type": "MultiLineString"
      },
      "properties": {
        "endid": 188,
        "id": 571,
        "metadata": {
          "bottleneck": false,
          "canonical_edge_id": 75,
          "length_m": 0.18492678180810684,
          "min_clearance_m": 0.8077747225761414,
          "segment_fraction_end": 0.2699949640163392,
          "segment_fraction_start": 0.0,
          "segment_index": 0,
          "static_traversability": "FEASIBLE"
        },
        "startid": 37
      },
      "type": "Feature"
    },
    {
      "geometry": {
        "coordinates": [
          [
            [
              10.172401775654894,
              0.09058934607065104
            ],
            [
              10.140479824644794,
              -0.14721374249548563
            ]
          ]
        ],
        "type": "MultiLineString"
      },
      "properties": {
        "endid": 187,
        "id": 572,
        "metadata": {
          "bottleneck": false,
          "canonical_edge_id": 75,
          "length_m": 0.25,
          "min_clearance_m": 0.8077747225761414,
          "segment_fraction_end": 0.6349974820081696,
          "segment_fraction_start": 0.2699949640163392,
          "segment_index": 1,
          "static_traversability": "FEASIBLE"
        },
        "startid": 188
      },
      "type": "Feature"
    },
    {
      "geometry": {
        "coordinates": [
          [
            [
              10.140479824644794,
              -0.14721374249548563
            ],
            [
              10.042000000000002,
              -0.377
            ]
          ]
        ],
        "type": "MultiLineString"
      },
      "properties": {
        "endid": 36,
        "id": 573,
        "metadata": {
          "bottleneck": false,
          "canonical_edge_id": 75,
          "length_m": 0.25,
          "min_clearance_m": 0.8077747225761414,
          "segment_fraction_end": 1.0,
          "segment_fraction_start": 0.6349974820081696,
          "segment_index": 2,
          "static_traversability": "FEASIBLE"
        },
        "startid": 187
      },
      "type": "Feature"
    },
    {
      "geometry": {
        "coordinates": [
          [
            [
              10.142000000000001,
              0.27300000000000013
            ],
            [
              10.260524955758756,
              0.493117774980544
            ]
          ]
        ],
        "type": "MultiLineString"
      },
      "properties": {
        "endid": 194,
        "id": 574,
        "metadata": {
          "bottleneck": false,
          "canonical_edge_id": 76,
          "length_m": 0.25,
          "min_clearance_m": 0.41231057047843933,
          "segment_fraction_end": 0.23396876074594194,
          "segment_fraction_start": 0.0,
          "segment_index": 0,
          "static_traversability": "FEASIBLE"
        },
        "startid": 37
      },
      "type": "Feature"
    },
    {
      "geometry": {
        "coordinates": [
          [
            [
              10.260524955758756,
              0.493117774980544
            ],
            [
              10.37904991151751,
              0.7132355499610878
            ]
          ]
        ],
        "type": "MultiLineString"
      },
      "properties": {
        "endid": 195,
        "id": 575,
        "metadata": {
          "bottleneck": false,
          "canonical_edge_id": 76,
          "length_m": 0.25,
          "min_clearance_m": 0.41231057047843933,
          "segment_fraction_end": 0.4679375214918839,
          "segment_fraction_start": 0.23396876074594194,
          "segment_index": 1,
          "static_traversability": "FEASIBLE"
        },
        "startid": 194
      },
      "type": "Feature"
    },
    {
      "geometry": {
        "coordinates": [
          [
            [
              10.37904991151751,
              0.7132355499610878
            ],
            [
              10.492,
              0.9347588469883303
            ]
          ]
        ],
        "type": "MultiLineString"
      },
      "properties": {
        "endid": 196,
        "id": 576,
        "metadata": {
          "bottleneck": false,
          "canonical_edge_id": 76,
          "length_m": 0.25,
          "min_clearance_m": 0.41231057047843933,
          "segment_fraction_end": 0.7019062822378258,
          "segment_fraction_start": 0.4679375214918839,
          "segment_index": 2,
          "static_traversability": "FEASIBLE"
        },
        "startid": 195
      },
      "type": "Feature"
    },
    {
      "geometry": {
        "coordinates": [
          [
            [
              10.492,
              0.9347588469883303
            ],
            [
              10.584988981531499,
              1.134992654354332
            ]
          ]
        ],
        "type": "MultiLineString"
      },
      "properties": {
        "endid": 197,
        "id": 577,
        "metadata": {
          "bottleneck": false,
          "canonical_edge_id": 76,
          "length_m": 0.25,
          "min_clearance_m": 0.41231057047843933,
          "segment_fraction_end": 0.9358750429837678,
          "segment_fraction_start": 0.7019062822378258,
          "segment_index": 3,
          "static_traversability": "FEASIBLE"
        },
        "startid": 196
      },
      "type": "Feature"
    },
    {
      "geometry": {
        "coordinates": [
          [
            [
              10.584988981531499,
              1.134992654354332
            ],
            [
              10.642000000000001,
              1.173
            ]
          ]
        ],
        "type": "MultiLineString"
      },
      "properties": {
        "endid": 39,
        "id": 578,
        "metadata": {
          "bottleneck": false,
          "canonical_edge_id": 76,
          "length_m": 0.06851871678486932,
          "min_clearance_m": 0.41231057047843933,
          "segment_fraction_end": 1.0,
          "segment_fraction_start": 0.9358750429837678,
          "segment_index": 4,
          "static_traversability": "FEASIBLE"
        },
        "startid": 197
      },
      "type": "Feature"
    },
    {
      "geometry": {
        "coordinates": [
          [
            [
              10.242,
              -1.577
            ],
            [
              10.243093993330143,
              -1.5605901000478624
            ]
          ]
        ],
        "type": "MultiLineString"
      },
      "properties": {
        "endid": 193,
        "id": 579,
        "metadata": {
          "bottleneck": true,
          "canonical_edge_id": 77,
          "length_m": 0.016446325967995445,
          "min_clearance_m": 0.3499999940395355,
          "segment_fraction_end": 0.012986200544602523,
          "segment_fraction_start": 0.0,
          "segment_index": 0,
          "static_traversability": "FEASIBLE"
        },
        "startid": 38
      },
      "type": "Feature"
    },
    {
      "geometry": {
        "coordinates": [
          [
            [
              10.243093993330143,
              -1.5605901000478624
            ],
            [
              10.259723745961088,
              -1.3111438105837103
            ]
          ]
        ],
        "type": "MultiLineString"
      },
      "properties": {
        "endid": 192,
        "id": 580,
        "metadata": {
          "bottleneck": true,
          "canonical_edge_id": 77,
          "length_m": 0.25,
          "min_clearance_m": 0.3499999940395355,
          "segment_fraction_end": 0.210388960435682,
          "segment_fraction_start": 0.012986200544602523,
          "segment_index": 1,
          "static_traversability": "FEASIBLE"
        },
        "startid": 193
      },
      "type": "Feature"
    },
    {
      "geometry": {
        "coordinates": [
          [
            [
              10.259723745961088,
              -1.3111438105837103
            ],
            [
              10.27635349859203,
              -1.0616975211195578
            ]
          ]
        ],
        "type": "MultiLineString"
      },
      "properties": {
        "endid": 191,
        "id": 581,
        "metadata": {
          "bottleneck": true,
          "canonical_edge_id": 77,
          "length_m": 0.25,
          "min_clearance_m": 0.3499999940395355,
          "segment_fraction_end": 0.40779172032676153,
          "segment_fraction_start": 0.210388960435682,
          "segment_index": 2,
          "static_traversability": "FEASIBLE"
        },
        "startid": 192
      },
      "type": "Feature"
    },
    {
      "geometry": {
        "coordinates": [
          [
            [
              10.27635349859203,
              -1.0616975211195578
            ],
            [
              10.284821465589317,
              -0.8140786380607689
            ]
          ]
        ],
        "type": "MultiLineString"
      },
      "properties": {
        "endid": 190,
        "id": 582,
        "metadata": {
          "bottleneck": true,
          "canonical_edge_id": 77,
          "length_m": 0.25,
          "min_clearance_m": 0.3499999940395355,
          "segment_fraction_end": 0.6051944802178411,
          "segment_fraction_start": 0.40779172032676153,
          "segment_index": 3,
          "static_traversability": "FEASIBLE"
        },
        "startid": 191
      },
      "type": "Feature"
    },
    {
      "geometry": {
        "coordinates": [
          [
            [
              10.284821465589317,
              -0.8140786380607689
            ],
            [
              10.16341073279466,
              -0.5955393190303844
            ]
          ]
        ],
        "type": "MultiLineString"
      },
      "properties": {
        "endid": 189,
        "id": 583,
        "metadata": {
          "bottleneck": true,
          "canonical_edge_id": 77,
          "length_m": 0.25,
          "min_clearance_m": 0.3499999940395355,
          "segment_fraction_end": 0.8025972401089205,
          "segment_fraction_start": 0.6051944802178411,
          "segment_index": 4,
          "static_traversability": "FEASIBLE"
        },
        "startid": 190
      },
      "type": "Feature"
    },
    {
      "geometry": {
        "coordinates": [
          [
            [
              10.16341073279466,
              -0.5955393190303844
            ],
            [
              10.042000000000002,
              -0.377
            ]
          ]
        ],
        "type": "MultiLineString"
      },
      "properties": {
        "endid": 36,
        "id": 584,
        "metadata": {
          "bottleneck": true,
          "canonical_edge_id": 77,
          "length_m": 0.25,
          "min_clearance_m": 0.3499999940395355,
          "segment_fraction_end": 1.0,
          "segment_fraction_start": 0.8025972401089205,
          "segment_index": 5,
          "static_traversability": "FEASIBLE"
        },
        "startid": 189
      },
      "type": "Feature"
    },
    {
      "geometry": {
        "coordinates": [
          [
            [
              10.642000000000001,
              1.173
            ],
            [
              10.584988981531499,
              1.134992654354332
            ]
          ]
        ],
        "type": "MultiLineString"
      },
      "properties": {
        "endid": 197,
        "id": 585,
        "metadata": {
          "bottleneck": false,
          "canonical_edge_id": 78,
          "length_m": 0.06851871678486932,
          "min_clearance_m": 0.41231057047843933,
          "segment_fraction_end": 0.06412495701623218,
          "segment_fraction_start": 0.0,
          "segment_index": 0,
          "static_traversability": "FEASIBLE"
        },
        "startid": 39
      },
      "type": "Feature"
    },
    {
      "geometry": {
        "coordinates": [
          [
            [
              10.584988981531499,
              1.134992654354332
            ],
            [
              10.492,
              0.9347588469883303
            ]
          ]
        ],
        "type": "MultiLineString"
      },
      "properties": {
        "endid": 196,
        "id": 586,
        "metadata": {
          "bottleneck": false,
          "canonical_edge_id": 78,
          "length_m": 0.25,
          "min_clearance_m": 0.41231057047843933,
          "segment_fraction_end": 0.29809371776217414,
          "segment_fraction_start": 0.06412495701623218,
          "segment_index": 1,
          "static_traversability": "FEASIBLE"
        },
        "startid": 197
      },
      "type": "Feature"
    },
    {
      "geometry": {
        "coordinates": [
          [
            [
              10.492,
              0.9347588469883303
            ],
            [
              10.37904991151751,
              0.7132355499610878
            ]
          ]
        ],
        "type": "MultiLineString"
      },
      "properties": {
        "endid": 195,
        "id": 587,
        "metadata": {
          "bottleneck": false,
          "canonical_edge_id": 78,
          "length_m": 0.25,
          "min_clearance_m": 0.41231057047843933,
          "segment_fraction_end": 0.532062478508116,
          "segment_fraction_start": 0.29809371776217414,
          "segment_index": 2,
          "static_traversability": "FEASIBLE"
        },
        "startid": 196
      },
      "type": "Feature"
    },
    {
      "geometry": {
        "coordinates": [
          [
            [
              10.37904991151751,
              0.7132355499610878
            ],
            [
              10.260524955758756,
              0.493117774980544
            ]
          ]
        ],
        "type": "MultiLineString"
      },
      "properties": {
        "endid": 194,
        "id": 588,
        "metadata": {
          "bottleneck": false,
          "canonical_edge_id": 78,
          "length_m": 0.25,
          "min_clearance_m": 0.41231057047843933,
          "segment_fraction_end": 0.766031239254058,
          "segment_fraction_start": 0.532062478508116,
          "segment_index": 3,
          "static_traversability": "FEASIBLE"
        },
        "startid": 195
      },
      "type": "Feature"
    },
    {
      "geometry": {
        "coordinates": [
          [
            [
              10.260524955758756,
              0.493117774980544
            ],
            [
              10.142000000000001,
              0.27300000000000013
            ]
          ]
        ],
        "type": "MultiLineString"
      },
      "properties": {
        "endid": 37,
        "id": 589,
        "metadata": {
          "bottleneck": false,
          "canonical_edge_id": 78,
          "length_m": 0.25,
          "min_clearance_m": 0.41231057047843933,
          "segment_fraction_end": 1.0,
          "segment_fraction_start": 0.766031239254058,
          "segment_index": 4,
          "static_traversability": "FEASIBLE"
        },
        "startid": 194
      },
      "type": "Feature"
    }
  ],
  "name": "kujiale_realistic_v7:gvg_v1",
  "type": "FeatureCollection"
}
