{
  "crs": {
    "properties": {
      "name": "urn:ogc:def:crs:EPSG::3857"
    },
    "type": "name"
  },
  "features": [
    {
      "geometry": {
        "coordinates": [
          -0.417,
          -1.264
        ],
        "type": "Point"
      },
      "properties": {
        "frame": "map",
        "id": 0
      },
      "type": "Feature"
    },
    {
      "geometry": {
        "coordinates": [
          -0.417,
          -1.064
        ],
        "type": "Point"
      },
      "properties": {
        "frame": "map",
        "id": 1
      },
      "type": "Feature"
    },
    {
      "geometry": {
        "coordinates": [
          -0.317,
          -1.114
        ],
        "type": "Point"
      },
      "properties": {
        "frame": "map",
        "id": 2
      },
      "type": "Feature"
    },
    {
      "geometry": {
        "coordinates": [
          -0.067,
          0.486
        ],
        "type": "Point"
      },
      "properties": {
        "frame": "map",
        "id": 3
      },
      "type": "Feature"
    },
    {
      "geometry": {
        "coordinates": [
          0.083,
          0.086
        ],
        "type": "Point"
      },
      "properties": {
        "frame": "map",
        "id": 4
      },
      "type": "Feature"
    },
    {
      "geometry": {
        "coordinates": [
          0.683,
          0.086
        ],
        "type": "Point"
      },
      "properties": {
        "frame": "map",
        "id": 5
      },
      "type": "Feature"
    },
    {
      "geometry": {
        "coordinates": [
          0.783,
          0.436
        ],
        "type": "Point"
      },
      "properties": {
        "frame": "map",
        "id": 6
      },
      "type": "Feature"
    },
    {
      "geometry": {
        "coordinates": [
          1.733,
          3.436
        ],
        "type": "Point"
      },
      "properties": {
        "frame": "map",
        "id": 7
      },
      "type": "Feature"
    },
    {
      "geometry": {
        "coordinates": [
          2.233,
          -0.964
        ],
        "type": "Point"
      },
      "properties": {
        "frame": "map",
        "id": 8
      },
      "type": "Feature"
    },
    {
      "geometry": {
        "coordinates": [
          2.733,
          3.186
        ],
        "type": "Point"
      },
      "properties": {
        "frame": "map",
        "id": 9
      },
      "type": "Feature"
    },
    {
      "geometry": {
        "coordinates": [
          2.983,
          1.486
        ],
        "type": "Point"
      },
      "properties": {
        "frame": "map",
        "id": 10
      },
      "type": "Feature"
    },
    {
      "geometry": {
        "coordinates": [
          3.133,
          -1.514
        ],
        "type": "Point"
      },
      "properties": {
        "frame": "map",
        "id": 11
      },
      "type": "Feature"
    },
    {
      "geometry": {
        "coordinates": [
          3.333,
          2.486
        ],
        "type": "Point"
      },
      "properties": {
        "frame": "map",
        "id": 12
      },
      "type": "Feature"
    },
    {
      "geometry": {
        "coordinates": [
          3.383,
          2.186
        ],
        "type": "Point"
      },
      "properties": {
        "frame": "map",
        "id": 13
      },
      "type": "Feature"
    },
    {
      "geometry": {
        "coordinates": [
          3.433,
          -1.064
        ],
        "type": "Point"
      },
      "properties": {
        "frame": "map",
        "id": 14
      },
      "type": "Feature"
    },
    {
      "geometry": {
        "coordinates": [
          3.433,
          0.986
        ],
        "type": "Point"
      },
      "properties": {
        "frame": "map",
        "id": 15
      },
      "type": "Feature"
    },
    {
      "geometry": {
        "coordinates": [
          3.433,
          3.486
        ],
        "type": "Point"
      },
      "properties": {
        "frame": "map",
        "id": 16
      },
      "type": "Feature"
    },
    {
      "geometry": {
        "coordinates": [
          3.633,
          -1.864
        ],
        "type": "Point"
      },
      "properties": {
        "frame": "map",
        "id": 17
      },
      "type": "Feature"
    },
    {
      "geometry": {
        "coordinates": [
          3.783,
          -1.014
        ],
        "type": "Point"
      },
      "properties": {
        "frame": "map",
        "id": 18
      },
      "type": "Feature"
    },
    {
      "geometry": {
        "coordinates": [
          3.783,
          2.486
        ],
        "type": "Point"
      },
      "properties": {
        "frame": "map",
        "id": 19
      },
      "type": "Feature"
    },
    {
      "geometry": {
        "coordinates": [
          3.933,
          -2.064
        ],
        "type": "Point"
      },
      "properties": {
        "frame": "map",
        "id": 20
      },
      "type": "Feature"
    },
    {
      "geometry": {
        "coordinates": [
          3.983,
          3.986
        ],
        "type": "Point"
      },
      "properties": {
        "frame": "map",
        "id": 21
      },
      "type": "Feature"
    },
    {
      "geometry": {
        "coordinates": [
          4.083,
          -1.564
        ],
        "type": "Point"
      },
      "properties": {
        "frame": "map",
        "id": 22
      },
      "type": "Feature"
    },
    {
      "geometry": {
        "coordinates": [
          4.083,
          0.136
        ],
        "type": "Point"
      },
      "properties": {
        "frame": "map",
        "id": 23
      },
      "type": "Feature"
    },
    {
      "geometry": {
        "coordinates": [
          4.133,
          4.486
        ],
        "type": "Point"
      },
      "properties": {
        "frame": "map",
        "id": 24
      },
      "type": "Feature"
    },
    {
      "geometry": {
        "coordinates": [
          4.283,
          1.886
        ],
        "type": "Point"
      },
      "properties": {
        "frame": "map",
        "id": 25
      },
      "type": "Feature"
    },
    {
      "geometry": {
        "coordinates": [
          4.283,
          2.986
        ],
        "type": "Point"
      },
      "properties": {
        "frame": "map",
        "id": 26
      },
      "type": "Feature"
    },
    {
      "geometry": {
        "coordinates": [
          4.333,
          1.036
        ],
        "type": "Point"
      },
      "properties": {
        "frame": "map",
        "id": 27
      },
      "type": "Feature"
    },
    {
      "geometry": {
        "coordinates": [
          4.483,
          2.586
        ],
        "type": "Point"
      },
      "properties": {
        "frame": "map",
        "id": 28
      },
      "type": "Feature"
    },
    {
      "geometry": {
        "coordinates": [
          4.483,
          4.636
        ],
        "type": "Point"
      },
      "properties": {
        "frame": "map",
        "id": 29
      },
      "type": "Feature"
    },
    {
      "geometry": {
        "coordinates": [
          4.533,
          -1.564
        ],
        "type": "Point"
      },
      "properties": {
        "frame": "map",
        "id": 30
      },
      "type": "Feature"
    },
    {
      "geometry": {
        "coordinates": [
          4.683,
          -2.264
        ],
        "type": "Point"
      },
      "properties": {
        "frame": "map",
        "id": 31
      },
      "type": "Feature"
    },
    {
      "geometry": {
        "coordinates": [
          4.783,
          0.686
        ],
        "type": "Point"
      },
      "properties": {
        "frame": "map",
        "id": 32
      },
      "type": "Feature"
    },
    {
      "geometry": {
        "coordinates": [
          4.833,
          4.386
        ],
        "type": "Point"
      },
      "properties": {
        "frame": "map",
        "id": 33
      },
      "type": "Feature"
    },
    {
      "geometry": {
        "coordinates": [
          4.883,
          3.336
        ],
        "type": "Point"
      },
      "properties": {
        "frame": "map",
        "id": 34
      },
      "type": "Feature"
    },
    {
      "geometry": {
        "coordinates": [
          4.983,
          2.436
        ],
        "type": "Point"
      },
      "properties": {
        "frame": "map",
        "id": 35
      },
      "type": "Feature"
    },
    {
      "geometry": {
        "coordinates": [
          5.033,
          -1.114
        ],
        "type": "Point"
      },
      "properties": {
        "frame": "map",
        "id": 36
      },
      "type": "Feature"
    },
    {
      "geometry": {
        "coordinates": [
          5.133,
          0.636
        ],
        "type": "Point"
      },
      "properties": {
        "frame": "map",
        "id": 37
      },
      "type": "Feature"
    },
    {
      "geometry": {
        "coordinates": [
          5.183,
          0.286
        ],
        "type": "Point"
      },
      "properties": {
        "frame": "map",
        "id": 38
      },
      "type": "Feature"
    },
    {
      "geometry": {
        "coordinates": [
          5.183,
          4.536
        ],
        "type": "Point"
      },
      "properties": {
        "frame": "map",
        "id": 39
      },
      "type": "Feature"
    },
    {
      "geometry": {
        "coordinates": [
          5.233,
          -0.464
        ],
        "type": "Point"
      },
      "properties": {
        "frame": "map",
        "id": 40
      },
      "type": "Feature"
    },
    {
      "geometry": {
        "coordinates": [
          5.233,
          3.886
        ],
        "type": "Point"
      },
      "properties": {
        "frame": "map",
        "id": 41
      },
      "type": "Feature"
    },
    {
      "geometry": {
        "coordinates": [
          5.433,
          -1.414
        ],
        "type": "Point"
      },
      "properties": {
        "frame": "map",
        "id": 42
      },
      "type": "Feature"
    },
    {
      "geometry": {
        "coordinates": [
          5.583,
          2.336
        ],
        "type": "Point"
      },
      "properties": {
        "frame": "map",
        "id": 43
      },
      "type": "Feature"
    },
    {
      "geometry": {
        "coordinates": [
          5.783,
          3.736
        ],
        "type": "Point"
      },
      "properties": {
        "frame": "map",
        "id": 44
      },
      "type": "Feature"
    },
    {
      "geometry": {
        "coordinates": [
          5.933,
          -0.664
        ],
        "type": "Point"
      },
      "properties": {
        "frame": "map",
        "id": 45
      },
      "type": "Feature"
    },
    {
      "geometry": {
        "coordinates": [
          5.933,
          0.986
        ],
        "type": "Point"
      },
      "properties": {
        "frame": "map",
        "id": 46
      },
      "type": "Feature"
    },
    {
      "geometry": {
        "coordinates": [
          5.983,
          -1.014
        ],
        "type": "Point"
      },
      "properties": {
        "frame": "map",
        "id": 47
      },
      "type": "Feature"
    },
    {
      "geometry": {
        "coordinates": [
          6.133,
          2.086
        ],
        "type": "Point"
      },
      "properties": {
        "frame": "map",
        "id": 48
      },
      "type": "Feature"
    },
    {
      "geometry": {
        "coordinates": [
          6.183,
          -0.514
        ],
        "type": "Point"
      },
      "properties": {
        "frame": "map",
        "id": 49
      },
      "type": "Feature"
    },
    {
      "geometry": {
        "coordinates": [
          6.233,
          1.536
        ],
        "type": "Point"
      },
      "properties": {
        "frame": "map",
        "id": 50
      },
      "type": "Feature"
    },
    {
      "geometry": {
        "coordinates": [
          6.433,
          3.936
        ],
        "type": "Point"
      },
      "properties": {
        "frame": "map",
        "id": 51
      },
      "type": "Feature"
    },
    {
      "geometry": {
        "coordinates": [
          6.633,
          2.386
        ],
        "type": "Point"
      },
      "properties": {
        "frame": "map",
        "id": 52
      },
      "type": "Feature"
    },
    {
      "geometry": {
        "coordinates": [
          6.683,
          2.236
        ],
        "type": "Point"
      },
      "properties": {
        "frame": "map",
        "id": 53
      },
      "type": "Feature"
    },
    {
      "geometry": {
        "coordinates": [
          6.883,
          -0.514
        ],
        "type": "Point"
      },
      "properties": {
        "frame": "map",
        "id": 54
      },
      "type": "Feature"
    },
    {
      "geometry": {
        "coordinates": [
          7.233,
          3.036
        ],
        "type": "Point"
      },
      "properties": {
        "frame": "map",
        "id": 55
      },
      "type": "Feature"
    },
    {
      "geometry": {
        "coordinates": [
          7.333,
          -0.414
        ],
        "type": "Point"
      },
      "properties": {
        "frame": "map",
        "id": 56
      },
      "type": "Feature"
    },
    {
      "geometry": {
        "coordinates": [
          7.583,
          -0.764
        ],
        "type": "Point"
      },
      "properties": {
        "frame": "map",
        "id": 57
      },
      "type": "Feature"
    },
    {
      "geometry": {
        "coordinates": [
          7.583,
          1.186
        ],
        "type": "Point"
      },
      "properties": {
        "frame": "map",
        "id": 58
      },
      "type": "Feature"
    },
    {
      "geometry": {
        "coordinates": [
          7.583,
          2.336
        ],
        "type": "Point"
      },
      "properties": {
        "frame": "map",
        "id": 59
      },
      "type": "Feature"
    },
    {
      "geometry": {
        "coordinates": [
          7.633,
          -1.264
        ],
        "type": "Point"
      },
      "properties": {
        "frame": "map",
        "id": 60
      },
      "type": "Feature"
    },
    {
      "geometry": {
        "coordinates": [
          7.683,
          2.036
        ],
        "type": "Point"
      },
      "properties": {
        "frame": "map",
        "id": 61
      },
      "type": "Feature"
    },
    {
      "geometry": {
        "coordinates": [
          7.883,
          -1.514
        ],
        "type": "Point"
      },
      "properties": {
        "frame": "map",
        "id": 62
      },
      "type": "Feature"
    },
    {
      "geometry": {
        "coordinates": [
          7.883,
          -0.714
        ],
        "type": "Point"
      },
      "properties": {
        "frame": "map",
        "id": 63
      },
      "type": "Feature"
    },
    {
      "geometry": {
        "coordinates": [
          8.183,
          2.336
        ],
        "type": "Point"
      },
      "properties": {
        "frame": "map",
        "id": 64
      },
      "type": "Feature"
    },
    {
      "geometry": {
        "coordinates": [
          8.383,
          0.386
        ],
        "type": "Point"
      },
      "properties": {
        "frame": "map",
        "id": 65
      },
      "type": "Feature"
    },
    {
      "geometry": {
        "coordinates": [
          8.433,
          0.786
        ],
        "type": "Point"
      },
      "properties": {
        "frame": "map",
        "id": 66
      },
      "type": "Feature"
    },
    {
      "geometry": {
        "coordinates": [
          8.733,
          2.036
        ],
        "type": "Point"
      },
      "properties": {
        "frame": "map",
        "id": 67
      },
      "type": "Feature"
    },
    {
      "geometry": {
        "coordinates": [
          8.783,
          2.336
        ],
        "type": "Point"
      },
      "properties": {
        "frame": "map",
        "id": 68
      },
      "type": "Feature"
    },
    {
      "geometry": {
        "coordinates": [
          9.033,
          1.736
        ],
        "type": "Point"
      },
      "properties": {
        "frame": "map",
        "id": 69
      },
      "type": "Feature"
    },
    {
      "geometry": {
        "coordinates": [
          9.383,
          1.686
        ],
        "type": "Point"
      },
      "properties": {
        "frame": "map",
        "id": 70
      },
      "type": "Feature"
    },
    {
      "geometry": {
        "coordinates": [
          9.683,
          1.836
        ],
        "type": "Point"
      },
      "properties": {
        "frame": "map",
        "id": 71
      },
      "type": "Feature"
    },
    {
      "geometry": {
        "coordinates": [
          9.683,
          2.686
        ],
        "type": "Point"
      },
      "properties": {
        "frame": "map",
        "id": 72
      },
      "type": "Feature"
    },
    {
      "geometry": {
        "coordinates": [
          9.833,
          0.986
        ],
        "type": "Point"
      },
      "properties": {
        "frame": "map",
        "id": 73
      },
      "type": "Feature"
    },
    {
      "geometry": {
        "coordinates": [
          10.233,
          1.836
        ],
        "type": "Point"
      },
      "properties": {
        "frame": "map",
        "id": 74
      },
      "type": "Feature"
    },
    {
      "geometry": {
        "coordinates": [
          10.233,
          2.686
        ],
        "type": "Point"
      },
      "properties": {
        "frame": "map",
        "id": 75
      },
      "type": "Feature"
    },
    {
      "geometry": {
        "coordinates": [
          -0.067431,
          -1.099319
        ],
        "type": "Point"
      },
      "properties": {
        "frame": "map",
        "id": 76
      },
      "type": "Feature"
    },
    {
      "geometry": {
        "coordinates": [
          0.182137,
          -1.084639
        ],
        "type": "Point"
      },
      "properties": {
        "frame": "map",
        "id": 77
      },
      "type": "Feature"
    },
    {
      "geometry": {
        "coordinates": [
          0.431706,
          -1.069958
        ],
        "type": "Point"
      },
      "properties": {
        "frame": "map",
        "id": 78
      },
      "type": "Feature"
    },
    {
      "geometry": {
        "coordinates": [
          0.681274,
          -1.055278
        ],
        "type": "Point"
      },
      "properties": {
        "frame": "map",
        "id": 79
      },
      "type": "Feature"
    },
    {
      "geometry": {
        "coordinates": [
          0.930843,
          -1.040597
        ],
        "type": "Point"
      },
      "properties": {
        "frame": "map",
        "id": 80
      },
      "type": "Feature"
    },
    {
      "geometry": {
        "coordinates": [
          1.180412,
          -1.025917
        ],
        "type": "Point"
      },
      "properties": {
        "frame": "map",
        "id": 81
      },
      "type": "Feature"
    },
    {
      "geometry": {
        "coordinates": [
          1.42998,
          -1.011236
        ],
        "type": "Point"
      },
      "properties": {
        "frame": "map",
        "id": 82
      },
      "type": "Feature"
    },
    {
      "geometry": {
        "coordinates": [
          1.679549,
          -0.996556
        ],
        "type": "Point"
      },
      "properties": {
        "frame": "map",
        "id": 83
      },
      "type": "Feature"
    },
    {
      "geometry": {
        "coordinates": [
          1.929117,
          -0.981875
        ],
        "type": "Point"
      },
      "properties": {
        "frame": "map",
        "id": 84
      },
      "type": "Feature"
    },
    {
      "geometry": {
        "coordinates": [
          2.178686,
          -0.967195
        ],
        "type": "Point"
      },
      "properties": {
        "frame": "map",
        "id": 85
      },
      "type": "Feature"
    },
    {
      "geometry": {
        "coordinates": [
          0.020781,
          0.251918
        ],
        "type": "Point"
      },
      "properties": {
        "frame": "map",
        "id": 86
      },
      "type": "Feature"
    },
    {
      "geometry": {
        "coordinates": [
          0.333,
          0.086
        ],
        "type": "Point"
      },
      "properties": {
        "frame": "map",
        "id": 87
      },
      "type": "Feature"
    },
    {
      "geometry": {
        "coordinates": [
          0.583,
          0.086
        ],
        "type": "Point"
      },
      "properties": {
        "frame": "map",
        "id": 88
      },
      "type": "Feature"
    },
    {
      "geometry": {
        "coordinates": [
          0.75168,
          0.326381
        ],
        "type": "Point"
      },
      "properties": {
        "frame": "map",
        "id": 89
      },
      "type": "Feature"
    },
    {
      "geometry": {
        "coordinates": [
          0.895,
          -0.0465
        ],
        "type": "Point"
      },
      "properties": {
        "frame": "map",
        "id": 90
      },
      "type": "Feature"
    },
    {
      "geometry": {
        "coordinates": [
          1.111301,
          -0.164
        ],
        "type": "Point"
      },
      "properties": {
        "frame": "map",
        "id": 91
      },
      "type": "Feature"
    },
    {
      "geometry": {
        "coordinates": [
          1.361301,
          -0.164
        ],
        "type": "Point"
      },
      "properties": {
        "frame": "map",
        "id": 92
      },
      "type": "Feature"
    },
    {
      "geometry": {
        "coordinates": [
          1.611301,
          -0.164
        ],
        "type": "Point"
      },
      "properties": {
        "frame": "map",
        "id": 93
      },
      "type": "Feature"
    },
    {
      "geometry": {
        "coordinates": [
          1.844972,
          -0.079211
        ],
        "type": "Point"
      },
      "properties": {
        "frame": "map",
        "id": 94
      },
      "type": "Feature"
    },
    {
      "geometry": {
        "coordinates": [
          2.081315,
          -0.130105
        ],
        "type": "Point"
      },
      "properties": {
        "frame": "map",
        "id": 95
      },
      "type": "Feature"
    },
    {
      "geometry": {
        "coordinates": [
          2.325815,
          -0.164
        ],
        "type": "Point"
      },
      "properties": {
        "frame": "map",
        "id": 96
      },
      "type": "Feature"
    },
    {
      "geometry": {
        "coordinates": [
          2.575815,
          -0.164
        ],
        "type": "Point"
      },
      "properties": {
        "frame": "map",
        "id": 97
      },
      "type": "Feature"
    },
    {
      "geometry": {
        "coordinates": [
          2.810227,
          -0.112516
        ],
        "type": "Point"
      },
      "properties": {
        "frame": "map",
        "id": 98
      },
      "type": "Feature"
    },
    {
      "geometry": {
        "coordinates": [
          3.018239,
          0.02616
        ],
        "type": "Point"
      },
      "properties": {
        "frame": "map",
        "id": 99
      },
      "type": "Feature"
    },
    {
      "geometry": {
        "coordinates": [
          3.12313,
          0.250059
        ],
        "type": "Point"
      },
      "properties": {
        "frame": "map",
        "id": 100
      },
      "type": "Feature"
    },
    {
      "geometry": {
        "coordinates": [
          3.220144,
          0.480468
        ],
        "type": "Point"
      },
      "properties": {
        "frame": "map",
        "id": 101
      },
      "type": "Feature"
    },
    {
      "geometry": {
        "coordinates": [
          3.317159,
          0.710877
        ],
        "type": "Point"
      },
      "properties": {
        "frame": "map",
        "id": 102
      },
      "type": "Feature"
    },
    {
      "geometry": {
        "coordinates": [
          3.414173,
          0.941285
        ],
        "type": "Point"
      },
      "properties": {
        "frame": "map",
        "id": 103
      },
      "type": "Feature"
    },
    {
      "geometry": {
        "coordinates": [
          1.909777,
          3.259223
        ],
        "type": "Point"
      },
      "properties": {
        "frame": "map",
        "id": 104
      },
      "type": "Feature"
    },
    {
      "geometry": {
        "coordinates": [
          2.087767,
          3.087589
        ],
        "type": "Point"
      },
      "properties": {
        "frame": "map",
        "id": 105
      },
      "type": "Feature"
    },
    {
      "geometry": {
        "coordinates": [
          2.324938,
          3.166646
        ],
        "type": "Point"
      },
      "properties": {
        "frame": "map",
        "id": 106
      },
      "type": "Feature"
    },
    {
      "geometry": {
        "coordinates": [
          2.562767,
          3.228558
        ],
        "type": "Point"
      },
      "properties": {
        "frame": "map",
        "id": 107
      },
      "type": "Feature"
    },
    {
      "geometry": {
        "coordinates": [
          3.150241,
          1.300176
        ],
        "type": "Point"
      },
      "properties": {
        "frame": "map",
        "id": 108
      },
      "type": "Feature"
    },
    {
      "geometry": {
        "coordinates": [
          3.317482,
          1.114353
        ],
        "type": "Point"
      },
      "properties": {
        "frame": "map",
        "id": 109
      },
      "type": "Feature"
    },
    {
      "geometry": {
        "coordinates": [
          3.333,
          -1.664
        ],
        "type": "Point"
      },
      "properties": {
        "frame": "map",
        "id": 110
      },
      "type": "Feature"
    },
    {
      "geometry": {
        "coordinates": [
          3.530275,
          -1.692792
        ],
        "type": "Point"
      },
      "properties": {
        "frame": "map",
        "id": 111
      },
      "type": "Feature"
    },
    {
      "geometry": {
        "coordinates": [
          3.410952,
          2.269855
        ],
        "type": "Point"
      },
      "properties": {
        "frame": "map",
        "id": 112
      },
      "type": "Feature"
    },
    {
      "geometry": {
        "coordinates": [
          3.575993,
          2.444599
        ],
        "type": "Point"
      },
      "properties": {
        "frame": "map",
        "id": 113
      },
      "type": "Feature"
    },
    {
      "geometry": {
        "coordinates": [
          3.680487,
          -1.028645
        ],
        "type": "Point"
      },
      "properties": {
        "frame": "map",
        "id": 114
      },
      "type": "Feature"
    },
    {
      "geometry": {
        "coordinates": [
          3.670171,
          1.065057
        ],
        "type": "Point"
      },
      "properties": {
        "frame": "map",
        "id": 115
      },
      "type": "Feature"
    },
    {
      "geometry": {
        "coordinates": [
          3.916137,
          1.070739
        ],
        "type": "Point"
      },
      "properties": {
        "frame": "map",
        "id": 116
      },
      "type": "Feature"
    },
    {
      "geometry": {
        "coordinates": [
          4.165274,
          1.049977
        ],
        "type": "Point"
      },
      "properties": {
        "frame": "map",
        "id": 117
      },
      "type": "Feature"
    },
    {
      "geometry": {
        "coordinates": [
          3.617985,
          3.654168
        ],
        "type": "Point"
      },
      "properties": {
        "frame": "map",
        "id": 118
      },
      "type": "Feature"
    },
    {
      "geometry": {
        "coordinates": [
          3.80297,
          3.822336
        ],
        "type": "Point"
      },
      "properties": {
        "frame": "map",
        "id": 119
      },
      "type": "Feature"
    },
    {
      "geometry": {
        "coordinates": [
          3.955048,
          -1.180145
        ],
        "type": "Point"
      },
      "properties": {
        "frame": "map",
        "id": 120
      },
      "type": "Feature"
    },
    {
      "geometry": {
        "coordinates": [
          4.034105,
          -1.417315
        ],
        "type": "Point"
      },
      "properties": {
        "frame": "map",
        "id": 121
      },
      "type": "Feature"
    },
    {
      "geometry": {
        "coordinates": [
          3.943046,
          2.293945
        ],
        "type": "Point"
      },
      "properties": {
        "frame": "map",
        "id": 122
      },
      "type": "Feature"
    },
    {
      "geometry": {
        "coordinates": [
          4.103092,
          2.101889
        ],
        "type": "Point"
      },
      "properties": {
        "frame": "map",
        "id": 123
      },
      "type": "Feature"
    },
    {
      "geometry": {
        "coordinates": [
          4.263138,
          1.909834
        ],
        "type": "Point"
      },
      "properties": {
        "frame": "map",
        "id": 124
      },
      "type": "Feature"
    },
    {
      "geometry": {
        "coordinates": [
          4.120737,
          -2.217145
        ],
        "type": "Point"
      },
      "properties": {
        "frame": "map",
        "id": 125
      },
      "type": "Feature"
    },
    {
      "geometry": {
        "coordinates": [
          4.369874,
          -2.237906
        ],
        "type": "Point"
      },
      "properties": {
        "frame": "map",
        "id": 126
      },
      "type": "Feature"
    },
    {
      "geometry": {
        "coordinates": [
          4.61901,
          -2.258668
        ],
        "type": "Point"
      },
      "properties": {
        "frame": "map",
        "id": 127
      },
      "type": "Feature"
    },
    {
      "geometry": {
        "coordinates": [
          3.947645,
          4.233487
        ],
        "type": "Point"
      },
      "properties": {
        "frame": "map",
        "id": 128
      },
      "type": "Feature"
    },
    {
      "geometry": {
        "coordinates": [
          4.050157,
          4.423868
        ],
        "type": "Point"
      },
      "properties": {
        "frame": "map",
        "id": 129
      },
      "type": "Feature"
    },
    {
      "geometry": {
        "coordinates": [
          4.231471,
          4.013608
        ],
        "type": "Point"
      },
      "properties": {
        "frame": "map",
        "id": 130
      },
      "type": "Feature"
    },
    {
      "geometry": {
        "coordinates": [
          4.468545,
          4.067102
        ],
        "type": "Point"
      },
      "properties": {
        "frame": "map",
        "id": 131
      },
      "type": "Feature"
    },
    {
      "geometry": {
        "coordinates": [
          4.656689,
          4.231728
        ],
        "type": "Point"
      },
      "properties": {
        "frame": "map",
        "id": 132
      },
      "type": "Feature"
    },
    {
      "geometry": {
        "coordinates": [
          4.259777,
          0.312777
        ],
        "type": "Point"
      },
      "properties": {
        "frame": "map",
        "id": 133
      },
      "type": "Feature"
    },
    {
      "geometry": {
        "coordinates": [
          4.437363,
          0.488493
        ],
        "type": "Point"
      },
      "properties": {
        "frame": "map",
        "id": 134
      },
      "type": "Feature"
    },
    {
      "geometry": {
        "coordinates": [
          4.654424,
          0.612528
        ],
        "type": "Point"
      },
      "properties": {
        "frame": "map",
        "id": 135
      },
      "type": "Feature"
    },
    {
      "geometry": {
        "coordinates": [
          4.297681,
          1.636431
        ],
        "type": "Point"
      },
      "properties": {
        "frame": "map",
        "id": 136
      },
      "type": "Feature"
    },
    {
      "geometry": {
        "coordinates": [
          4.312361,
          1.386863
        ],
        "type": "Point"
      },
      "properties": {
        "frame": "map",
        "id": 137
      },
      "type": "Feature"
    },
    {
      "geometry": {
        "coordinates": [
          4.327042,
          1.137294
        ],
        "type": "Point"
      },
      "properties": {
        "frame": "map",
        "id": 138
      },
      "type": "Feature"
    },
    {
      "geometry": {
        "coordinates": [
          4.506607,
          1.997803
        ],
        "type": "Point"
      },
      "properties": {
        "frame": "map",
        "id": 139
      },
      "type": "Feature"
    },
    {
      "geometry": {
        "coordinates": [
          4.730214,
          2.109607
        ],
        "type": "Point"
      },
      "properties": {
        "frame": "map",
        "id": 140
      },
      "type": "Feature"
    },
    {
      "geometry": {
        "coordinates": [
          4.912407,
          2.259516
        ],
        "type": "Point"
      },
      "properties": {
        "frame": "map",
        "id": 141
      },
      "type": "Feature"
    },
    {
      "geometry": {
        "coordinates": [
          4.40828,
          3.193584
        ],
        "type": "Point"
      },
      "properties": {
        "frame": "map",
        "id": 142
      },
      "type": "Feature"
    },
    {
      "geometry": {
        "coordinates": [
          4.647737,
          3.265421
        ],
        "type": "Point"
      },
      "properties": {
        "frame": "map",
        "id": 143
      },
      "type": "Feature"
    },
    {
      "geometry": {
        "coordinates": [
          4.530338,
          0.882515
        ],
        "type": "Point"
      },
      "properties": {
        "frame": "map",
        "id": 144
      },
      "type": "Feature"
    },
    {
      "geometry": {
        "coordinates": [
          4.727676,
          0.72903
        ],
        "type": "Point"
      },
      "properties": {
        "frame": "map",
        "id": 145
      },
      "type": "Feature"
    },
    {
      "geometry": {
        "coordinates": [
          4.697373,
          2.457376
        ],
        "type": "Point"
      },
      "properties": {
        "frame": "map",
        "id": 146
      },
      "type": "Feature"
    },
    {
      "geometry": {
        "coordinates": [
          4.941452,
          2.436
        ],
        "type": "Point"
      },
      "properties": {
        "frame": "map",
        "id": 147
      },
      "type": "Feature"
    },
    {
      "geometry": {
        "coordinates": [
          4.686433,
          4.49069
        ],
        "type": "Point"
      },
      "properties": {
        "frame": "map",
        "id": 148
      },
      "type": "Feature"
    },
    {
      "geometry": {
        "coordinates": [
          4.718824,
          -1.396759
        ],
        "type": "Point"
      },
      "properties": {
        "frame": "map",
        "id": 149
      },
      "type": "Feature"
    },
    {
      "geometry": {
        "coordinates": [
          4.904647,
          -1.229518
        ],
        "type": "Point"
      },
      "properties": {
        "frame": "map",
        "id": 150
      },
      "type": "Feature"
    },
    {
      "geometry": {
        "coordinates": [
          5.030487,
          0.650645
        ],
        "type": "Point"
      },
      "properties": {
        "frame": "map",
        "id": 151
      },
      "type": "Feature"
    },
    {
      "geometry": {
        "coordinates": [
          5.062786,
          4.48448
        ],
        "type": "Point"
      },
      "properties": {
        "frame": "map",
        "id": 152
      },
      "type": "Feature"
    },
    {
      "geometry": {
        "coordinates": [
          5.007035,
          3.118939
        ],
        "type": "Point"
      },
      "properties": {
        "frame": "map",
        "id": 153
      },
      "type": "Feature"
    },
    {
      "geometry": {
        "coordinates": [
          5.083,
          2.889113
        ],
        "type": "Point"
      },
      "properties": {
        "frame": "map",
        "id": 154
      },
      "type": "Feature"
    },
    {
      "geometry": {
        "coordinates": [
          5.065587,
          2.642466
        ],
        "type": "Point"
      },
      "properties": {
        "frame": "map",
        "id": 155
      },
      "type": "Feature"
    },
    {
      "geometry": {
        "coordinates": [
          5.017219,
          3.546915
        ],
        "type": "Point"
      },
      "properties": {
        "frame": "map",
        "id": 156
      },
      "type": "Feature"
    },
    {
      "geometry": {
        "coordinates": [
          5.151438,
          3.757831
        ],
        "type": "Point"
      },
      "properties": {
        "frame": "map",
        "id": 157
      },
      "type": "Feature"
    },
    {
      "geometry": {
        "coordinates": [
          5.027721,
          2.190033
        ],
        "type": "Point"
      },
      "properties": {
        "frame": "map",
        "id": 158
      },
      "type": "Feature"
    },
    {
      "geometry": {
        "coordinates": [
          5.072443,
          1.944065
        ],
        "type": "Point"
      },
      "properties": {
        "frame": "map",
        "id": 159
      },
      "type": "Feature"
    },
    {
      "geometry": {
        "coordinates": [
          5.074704,
          1.695197
        ],
        "type": "Point"
      },
      "properties": {
        "frame": "map",
        "id": 160
      },
      "type": "Feature"
    },
    {
      "geometry": {
        "coordinates": [
          5.063845,
          1.445433
        ],
        "type": "Point"
      },
      "properties": {
        "frame": "map",
        "id": 161
      },
      "type": "Feature"
    },
    {
      "geometry": {
        "coordinates": [
          5.052986,
          1.195669
        ],
        "type": "Point"
      },
      "properties": {
        "frame": "map",
        "id": 162
      },
      "type": "Feature"
    },
    {
      "geometry": {
        "coordinates": [
          5.042126,
          0.945905
        ],
        "type": "Point"
      },
      "properties": {
        "frame": "map",
        "id": 163
      },
      "type": "Feature"
    },
    {
      "geometry": {
        "coordinates": [
          5.061211,
          0.707789
        ],
        "type": "Point"
      },
      "properties": {
        "frame": "map",
        "id": 164
      },
      "type": "Feature"
    },
    {
      "geometry": {
        "coordinates": [
          5.202722,
          2.336
        ],
        "type": "Point"
      },
      "properties": {
        "frame": "map",
        "id": 165
      },
      "type": "Feature"
    },
    {
      "geometry": {
        "coordinates": [
          5.452722,
          2.336
        ],
        "type": "Point"
      },
      "properties": {
        "frame": "map",
        "id": 166
      },
      "type": "Feature"
    },
    {
      "geometry": {
        "coordinates": [
          5.024093,
          -0.881815
        ],
        "type": "Point"
      },
      "properties": {
        "frame": "map",
        "id": 167
      },
      "type": "Feature"
    },
    {
      "geometry": {
        "coordinates": [
          5.135896,
          -0.658208
        ],
        "type": "Point"
      },
      "properties": {
        "frame": "map",
        "id": 168
      },
      "type": "Feature"
    },
    {
      "geometry": {
        "coordinates": [
          5.233,
          -1.264
        ],
        "type": "Point"
      },
      "properties": {
        "frame": "map",
        "id": 169
      },
      "type": "Feature"
    },
    {
      "geometry": {
        "coordinates": [
          5.107321,
          0.399519
        ],
        "type": "Point"
      },
      "properties": {
        "frame": "map",
        "id": 170
      },
      "type": "Feature"
    },
    {
      "geometry": {
        "coordinates": [
          5.380487,
          0.671355
        ],
        "type": "Point"
      },
      "properties": {
        "frame": "map",
        "id": 171
      },
      "type": "Feature"
    },
    {
      "geometry": {
        "coordinates": [
          5.604851,
          0.767234
        ],
        "type": "Point"
      },
      "properties": {
        "frame": "map",
        "id": 172
      },
      "type": "Feature"
    },
    {
      "geometry": {
        "coordinates": [
          5.812864,
          0.905909
        ],
        "type": "Point"
      },
      "properties": {
        "frame": "map",
        "id": 173
      },
      "type": "Feature"
    },
    {
      "geometry": {
        "coordinates": [
          5.162239,
          0.036864
        ],
        "type": "Point"
      },
      "properties": {
        "frame": "map",
        "id": 174
      },
      "type": "Feature"
    },
    {
      "geometry": {
        "coordinates": [
          5.141477,
          -0.212273
        ],
        "type": "Point"
      },
      "properties": {
        "frame": "map",
        "id": 175
      },
      "type": "Feature"
    },
    {
      "geometry": {
        "coordinates": [
          5.215051,
          -0.437077
        ],
        "type": "Point"
      },
      "properties": {
        "frame": "map",
        "id": 176
      },
      "type": "Feature"
    },
    {
      "geometry": {
        "coordinates": [
          5.433,
          0.286
        ],
        "type": "Point"
      },
      "properties": {
        "frame": "map",
        "id": 177
      },
      "type": "Feature"
    },
    {
      "geometry": {
        "coordinates": [
          5.683,
          0.286
        ],
        "type": "Point"
      },
      "properties": {
        "frame": "map",
        "id": 178
      },
      "type": "Feature"
    },
    {
      "geometry": {
        "coordinates": [
          5.933,
          0.286
        ],
        "type": "Point"
      },
      "properties": {
        "frame": "map",
        "id": 179
      },
      "type": "Feature"
    },
    {
      "geometry": {
        "coordinates": [
          6.147373,
          0.157376
        ],
        "type": "Point"
      },
      "properties": {
        "frame": "map",
        "id": 180
      },
      "type": "Feature"
    },
    {
      "geometry": {
        "coordinates": [
          6.308071,
          -0.030762
        ],
        "type": "Point"
      },
      "properties": {
        "frame": "map",
        "id": 181
      },
      "type": "Feature"
    },
    {
      "geometry": {
        "coordinates": [
          6.267082,
          -0.261755
        ],
        "type": "Point"
      },
      "properties": {
        "frame": "map",
        "id": 182
      },
      "type": "Feature"
    },
    {
      "geometry": {
        "coordinates": [
          6.188025,
          -0.498926
        ],
        "type": "Point"
      },
      "properties": {
        "frame": "map",
        "id": 183
      },
      "type": "Feature"
    },
    {
      "geometry": {
        "coordinates": [
          5.481759,
          -0.488876
        ],
        "type": "Point"
      },
      "properties": {
        "frame": "map",
        "id": 184
      },
      "type": "Feature"
    },
    {
      "geometry": {
        "coordinates": [
          5.730519,
          -0.513752
        ],
        "type": "Point"
      },
      "properties": {
        "frame": "map",
        "id": 185
      },
      "type": "Feature"
    },
    {
      "geometry": {
        "coordinates": [
          5.931005,
          -0.662504
        ],
        "type": "Point"
      },
      "properties": {
        "frame": "map",
        "id": 186
      },
      "type": "Feature"
    },
    {
      "geometry": {
        "coordinates": [
          5.883,
          3.955722
        ],
        "type": "Point"
      },
      "properties": {
        "frame": "map",
        "id": 187
      },
      "type": "Feature"
    },
    {
      "geometry": {
        "coordinates": [
          5.967657,
          4.170657
        ],
        "type": "Point"
      },
      "properties": {
        "frame": "map",
        "id": 188
      },
      "type": "Feature"
    },
    {
      "geometry": {
        "coordinates": [
          6.206868,
          4.141226
        ],
        "type": "Point"
      },
      "properties": {
        "frame": "map",
        "id": 189
      },
      "type": "Feature"
    },
    {
      "geometry": {
        "coordinates": [
          6.390932,
          3.978068
        ],
        "type": "Point"
      },
      "properties": {
        "frame": "map",
        "id": 190
      },
      "type": "Feature"
    },
    {
      "geometry": {
        "coordinates": [
          5.968355,
          -0.911487
        ],
        "type": "Point"
      },
      "properties": {
        "frame": "map",
        "id": 191
      },
      "type": "Feature"
    },
    {
      "geometry": {
        "coordinates": [
          6.147373,
          -0.535376
        ],
        "type": "Point"
      },
      "properties": {
        "frame": "map",
        "id": 192
      },
      "type": "Feature"
    },
    {
      "geometry": {
        "coordinates": [
          6.052713,
          1.205474
        ],
        "type": "Point"
      },
      "properties": {
        "frame": "map",
        "id": 193
      },
      "type": "Feature"
    },
    {
      "geometry": {
        "coordinates": [
          6.172426,
          1.424948
        ],
        "type": "Point"
      },
      "properties": {
        "frame": "map",
        "id": 194
      },
      "type": "Feature"
    },
    {
      "geometry": {
        "coordinates": [
          6.183,
          0.986
        ],
        "type": "Point"
      },
      "properties": {
        "frame": "map",
        "id": 195
      },
      "type": "Feature"
    },
    {
      "geometry": {
        "coordinates": [
          6.433,
          0.986
        ],
        "type": "Point"
      },
      "properties": {
        "frame": "map",
        "id": 196
      },
      "type": "Feature"
    },
    {
      "geometry": {
        "coordinates": [
          6.680434,
          0.970189
        ],
        "type": "Point"
      },
      "properties": {
        "frame": "map",
        "id": 197
      },
      "type": "Feature"
    },
    {
      "geometry": {
        "coordinates": [
          6.917605,
          0.891132
        ],
        "type": "Point"
      },
      "properties": {
        "frame": "map",
        "id": 198
      },
      "type": "Feature"
    },
    {
      "geometry": {
        "coordinates": [
          7.145256,
          0.983964
        ],
        "type": "Point"
      },
      "properties": {
        "frame": "map",
        "id": 199
      },
      "type": "Feature"
    },
    {
      "geometry": {
        "coordinates": [
          7.372246,
          1.088729
        ],
        "type": "Point"
      },
      "properties": {
        "frame": "map",
        "id": 200
      },
      "type": "Feature"
    },
    {
      "geometry": {
        "coordinates": [
          6.309777,
          2.262777
        ],
        "type": "Point"
      },
      "properties": {
        "frame": "map",
        "id": 201
      },
      "type": "Feature"
    },
    {
      "geometry": {
        "coordinates": [
          6.526603,
          2.364721
        ],
        "type": "Point"
      },
      "properties": {
        "frame": "map",
        "id": 202
      },
      "type": "Feature"
    },
    {
      "geometry": {
        "coordinates": [
          6.424603,
          -0.541735
        ],
        "type": "Point"
      },
      "properties": {
        "frame": "map",
        "id": 203
      },
      "type": "Feature"
    },
    {
      "geometry": {
        "coordinates": [
          6.648116,
          -0.58111
        ],
        "type": "Point"
      },
      "properties": {
        "frame": "map",
        "id": 204
      },
      "type": "Feature"
    },
    {
      "geometry": {
        "coordinates": [
          6.80257,
          2.569701
        ],
        "type": "Point"
      },
      "properties": {
        "frame": "map",
        "id": 205
      },
      "type": "Feature"
    },
    {
      "geometry": {
        "coordinates": [
          6.97214,
          2.753402
        ],
        "type": "Point"
      },
      "properties": {
        "frame": "map",
        "id": 206
      },
      "type": "Feature"
    },
    {
      "geometry": {
        "coordinates": [
          7.14171,
          2.937103
        ],
        "type": "Point"
      },
      "properties": {
        "frame": "map",
        "id": 207
      },
      "type": "Feature"
    },
    {
      "geometry": {
        "coordinates": [
          7.070353,
          -0.370225
        ],
        "type": "Point"
      },
      "properties": {
        "frame": "map",
        "id": 208
      },
      "type": "Feature"
    },
    {
      "geometry": {
        "coordinates": [
          7.316951,
          -0.411325
        ],
        "type": "Point"
      },
      "properties": {
        "frame": "map",
        "id": 209
      },
      "type": "Feature"
    },
    {
      "geometry": {
        "coordinates": [
          7.829598,
          -0.7229
        ],
        "type": "Point"
      },
      "properties": {
        "frame": "map",
        "id": 210
      },
      "type": "Feature"
    },
    {
      "geometry": {
        "coordinates": [
          7.583,
          1.436
        ],
        "type": "Point"
      },
      "properties": {
        "frame": "map",
        "id": 211
      },
      "type": "Feature"
    },
    {
      "geometry": {
        "coordinates": [
          7.583,
          1.686
        ],
        "type": "Point"
      },
      "properties": {
        "frame": "map",
        "id": 212
      },
      "type": "Feature"
    },
    {
      "geometry": {
        "coordinates": [
          7.65168,
          1.926381
        ],
        "type": "Point"
      },
      "properties": {
        "frame": "map",
        "id": 213
      },
      "type": "Feature"
    },
    {
      "geometry": {
        "coordinates": [
          7.817948,
          1.100564
        ],
        "type": "Point"
      },
      "properties": {
        "frame": "map",
        "id": 214
      },
      "type": "Feature"
    },
    {
      "geometry": {
        "coordinates": [
          8.052897,
          1.015128
        ],
        "type": "Point"
      },
      "properties": {
        "frame": "map",
        "id": 215
      },
      "type": "Feature"
    },
    {
      "geometry": {
        "coordinates": [
          8.270093,
          0.894605
        ],
        "type": "Point"
      },
      "properties": {
        "frame": "map",
        "id": 216
      },
      "type": "Feature"
    },
    {
      "geometry": {
        "coordinates": [
          7.662057,
          2.098829
        ],
        "type": "Point"
      },
      "properties": {
        "frame": "map",
        "id": 217
      },
      "type": "Feature"
    },
    {
      "geometry": {
        "coordinates": [
          7.841346,
          -1.389039
        ],
        "type": "Point"
      },
      "properties": {
        "frame": "map",
        "id": 218
      },
      "type": "Feature"
    },
    {
      "geometry": {
        "coordinates": [
          7.912786,
          2.13448
        ],
        "type": "Point"
      },
      "properties": {
        "frame": "map",
        "id": 219
      },
      "type": "Feature"
    },
    {
      "geometry": {
        "coordinates": [
          8.117295,
          2.270295
        ],
        "type": "Point"
      },
      "properties": {
        "frame": "map",
        "id": 220
      },
      "type": "Feature"
    },
    {
      "geometry": {
        "coordinates": [
          8.414009,
          0.634069
        ],
        "type": "Point"
      },
      "properties": {
        "frame": "map",
        "id": 221
      },
      "type": "Feature"
    },
    {
      "geometry": {
        "coordinates": [
          8.659393,
          0.686
        ],
        "type": "Point"
      },
      "properties": {
        "frame": "map",
        "id": 222
      },
      "type": "Feature"
    },
    {
      "geometry": {
        "coordinates": [
          8.909393,
          0.686
        ],
        "type": "Point"
      },
      "properties": {
        "frame": "map",
        "id": 223
      },
      "type": "Feature"
    },
    {
      "geometry": {
        "coordinates": [
          9.107729,
          0.810729
        ],
        "type": "Point"
      },
      "properties": {
        "frame": "map",
        "id": 224
      },
      "type": "Feature"
    },
    {
      "geometry": {
        "coordinates": [
          9.3431,
          0.79398
        ],
        "type": "Point"
      },
      "properties": {
        "frame": "map",
        "id": 225
      },
      "type": "Feature"
    },
    {
      "geometry": {
        "coordinates": [
          9.588246,
          0.744951
        ],
        "type": "Point"
      },
      "properties": {
        "frame": "map",
        "id": 226
      },
      "type": "Feature"
    },
    {
      "geometry": {
        "coordinates": [
          9.760662,
          0.895578
        ],
        "type": "Point"
      },
      "properties": {
        "frame": "map",
        "id": 227
      },
      "type": "Feature"
    },
    {
      "geometry": {
        "coordinates": [
          8.7741,
          2.282598
        ],
        "type": "Point"
      },
      "properties": {
        "frame": "map",
        "id": 228
      },
      "type": "Feature"
    },
    {
      "geometry": {
        "coordinates": [
          8.909777,
          1.859223
        ],
        "type": "Point"
      },
      "properties": {
        "frame": "map",
        "id": 229
      },
      "type": "Feature"
    },
    {
      "geometry": {
        "coordinates": [
          9.606607,
          1.797803
        ],
        "type": "Point"
      },
      "properties": {
        "frame": "map",
        "id": 230
      },
      "type": "Feature"
    },
    {
      "geometry": {
        "coordinates": [
          9.614181,
          2.048362
        ],
        "type": "Point"
      },
      "properties": {
        "frame": "map",
        "id": 231
      },
      "type": "Feature"
    },
    {
      "geometry": {
        "coordinates": [
          9.725984,
          2.271968
        ],
        "type": "Point"
      },
      "properties": {
        "frame": "map",
        "id": 232
      },
      "type": "Feature"
    },
    {
      "geometry": {
        "coordinates": [
          9.703937,
          2.518503
        ],
        "type": "Point"
      },
      "properties": {
        "frame": "map",
        "id": 233
      },
      "type": "Feature"
    },
    {
      "geometry": {
        "coordinates": [
          9.655558,
          1.598403
        ],
        "type": "Point"
      },
      "properties": {
        "frame": "map",
        "id": 234
      },
      "type": "Feature"
    },
    {
      "geometry": {
        "coordinates": [
          9.783285,
          1.383721
        ],
        "type": "Point"
      },
      "properties": {
        "frame": "map",
        "id": 235
      },
      "type": "Feature"
    },
    {
      "geometry": {
        "coordinates": [
          9.814294,
          1.135651
        ],
        "type": "Point"
      },
      "properties": {
        "frame": "map",
        "id": 236
      },
      "type": "Feature"
    },
    {
      "geometry": {
        "coordinates": [
          10.065119,
          1.078848
        ],
        "type": "Point"
      },
      "properties": {
        "frame": "map",
        "id": 237
      },
      "type": "Feature"
    },
    {
      "geometry": {
        "coordinates": [
          10.221445,
          1.270593
        ],
        "type": "Point"
      },
      "properties": {
        "frame": "map",
        "id": 238
      },
      "type": "Feature"
    },
    {
      "geometry": {
        "coordinates": [
          10.288963,
          1.509852
        ],
        "type": "Point"
      },
      "properties": {
        "frame": "map",
        "id": 239
      },
      "type": "Feature"
    },
    {
      "geometry": {
        "coordinates": [
          10.295041,
          1.742938
        ],
        "type": "Point"
      },
      "properties": {
        "frame": "map",
        "id": 240
      },
      "type": "Feature"
    },
    {
      "geometry": {
        "coordinates": [
          10.326062,
          2.055376
        ],
        "type": "Point"
      },
      "properties": {
        "frame": "map",
        "id": 241
      },
      "type": "Feature"
    },
    {
      "geometry": {
        "coordinates": [
          10.301186,
          2.304136
        ],
        "type": "Point"
      },
      "properties": {
        "frame": "map",
        "id": 242
      },
      "type": "Feature"
    },
    {
      "geometry": {
        "coordinates": [
          10.330538,
          2.533538
        ],
        "type": "Point"
      },
      "properties": {
        "frame": "map",
        "id": 243
      },
      "type": "Feature"
    },
    {
      "geometry": {
        "coordinates": [
          [
            [
              -0.4169999999999999,
              -1.2640000000000002
            ],
            [
              -0.31699999999999995,
              -1.1139999999999999
            ]
          ]
        ],
        "type": "MultiLineString"
      },
      "properties": {
        "endid": 2,
        "id": 244,
        "metadata": {
          "bottleneck": true,
          "canonical_edge_id": 1,
          "length_m": 0.18027756377319973,
          "min_clearance_m": 0.3162277638912201,
          "segment_fraction_end": 1.0,
          "segment_fraction_start": 0.0,
          "segment_index": 0,
          "static_traversability": "FEASIBLE"
        },
        "startid": 0
      },
      "type": "Feature"
    },
    {
      "geometry": {
        "coordinates": [
          [
            [
              -0.4169999999999999,
              -1.064
            ],
            [
              -0.31699999999999995,
              -1.1139999999999999
            ]
          ]
        ],
        "type": "MultiLineString"
      },
      "properties": {
        "endid": 2,
        "id": 245,
        "metadata": {
          "bottleneck": true,
          "canonical_edge_id": 2,
          "length_m": 0.11180339887498938,
          "min_clearance_m": 0.36400550603866577,
          "segment_fraction_end": 1.0,
          "segment_fraction_start": 0.0,
          "segment_index": 0,
          "static_traversability": "FEASIBLE"
        },
        "startid": 1
      },
      "type": "Feature"
    },
    {
      "geometry": {
        "coordinates": [
          [
            [
              -0.31699999999999995,
              -1.1139999999999999
            ],
            [
              -0.4169999999999999,
              -1.2640000000000002
            ]
          ]
        ],
        "type": "MultiLineString"
      },
      "properties": {
        "endid": 0,
        "id": 246,
        "metadata": {
          "bottleneck": true,
          "canonical_edge_id": 3,
          "length_m": 0.18027756377319973,
          "min_clearance_m": 0.3162277638912201,
          "segment_fraction_end": 1.0,
          "segment_fraction_start": 0.0,
          "segment_index": 0,
          "static_traversability": "FEASIBLE"
        },
        "startid": 2
      },
      "type": "Feature"
    },
    {
      "geometry": {
        "coordinates": [
          [
            [
              -0.31699999999999995,
              -1.1139999999999999
            ],
            [
              -0.4169999999999999,
              -1.064
            ]
          ]
        ],
        "type": "MultiLineString"
      },
      "properties": {
        "endid": 1,
        "id": 247,
        "metadata": {
          "bottleneck": true,
          "canonical_edge_id": 4,
          "length_m": 0.11180339887498938,
          "min_clearance_m": 0.36400550603866577,
          "segment_fraction_end": 1.0,
          "segment_fraction_start": 0.0,
          "segment_index": 0,
          "static_traversability": "FEASIBLE"
        },
        "startid": 2
      },
      "type": "Feature"
    },
    {
      "geometry": {
        "coordinates": [
          [
            [
              -0.31699999999999995,
              -1.1139999999999999
            ],
            [
              -0.06743140670625097,
              -1.0993194945121323
            ]
          ]
        ],
        "type": "MultiLineString"
      },
      "properties": {
        "endid": 76,
        "id": 248,
        "metadata": {
          "bottleneck": true,
          "canonical_edge_id": 5,
          "length_m": 0.25,
          "min_clearance_m": 0.25,
          "segment_fraction_end": 0.09787003658578391,
          "segment_fraction_start": 0.0,
          "segment_index": 0,
          "static_traversability": "UNKNOWN"
        },
        "startid": 2
      },
      "type": "Feature"
    },
    {
      "geometry": {
        "coordinates": [
          [
            [
              -0.06743140670625097,
              -1.0993194945121323
            ],
            [
              0.182137186587498,
              -1.0846389890242647
            ]
          ]
        ],
        "type": "MultiLineString"
      },
      "properties": {
        "endid": 77,
        "id": 249,
        "metadata": {
          "bottleneck": true,
          "canonical_edge_id": 5,
          "length_m": 0.25,
          "min_clearance_m": 0.25,
          "segment_fraction_end": 0.19574007317156783,
          "segment_fraction_start": 0.09787003658578391,
          "segment_index": 1,
          "static_traversability": "UNKNOWN"
        },
        "startid": 76
      },
      "type": "Feature"
    },
    {
      "geometry": {
        "coordinates": [
          [
            [
              0.182137186587498,
              -1.0846389890242647
            ],
            [
              0.4317057798812469,
              -1.0699584835363973
            ]
          ]
        ],
        "type": "MultiLineString"
      },
      "properties": {
        "endid": 78,
        "id": 250,
        "metadata": {
          "bottleneck": true,
          "canonical_edge_id": 5,
          "length_m": 0.25,
          "min_clearance_m": 0.25,
          "segment_fraction_end": 0.29361010975735174,
          "segment_fraction_start": 0.19574007317156783,
          "segment_index": 2,
          "static_traversability": "UNKNOWN"
        },
        "startid": 77
      },
      "type": "Feature"
    },
    {
      "geometry": {
        "coordinates": [
          [
            [
              0.4317057798812469,
              -1.0699584835363973
            ],
            [
              0.681274373174996,
              -1.0552779780485297
            ]
          ]
        ],
        "type": "MultiLineString"
      },
      "properties": {
        "endid": 79,
        "id": 251,
        "metadata": {
          "bottleneck": true,
          "canonical_edge_id": 5,
          "length_m": 0.25,
          "min_clearance_m": 0.25,
          "segment_fraction_end": 0.39148014634313566,
          "segment_fraction_start": 0.29361010975735174,
          "segment_index": 3,
          "static_traversability": "UNKNOWN"
        },
        "startid": 78
      },
      "type": "Feature"
    },
    {
      "geometry": {
        "coordinates": [
          [
            [
              0.681274373174996,
              -1.0552779780485297
            ],
            [
              0.930842966468745,
              -1.0405974725606622
            ]
          ]
        ],
        "type": "MultiLineString"
      },
      "properties": {
        "endid": 80,
        "id": 252,
        "metadata": {
          "bottleneck": true,
          "canonical_edge_id": 5,
          "length_m": 0.25,
          "min_clearance_m": 0.25,
          "segment_fraction_end": 0.4893501829289196,
          "segment_fraction_start": 0.39148014634313566,
          "segment_index": 4,
          "static_traversability": "UNKNOWN"
        },
        "startid": 79
      },
      "type": "Feature"
    },
    {
      "geometry": {
        "coordinates": [
          [
            [
              0.930842966468745,
              -1.0405974725606622
            ],
            [
              1.1804115597624938,
              -1.0259169670727948
            ]
          ]
        ],
        "type": "MultiLineString"
      },
      "properties": {
        "endid": 81,
        "id": 253,
        "metadata": {
          "bottleneck": true,
          "canonical_edge_id": 5,
          "length_m": 0.25,
          "min_clearance_m": 0.25,
          "segment_fraction_end": 0.5872202195147035,
          "segment_fraction_start": 0.4893501829289196,
          "segment_index": 5,
          "static_traversability": "UNKNOWN"
        },
        "startid": 80
      },
      "type": "Feature"
    },
    {
      "geometry": {
        "coordinates": [
          [
            [
              1.1804115597624938,
              -1.0259169670727948
            ],
            [
              1.4299801530562426,
              -1.0112364615849272
            ]
          ]
        ],
        "type": "MultiLineString"
      },
      "properties": {
        "endid": 82,
        "id": 254,
        "metadata": {
          "bottleneck": true,
          "canonical_edge_id": 5,
          "length_m": 0.25,
          "min_clearance_m": 0.25,
          "segment_fraction_end": 0.6850902561004873,
          "segment_fraction_start": 0.5872202195147035,
          "segment_index": 6,
          "static_traversability": "UNKNOWN"
        },
        "startid": 81
      },
      "type": "Feature"
    },
    {
      "geometry": {
        "coordinates": [
          [
            [
              1.4299801530562426,
              -1.0112364615849272
            ],
            [
              1.6795487463499919,
              -0.9965559560970596
            ]
          ]
        ],
        "type": "MultiLineString"
      },
      "properties": {
        "endid": 83,
        "id": 255,
        "metadata": {
          "bottleneck": true,
          "canonical_edge_id": 5,
          "length_m": 0.25,
          "min_clearance_m": 0.25,
          "segment_fraction_end": 0.7829602926862713,
          "segment_fraction_start": 0.6850902561004873,
          "segment_index": 7,
          "static_traversability": "UNKNOWN"
        },
        "startid": 82
      },
      "type": "Feature"
    },
    {
      "geometry": {
        "coordinates": [
          [
            [
              1.6795487463499919,
              -0.9965559560970596
            ],
            [
              1.9291173396437407,
              -0.981875450609192
            ]
          ]
        ],
        "type": "MultiLineString"
      },
      "properties": {
        "endid": 84,
        "id": 256,
        "metadata": {
          "bottleneck": true,
          "canonical_edge_id": 5,
          "length_m": 0.25,
          "min_clearance_m": 0.25,
          "segment_fraction_end": 0.8808303292720552,
          "segment_fraction_start": 0.7829602926862713,
          "segment_index": 8,
          "static_traversability": "UNKNOWN"
        },
        "startid": 83
      },
      "type": "Feature"
    },
    {
      "geometry": {
        "coordinates": [
          [
            [
              1.9291173396437407,
              -0.981875450609192
            ],
            [
              2.1786859329374897,
              -0.9671949451213245
            ]
          ]
        ],
        "type": "MultiLineString"
      },
      "properties": {
        "endid": 85,
        "id": 257,
        "metadata": {
          "bottleneck": true,
          "canonical_edge_id": 5,
          "length_m": 0.25,
          "min_clearance_m": 0.25,
          "segment_fraction_end": 0.9787003658578391,
          "segment_fraction_start": 0.8808303292720552,
          "segment_index": 9,
          "static_traversability": "UNKNOWN"
        },
        "startid": 84
      },
      "type": "Feature"
    },
    {
      "geometry": {
        "coordinates": [
          [
            [
              2.1786859329374897,
              -0.9671949451213245
            ],
            [
              2.2329999999999997,
              -0.9640000000000004
            ]
          ]
        ],
        "type": "MultiLineString"
      },
      "properties": {
        "endid": 8,
        "id": 258,
        "metadata": {
          "bottleneck": true,
          "canonical_edge_id": 5,
          "length_m": 0.05440795488896022,
          "min_clearance_m": 0.25,
          "segment_fraction_end": 1.0,
          "segment_fraction_start": 0.9787003658578391,
          "segment_index": 10,
          "static_traversability": "UNKNOWN"
        },
        "startid": 85
      },
      "type": "Feature"
    },
    {
      "geometry": {
        "coordinates": [
          [
            [
              -0.06699999999999995,
              0.48599999999999977
            ],
            [
              0.02078086039709802,
              0.2519177056077387
            ]
          ]
        ],
        "type": "MultiLineString"
      },
      "properties": {
        "endid": 86,
        "id": 259,
        "metadata": {
          "bottleneck": false,
          "canonical_edge_id": 6,
          "length_m": 0.25,
          "min_clearance_m": 0.5385164618492126,
          "segment_fraction_end": 0.5852057359806535,
          "segment_fraction_start": 0.0,
          "segment_index": 0,
          "static_traversability": "FEASIBLE"
        },
        "startid": 3
      },
      "type": "Feature"
    },
    {
      "geometry": {
        "coordinates": [
          [
            [
              0.02078086039709802,
              0.2519177056077387
            ],
            [
              0.08299999999999996,
              0.0860000000000003
            ]
          ]
        ],
        "type": "MultiLineString"
      },
      "properties": {
        "endid": 4,
        "id": 260,
        "metadata": {
          "bottleneck": false,
          "canonical_edge_id": 6,
          "length_m": 0.17720018726587605,
          "min_clearance_m": 0.5385164618492126,
          "segment_fraction_end": 1.0,
          "segment_fraction_start": 0.5852057359806535,
          "segment_index": 1,
          "static_traversability": "FEASIBLE"
        },
        "startid": 86
      },
      "type": "Feature"
    },
    {
      "geometry": {
        "coordinates": [
          [
            [
              0.08299999999999996,
              0.0860000000000003
            ],
            [
              0.02078086039709802,
              0.2519177056077387
            ]
          ]
        ],
        "type": "MultiLineString"
      },
      "properties": {
        "endid": 86,
        "id": 261,
        "metadata": {
          "bottleneck": false,
          "canonical_edge_id": 7,
          "length_m": 0.17720018726587605,
          "min_clearance_m": 0.5385164618492126,
          "segment_fraction_end": 0.4147942640193465,
          "segment_fraction_start": 0.0,
          "segment_index": 0,
          "static_traversability": "FEASIBLE"
        },
        "startid": 4
      },
      "type": "Feature"
    },
    {
      "geometry": {
        "coordinates": [
          [
            [
              0.02078086039709802,
              0.2519177056077387
            ],
            [
              -0.06699999999999995,
              0.48599999999999977
            ]
          ]
        ],
        "type": "MultiLineString"
      },
      "properties": {
        "endid": 3,
        "id": 262,
        "metadata": {
          "bottleneck": false,
          "canonical_edge_id": 7,
          "length_m": 0.25,
          "min_clearance_m": 0.5385164618492126,
          "segment_fraction_end": 1.0,
          "segment_fraction_start": 0.4147942640193465,
          "segment_index": 1,
          "static_traversability": "FEASIBLE"
        },
        "startid": 86
      },
      "type": "Feature"
    },
    {
      "geometry": {
        "coordinates": [
          [
            [
              0.08299999999999996,
              0.0860000000000003
            ],
            [
              0.33299999999999996,
              0.0860000000000003
            ]
          ]
        ],
        "type": "MultiLineString"
      },
      "properties": {
        "endid": 87,
        "id": 263,
        "metadata": {
          "bottleneck": false,
          "canonical_edge_id": 8,
          "length_m": 0.25,
          "min_clearance_m": 0.45000001788139343,
          "segment_fraction_end": 0.41666666666666663,
          "segment_fraction_start": 0.0,
          "segment_index": 0,
          "static_traversability": "FEASIBLE"
        },
        "startid": 4
      },
      "type": "Feature"
    },
    {
      "geometry": {
        "coordinates": [
          [
            [
              0.33299999999999996,
              0.0860000000000003
            ],
            [
              0.583,
              0.0860000000000003
            ]
          ]
        ],
        "type": "MultiLineString"
      },
      "properties": {
        "endid": 88,
        "id": 264,
        "metadata": {
          "bottleneck": false,
          "canonical_edge_id": 8,
          "length_m": 0.25,
          "min_clearance_m": 0.45000001788139343,
          "segment_fraction_end": 0.8333333333333333,
          "segment_fraction_start": 0.41666666666666663,
          "segment_index": 1,
          "static_traversability": "FEASIBLE"
        },
        "startid": 87
      },
      "type": "Feature"
    },
    {
      "geometry": {
        "coordinates": [
          [
            [
              0.583,
              0.0860000000000003
            ],
            [
              0.683,
              0.0860000000000003
            ]
          ]
        ],
        "type": "MultiLineString"
      },
      "properties": {
        "endid": 5,
        "id": 265,
        "metadata": {
          "bottleneck": false,
          "canonical_edge_id": 8,
          "length_m": 0.10000000000000009,
          "min_clearance_m": 0.45000001788139343,
          "segment_fraction_end": 1.0,
          "segment_fraction_start": 0.8333333333333333,
          "segment_index": 2,
          "static_traversability": "FEASIBLE"
        },
        "startid": 88
      },
      "type": "Feature"
    },
    {
      "geometry": {
        "coordinates": [
          [
            [
              0.683,
              0.0860000000000003
            ],
            [
              0.583,
              0.0860000000000003
            ]
          ]
        ],
        "type": "MultiLineString"
      },
      "properties": {
        "endid": 88,
        "id": 266,
        "metadata": {
          "bottleneck": false,
          "canonical_edge_id": 9,
          "length_m": 0.10000000000000009,
          "min_clearance_m": 0.45000001788139343,
          "segment_fraction_end": 0.1666666666666668,
          "segment_fraction_start": 0.0,
          "segment_index": 0,
          "static_traversability": "FEASIBLE"
        },
        "startid": 5
      },
      "type": "Feature"
    },
    {
      "geometry": {
        "coordinates": [
          [
            [
              0.583,
              0.0860000000000003
            ],
            [
              0.33299999999999996,
              0.0860000000000003
            ]
          ]
        ],
        "type": "MultiLineString"
      },
      "properties": {
        "endid": 87,
        "id": 267,
        "metadata": {
          "bottleneck": false,
          "canonical_edge_id": 9,
          "length_m": 0.25,
          "min_clearance_m": 0.45000001788139343,
          "segment_fraction_end": 0.5833333333333334,
          "segment_fraction_start": 0.1666666666666668,
          "segment_index": 1,
          "static_traversability": "FEASIBLE"
        },
        "startid": 88
      },
      "type": "Feature"
    },
    {
      "geometry": {
        "coordinates": [
          [
            [
              0.33299999999999996,
              0.0860000000000003
            ],
            [
              0.08299999999999996,
              0.0860000000000003
            ]
          ]
        ],
        "type": "MultiLineString"
      },
      "properties": {
        "endid": 4,
        "id": 268,
        "metadata": {
          "bottleneck": false,
          "canonical_edge_id": 9,
          "length_m": 0.25,
          "min_clearance_m": 0.45000001788139343,
          "segment_fraction_end": 1.0,
          "segment_fraction_start": 0.5833333333333334,
          "segment_index": 2,
          "static_traversability": "FEASIBLE"
        },
        "startid": 87
      },
      "type": "Feature"
    },
    {
      "geometry": {
        "coordinates": [
          [
            [
              0.683,
              0.0860000000000003
            ],
            [
              0.7516802819743447,
              0.32638098691020606
            ]
          ]
        ],
        "type": "MultiLineString"
      },
      "properties": {
        "endid": 89,
        "id": 269,
        "metadata": {
          "bottleneck": true,
          "canonical_edge_id": 10,
          "length_m": 0.25,
          "min_clearance_m": 0.22360680997371674,
          "segment_fraction_end": 0.6868028197434457,
          "segment_fraction_start": 0.0,
          "segment_index": 0,
          "static_traversability": "UNKNOWN"
        },
        "startid": 5
      },
      "type": "Feature"
    },
    {
      "geometry": {
        "coordinates": [
          [
            [
              0.7516802819743447,
              0.32638098691020606
            ],
            [
              0.7830000000000001,
              0.43599999999999994
            ]
          ]
        ],
        "type": "MultiLineString"
      },
      "properties": {
        "endid": 6,
        "id": 270,
        "metadata": {
          "bottleneck": true,
          "canonical_edge_id": 10,
          "length_m": 0.11400549446402558,
          "min_clearance_m": 0.22360680997371674,
          "segment_fraction_end": 1.0,
          "segment_fraction_start": 0.6868028197434457,
          "segment_index": 1,
          "static_traversability": "UNKNOWN"
        },
        "startid": 89
      },
      "type": "Feature"
    },
    {
      "geometry": {
        "coordinates": [
          [
            [
              0.683,
              0.0860000000000003
            ],
            [
              0.8949995760012721,
              -0.046499735000794684
            ]
          ]
        ],
        "type": "MultiLineString"
      },
      "properties": {
        "endid": 90,
        "id": 271,
        "metadata": {
          "bottleneck": false,
          "canonical_edge_id": 11,
          "length_m": 0.25,
          "min_clearance_m": 0.40311288833618164,
          "segment_fraction_end": 0.07045197427468265,
          "segment_fraction_start": 0.0,
          "segment_index": 0,
          "static_traversability": "FEASIBLE"
        },
        "startid": 5
      },
      "type": "Feature"
    },
    {
      "geometry": {
        "coordinates": [
          [
            [
              0.8949995760012721,
              -0.046499735000794684
            ],
            [
              1.11130094339717,
              -0.1639999999999997
            ]
          ]
        ],
        "type": "MultiLineString"
      },
      "properties": {
        "endid": 91,
        "id": 272,
        "metadata": {
          "bottleneck": false,
          "canonical_edge_id": 11,
          "length_m": 0.25,
          "min_clearance_m": 0.40311288833618164,
          "segment_fraction_end": 0.1409039485493653,
          "segment_fraction_start": 0.07045197427468265,
          "segment_index": 1,
          "static_traversability": "FEASIBLE"
        },
        "startid": 90
      },
      "type": "Feature"
    },
    {
      "geometry": {
        "coordinates": [
          [
            [
              1.11130094339717,
              -0.1639999999999997
            ],
            [
              1.36130094339717,
              -0.1639999999999997
            ]
          ]
        ],
        "type": "MultiLineString"
      },
      "properties": {
        "endid": 92,
        "id": 273,
        "metadata": {
          "bottleneck": false,
          "canonical_edge_id": 11,
          "length_m": 0.25,
          "min_clearance_m": 0.40311288833618164,
          "segment_fraction_end": 0.21135592282404797,
          "segment_fraction_start": 0.1409039485493653,
          "segment_index": 2,
          "static_traversability": "FEASIBLE"
        },
        "startid": 91
      },
      "type": "Feature"
    },
    {
      "geometry": {
        "coordinates": [
          [
            [
              1.36130094339717,
              -0.1639999999999997
            ],
            [
              1.61130094339717,
              -0.1639999999999997
            ]
          ]
        ],
        "type": "MultiLineString"
      },
      "properties": {
        "endid": 93,
        "id": 274,
        "metadata": {
          "bottleneck": false,
          "canonical_edge_id": 11,
          "length_m": 0.25,
          "min_clearance_m": 0.40311288833618164,
          "segment_fraction_end": 0.2818078970987306,
          "segment_fraction_start": 0.21135592282404797,
          "segment_index": 3,
          "static_traversability": "FEASIBLE"
        },
        "startid": 92
      },
      "type": "Feature"
    },
    {
      "geometry": {
        "coordinates": [
          [
            [
              1.61130094339717,
              -0.1639999999999997
            ],
            [
              1.8449721044513874,
              -0.07921115821944509
            ]
          ]
        ],
        "type": "MultiLineString"
      },
      "properties": {
        "endid": 94,
        "id": 275,
        "metadata": {
          "bottleneck": false,
          "canonical_edge_id": 11,
          "length_m": 0.25,
          "min_clearance_m": 0.40311288833618164,
          "segment_fraction_end": 0.3522598713734133,
          "segment_fraction_start": 0.2818078970987306,
          "segment_index": 4,
          "static_traversability": "FEASIBLE"
        },
        "startid": 93
      },
      "type": "Feature"
    },
    {
      "geometry": {
        "coordinates": [
          [
            [
              1.8449721044513874,
              -0.07921115821944509
            ],
            [
              2.0813153209538036,
              -0.13010510698460087
            ]
          ]
        ],
        "type": "MultiLineString"
      },
      "properties": {
        "endid": 95,
        "id": 276,
        "metadata": {
          "bottleneck": false,
          "canonical_edge_id": 11,
          "length_m": 0.25,
          "min_clearance_m": 0.40311288833618164,
          "segment_fraction_end": 0.42271184564809594,
          "segment_fraction_start": 0.3522598713734133,
          "segment_index": 5,
          "static_traversability": "FEASIBLE"
        },
        "startid": 94
      },
      "type": "Feature"
    },
    {
      "geometry": {
        "coordinates": [
          [
            [
              2.0813153209538036,
              -0.13010510698460087
            ],
            [
              2.325814937023607,
              -0.1639999999999997
            ]
          ]
        ],
        "type": "MultiLineString"
      },
      "properties": {
        "endid": 96,
        "id": 277,
        "metadata": {
          "bottleneck": false,
          "canonical_edge_id": 11,
          "length_m": 0.25,
          "min_clearance_m": 0.40311288833618164,
          "segment_fraction_end": 0.4931638199227786,
          "segment_fraction_start": 0.42271184564809594,
          "segment_index": 6,
          "static_traversability": "FEASIBLE"
        },
        "startid": 95
      },
      "type": "Feature"
    },
    {
      "geometry": {
        "coordinates": [
          [
            [
              2.325814937023607,
              -0.1639999999999997
            ],
            [
              2.575814937023607,
              -0.1639999999999997
            ]
          ]
        ],
        "type": "MultiLineString"
      },
      "properties": {
        "endid": 97,
        "id": 278,
        "metadata": {
          "bottleneck": false,
          "canonical_edge_id": 11,
          "length_m": 0.25,
          "min_clearance_m": 0.40311288833618164,
          "segment_fraction_end": 0.5636157941974612,
          "segment_fraction_start": 0.4931638199227786,
          "segment_index": 7,
          "static_traversability": "FEASIBLE"
        },
        "startid": 96
      },
      "type": "Feature"
    },
    {
      "geometry": {
        "coordinates": [
          [
            [
              2.575814937023607,
              -0.1639999999999997
            ],
            [
              2.810226695669441,
              -0.11251553622037284
            ]
          ]
        ],
        "type": "MultiLineString"
      },
      "properties": {
        "endid": 98,
        "id": 279,
        "metadata": {
          "bottleneck": false,
          "canonical_edge_id": 11,
          "length_m": 0.25,
          "min_clearance_m": 0.40311288833618164,
          "segment_fraction_end": 0.6340677684721439,
          "segment_fraction_start": 0.5636157941974612,
          "segment_index": 8,
          "static_traversability": "FEASIBLE"
        },
        "startid": 97
      },
      "type": "Feature"
    },
    {
      "geometry": {
        "coordinates": [
          [
            [
              2.810226695669441,
              -0.11251553622037284
            ],
            [
              3.0182392692539017,
              0.026159512835933985
            ]
          ]
        ],
        "type": "MultiLineString"
      },
      "properties": {
        "endid": 99,
        "id": 280,
        "metadata": {
          "bottleneck": false,
          "canonical_edge_id": 11,
          "length_m": 0.25,
          "min_clearance_m": 0.40311288833618164,
          "segment_fraction_end": 0.7045197427468266,
          "segment_fraction_start": 0.6340677684721439,
          "segment_index": 9,
          "static_traversability": "FEASIBLE"
        },
        "startid": 98
      },
      "type": "Feature"
    },
    {
      "geometry": {
        "coordinates": [
          [
            [
              3.0182392692539017,
              0.026159512835933985
            ],
            [
              3.123130044899799,
              0.25005885663702176
            ]
          ]
        ],
        "type": "MultiLineString"
      },
      "properties": {
        "endid": 100,
        "id": 281,
        "metadata": {
          "bottleneck": false,
          "canonical_edge_id": 11,
          "length_m": 0.25,
          "min_clearance_m": 0.40311288833618164,
          "segment_fraction_end": 0.7749717170215092,
          "segment_fraction_start": 0.7045197427468266,
          "segment_index": 10,
          "static_traversability": "FEASIBLE"
        },
        "startid": 99
      },
      "type": "Feature"
    },
    {
      "geometry": {
        "coordinates": [
          [
            [
              3.123130044899799,
              0.25005885663702176
            ],
            [
              3.220144294914332,
              0.48046770042153814
            ]
          ]
        ],
        "type": "MultiLineString"
      },
      "properties": {
        "endid": 101,
        "id": 282,
        "metadata": {
          "bottleneck": false,
          "canonical_edge_id": 11,
          "length_m": 0.25,
          "min_clearance_m": 0.40311288833618164,
          "segment_fraction_end": 0.8454236912961919,
          "segment_fraction_start": 0.7749717170215092,
          "segment_index": 11,
          "static_traversability": "FEASIBLE"
        },
        "startid": 100
      },
      "type": "Feature"
    },
    {
      "geometry": {
        "coordinates": [
          [
            [
              3.220144294914332,
              0.48046770042153814
            ],
            [
              3.317158544928865,
              0.7108765442060544
            ]
          ]
        ],
        "type": "MultiLineString"
      },
      "properties": {
        "endid": 102,
        "id": 283,
        "metadata": {
          "bottleneck": false,
          "canonical_edge_id": 11,
          "length_m": 0.25,
          "min_clearance_m": 0.40311288833618164,
          "segment_fraction_end": 0.9158756655708745,
          "segment_fraction_start": 0.8454236912961919,
          "segment_index": 12,
          "static_traversability": "FEASIBLE"
        },
        "startid": 101
      },
      "type": "Feature"
    },
    {
      "geometry": {
        "coordinates": [
          [
            [
              3.317158544928865,
              0.7108765442060544
            ],
            [
              3.414172794943398,
              0.9412853879905708
            ]
          ]
        ],
        "type": "MultiLineString"
      },
      "properties": {
        "endid": 103,
        "id": 284,
        "metadata": {
          "bottleneck": false,
          "canonical_edge_id": 11,
          "length_m": 0.25,
          "min_clearance_m": 0.40311288833618164,
          "segment_fraction_end": 0.9863276398455572,
          "segment_fraction_start": 0.9158756655708745,
          "segment_index": 13,
          "static_traversability": "FEASIBLE"
        },
        "startid": 102
      },
      "type": "Feature"
    },
    {
      "geometry": {
        "coordinates": [
          [
            [
              3.414172794943398,
              0.9412853879905708
            ],
            [
              3.433,
              0.986
            ]
          ]
        ],
        "type": "MultiLineString"
      },
      "properties": {
        "endid": 15,
        "id": 285,
        "metadata": {
          "bottleneck": false,
          "canonical_edge_id": 11,
          "length_m": 0.048516596927207445,
          "min_clearance_m": 0.40311288833618164,
          "segment_fraction_end": 1.0000000000000002,
          "segment_fraction_start": 0.9863276398455572,
          "segment_index": 14,
          "static_traversability": "FEASIBLE"
        },
        "startid": 103
      },
      "type": "Feature"
    },
    {
      "geometry": {
        "coordinates": [
          [
            [
              0.7830000000000001,
              0.43599999999999994
            ],
            [
              0.7516802819743447,
              0.32638098691020606
            ]
          ]
        ],
        "type": "MultiLineString"
      },
      "properties": {
        "endid": 89,
        "id": 286,
        "metadata": {
          "bottleneck": true,
          "canonical_edge_id": 12,
          "length_m": 0.11400549446402558,
          "min_clearance_m": 0.22360680997371674,
          "segment_fraction_end": 0.31319718025655424,
          "segment_fraction_start": 0.0,
          "segment_index": 0,
          "static_traversability": "UNKNOWN"
        },
        "startid": 6
      },
      "type": "Feature"
    },
    {
      "geometry": {
        "coordinates": [
          [
            [
              0.7516802819743447,
              0.32638098691020606
            ],
            [
              0.683,
              0.0860000000000003
            ]
          ]
        ],
        "type": "MultiLineString"
      },
      "properties": {
        "endid": 5,
        "id": 287,
        "metadata": {
          "bottleneck": true,
          "canonical_edge_id": 12,
          "length_m": 0.25,
          "min_clearance_m": 0.22360680997371674,
          "segment_fraction_end": 1.0,
          "segment_fraction_start": 0.31319718025655424,
          "segment_index": 1,
          "static_traversability": "UNKNOWN"
        },
        "startid": 89
      },
      "type": "Feature"
    },
    {
      "geometry": {
        "coordinates": [
          [
            [
              1.733,
              3.436
            ],
            [
              1.909776695296637,
              3.259223304703363
            ]
          ]
        ],
        "type": "MultiLineString"
      },
      "properties": {
        "endid": 104,
        "id": 288,
        "metadata": {
          "bottleneck": true,
          "canonical_edge_id": 13,
          "length_m": 0.25,
          "min_clearance_m": 0.22360680997371674,
          "segment_fraction_end": 0.2126805816444369,
          "segment_fraction_start": 0.0,
          "segment_index": 0,
          "static_traversability": "UNKNOWN"
        },
        "startid": 7
      },
      "type": "Feature"
    },
    {
      "geometry": {
        "coordinates": [
          [
            [
              1.909776695296637,
              3.259223304703363
            ],
            [
              2.0877673737503013,
              3.087589124583434
            ]
          ]
        ],
        "type": "MultiLineString"
      },
      "properties": {
        "endid": 105,
        "id": 289,
        "metadata": {
          "bottleneck": true,
          "canonical_edge_id": 13,
          "length_m": 0.25,
          "min_clearance_m": 0.22360680997371674,
          "segment_fraction_end": 0.4253611632888738,
          "segment_fraction_start": 0.2126805816444369,
          "segment_index": 1,
          "static_traversability": "UNKNOWN"
        },
        "startid": 104
      },
      "type": "Feature"
    },
    {
      "geometry": {
        "coordinates": [
          [
            [
              2.0877673737503013,
              3.087589124583434
            ],
            [
              2.32493819826293,
              3.166646066087644
            ]
          ]
        ],
        "type": "MultiLineString"
      },
      "properties": {
        "endid": 106,
        "id": 290,
        "metadata": {
          "bottleneck": true,
          "canonical_edge_id": 13,
          "length_m": 0.25,
          "min_clearance_m": 0.22360680997371674,
          "segment_fraction_end": 0.6380417449333107,
          "segment_fraction_start": 0.4253611632888738,
          "segment_index": 2,
          "static_traversability": "UNKNOWN"
        },
        "startid": 105
      },
      "type": "Feature"
    },
    {
      "geometry": {
        "coordinates": [
          [
            [
              2.32493819826293,
              3.166646066087644
            ],
            [
              2.5627674684378854,
              3.2285581328905293
            ]
          ]
        ],
        "type": "MultiLineString"
      },
      "properties": {
        "endid": 107,
        "id": 291,
        "metadata": {
          "bottleneck": true,
          "canonical_edge_id": 13,
          "length_m": 0.25,
          "min_clearance_m": 0.22360680997371674,
          "segment_fraction_end": 0.8507223265777476,
          "segment_fraction_start": 0.6380417449333107,
          "segment_index": 3,
          "static_traversability": "UNKNOWN"
        },
        "startid": 106
      },
      "type": "Feature"
    },
    {
      "geometry": {
        "coordinates": [
          [
            [
              2.5627674684378854,
              3.2285581328905293
            ],
            [
              2.733,
              3.186
            ]
          ]
        ],
        "type": "MultiLineString"
      },
      "properties": {
        "endid": 9,
        "id": 292,
        "metadata": {
          "bottleneck": true,
          "canonical_edge_id": 13,
          "length_m": 0.17547167713672307,
          "min_clearance_m": 0.22360680997371674,
          "segment_fraction_end": 1.0,
          "segment_fraction_start": 0.8507223265777476,
          "segment_index": 4,
          "static_traversability": "UNKNOWN"
        },
        "startid": 107
      },
      "type": "Feature"
    },
    {
      "geometry": {
        "coordinates": [
          [
            [
              2.2329999999999997,
              -0.9640000000000004
            ],
            [
              2.1786859329374897,
              -0.9671949451213245
            ]
          ]
        ],
        "type": "MultiLineString"
      },
      "properties": {
        "endid": 85,
        "id": 293,
        "metadata": {
          "bottleneck": true,
          "canonical_edge_id": 14,
          "length_m": 0.05440795488896022,
          "min_clearance_m": 0.25,
          "segment_fraction_end": 0.02129963414216087,
          "segment_fraction_start": 0.0,
          "segment_index": 0,
          "static_traversability": "UNKNOWN"
        },
        "startid": 8
      },
      "type": "Feature"
    },
    {
      "geometry": {
        "coordinates": [
          [
            [
              2.1786859329374897,
              -0.9671949451213245
            ],
            [
              1.9291173396437407,
              -0.981875450609192
            ]
          ]
        ],
        "type": "MultiLineString"
      },
      "properties": {
        "endid": 84,
        "id": 294,
        "metadata": {
          "bottleneck": true,
          "canonical_edge_id": 14,
          "length_m": 0.25,
          "min_clearance_m": 0.25,
          "segment_fraction_end": 0.11916967072794478,
          "segment_fraction_start": 0.02129963414216087,
          "segment_index": 1,
          "static_traversability": "UNKNOWN"
        },
        "startid": 85
      },
      "type": "Feature"
    },
    {
      "geometry": {
        "coordinates": [
          [
            [
              1.9291173396437407,
              -0.981875450609192
            ],
            [
              1.6795487463499919,
              -0.9965559560970596
            ]
          ]
        ],
        "type": "MultiLineString"
      },
      "properties": {
        "endid": 83,
        "id": 295,
        "metadata": {
          "bottleneck": true,
          "canonical_edge_id": 14,
          "length_m": 0.25,
          "min_clearance_m": 0.25,
          "segment_fraction_end": 0.2170397073137287,
          "segment_fraction_start": 0.11916967072794478,
          "segment_index": 2,
          "static_traversability": "UNKNOWN"
        },
        "startid": 84
      },
      "type": "Feature"
    },
    {
      "geometry": {
        "coordinates": [
          [
            [
              1.6795487463499919,
              -0.9965559560970596
            ],
            [
              1.4299801530562426,
              -1.0112364615849272
            ]
          ]
        ],
        "type": "MultiLineString"
      },
      "properties": {
        "endid": 82,
        "id": 296,
        "metadata": {
          "bottleneck": true,
          "canonical_edge_id": 14,
          "length_m": 0.25,
          "min_clearance_m": 0.25,
          "segment_fraction_end": 0.3149097438995126,
          "segment_fraction_start": 0.2170397073137287,
          "segment_index": 3,
          "static_traversability": "UNKNOWN"
        },
        "startid": 83
      },
      "type": "Feature"
    },
    {
      "geometry": {
        "coordinates": [
          [
            [
              1.4299801530562426,
              -1.0112364615849272
            ],
            [
              1.1804115597624938,
              -1.0259169670727948
            ]
          ]
        ],
        "type": "MultiLineString"
      },
      "properties": {
        "endid": 81,
        "id": 297,
        "metadata": {
          "bottleneck": true,
          "canonical_edge_id": 14,
          "length_m": 0.25,
          "min_clearance_m": 0.25,
          "segment_fraction_end": 0.4127797804852965,
          "segment_fraction_start": 0.3149097438995126,
          "segment_index": 4,
          "static_traversability": "UNKNOWN"
        },
        "startid": 82
      },
      "type": "Feature"
    },
    {
      "geometry": {
        "coordinates": [
          [
            [
              1.1804115597624938,
              -1.0259169670727948
            ],
            [
              0.930842966468745,
              -1.0405974725606622
            ]
          ]
        ],
        "type": "MultiLineString"
      },
      "properties": {
        "endid": 80,
        "id": 298,
        "metadata": {
          "bottleneck": true,
          "canonical_edge_id": 14,
          "length_m": 0.25,
          "min_clearance_m": 0.25,
          "segment_fraction_end": 0.5106498170710805,
          "segment_fraction_start": 0.4127797804852965,
          "segment_index": 5,
          "static_traversability": "UNKNOWN"
        },
        "startid": 81
      },
      "type": "Feature"
    },
    {
      "geometry": {
        "coordinates": [
          [
            [
              0.930842966468745,
              -1.0405974725606622
            ],
            [
              0.681274373174996,
              -1.0552779780485297
            ]
          ]
        ],
        "type": "MultiLineString"
      },
      "properties": {
        "endid": 79,
        "id": 299,
        "metadata": {
          "bottleneck": true,
          "canonical_edge_id": 14,
          "length_m": 0.25,
          "min_clearance_m": 0.25,
          "segment_fraction_end": 0.6085198536568643,
          "segment_fraction_start": 0.5106498170710805,
          "segment_index": 6,
          "static_traversability": "UNKNOWN"
        },
        "startid": 80
      },
      "type": "Feature"
    },
    {
      "geometry": {
        "coordinates": [
          [
            [
              0.681274373174996,
              -1.0552779780485297
            ],
            [
              0.4317057798812469,
              -1.0699584835363973
            ]
          ]
        ],
        "type": "MultiLineString"
      },
      "properties": {
        "endid": 78,
        "id": 300,
        "metadata": {
          "bottleneck": true,
          "canonical_edge_id": 14,
          "length_m": 0.25,
          "min_clearance_m": 0.25,
          "segment_fraction_end": 0.7063898902426483,
          "segment_fraction_start": 0.6085198536568643,
          "segment_index": 7,
          "static_traversability": "UNKNOWN"
        },
        "startid": 79
      },
      "type": "Feature"
    },
    {
      "geometry": {
        "coordinates": [
          [
            [
              0.4317057798812469,
              -1.0699584835363973
            ],
            [
              0.182137186587498,
              -1.0846389890242647
            ]
          ]
        ],
        "type": "MultiLineString"
      },
      "properties": {
        "endid": 77,
        "id": 301,
        "metadata": {
          "bottleneck": true,
          "canonical_edge_id": 14,
          "length_m": 0.25,
          "min_clearance_m": 0.25,
          "segment_fraction_end": 0.8042599268284322,
          "segment_fraction_start": 0.7063898902426483,
          "segment_index": 8,
          "static_traversability": "UNKNOWN"
        },
        "startid": 78
      },
      "type": "Feature"
    },
    {
      "geometry": {
        "coordinates": [
          [
            [
              0.182137186587498,
              -1.0846389890242647
            ],
            [
              -0.06743140670625097,
              -1.0993194945121323
            ]
          ]
        ],
        "type": "MultiLineString"
      },
      "properties": {
        "endid": 76,
        "id": 302,
        "metadata": {
          "bottleneck": true,
          "canonical_edge_id": 14,
          "length_m": 0.25,
          "min_clearance_m": 0.25,
          "segment_fraction_end": 0.9021299634142161,
          "segment_fraction_start": 0.8042599268284322,
          "segment_index": 9,
          "static_traversability": "UNKNOWN"
        },
        "startid": 77
      },
      "type": "Feature"
    },
    {
      "geometry": {
        "coordinates": [
          [
            [
              -0.06743140670625097,
              -1.0993194945121323
            ],
            [
              -0.31699999999999995,
              -1.1139999999999999
            ]
          ]
        ],
        "type": "MultiLineString"
      },
      "properties": {
        "endid": 2,
        "id": 303,
        "metadata": {
          "bottleneck": true,
          "canonical_edge_id": 14,
          "length_m": 0.25,
          "min_clearance_m": 0.25,
          "segment_fraction_end": 1.0,
          "segment_fraction_start": 0.9021299634142161,
          "segment_index": 10,
          "static_traversability": "UNKNOWN"
        },
        "startid": 76
      },
      "type": "Feature"
    },
    {
      "geometry": {
        "coordinates": [
          [
            [
              2.733,
              3.186
            ],
            [
              2.5627674684378854,
              3.2285581328905293
            ]
          ]
        ],
        "type": "MultiLineString"
      },
      "properties": {
        "endid": 107,
        "id": 304,
        "metadata": {
          "bottleneck": true,
          "canonical_edge_id": 15,
          "length_m": 0.17547167713672307,
          "min_clearance_m": 0.22360680997371674,
          "segment_fraction_end": 0.1492776734222524,
          "segment_fraction_start": 0.0,
          "segment_index": 0,
          "static_traversability": "UNKNOWN"
        },
        "startid": 9
      },
      "type": "Feature"
    },
    {
      "geometry": {
        "coordinates": [
          [
            [
              2.5627674684378854,
              3.2285581328905293
            ],
            [
              2.32493819826293,
              3.166646066087644
            ]
          ]
        ],
        "type": "MultiLineString"
      },
      "properties": {
        "endid": 106,
        "id": 305,
        "metadata": {
          "bottleneck": true,
          "canonical_edge_id": 15,
          "length_m": 0.25,
          "min_clearance_m": 0.22360680997371674,
          "segment_fraction_end": 0.3619582550666893,
          "segment_fraction_start": 0.1492776734222524,
          "segment_index": 1,
          "static_traversability": "UNKNOWN"
        },
        "startid": 107
      },
      "type": "Feature"
    },
    {
      "geometry": {
        "coordinates": [
          [
            [
              2.32493819826293,
              3.166646066087644
            ],
            [
              2.0877673737503013,
              3.087589124583434
            ]
          ]
        ],
        "type": "MultiLineString"
      },
      "properties": {
        "endid": 105,
        "id": 306,
        "metadata": {
          "bottleneck": true,
          "canonical_edge_id": 15,
          "length_m": 0.25,
          "min_clearance_m": 0.22360680997371674,
          "segment_fraction_end": 0.5746388367111263,
          "segment_fraction_start": 0.3619582550666893,
          "segment_index": 2,
          "static_traversability": "UNKNOWN"
        },
        "startid": 106
      },
      "type": "Feature"
    },
    {
      "geometry": {
        "coordinates": [
          [
            [
              2.0877673737503013,
              3.087589124583434
            ],
            [
              1.909776695296637,
              3.259223304703363
            ]
          ]
        ],
        "type": "MultiLineString"
      },
      "properties": {
        "endid": 104,
        "id": 307,
        "metadata": {
          "bottleneck": true,
          "canonical_edge_id": 15,
          "length_m": 0.25,
          "min_clearance_m": 0.22360680997371674,
          "segment_fraction_end": 0.7873194183555631,
          "segment_fraction_start": 0.5746388367111263,
          "segment_index": 3,
          "static_traversability": "UNKNOWN"
        },
        "startid": 105
      },
      "type": "Feature"
    },
    {
      "geometry": {
        "coordinates": [
          [
            [
              1.909776695296637,
              3.259223304703363
            ],
            [
              1.733,
              3.436
            ]
          ]
        ],
        "type": "MultiLineString"
      },
      "properties": {
        "endid": 7,
        "id": 308,
        "metadata": {
          "bottleneck": true,
          "canonical_edge_id": 15,
          "length_m": 0.25,
          "min_clearance_m": 0.22360680997371674,
          "segment_fraction_end": 1.0,
          "segment_fraction_start": 0.7873194183555631,
          "segment_index": 4,
          "static_traversability": "UNKNOWN"
        },
        "startid": 104
      },
      "type": "Feature"
    },
    {
      "geometry": {
        "coordinates": [
          [
            [
              2.983,
              1.4859999999999998
            ],
            [
              3.1502411829056123,
              1.3001764634382083
            ]
          ]
        ],
        "type": "MultiLineString"
      },
      "properties": {
        "endid": 108,
        "id": 309,
        "metadata": {
          "bottleneck": true,
          "canonical_edge_id": 16,
          "length_m": 0.25,
          "min_clearance_m": 0.22360680997371674,
          "segment_fraction_end": 0.37164707312358325,
          "segment_fraction_start": 0.0,
          "segment_index": 0,
          "static_traversability": "UNKNOWN"
        },
        "startid": 10
      },
      "type": "Feature"
    },
    {
      "geometry": {
        "coordinates": [
          [
            [
              3.1502411829056123,
              1.3001764634382083
            ],
            [
              3.317482365811225,
              1.1143529268764165
            ]
          ]
        ],
        "type": "MultiLineString"
      },
      "properties": {
        "endid": 109,
        "id": 310,
        "metadata": {
          "bottleneck": true,
          "canonical_edge_id": 16,
          "length_m": 0.25,
          "min_clearance_m": 0.22360680997371674,
          "segment_fraction_end": 0.7432941462471665,
          "segment_fraction_start": 0.37164707312358325,
          "segment_index": 1,
          "static_traversability": "UNKNOWN"
        },
        "startid": 108
      },
      "type": "Feature"
    },
    {
      "geometry": {
        "coordinates": [
          [
            [
              3.317482365811225,
              1.1143529268764165
            ],
            [
              3.433,
              0.9859999999999998
            ]
          ]
        ],
        "type": "MultiLineString"
      },
      "properties": {
        "endid": 15,
        "id": 311,
        "metadata": {
          "bottleneck": true,
          "canonical_edge_id": 16,
          "length_m": 0.17268120235368534,
          "min_clearance_m": 0.22360680997371674,
          "segment_fraction_end": 1.0,
          "segment_fraction_start": 0.7432941462471665,
          "segment_index": 2,
          "static_traversability": "UNKNOWN"
        },
        "startid": 109
      },
      "type": "Feature"
    },
    {
      "geometry": {
        "coordinates": [
          [
            [
              3.133,
              -1.5140000000000002
            ],
            [
              3.3329999999999997,
              -1.6640000000000004
            ]
          ]
        ],
        "type": "MultiLineString"
      },
      "properties": {
        "endid": 110,
        "id": 312,
        "metadata": {
          "bottleneck": true,
          "canonical_edge_id": 17,
          "length_m": 0.25,
          "min_clearance_m": 0.22360680997371674,
          "segment_fraction_end": 0.3573156561423327,
          "segment_fraction_start": 0.0,
          "segment_index": 0,
          "static_traversability": "UNKNOWN"
        },
        "startid": 11
      },
      "type": "Feature"
    },
    {
      "geometry": {
        "coordinates": [
          [
            [
              3.3329999999999997,
              -1.6640000000000004
            ],
            [
              3.5302750171748856,
              -1.692791695291475
            ]
          ]
        ],
        "type": "MultiLineString"
      },
      "properties": {
        "endid": 111,
        "id": 313,
        "metadata": {
          "bottleneck": true,
          "canonical_edge_id": 17,
          "length_m": 0.25,
          "min_clearance_m": 0.22360680997371674,
          "segment_fraction_end": 0.7146313122846654,
          "segment_fraction_start": 0.3573156561423327,
          "segment_index": 1,
          "static_traversability": "UNKNOWN"
        },
        "startid": 110
      },
      "type": "Feature"
    },
    {
      "geometry": {
        "coordinates": [
          [
            [
              3.5302750171748856,
              -1.692791695291475
            ],
            [
              3.633,
              -1.8639999999999999
            ]
          ]
        ],
        "type": "MultiLineString"
      },
      "properties": {
        "endid": 17,
        "id": 314,
        "metadata": {
          "bottleneck": true,
          "canonical_edge_id": 17,
          "length_m": 0.19966147775068466,
          "min_clearance_m": 0.22360680997371674,
          "segment_fraction_end": 1.0,
          "segment_fraction_start": 0.7146313122846654,
          "segment_index": 2,
          "static_traversability": "UNKNOWN"
        },
        "startid": 111
      },
      "type": "Feature"
    },
    {
      "geometry": {
        "coordinates": [
          [
            [
              3.333,
              2.4860000000000007
            ],
            [
              3.4109518297507475,
              2.2698554892522425
            ]
          ]
        ],
        "type": "MultiLineString"
      },
      "properties": {
        "endid": 112,
        "id": 315,
        "metadata": {
          "bottleneck": true,
          "canonical_edge_id": 18,
          "length_m": 0.25,
          "min_clearance_m": 0.22360680997371674,
          "segment_fraction_end": 0.7387893588260158,
          "segment_fraction_start": 0.0,
          "segment_index": 0,
          "static_traversability": "UNKNOWN"
        },
        "startid": 12
      },
      "type": "Feature"
    },
    {
      "geometry": {
        "coordinates": [
          [
            [
              3.4109518297507475,
              2.2698554892522425
            ],
            [
              3.383,
              2.186
            ]
          ]
        ],
        "type": "MultiLineString"
      },
      "properties": {
        "endid": 13,
        "id": 316,
        "metadata": {
          "bottleneck": true,
          "canonical_edge_id": 18,
          "length_m": 0.08839144678161881,
          "min_clearance_m": 0.22360680997371674,
          "segment_fraction_end": 1.0,
          "segment_fraction_start": 0.7387893588260158,
          "segment_index": 1,
          "static_traversability": "UNKNOWN"
        },
        "startid": 112
      },
      "type": "Feature"
    },
    {
      "geometry": {
        "coordinates": [
          [
            [
              3.333,
              2.4860000000000007
            ],
            [
              3.5759932839070703,
              2.444598656781414
            ]
          ]
        ],
        "type": "MultiLineString"
      },
      "properties": {
        "endid": 113,
        "id": 317,
        "metadata": {
          "bottleneck": true,
          "canonical_edge_id": 19,
          "length_m": 0.25,
          "min_clearance_m": 0.30000001192092896,
          "segment_fraction_end": 0.5421743822084018,
          "segment_fraction_start": 0.0,
          "segment_index": 0,
          "static_traversability": "FEASIBLE"
        },
        "startid": 12
      },
      "type": "Feature"
    },
    {
      "geometry": {
        "coordinates": [
          [
            [
              3.5759932839070703,
              2.444598656781414
            ],
            [
              3.7830000000000004,
              2.4860000000000007
            ]
          ]
        ],
        "type": "MultiLineString"
      },
      "properties": {
        "endid": 19,
        "id": 318,
        "metadata": {
          "bottleneck": true,
          "canonical_edge_id": 19,
          "length_m": 0.21110625696052276,
          "min_clearance_m": 0.30000001192092896,
          "segment_fraction_end": 1.0,
          "segment_fraction_start": 0.5421743822084018,
          "segment_index": 1,
          "static_traversability": "FEASIBLE"
        },
        "startid": 113
      },
      "type": "Feature"
    },
    {
      "geometry": {
        "coordinates": [
          [
            [
              3.383,
              2.186
            ],
            [
              3.4109518297507475,
              2.2698554892522425
            ]
          ]
        ],
        "type": "MultiLineString"
      },
      "properties": {
        "endid": 112,
        "id": 319,
        "metadata": {
          "bottleneck": true,
          "canonical_edge_id": 20,
          "length_m": 0.08839144678161881,
          "min_clearance_m": 0.22360680997371674,
          "segment_fraction_end": 0.26121064117398424,
          "segment_fraction_start": 0.0,
          "segment_index": 0,
          "static_traversability": "UNKNOWN"
        },
        "startid": 13
      },
      "type": "Feature"
    },
    {
      "geometry": {
        "coordinates": [
          [
            [
              3.4109518297507475,
              2.2698554892522425
            ],
            [
              3.333,
              2.4860000000000007
            ]
          ]
        ],
        "type": "MultiLineString"
      },
      "properties": {
        "endid": 12,
        "id": 320,
        "metadata": {
          "bottleneck": true,
          "canonical_edge_id": 20,
          "length_m": 0.25,
          "min_clearance_m": 0.22360680997371674,
          "segment_fraction_end": 1.0,
          "segment_fraction_start": 0.26121064117398424,
          "segment_index": 1,
          "static_traversability": "UNKNOWN"
        },
        "startid": 112
      },
      "type": "Feature"
    },
    {
      "geometry": {
        "coordinates": [
          [
            [
              3.433,
              -1.064
            ],
            [
              3.6804873734152914,
              -1.0286446609406728
            ]
          ]
        ],
        "type": "MultiLineString"
      },
      "properties": {
        "endid": 114,
        "id": 321,
        "metadata": {
          "bottleneck": true,
          "canonical_edge_id": 21,
          "length_m": 0.25,
          "min_clearance_m": 0.22360680997371674,
          "segment_fraction_end": 0.7071067811865465,
          "segment_fraction_start": 0.0,
          "segment_index": 0,
          "static_traversability": "UNKNOWN"
        },
        "startid": 14
      },
      "type": "Feature"
    },
    {
      "geometry": {
        "coordinates": [
          [
            [
              3.6804873734152914,
              -1.0286446609406728
            ],
            [
              3.7830000000000004,
              -1.0140000000000002
            ]
          ]
        ],
        "type": "MultiLineString"
      },
      "properties": {
        "endid": 18,
        "id": 322,
        "metadata": {
          "bottleneck": true,
          "canonical_edge_id": 21,
          "length_m": 0.10355339059327429,
          "min_clearance_m": 0.22360680997371674,
          "segment_fraction_end": 1.0,
          "segment_fraction_start": 0.7071067811865465,
          "segment_index": 1,
          "static_traversability": "UNKNOWN"
        },
        "startid": 114
      },
      "type": "Feature"
    },
    {
      "geometry": {
        "coordinates": [
          [
            [
              3.433,
              0.986
            ],
            [
              3.414172794943398,
              0.9412853879905708
            ]
          ]
        ],
        "type": "MultiLineString"
      },
      "properties": {
        "endid": 103,
        "id": 323,
        "metadata": {
          "bottleneck": false,
          "canonical_edge_id": 22,
          "length_m": 0.048516596927207445,
          "min_clearance_m": 0.40311288833618164,
          "segment_fraction_end": 0.013672360154443066,
          "segment_fraction_start": 0.0,
          "segment_index": 0,
          "static_traversability": "FEASIBLE"
        },
        "startid": 15
      },
      "type": "Feature"
    },
    {
      "geometry": {
        "coordinates": [
          [
            [
              3.414172794943398,
              0.9412853879905708
            ],
            [
              3.317158544928865,
              0.7108765442060544
            ]
          ]
        ],
        "type": "MultiLineString"
      },
      "properties": {
        "endid": 102,
        "id": 324,
        "metadata": {
          "bottleneck": false,
          "canonical_edge_id": 22,
          "length_m": 0.25,
          "min_clearance_m": 0.40311288833618164,
          "segment_fraction_end": 0.08412433442912572,
          "segment_fraction_start": 0.013672360154443066,
          "segment_index": 1,
          "static_traversability": "FEASIBLE"
        },
        "startid": 103
      },
      "type": "Feature"
    },
    {
      "geometry": {
        "coordinates": [
          [
            [
              3.317158544928865,
              0.7108765442060544
            ],
            [
              3.220144294914332,
              0.48046770042153814
            ]
          ]
        ],
        "type": "MultiLineString"
      },
      "properties": {
        "endid": 101,
        "id": 325,
        "metadata": {
          "bottleneck": false,
          "canonical_edge_id": 22,
          "length_m": 0.25,
          "min_clearance_m": 0.40311288833618164,
          "segment_fraction_end": 0.15457630870380837,
          "segment_fraction_start": 0.08412433442912572,
          "segment_index": 2,
          "static_traversability": "FEASIBLE"
        },
        "startid": 102
      },
      "type": "Feature"
    },
    {
      "geometry": {
        "coordinates": [
          [
            [
              3.220144294914332,
              0.48046770042153814
            ],
            [
              3.123130044899799,
              0.25005885663702176
            ]
          ]
        ],
        "type": "MultiLineString"
      },
      "properties": {
        "endid": 100,
        "id": 326,
        "metadata": {
          "bottleneck": false,
          "canonical_edge_id": 22,
          "length_m": 0.25,
          "min_clearance_m": 0.40311288833618164,
          "segment_fraction_end": 0.22502828297849103,
          "segment_fraction_start": 0.15457630870380837,
          "segment_index": 3,
          "static_traversability": "FEASIBLE"
        },
        "startid": 101
      },
      "type": "Feature"
    },
    {
      "geometry": {
        "coordinates": [
          [
            [
              3.123130044899799,
              0.25005885663702176
            ],
            [
              3.0182392692539017,
              0.026159512835933985
            ]
          ]
        ],
        "type": "MultiLineString"
      },
      "properties": {
        "endid": 99,
        "id": 327,
        "metadata": {
          "bottleneck": false,
          "canonical_edge_id": 22,
          "length_m": 0.25,
          "min_clearance_m": 0.40311288833618164,
          "segment_fraction_end": 0.2954802572531737,
          "segment_fraction_start": 0.22502828297849103,
          "segment_index": 4,
          "static_traversability": "FEASIBLE"
        },
        "startid": 100
      },
      "type": "Feature"
    },
    {
      "geometry": {
        "coordinates": [
          [
            [
              3.0182392692539017,
              0.026159512835933985
            ],
            [
              2.810226695669441,
              -0.11251553622037284
            ]
          ]
        ],
        "type": "MultiLineString"
      },
      "properties": {
        "endid": 98,
        "id": 328,
        "metadata": {
          "bottleneck": false,
          "canonical_edge_id": 22,
          "length_m": 0.25,
          "min_clearance_m": 0.40311288833618164,
          "segment_fraction_end": 0.36593223152785637,
          "segment_fraction_start": 0.2954802572531737,
          "segment_index": 5,
          "static_traversability": "FEASIBLE"
        },
        "startid": 99
      },
      "type": "Feature"
    },
    {
      "geometry": {
        "coordinates": [
          [
            [
              2.810226695669441,
              -0.11251553622037284
            ],
            [
              2.575814937023607,
              -0.1639999999999997
            ]
          ]
        ],
        "type": "MultiLineString"
      },
      "properties": {
        "endid": 97,
        "id": 329,
        "metadata": {
          "bottleneck": false,
          "canonical_edge_id": 22,
          "length_m": 0.25,
          "min_clearance_m": 0.40311288833618164,
          "segment_fraction_end": 0.436384205802539,
          "segment_fraction_start": 0.36593223152785637,
          "segment_index": 6,
          "static_traversability": "FEASIBLE"
        },
        "startid": 98
      },
      "type": "Feature"
    },
    {
      "geometry": {
        "coordinates": [
          [
            [
              2.575814937023607,
              -0.1639999999999997
            ],
            [
              2.325814937023607,
              -0.1639999999999997
            ]
          ]
        ],
        "type": "MultiLineString"
      },
      "properties": {
        "endid": 96,
        "id": 330,
        "metadata": {
          "bottleneck": false,
          "canonical_edge_id": 22,
          "length_m": 0.25,
          "min_clearance_m": 0.40311288833618164,
          "segment_fraction_end": 0.5068361800772216,
          "segment_fraction_start": 0.436384205802539,
          "segment_index": 7,
          "static_traversability": "FEASIBLE"
        },
        "startid": 97
      },
      "type": "Feature"
    },
    {
      "geometry": {
        "coordinates": [
          [
            [
              2.325814937023607,
              -0.1639999999999997
            ],
            [
              2.0813153209538036,
              -0.13010510698460087
            ]
          ]
        ],
        "type": "MultiLineString"
      },
      "properties": {
        "endid": 95,
        "id": 331,
        "metadata": {
          "bottleneck": false,
          "canonical_edge_id": 22,
          "length_m": 0.25,
          "min_clearance_m": 0.40311288833618164,
          "segment_fraction_end": 0.5772881543519043,
          "segment_fraction_start": 0.5068361800772216,
          "segment_index": 8,
          "static_traversability": "FEASIBLE"
        },
        "startid": 96
      },
      "type": "Feature"
    },
    {
      "geometry": {
        "coordinates": [
          [
            [
              2.0813153209538036,
              -0.13010510698460087
            ],
            [
              1.8449721044513874,
              -0.07921115821944509
            ]
          ]
        ],
        "type": "MultiLineString"
      },
      "properties": {
        "endid": 94,
        "id": 332,
        "metadata": {
          "bottleneck": false,
          "canonical_edge_id": 22,
          "length_m": 0.25,
          "min_clearance_m": 0.40311288833618164,
          "segment_fraction_end": 0.6477401286265869,
          "segment_fraction_start": 0.5772881543519043,
          "segment_index": 9,
          "static_traversability": "FEASIBLE"
        },
        "startid": 95
      },
      "type": "Feature"
    },
    {
      "geometry": {
        "coordinates": [
          [
            [
              1.8449721044513874,
              -0.07921115821944509
            ],
            [
              1.61130094339717,
              -0.1639999999999997
            ]
          ]
        ],
        "type": "MultiLineString"
      },
      "properties": {
        "endid": 93,
        "id": 333,
        "metadata": {
          "bottleneck": false,
          "canonical_edge_id": 22,
          "length_m": 0.25,
          "min_clearance_m": 0.40311288833618164,
          "segment_fraction_end": 0.7181921029012697,
          "segment_fraction_start": 0.6477401286265869,
          "segment_index": 10,
          "static_traversability": "FEASIBLE"
        },
        "startid": 94
      },
      "type": "Feature"
    },
    {
      "geometry": {
        "coordinates": [
          [
            [
              1.61130094339717,
              -0.1639999999999997
            ],
            [
              1.36130094339717,
              -0.1639999999999997
            ]
          ]
        ],
        "type": "MultiLineString"
      },
      "properties": {
        "endid": 92,
        "id": 334,
        "metadata": {
          "bottleneck": false,
          "canonical_edge_id": 22,
          "length_m": 0.25,
          "min_clearance_m": 0.40311288833618164,
          "segment_fraction_end": 0.7886440771759523,
          "segment_fraction_start": 0.7181921029012697,
          "segment_index": 11,
          "static_traversability": "FEASIBLE"
        },
        "startid": 93
      },
      "type": "Feature"
    },
    {
      "geometry": {
        "coordinates": [
          [
            [
              1.36130094339717,
              -0.1639999999999997
            ],
            [
              1.11130094339717,
              -0.1639999999999997
            ]
          ]
        ],
        "type": "MultiLineString"
      },
      "properties": {
        "endid": 91,
        "id": 335,
        "metadata": {
          "bottleneck": false,
          "canonical_edge_id": 22,
          "length_m": 0.25,
          "min_clearance_m": 0.40311288833618164,
          "segment_fraction_end": 0.859096051450635,
          "segment_fraction_start": 0.7886440771759523,
          "segment_index": 12,
          "static_traversability": "FEASIBLE"
        },
        "startid": 92
      },
      "type": "Feature"
    },
    {
      "geometry": {
        "coordinates": [
          [
            [
              1.11130094339717,
              -0.1639999999999997
            ],
            [
              0.8949995760012721,
              -0.046499735000794684
            ]
          ]
        ],
        "type": "MultiLineString"
      },
      "properties": {
        "endid": 90,
        "id": 336,
        "metadata": {
          "bottleneck": false,
          "canonical_edge_id": 22,
          "length_m": 0.25,
          "min_clearance_m": 0.40311288833618164,
          "segment_fraction_end": 0.9295480257253176,
          "segment_fraction_start": 0.859096051450635,
          "segment_index": 13,
          "static_traversability": "FEASIBLE"
        },
        "startid": 91
      },
      "type": "Feature"
    },
    {
      "geometry": {
        "coordinates": [
          [
            [
              0.8949995760012721,
              -0.046499735000794684
            ],
            [
              0.683,
              0.0860000000000003
            ]
          ]
        ],
        "type": "MultiLineString"
      },
      "properties": {
        "endid": 5,
        "id": 337,
        "metadata": {
          "bottleneck": false,
          "canonical_edge_id": 22,
          "length_m": 0.25,
          "min_clearance_m": 0.40311288833618164,
          "segment_fraction_end": 1.0000000000000002,
          "segment_fraction_start": 0.9295480257253176,
          "segment_index": 14,
          "static_traversability": "FEASIBLE"
        },
        "startid": 90
      },
      "type": "Feature"
    },
    {
      "geometry": {
        "coordinates": [
          [
            [
              3.433,
              0.9859999999999998
            ],
            [
              3.317482365811225,
              1.1143529268764165
            ]
          ]
        ],
        "type": "MultiLineString"
      },
      "properties": {
        "endid": 109,
        "id": 338,
        "metadata": {
          "bottleneck": true,
          "canonical_edge_id": 23,
          "length_m": 0.17268120235368534,
          "min_clearance_m": 0.22360680997371674,
          "segment_fraction_end": 0.2567058537528335,
          "segment_fraction_start": 0.0,
          "segment_index": 0,
          "static_traversability": "UNKNOWN"
        },
        "startid": 15
      },
      "type": "Feature"
    },
    {
      "geometry": {
        "coordinates": [
          [
            [
              3.317482365811225,
              1.1143529268764165
            ],
            [
              3.1502411829056123,
              1.3001764634382083
            ]
          ]
        ],
        "type": "MultiLineString"
      },
      "properties": {
        "endid": 108,
        "id": 339,
        "metadata": {
          "bottleneck": true,
          "canonical_edge_id": 23,
          "length_m": 0.25,
          "min_clearance_m": 0.22360680997371674,
          "segment_fraction_end": 0.6283529268764168,
          "segment_fraction_start": 0.2567058537528335,
          "segment_index": 1,
          "static_traversability": "UNKNOWN"
        },
        "startid": 109
      },
      "type": "Feature"
    },
    {
      "geometry": {
        "coordinates": [
          [
            [
              3.1502411829056123,
              1.3001764634382083
            ],
            [
              2.983,
              1.4859999999999998
            ]
          ]
        ],
        "type": "MultiLineString"
      },
      "properties": {
        "endid": 10,
        "id": 340,
        "metadata": {
          "bottleneck": true,
          "canonical_edge_id": 23,
          "length_m": 0.25,
          "min_clearance_m": 0.22360680997371674,
          "segment_fraction_end": 1.0,
          "segment_fraction_start": 0.6283529268764168,
          "segment_index": 2,
          "static_traversability": "UNKNOWN"
        },
        "startid": 108
      },
      "type": "Feature"
    },
    {
      "geometry": {
        "coordinates": [
          [
            [
              3.433,
              0.9859999999999998
            ],
            [
              3.670170824512628,
              1.0650569415042095
            ]
          ]
        ],
        "type": "MultiLineString"
      },
      "properties": {
        "endid": 115,
        "id": 341,
        "metadata": {
          "bottleneck": false,
          "canonical_edge_id": 24,
          "length_m": 0.25,
          "min_clearance_m": 0.6000000238418579,
          "segment_fraction_end": 0.27223996468835876,
          "segment_fraction_start": 0.0,
          "segment_index": 0,
          "static_traversability": "FEASIBLE"
        },
        "startid": 15
      },
      "type": "Feature"
    },
    {
      "geometry": {
        "coordinates": [
          [
            [
              3.670170824512628,
              1.0650569415042095
            ],
            [
              3.9161374402591056,
              1.0707385466450747
            ]
          ]
        ],
        "type": "MultiLineString"
      },
      "properties": {
        "endid": 116,
        "id": 342,
        "metadata": {
          "bottleneck": false,
          "canonical_edge_id": 24,
          "length_m": 0.25,
          "min_clearance_m": 0.6000000238418579,
          "segment_fraction_end": 0.5444799293767175,
          "segment_fraction_start": 0.27223996468835876,
          "segment_index": 1,
          "static_traversability": "FEASIBLE"
        },
        "startid": 115
      },
      "type": "Feature"
    },
    {
      "geometry": {
        "coordinates": [
          [
            [
              3.9161374402591056,
              1.0707385466450747
            ],
            [
              4.165273879820325,
              1.0499771766816395
            ]
          ]
        ],
        "type": "MultiLineString"
      },
      "properties": {
        "endid": 117,
        "id": 343,
        "metadata": {
          "bottleneck": false,
          "canonical_edge_id": 24,
          "length_m": 0.25,
          "min_clearance_m": 0.6000000238418579,
          "segment_fraction_end": 0.8167198940650762,
          "segment_fraction_start": 0.5444799293767175,
          "segment_index": 2,
          "static_traversability": "FEASIBLE"
        },
        "startid": 116
      },
      "type": "Feature"
    },
    {
      "geometry": {
        "coordinates": [
          [
            [
              4.165273879820325,
              1.0499771766816395
            ],
            [
              4.333,
              1.0359999999999996
            ]
          ]
        ],
        "type": "MultiLineString"
      },
      "properties": {
        "endid": 27,
        "id": 344,
        "metadata": {
          "bottleneck": false,
          "canonical_edge_id": 24,
          "length_m": 0.16830749495645325,
          "min_clearance_m": 0.6000000238418579,
          "segment_fraction_end": 1.0,
          "segment_fraction_start": 0.8167198940650762,
          "segment_index": 3,
          "static_traversability": "FEASIBLE"
        },
        "startid": 117
      },
      "type": "Feature"
    },
    {
      "geometry": {
        "coordinates": [
          [
            [
              3.433,
              3.4860000000000007
            ],
            [
              3.617985018348986,
              3.654168198499079
            ]
          ]
        ],
        "type": "MultiLineString"
      },
      "properties": {
        "endid": 118,
        "id": 345,
        "metadata": {
          "bottleneck": true,
          "canonical_edge_id": 25,
          "length_m": 0.25,
          "min_clearance_m": 0.22360680997371674,
          "segment_fraction_end": 0.33633639699815604,
          "segment_fraction_start": 0.0,
          "segment_index": 0,
          "static_traversability": "UNKNOWN"
        },
        "startid": 16
      },
      "type": "Feature"
    },
    {
      "geometry": {
        "coordinates": [
          [
            [
              3.617985018348986,
              3.654168198499079
            ],
            [
              3.802970036697972,
              3.8223363969981565
            ]
          ]
        ],
        "type": "MultiLineString"
      },
      "properties": {
        "endid": 119,
        "id": 346,
        "metadata": {
          "bottleneck": true,
          "canonical_edge_id": 25,
          "length_m": 0.25,
          "min_clearance_m": 0.22360680997371674,
          "segment_fraction_end": 0.6726727939963121,
          "segment_fraction_start": 0.33633639699815604,
          "segment_index": 1,
          "static_traversability": "UNKNOWN"
        },
        "startid": 118
      },
      "type": "Feature"
    },
    {
      "geometry": {
        "coordinates": [
          [
            [
              3.802970036697972,
              3.8223363969981565
            ],
            [
              3.9830000000000005,
              3.9860000000000007
            ]
          ]
        ],
        "type": "MultiLineString"
      },
      "properties": {
        "endid": 21,
        "id": 347,
        "metadata": {
          "bottleneck": true,
          "canonical_edge_id": 25,
          "length_m": 0.24330343736592575,
          "min_clearance_m": 0.22360680997371674,
          "segment_fraction_end": 1.0,
          "segment_fraction_start": 0.6726727939963121,
          "segment_index": 2,
          "static_traversability": "UNKNOWN"
        },
        "startid": 119
      },
      "type": "Feature"
    },
    {
      "geometry": {
        "coordinates": [
          [
            [
              3.633,
              -1.8639999999999999
            ],
            [
              3.5302750171748856,
              -1.692791695291475
            ]
          ]
        ],
        "type": "MultiLineString"
      },
      "properties": {
        "endid": 111,
        "id": 348,
        "metadata": {
          "bottleneck": true,
          "canonical_edge_id": 26,
          "length_m": 0.19966147775068466,
          "min_clearance_m": 0.22360680997371674,
          "segment_fraction_end": 0.2853686877153346,
          "segment_fraction_start": 0.0,
          "segment_index": 0,
          "static_traversability": "UNKNOWN"
        },
        "startid": 17
      },
      "type": "Feature"
    },
    {
      "geometry": {
        "coordinates": [
          [
            [
              3.5302750171748856,
              -1.692791695291475
            ],
            [
              3.3329999999999997,
              -1.6640000000000004
            ]
          ]
        ],
        "type": "MultiLineString"
      },
      "properties": {
        "endid": 110,
        "id": 349,
        "metadata": {
          "bottleneck": true,
          "canonical_edge_id": 26,
          "length_m": 0.25,
          "min_clearance_m": 0.22360680997371674,
          "segment_fraction_end": 0.6426843438576673,
          "segment_fraction_start": 0.2853686877153346,
          "segment_index": 1,
          "static_traversability": "UNKNOWN"
        },
        "startid": 111
      },
      "type": "Feature"
    },
    {
      "geometry": {
        "coordinates": [
          [
            [
              3.3329999999999997,
              -1.6640000000000004
            ],
            [
              3.133,
              -1.5140000000000002
            ]
          ]
        ],
        "type": "MultiLineString"
      },
      "properties": {
        "endid": 11,
        "id": 350,
        "metadata": {
          "bottleneck": true,
          "canonical_edge_id": 26,
          "length_m": 0.25,
          "min_clearance_m": 0.22360680997371674,
          "segment_fraction_end": 1.0,
          "segment_fraction_start": 0.6426843438576673,
          "segment_index": 2,
          "static_traversability": "UNKNOWN"
        },
        "startid": 110
      },
      "type": "Feature"
    },
    {
      "geometry": {
        "coordinates": [
          [
            [
              3.7830000000000004,
              -1.0140000000000002
            ],
            [
              3.6804873734152914,
              -1.0286446609406728
            ]
          ]
        ],
        "type": "MultiLineString"
      },
      "properties": {
        "endid": 114,
        "id": 351,
        "metadata": {
          "bottleneck": true,
          "canonical_edge_id": 27,
          "length_m": 0.10355339059327429,
          "min_clearance_m": 0.22360680997371674,
          "segment_fraction_end": 0.29289321881345354,
          "segment_fraction_start": 0.0,
          "segment_index": 0,
          "static_traversability": "UNKNOWN"
        },
        "startid": 18
      },
      "type": "Feature"
    },
    {
      "geometry": {
        "coordinates": [
          [
            [
              3.6804873734152914,
              -1.0286446609406728
            ],
            [
              3.433,
              -1.064
            ]
          ]
        ],
        "type": "MultiLineString"
      },
      "properties": {
        "endid": 14,
        "id": 352,
        "metadata": {
          "bottleneck": true,
          "canonical_edge_id": 27,
          "length_m": 0.25,
          "min_clearance_m": 0.22360680997371674,
          "segment_fraction_end": 1.0,
          "segment_fraction_start": 0.29289321881345354,
          "segment_index": 1,
          "static_traversability": "UNKNOWN"
        },
        "startid": 114
      },
      "type": "Feature"
    },
    {
      "geometry": {
        "coordinates": [
          [
            [
              3.7830000000000004,
              -1.0140000000000002
            ],
            [
              3.955048170249253,
              -1.1801445107477575
            ]
          ]
        ],
        "type": "MultiLineString"
      },
      "properties": {
        "endid": 120,
        "id": 353,
        "metadata": {
          "bottleneck": true,
          "canonical_edge_id": 28,
          "length_m": 0.25,
          "min_clearance_m": 0.22360680997371674,
          "segment_fraction_end": 0.38190140941825634,
          "segment_fraction_start": 0.0,
          "segment_index": 0,
          "static_traversability": "UNKNOWN"
        },
        "startid": 18
      },
      "type": "Feature"
    },
    {
      "geometry": {
        "coordinates": [
          [
            [
              3.955048170249253,
              -1.1801445107477575
            ],
            [
              4.034105111753463,
              -1.417315335260386
            ]
          ]
        ],
        "type": "MultiLineString"
      },
      "properties": {
        "endid": 121,
        "id": 354,
        "metadata": {
          "bottleneck": true,
          "canonical_edge_id": 28,
          "length_m": 0.25,
          "min_clearance_m": 0.22360680997371674,
          "segment_fraction_end": 0.7638028188365127,
          "segment_fraction_start": 0.38190140941825634,
          "segment_index": 1,
          "static_traversability": "UNKNOWN"
        },
        "startid": 120
      },
      "type": "Feature"
    },
    {
      "geometry": {
        "coordinates": [
          [
            [
              4.034105111753463,
              -1.417315335260386
            ],
            [
              4.083,
              -1.564
            ]
          ]
        ],
        "type": "MultiLineString"
      },
      "properties": {
        "endid": 22,
        "id": 355,
        "metadata": {
          "bottleneck": true,
          "canonical_edge_id": 28,
          "length_m": 0.15461921279845647,
          "min_clearance_m": 0.22360680997371674,
          "segment_fraction_end": 1.0,
          "segment_fraction_start": 0.7638028188365127,
          "segment_index": 2,
          "static_traversability": "UNKNOWN"
        },
        "startid": 121
      },
      "type": "Feature"
    },
    {
      "geometry": {
        "coordinates": [
          [
            [
              3.7830000000000004,
              2.4860000000000007
            ],
            [
              3.5759932839070703,
              2.444598656781414
            ]
          ]
        ],
        "type": "MultiLineString"
      },
      "properties": {
        "endid": 113,
        "id": 356,
        "metadata": {
          "bottleneck": true,
          "canonical_edge_id": 29,
          "length_m": 0.21110625696052276,
          "min_clearance_m": 0.30000001192092896,
          "segment_fraction_end": 0.4578256177915982,
          "segment_fraction_start": 0.0,
          "segment_index": 0,
          "static_traversability": "FEASIBLE"
        },
        "startid": 19
      },
      "type": "Feature"
    },
    {
      "geometry": {
        "coordinates": [
          [
            [
              3.5759932839070703,
              2.444598656781414
            ],
            [
              3.333,
              2.4860000000000007
            ]
          ]
        ],
        "type": "MultiLineString"
      },
      "properties": {
        "endid": 12,
        "id": 357,
        "metadata": {
          "bottleneck": true,
          "canonical_edge_id": 29,
          "length_m": 0.25,
          "min_clearance_m": 0.30000001192092896,
          "segment_fraction_end": 1.0,
          "segment_fraction_start": 0.4578256177915982,
          "segment_index": 1,
          "static_traversability": "FEASIBLE"
        },
        "startid": 113
      },
      "type": "Feature"
    },
    {
      "geometry": {
        "coordinates": [
          [
            [
              3.7830000000000004,
              2.4860000000000007
            ],
            [
              3.94304609991612,
              2.2939446801006564
            ]
          ]
        ],
        "type": "MultiLineString"
      },
      "properties": {
        "endid": 122,
        "id": 358,
        "metadata": {
          "bottleneck": true,
          "canonical_edge_id": 30,
          "length_m": 0.25,
          "min_clearance_m": 0.3162277638912201,
          "segment_fraction_end": 0.32009219983223974,
          "segment_fraction_start": 0.0,
          "segment_index": 0,
          "static_traversability": "FEASIBLE"
        },
        "startid": 19
      },
      "type": "Feature"
    },
    {
      "geometry": {
        "coordinates": [
          [
            [
              3.94304609991612,
              2.2939446801006564
            ],
            [
              4.10309219983224,
              2.1018893602013127
            ]
          ]
        ],
        "type": "MultiLineString"
      },
      "properties": {
        "endid": 123,
        "id": 359,
        "metadata": {
          "bottleneck": true,
          "canonical_edge_id": 30,
          "length_m": 0.25,
          "min_clearance_m": 0.3162277638912201,
          "segment_fraction_end": 0.6401843996644795,
          "segment_fraction_start": 0.32009219983223974,
          "segment_index": 1,
          "static_traversability": "FEASIBLE"
        },
        "startid": 122
      },
      "type": "Feature"
    },
    {
      "geometry": {
        "coordinates": [
          [
            [
              4.10309219983224,
              2.1018893602013127
            ],
            [
              4.26313829974836,
              1.9098340403019685
            ]
          ]
        ],
        "type": "MultiLineString"
      },
      "properties": {
        "endid": 124,
        "id": 360,
        "metadata": {
          "bottleneck": true,
          "canonical_edge_id": 30,
          "length_m": 0.25,
          "min_clearance_m": 0.3162277638912201,
          "segment_fraction_end": 0.9602765994967193,
          "segment_fraction_start": 0.6401843996644795,
          "segment_index": 2,
          "static_traversability": "FEASIBLE"
        },
        "startid": 123
      },
      "type": "Feature"
    },
    {
      "geometry": {
        "coordinates": [
          [
            [
              4.26313829974836,
              1.9098340403019685
            ],
            [
              4.283,
              1.8860000000000001
            ]
          ]
        ],
        "type": "MultiLineString"
      },
      "properties": {
        "endid": 25,
        "id": 361,
        "metadata": {
          "bottleneck": true,
          "canonical_edge_id": 30,
          "length_m": 0.031024967590665864,
          "min_clearance_m": 0.3162277638912201,
          "segment_fraction_end": 1.0,
          "segment_fraction_start": 0.9602765994967193,
          "segment_index": 3,
          "static_traversability": "FEASIBLE"
        },
        "startid": 124
      },
      "type": "Feature"
    },
    {
      "geometry": {
        "coordinates": [
          [
            [
              3.9330000000000007,
              -2.064
            ],
            [
              4.120737160535927,
              -2.2171447633779944
            ]
          ]
        ],
        "type": "MultiLineString"
      },
      "properties": {
        "endid": 125,
        "id": 362,
        "metadata": {
          "bottleneck": true,
          "canonical_edge_id": 31,
          "length_m": 0.25,
          "min_clearance_m": 0.25,
          "segment_fraction_end": 0.30704542880602387,
          "segment_fraction_start": 0.0,
          "segment_index": 0,
          "static_traversability": "UNKNOWN"
        },
        "startid": 20
      },
      "type": "Feature"
    },
    {
      "geometry": {
        "coordinates": [
          [
            [
              4.120737160535927,
              -2.2171447633779944
            ],
            [
              4.369873600097147,
              -2.237906133341429
            ]
          ]
        ],
        "type": "MultiLineString"
      },
      "properties": {
        "endid": 126,
        "id": 363,
        "metadata": {
          "bottleneck": true,
          "canonical_edge_id": 31,
          "length_m": 0.25,
          "min_clearance_m": 0.25,
          "segment_fraction_end": 0.6140908576120477,
          "segment_fraction_start": 0.30704542880602387,
          "segment_index": 1,
          "static_traversability": "UNKNOWN"
        },
        "startid": 125
      },
      "type": "Feature"
    },
    {
      "geometry": {
        "coordinates": [
          [
            [
              4.369873600097147,
              -2.237906133341429
            ],
            [
              4.619010039658367,
              -2.258667503304864
            ]
          ]
        ],
        "type": "MultiLineString"
      },
      "properties": {
        "endid": 127,
        "id": 364,
        "metadata": {
          "bottleneck": true,
          "canonical_edge_id": 31,
          "length_m": 0.25,
          "min_clearance_m": 0.25,
          "segment_fraction_end": 0.9211362864180717,
          "segment_fraction_start": 0.6140908576120477,
          "segment_index": 2,
          "static_traversability": "UNKNOWN"
        },
        "startid": 126
      },
      "type": "Feature"
    },
    {
      "geometry": {
        "coordinates": [
          [
            [
              4.619010039658367,
              -2.258667503304864
            ],
            [
              4.683000000000001,
              -2.2640000000000002
            ]
          ]
        ],
        "type": "MultiLineString"
      },
      "properties": {
        "endid": 31,
        "id": 365,
        "metadata": {
          "bottleneck": true,
          "canonical_edge_id": 31,
          "length_m": 0.06421176329557943,
          "min_clearance_m": 0.25,
          "segment_fraction_end": 1.0,
          "segment_fraction_start": 0.9211362864180717,
          "segment_index": 3,
          "static_traversability": "UNKNOWN"
        },
        "startid": 127
      },
      "type": "Feature"
    },
    {
      "geometry": {
        "coordinates": [
          [
            [
              3.9830000000000005,
              3.9860000000000007
            ],
            [
              3.802970036697972,
              3.8223363969981565
            ]
          ]
        ],
        "type": "MultiLineString"
      },
      "properties": {
        "endid": 119,
        "id": 366,
        "metadata": {
          "bottleneck": true,
          "canonical_edge_id": 32,
          "length_m": 0.24330343736592575,
          "min_clearance_m": 0.22360680997371674,
          "segment_fraction_end": 0.327327206003688,
          "segment_fraction_start": 0.0,
          "segment_index": 0,
          "static_traversability": "UNKNOWN"
        },
        "startid": 21
      },
      "type": "Feature"
    },
    {
      "geometry": {
        "coordinates": [
          [
            [
              3.802970036697972,
              3.8223363969981565
            ],
            [
              3.617985018348986,
              3.654168198499079
            ]
          ]
        ],
        "type": "MultiLineString"
      },
      "properties": {
        "endid": 118,
        "id": 367,
        "metadata": {
          "bottleneck": true,
          "canonical_edge_id": 32,
          "length_m": 0.25,
          "min_clearance_m": 0.22360680997371674,
          "segment_fraction_end": 0.663663603001844,
          "segment_fraction_start": 0.327327206003688,
          "segment_index": 1,
          "static_traversability": "UNKNOWN"
        },
        "startid": 119
      },
      "type": "Feature"
    },
    {
      "geometry": {
        "coordinates": [
          [
            [
              3.617985018348986,
              3.654168198499079
            ],
            [
              3.433,
              3.4860000000000007
            ]
          ]
        ],
        "type": "MultiLineString"
      },
      "properties": {
        "endid": 16,
        "id": 368,
        "metadata": {
          "bottleneck": true,
          "canonical_edge_id": 32,
          "length_m": 0.25,
          "min_clearance_m": 0.22360680997371674,
          "segment_fraction_end": 1.0,
          "segment_fraction_start": 0.663663603001844,
          "segment_index": 2,
          "static_traversability": "UNKNOWN"
        },
        "startid": 118
      },
      "type": "Feature"
    },
    {
      "geometry": {
        "coordinates": [
          [
            [
              3.9830000000000005,
              3.9860000000000007
            ],
            [
              3.9476446609406732,
              4.233487373415293
            ]
          ]
        ],
        "type": "MultiLineString"
      },
      "properties": {
        "endid": 128,
        "id": 369,
        "metadata": {
          "bottleneck": true,
          "canonical_edge_id": 33,
          "length_m": 0.25,
          "min_clearance_m": 0.22360680997371674,
          "segment_fraction_end": 0.41421356237309553,
          "segment_fraction_start": 0.0,
          "segment_index": 0,
          "static_traversability": "UNKNOWN"
        },
        "startid": 21
      },
      "type": "Feature"
    },
    {
      "geometry": {
        "coordinates": [
          [
            [
              3.9476446609406732,
              4.233487373415293
            ],
            [
              4.050157287525382,
              4.423867965644036
            ]
          ]
        ],
        "type": "MultiLineString"
      },
      "properties": {
        "endid": 129,
        "id": 370,
        "metadata": {
          "bottleneck": true,
          "canonical_edge_id": 33,
          "length_m": 0.25,
          "min_clearance_m": 0.22360680997371674,
          "segment_fraction_end": 0.8284271247461911,
          "segment_fraction_start": 0.41421356237309553,
          "segment_index": 1,
          "static_traversability": "UNKNOWN"
        },
        "startid": 128
      },
      "type": "Feature"
    },
    {
      "geometry": {
        "coordinates": [
          [
            [
              4.050157287525382,
              4.423867965644036
            ],
            [
              4.133,
              4.486000000000001
            ]
          ]
        ],
        "type": "MultiLineString"
      },
      "properties": {
        "endid": 24,
        "id": 371,
        "metadata": {
          "bottleneck": true,
          "canonical_edge_id": 33,
          "length_m": 0.10355339059327306,
          "min_clearance_m": 0.22360680997371674,
          "segment_fraction_end": 1.0,
          "segment_fraction_start": 0.8284271247461911,
          "segment_index": 2,
          "static_traversability": "UNKNOWN"
        },
        "startid": 129
      },
      "type": "Feature"
    },
    {
      "geometry": {
        "coordinates": [
          [
            [
              3.9830000000000005,
              3.9860000000000007
            ],
            [
              4.2314709336684055,
              4.013607881518712
            ]
          ]
        ],
        "type": "MultiLineString"
      },
      "properties": {
        "endid": 130,
        "id": 372,
        "metadata": {
          "bottleneck": true,
          "canonical_edge_id": 34,
          "length_m": 0.25,
          "min_clearance_m": 0.3162277638912201,
          "segment_fraction_end": 0.2539936571931019,
          "segment_fraction_start": 0.0,
          "segment_index": 0,
          "static_traversability": "UNKNOWN"
        },
        "startid": 21
      },
      "type": "Feature"
    },
    {
      "geometry": {
        "coordinates": [
          [
            [
              4.2314709336684055,
              4.013607881518712
            ],
            [
              4.468544756525578,
              4.067101661959879
            ]
          ]
        ],
        "type": "MultiLineString"
      },
      "properties": {
        "endid": 131,
        "id": 373,
        "metadata": {
          "bottleneck": true,
          "canonical_edge_id": 34,
          "length_m": 0.25,
          "min_clearance_m": 0.3162277638912201,
          "segment_fraction_end": 0.5079873143862038,
          "segment_fraction_start": 0.2539936571931019,
          "segment_index": 1,
          "static_traversability": "UNKNOWN"
        },
        "startid": 130
      },
      "type": "Feature"
    },
    {
      "geometry": {
        "coordinates": [
          [
            [
              4.468544756525578,
              4.067101661959879
            ],
            [
              4.6566889302022965,
              4.23172781392701
            ]
          ]
        ],
        "type": "MultiLineString"
      },
      "properties": {
        "endid": 132,
        "id": 374,
        "metadata": {
          "bottleneck": true,
          "canonical_edge_id": 34,
          "length_m": 0.25,
          "min_clearance_m": 0.3162277638912201,
          "segment_fraction_end": 0.7619809715793058,
          "segment_fraction_start": 0.5079873143862038,
          "segment_index": 2,
          "static_traversability": "UNKNOWN"
        },
        "startid": 131
      },
      "type": "Feature"
    },
    {
      "geometry": {
        "coordinates": [
          [
            [
              4.6566889302022965,
              4.23172781392701
            ],
            [
              4.833,
              4.386000000000001
            ]
          ]
        ],
        "type": "MultiLineString"
      },
      "properties": {
        "endid": 33,
        "id": 375,
        "metadata": {
          "bottleneck": true,
          "canonical_edge_id": 34,
          "length_m": 0.23427654754360383,
          "min_clearance_m": 0.3162277638912201,
          "segment_fraction_end": 1.0,
          "segment_fraction_start": 0.7619809715793058,
          "segment_index": 3,
          "static_traversability": "UNKNOWN"
        },
        "startid": 132
      },
      "type": "Feature"
    },
    {
      "geometry": {
        "coordinates": [
          [
            [
              4.083,
              -1.564
            ],
            [
              4.034105111753463,
              -1.417315335260386
            ]
          ]
        ],
        "type": "MultiLineString"
      },
      "properties": {
        "endid": 121,
        "id": 376,
        "metadata": {
          "bottleneck": true,
          "canonical_edge_id": 35,
          "length_m": 0.15461921279845647,
          "min_clearance_m": 0.22360680997371674,
          "segment_fraction_end": 0.2361971811634873,
          "segment_fraction_start": 0.0,
          "segment_index": 0,
          "static_traversability": "UNKNOWN"
        },
        "startid": 22
      },
      "type": "Feature"
    },
    {
      "geometry": {
        "coordinates": [
          [
            [
              4.034105111753463,
              -1.417315335260386
            ],
            [
              3.955048170249253,
              -1.1801445107477575
            ]
          ]
        ],
        "type": "MultiLineString"
      },
      "properties": {
        "endid": 120,
        "id": 377,
        "metadata": {
          "bottleneck": true,
          "canonical_edge_id": 35,
          "length_m": 0.25,
          "min_clearance_m": 0.22360680997371674,
          "segment_fraction_end": 0.6180985905817437,
          "segment_fraction_start": 0.2361971811634873,
          "segment_index": 1,
          "static_traversability": "UNKNOWN"
        },
        "startid": 121
      },
      "type": "Feature"
    },
    {
      "geometry": {
        "coordinates": [
          [
            [
              3.955048170249253,
              -1.1801445107477575
            ],
            [
              3.7830000000000004,
              -1.0140000000000002
            ]
          ]
        ],
        "type": "MultiLineString"
      },
      "properties": {
        "endid": 18,
        "id": 378,
        "metadata": {
          "bottleneck": true,
          "canonical_edge_id": 35,
          "length_m": 0.25,
          "min_clearance_m": 0.22360680997371674,
          "segment_fraction_end": 1.0,
          "segment_fraction_start": 0.6180985905817437,
          "segment_index": 2,
          "static_traversability": "UNKNOWN"
        },
        "startid": 120
      },
      "type": "Feature"
    },
    {
      "geometry": {
        "coordinates": [
          [
            [
              4.083,
              0.13600000000000012
            ],
            [
              4.259776695296638,
              0.31277669529663676
            ]
          ]
        ],
        "type": "MultiLineString"
      },
      "properties": {
        "endid": 133,
        "id": 379,
        "metadata": {
          "bottleneck": true,
          "canonical_edge_id": 36,
          "length_m": 0.25,
          "min_clearance_m": 0.22360680997371674,
          "segment_fraction_end": 0.2783692709565327,
          "segment_fraction_start": 0.0,
          "segment_index": 0,
          "static_traversability": "UNKNOWN"
        },
        "startid": 23
      },
      "type": "Feature"
    },
    {
      "geometry": {
        "coordinates": [
          [
            [
              4.259776695296638,
              0.31277669529663676
            ],
            [
              4.437363141601786,
              0.4884932237724484
            ]
          ]
        ],
        "type": "MultiLineString"
      },
      "properties": {
        "endid": 134,
        "id": 380,
        "metadata": {
          "bottleneck": true,
          "canonical_edge_id": 36,
          "length_m": 0.25,
          "min_clearance_m": 0.22360680997371674,
          "segment_fraction_end": 0.5567385419130654,
          "segment_fraction_start": 0.2783692709565327,
          "segment_index": 1,
          "static_traversability": "UNKNOWN"
        },
        "startid": 133
      },
      "type": "Feature"
    },
    {
      "geometry": {
        "coordinates": [
          [
            [
              4.437363141601786,
              0.4884932237724484
            ],
            [
              4.654423927132901,
              0.6125279583616571
            ]
          ]
        ],
        "type": "MultiLineString"
      },
      "properties": {
        "endid": 135,
        "id": 381,
        "metadata": {
          "bottleneck": true,
          "canonical_edge_id": 36,
          "length_m": 0.25,
          "min_clearance_m": 0.22360680997371674,
          "segment_fraction_end": 0.8351078128695981,
          "segment_fraction_start": 0.5567385419130654,
          "segment_index": 2,
          "static_traversability": "UNKNOWN"
        },
        "startid": 134
      },
      "type": "Feature"
    },
    {
      "geometry": {
        "coordinates": [
          [
            [
              4.654423927132901,
              0.6125279583616571
            ],
            [
              4.783,
              0.6859999999999999
            ]
          ]
        ],
        "type": "MultiLineString"
      },
      "properties": {
        "endid": 32,
        "id": 382,
        "metadata": {
          "bottleneck": true,
          "canonical_edge_id": 36,
          "length_m": 0.14808763424551064,
          "min_clearance_m": 0.22360680997371674,
          "segment_fraction_end": 1.0,
          "segment_fraction_start": 0.8351078128695981,
          "segment_index": 3,
          "static_traversability": "UNKNOWN"
        },
        "startid": 135
      },
      "type": "Feature"
    },
    {
      "geometry": {
        "coordinates": [
          [
            [
              4.133,
              4.486000000000001
            ],
            [
              4.050157287525382,
              4.423867965644036
            ]
          ]
        ],
        "type": "MultiLineString"
      },
      "properties": {
        "endid": 129,
        "id": 383,
        "metadata": {
          "bottleneck": true,
          "canonical_edge_id": 37,
          "length_m": 0.10355339059327306,
          "min_clearance_m": 0.22360680997371674,
          "segment_fraction_end": 0.17157287525380893,
          "segment_fraction_start": 0.0,
          "segment_index": 0,
          "static_traversability": "UNKNOWN"
        },
        "startid": 24
      },
      "type": "Feature"
    },
    {
      "geometry": {
        "coordinates": [
          [
            [
              4.050157287525382,
              4.423867965644036
            ],
            [
              3.9476446609406732,
              4.233487373415293
            ]
          ]
        ],
        "type": "MultiLineString"
      },
      "properties": {
        "endid": 128,
        "id": 384,
        "metadata": {
          "bottleneck": true,
          "canonical_edge_id": 37,
          "length_m": 0.25,
          "min_clearance_m": 0.22360680997371674,
          "segment_fraction_end": 0.5857864376269045,
          "segment_fraction_start": 0.17157287525380893,
          "segment_index": 1,
          "static_traversability": "UNKNOWN"
        },
        "startid": 129
      },
      "type": "Feature"
    },
    {
      "geometry": {
        "coordinates": [
          [
            [
              3.9476446609406732,
              4.233487373415293
            ],
            [
              3.9830000000000005,
              3.9860000000000007
            ]
          ]
        ],
        "type": "MultiLineString"
      },
      "properties": {
        "endid": 21,
        "id": 385,
        "metadata": {
          "bottleneck": true,
          "canonical_edge_id": 37,
          "length_m": 0.25,
          "min_clearance_m": 0.22360680997371674,
          "segment_fraction_end": 1.0,
          "segment_fraction_start": 0.5857864376269045,
          "segment_index": 2,
          "static_traversability": "UNKNOWN"
        },
        "startid": 128
      },
      "type": "Feature"
    },
    {
      "geometry": {
        "coordinates": [
          [
            [
              4.283,
              1.8860000000000001
            ],
            [
              4.26313829974836,
              1.9098340403019685
            ]
          ]
        ],
        "type": "MultiLineString"
      },
      "properties": {
        "endid": 124,
        "id": 386,
        "metadata": {
          "bottleneck": true,
          "canonical_edge_id": 38,
          "length_m": 0.031024967590665864,
          "min_clearance_m": 0.3162277638912201,
          "segment_fraction_end": 0.03972340050328072,
          "segment_fraction_start": 0.0,
          "segment_index": 0,
          "static_traversability": "FEASIBLE"
        },
        "startid": 25
      },
      "type": "Feature"
    },
    {
      "geometry": {
        "coordinates": [
          [
            [
              4.26313829974836,
              1.9098340403019685
            ],
            [
              4.10309219983224,
              2.1018893602013127
            ]
          ]
        ],
        "type": "MultiLineString"
      },
      "properties": {
        "endid": 123,
        "id": 387,
        "metadata": {
          "bottleneck": true,
          "canonical_edge_id": 38,
          "length_m": 0.25,
          "min_clearance_m": 0.3162277638912201,
          "segment_fraction_end": 0.35981560033552046,
          "segment_fraction_start": 0.03972340050328072,
          "segment_index": 1,
          "static_traversability": "FEASIBLE"
        },
        "startid": 124
      },
      "type": "Feature"
    },
    {
      "geometry": {
        "coordinates": [
          [
            [
              4.10309219983224,
              2.1018893602013127
            ],
            [
              3.94304609991612,
              2.2939446801006564
            ]
          ]
        ],
        "type": "MultiLineString"
      },
      "properties": {
        "endid": 122,
        "id": 388,
        "metadata": {
          "bottleneck": true,
          "canonical_edge_id": 38,
          "length_m": 0.25,
          "min_clearance_m": 0.3162277638912201,
          "segment_fraction_end": 0.6799078001677602,
          "segment_fraction_start": 0.35981560033552046,
          "segment_index": 2,
          "static_traversability": "FEASIBLE"
        },
        "startid": 123
      },
      "type": "Feature"
    },
    {
      "geometry": {
        "coordinates": [
          [
            [
              3.94304609991612,
              2.2939446801006564
            ],
            [
              3.7830000000000004,
              2.4860000000000007
            ]
          ]
        ],
        "type": "MultiLineString"
      },
      "properties": {
        "endid": 19,
        "id": 389,
        "metadata": {
          "bottleneck": true,
          "canonical_edge_id": 38,
          "length_m": 0.25,
          "min_clearance_m": 0.3162277638912201,
          "segment_fraction_end": 1.0,
          "segment_fraction_start": 0.6799078001677602,
          "segment_index": 3,
          "static_traversability": "FEASIBLE"
        },
        "startid": 122
      },
      "type": "Feature"
    },
    {
      "geometry": {
        "coordinates": [
          [
            [
              4.283,
              1.8860000000000001
            ],
            [
              4.297680505487868,
              1.636431406706251
            ]
          ]
        ],
        "type": "MultiLineString"
      },
      "properties": {
        "endid": 136,
        "id": 390,
        "metadata": {
          "bottleneck": true,
          "canonical_edge_id": 39,
          "length_m": 0.25,
          "min_clearance_m": 0.36400550603866577,
          "segment_fraction_end": 0.2936101097573516,
          "segment_fraction_start": 0.0,
          "segment_index": 0,
          "static_traversability": "FEASIBLE"
        },
        "startid": 25
      },
      "type": "Feature"
    },
    {
      "geometry": {
        "coordinates": [
          [
            [
              4.297680505487868,
              1.636431406706251
            ],
            [
              4.312361010975735,
              1.386862813412502
            ]
          ]
        ],
        "type": "MultiLineString"
      },
      "properties": {
        "endid": 137,
        "id": 391,
        "metadata": {
          "bottleneck": true,
          "canonical_edge_id": 39,
          "length_m": 0.25,
          "min_clearance_m": 0.36400550603866577,
          "segment_fraction_end": 0.5872202195147032,
          "segment_fraction_start": 0.2936101097573516,
          "segment_index": 1,
          "static_traversability": "FEASIBLE"
        },
        "startid": 136
      },
      "type": "Feature"
    },
    {
      "geometry": {
        "coordinates": [
          [
            [
              4.312361010975735,
              1.386862813412502
            ],
            [
              4.327041516463603,
              1.1372942201187533
            ]
          ]
        ],
        "type": "MultiLineString"
      },
      "properties": {
        "endid": 138,
        "id": 392,
        "metadata": {
          "bottleneck": true,
          "canonical_edge_id": 39,
          "length_m": 0.25,
          "min_clearance_m": 0.36400550603866577,
          "segment_fraction_end": 0.8808303292720547,
          "segment_fraction_start": 0.5872202195147032,
          "segment_index": 2,
          "static_traversability": "FEASIBLE"
        },
        "startid": 137
      },
      "type": "Feature"
    },
    {
      "geometry": {
        "coordinates": [
          [
            [
              4.327041516463603,
              1.1372942201187533
            ],
            [
              4.333,
              1.0359999999999996
            ]
          ]
        ],
        "type": "MultiLineString"
      },
      "properties": {
        "endid": 27,
        "id": 393,
        "metadata": {
          "bottleneck": true,
          "canonical_edge_id": 39,
          "length_m": 0.10146931829632055,
          "min_clearance_m": 0.36400550603866577,
          "segment_fraction_end": 1.0,
          "segment_fraction_start": 0.8808303292720547,
          "segment_index": 3,
          "static_traversability": "FEASIBLE"
        },
        "startid": 138
      },
      "type": "Feature"
    },
    {
      "geometry": {
        "coordinates": [
          [
            [
              4.283,
              1.8860000000000001
            ],
            [
              4.5066067977499795,
              1.9978033988749897
            ]
          ]
        ],
        "type": "MultiLineString"
      },
      "properties": {
        "endid": 139,
        "id": 394,
        "metadata": {
          "bottleneck": true,
          "canonical_edge_id": 40,
          "length_m": 0.25,
          "min_clearance_m": 0.22360680997371674,
          "segment_fraction_end": 0.265935200591531,
          "segment_fraction_start": 0.0,
          "segment_index": 0,
          "static_traversability": "UNKNOWN"
        },
        "startid": 25
      },
      "type": "Feature"
    },
    {
      "geometry": {
        "coordinates": [
          [
            [
              4.5066067977499795,
              1.9978033988749897
            ],
            [
              4.730213595499958,
              2.1096067977499793
            ]
          ]
        ],
        "type": "MultiLineString"
      },
      "properties": {
        "endid": 140,
        "id": 395,
        "metadata": {
          "bottleneck": true,
          "canonical_edge_id": 40,
          "length_m": 0.25,
          "min_clearance_m": 0.22360680997371674,
          "segment_fraction_end": 0.531870401183062,
          "segment_fraction_start": 0.265935200591531,
          "segment_index": 1,
          "static_traversability": "UNKNOWN"
        },
        "startid": 139
      },
      "type": "Feature"
    },
    {
      "geometry": {
        "coordinates": [
          [
            [
              4.730213595499958,
              2.1096067977499793
            ],
            [
              4.912406567704358,
              2.259516419260895
            ]
          ]
        ],
        "type": "MultiLineString"
      },
      "properties": {
        "endid": 141,
        "id": 396,
        "metadata": {
          "bottleneck": true,
          "canonical_edge_id": 40,
          "length_m": 0.25,
          "min_clearance_m": 0.22360680997371674,
          "segment_fraction_end": 0.7978056017745929,
          "segment_fraction_start": 0.531870401183062,
          "segment_index": 2,
          "static_traversability": "UNKNOWN"
        },
        "startid": 140
      },
      "type": "Feature"
    },
    {
      "geometry": {
        "coordinates": [
          [
            [
              4.912406567704358,
              2.259516419260895
            ],
            [
              4.9830000000000005,
              2.436
            ]
          ]
        ],
        "type": "MultiLineString"
      },
      "properties": {
        "endid": 35,
        "id": 397,
        "metadata": {
          "bottleneck": true,
          "canonical_edge_id": 40,
          "length_m": 0.190078633606662,
          "min_clearance_m": 0.22360680997371674,
          "segment_fraction_end": 1.0,
          "segment_fraction_start": 0.7978056017745929,
          "segment_index": 3,
          "static_traversability": "UNKNOWN"
        },
        "startid": 141
      },
      "type": "Feature"
    },
    {
      "geometry": {
        "coordinates": [
          [
            [
              4.283,
              2.9860000000000007
            ],
            [
              4.408280102866229,
              3.193584030859869
            ]
          ]
        ],
        "type": "MultiLineString"
      },
      "properties": {
        "endid": 142,
        "id": 398,
        "metadata": {
          "bottleneck": true,
          "canonical_edge_id": 41,
          "length_m": 0.25,
          "min_clearance_m": 0.2692582309246063,
          "segment_fraction_end": 0.3352904805567964,
          "segment_fraction_start": 0.0,
          "segment_index": 0,
          "static_traversability": "UNKNOWN"
        },
        "startid": 26
      },
      "type": "Feature"
    },
    {
      "geometry": {
        "coordinates": [
          [
            [
              4.408280102866229,
              3.193584030859869
            ],
            [
              4.647736674171517,
              3.265421002251455
            ]
          ]
        ],
        "type": "MultiLineString"
      },
      "properties": {
        "endid": 143,
        "id": 399,
        "metadata": {
          "bottleneck": true,
          "canonical_edge_id": 41,
          "length_m": 0.25,
          "min_clearance_m": 0.2692582309246063,
          "segment_fraction_end": 0.6705809611135928,
          "segment_fraction_start": 0.3352904805567964,
          "segment_index": 1,
          "static_traversability": "UNKNOWN"
        },
        "startid": 142
      },
      "type": "Feature"
    },
    {
      "geometry": {
        "coordinates": [
          [
            [
              4.647736674171517,
              3.265421002251455
            ],
            [
              4.883,
              3.3360000000000003
            ]
          ]
        ],
        "type": "MultiLineString"
      },
      "properties": {
        "endid": 34,
        "id": 400,
        "metadata": {
          "bottleneck": true,
          "canonical_edge_id": 41,
          "length_m": 0.2456221231955058,
          "min_clearance_m": 0.2692582309246063,
          "segment_fraction_end": 1.0,
          "segment_fraction_start": 0.6705809611135928,
          "segment_index": 2,
          "static_traversability": "UNKNOWN"
        },
        "startid": 143
      },
      "type": "Feature"
    },
    {
      "geometry": {
        "coordinates": [
          [
            [
              4.333,
              1.0359999999999996
            ],
            [
              4.165273879820325,
              1.0499771766816395
            ]
          ]
        ],
        "type": "MultiLineString"
      },
      "properties": {
        "endid": 117,
        "id": 401,
        "metadata": {
          "bottleneck": false,
          "canonical_edge_id": 42,
          "length_m": 0.16830749495645325,
          "min_clearance_m": 0.6000000238418579,
          "segment_fraction_end": 0.1832801059349238,
          "segment_fraction_start": 0.0,
          "segment_index": 0,
          "static_traversability": "FEASIBLE"
        },
        "startid": 27
      },
      "type": "Feature"
    },
    {
      "geometry": {
        "coordinates": [
          [
            [
              4.165273879820325,
              1.0499771766816395
            ],
            [
              3.9161374402591056,
              1.0707385466450747
            ]
          ]
        ],
        "type": "MultiLineString"
      },
      "properties": {
        "endid": 116,
        "id": 402,
        "metadata": {
          "bottleneck": false,
          "canonical_edge_id": 42,
          "length_m": 0.25,
          "min_clearance_m": 0.6000000238418579,
          "segment_fraction_end": 0.45552007062328254,
          "segment_fraction_start": 0.1832801059349238,
          "segment_index": 1,
          "static_traversability": "FEASIBLE"
        },
        "startid": 117
      },
      "type": "Feature"
    },
    {
      "geometry": {
        "coordinates": [
          [
            [
              3.9161374402591056,
              1.0707385466450747
            ],
            [
              3.670170824512628,
              1.0650569415042095
            ]
          ]
        ],
        "type": "MultiLineString"
      },
      "properties": {
        "endid": 115,
        "id": 403,
        "metadata": {
          "bottleneck": false,
          "canonical_edge_id": 42,
          "length_m": 0.25,
          "min_clearance_m": 0.6000000238418579,
          "segment_fraction_end": 0.7277600353116412,
          "segment_fraction_start": 0.45552007062328254,
          "segment_index": 2,
          "static_traversability": "FEASIBLE"
        },
        "startid": 116
      },
      "type": "Feature"
    },
    {
      "geometry": {
        "coordinates": [
          [
            [
              3.670170824512628,
              1.0650569415042095
            ],
            [
              3.433,
              0.9859999999999998
            ]
          ]
        ],
        "type": "MultiLineString"
      },
      "properties": {
        "endid": 15,
        "id": 404,
        "metadata": {
          "bottleneck": false,
          "canonical_edge_id": 42,
          "length_m": 0.25,
          "min_clearance_m": 0.6000000238418579,
          "segment_fraction_end": 1.0,
          "segment_fraction_start": 0.7277600353116412,
          "segment_index": 3,
          "static_traversability": "FEASIBLE"
        },
        "startid": 115
      },
      "type": "Feature"
    },
    {
      "geometry": {
        "coordinates": [
          [
            [
              4.333,
              1.0359999999999996
            ],
            [
              4.327041516463603,
              1.1372942201187533
            ]
          ]
        ],
        "type": "MultiLineString"
      },
      "properties": {
        "endid": 138,
        "id": 405,
        "metadata": {
          "bottleneck": true,
          "canonical_edge_id": 43,
          "length_m": 0.10146931829632055,
          "min_clearance_m": 0.36400550603866577,
          "segment_fraction_end": 0.11916967072794528,
          "segment_fraction_start": 0.0,
          "segment_index": 0,
          "static_traversability": "FEASIBLE"
        },
        "startid": 27
      },
      "type": "Feature"
    },
    {
      "geometry": {
        "coordinates": [
          [
            [
              4.327041516463603,
              1.1372942201187533
            ],
            [
              4.312361010975735,
              1.386862813412502
            ]
          ]
        ],
        "type": "MultiLineString"
      },
      "properties": {
        "endid": 137,
        "id": 406,
        "metadata": {
          "bottleneck": true,
          "canonical_edge_id": 43,
          "length_m": 0.25,
          "min_clearance_m": 0.36400550603866577,
          "segment_fraction_end": 0.41277978048529684,
          "segment_fraction_start": 0.11916967072794528,
          "segment_index": 1,
          "static_traversability": "FEASIBLE"
        },
        "startid": 138
      },
      "type": "Feature"
    },
    {
      "geometry": {
        "coordinates": [
          [
            [
              4.312361010975735,
              1.386862813412502
            ],
            [
              4.297680505487868,
              1.636431406706251
            ]
          ]
        ],
        "type": "MultiLineString"
      },
      "properties": {
        "endid": 136,
        "id": 407,
        "metadata": {
          "bottleneck": true,
          "canonical_edge_id": 43,
          "length_m": 0.25,
          "min_clearance_m": 0.36400550603866577,
          "segment_fraction_end": 0.7063898902426484,
          "segment_fraction_start": 0.41277978048529684,
          "segment_index": 2,
          "static_traversability": "FEASIBLE"
        },
        "startid": 137
      },
      "type": "Feature"
    },
    {
      "geometry": {
        "coordinates": [
          [
            [
              4.297680505487868,
              1.636431406706251
            ],
            [
              4.283,
              1.8860000000000001
            ]
          ]
        ],
        "type": "MultiLineString"
      },
      "properties": {
        "endid": 25,
        "id": 408,
        "metadata": {
          "bottleneck": true,
          "canonical_edge_id": 43,
          "length_m": 0.25,
          "min_clearance_m": 0.36400550603866577,
          "segment_fraction_end": 1.0,
          "segment_fraction_start": 0.7063898902426484,
          "segment_index": 3,
          "static_traversability": "FEASIBLE"
        },
        "startid": 136
      },
      "type": "Feature"
    },
    {
      "geometry": {
        "coordinates": [
          [
            [
              4.333,
              1.0359999999999996
            ],
            [
              4.530338054344082,
              0.8825148466212696
            ]
          ]
        ],
        "type": "MultiLineString"
      },
      "properties": {
        "endid": 144,
        "id": 409,
        "metadata": {
          "bottleneck": false,
          "canonical_edge_id": 44,
          "length_m": 0.25,
          "min_clearance_m": 0.8139410018920898,
          "segment_fraction_end": 0.43852900965351466,
          "segment_fraction_start": 0.0,
          "segment_index": 0,
          "static_traversability": "FEASIBLE"
        },
        "startid": 27
      },
      "type": "Feature"
    },
    {
      "geometry": {
        "coordinates": [
          [
            [
              4.530338054344082,
              0.8825148466212696
            ],
            [
              4.727676108688163,
              0.7290296932425396
            ]
          ]
        ],
        "type": "MultiLineString"
      },
      "properties": {
        "endid": 145,
        "id": 410,
        "metadata": {
          "bottleneck": false,
          "canonical_edge_id": 44,
          "length_m": 0.25,
          "min_clearance_m": 0.8139410018920898,
          "segment_fraction_end": 0.8770580193070293,
          "segment_fraction_start": 0.43852900965351466,
          "segment_index": 1,
          "static_traversability": "FEASIBLE"
        },
        "startid": 144
      },
      "type": "Feature"
    },
    {
      "geometry": {
        "coordinates": [
          [
            [
              4.727676108688163,
              0.7290296932425396
            ],
            [
              4.783,
              0.6859999999999999
            ]
          ]
        ],
        "type": "MultiLineString"
      },
      "properties": {
        "endid": 32,
        "id": 411,
        "metadata": {
          "bottleneck": false,
          "canonical_edge_id": 44,
          "length_m": 0.07008771254956891,
          "min_clearance_m": 0.8139410018920898,
          "segment_fraction_end": 1.0,
          "segment_fraction_start": 0.8770580193070293,
          "segment_index": 2,
          "static_traversability": "FEASIBLE"
        },
        "startid": 145
      },
      "type": "Feature"
    },
    {
      "geometry": {
        "coordinates": [
          [
            [
              4.4830000000000005,
              2.5860000000000003
            ],
            [
              4.697373231428136,
              2.4573760611431186
            ]
          ]
        ],
        "type": "MultiLineString"
      },
      "properties": {
        "endid": 146,
        "id": 412,
        "metadata": {
          "bottleneck": true,
          "canonical_edge_id": 45,
          "length_m": 0.25,
          "min_clearance_m": 0.22360680997371674,
          "segment_fraction_end": 0.4616399415807223,
          "segment_fraction_start": 0.0,
          "segment_index": 0,
          "static_traversability": "UNKNOWN"
        },
        "startid": 28
      },
      "type": "Feature"
    },
    {
      "geometry": {
        "coordinates": [
          [
            [
              4.697373231428136,
              2.4573760611431186
            ],
            [
              4.941452405257735,
              2.436
            ]
          ]
        ],
        "type": "MultiLineString"
      },
      "properties": {
        "endid": 147,
        "id": 413,
        "metadata": {
          "bottleneck": true,
          "canonical_edge_id": 45,
          "length_m": 0.25,
          "min_clearance_m": 0.22360680997371674,
          "segment_fraction_end": 0.9232798831614446,
          "segment_fraction_start": 0.4616399415807223,
          "segment_index": 1,
          "static_traversability": "UNKNOWN"
        },
        "startid": 146
      },
      "type": "Feature"
    },
    {
      "geometry": {
        "coordinates": [
          [
            [
              4.941452405257735,
              2.436
            ],
            [
              4.9830000000000005,
              2.436
            ]
          ]
        ],
        "type": "MultiLineString"
      },
      "properties": {
        "endid": 35,
        "id": 414,
        "metadata": {
          "bottleneck": true,
          "canonical_edge_id": 45,
          "length_m": 0.041547594742265215,
          "min_clearance_m": 0.22360680997371674,
          "segment_fraction_end": 1.0,
          "segment_fraction_start": 0.9232798831614446,
          "segment_index": 2,
          "static_traversability": "UNKNOWN"
        },
        "startid": 147
      },
      "type": "Feature"
    },
    {
      "geometry": {
        "coordinates": [
          [
            [
              4.4830000000000005,
              4.636000000000001
            ],
            [
              4.686433367801684,
              4.490690451570226
            ]
          ]
        ],
        "type": "MultiLineString"
      },
      "properties": {
        "endid": 148,
        "id": 415,
        "metadata": {
          "bottleneck": true,
          "canonical_edge_id": 46,
          "length_m": 0.25,
          "min_clearance_m": 0.22360680997371674,
          "segment_fraction_end": 0.5812381937190968,
          "segment_fraction_start": 0.0,
          "segment_index": 0,
          "static_traversability": "UNKNOWN"
        },
        "startid": 29
      },
      "type": "Feature"
    },
    {
      "geometry": {
        "coordinates": [
          [
            [
              4.686433367801684,
              4.490690451570226
            ],
            [
              4.833,
              4.386000000000001
            ]
          ]
        ],
        "type": "MultiLineString"
      },
      "properties": {
        "endid": 33,
        "id": 416,
        "metadata": {
          "bottleneck": true,
          "canonical_edge_id": 46,
          "length_m": 0.18011626335213105,
          "min_clearance_m": 0.22360680997371674,
          "segment_fraction_end": 1.0,
          "segment_fraction_start": 0.5812381937190968,
          "segment_index": 1,
          "static_traversability": "UNKNOWN"
        },
        "startid": 148
      },
      "type": "Feature"
    },
    {
      "geometry": {
        "coordinates": [
          [
            [
              4.533,
              -1.564
            ],
            [
              4.718823536561792,
              -1.3967588170943877
            ]
          ]
        ],
        "type": "MultiLineString"
      },
      "properties": {
        "endid": 149,
        "id": 417,
        "metadata": {
          "bottleneck": true,
          "canonical_edge_id": 47,
          "length_m": 0.25,
          "min_clearance_m": 0.2692582309246063,
          "segment_fraction_end": 0.37164707312358314,
          "segment_fraction_start": 0.0,
          "segment_index": 0,
          "static_traversability": "UNKNOWN"
        },
        "startid": 30
      },
      "type": "Feature"
    },
    {
      "geometry": {
        "coordinates": [
          [
            [
              4.718823536561792,
              -1.3967588170943877
            ],
            [
              4.904647073123583,
              -1.229517634188775
            ]
          ]
        ],
        "type": "MultiLineString"
      },
      "properties": {
        "endid": 150,
        "id": 418,
        "metadata": {
          "bottleneck": true,
          "canonical_edge_id": 47,
          "length_m": 0.25,
          "min_clearance_m": 0.2692582309246063,
          "segment_fraction_end": 0.7432941462471663,
          "segment_fraction_start": 0.37164707312358314,
          "segment_index": 1,
          "static_traversability": "UNKNOWN"
        },
        "startid": 149
      },
      "type": "Feature"
    },
    {
      "geometry": {
        "coordinates": [
          [
            [
              4.904647073123583,
              -1.229517634188775
            ],
            [
              5.033,
              -1.1139999999999999
            ]
          ]
        ],
        "type": "MultiLineString"
      },
      "properties": {
        "endid": 36,
        "id": 419,
        "metadata": {
          "bottleneck": true,
          "canonical_edge_id": 47,
          "length_m": 0.17268120235368556,
          "min_clearance_m": 0.2692582309246063,
          "segment_fraction_end": 1.0,
          "segment_fraction_start": 0.7432941462471663,
          "segment_index": 2,
          "static_traversability": "UNKNOWN"
        },
        "startid": 150
      },
      "type": "Feature"
    },
    {
      "geometry": {
        "coordinates": [
          [
            [
              4.683000000000001,
              -2.2640000000000002
            ],
            [
              4.619010039658367,
              -2.258667503304864
            ]
          ]
        ],
        "type": "MultiLineString"
      },
      "properties": {
        "endid": 127,
        "id": 420,
        "metadata": {
          "bottleneck": true,
          "canonical_edge_id": 48,
          "length_m": 0.06421176329557943,
          "min_clearance_m": 0.25,
          "segment_fraction_end": 0.07886371358192835,
          "segment_fraction_start": 0.0,
          "segment_index": 0,
          "static_traversability": "UNKNOWN"
        },
        "startid": 31
      },
      "type": "Feature"
    },
    {
      "geometry": {
        "coordinates": [
          [
            [
              4.619010039658367,
              -2.258667503304864
            ],
            [
              4.369873600097147,
              -2.237906133341429
            ]
          ]
        ],
        "type": "MultiLineString"
      },
      "properties": {
        "endid": 126,
        "id": 421,
        "metadata": {
          "bottleneck": true,
          "canonical_edge_id": 48,
          "length_m": 0.25,
          "min_clearance_m": 0.25,
          "segment_fraction_end": 0.38590914238795226,
          "segment_fraction_start": 0.07886371358192835,
          "segment_index": 1,
          "static_traversability": "UNKNOWN"
        },
        "startid": 127
      },
      "type": "Feature"
    },
    {
      "geometry": {
        "coordinates": [
          [
            [
              4.369873600097147,
              -2.237906133341429
            ],
            [
              4.120737160535927,
              -2.2171447633779944
            ]
          ]
        ],
        "type": "MultiLineString"
      },
      "properties": {
        "endid": 125,
        "id": 422,
        "metadata": {
          "bottleneck": true,
          "canonical_edge_id": 48,
          "length_m": 0.25,
          "min_clearance_m": 0.25,
          "segment_fraction_end": 0.6929545711939761,
          "segment_fraction_start": 0.38590914238795226,
          "segment_index": 2,
          "static_traversability": "UNKNOWN"
        },
        "startid": 126
      },
      "type": "Feature"
    },
    {
      "geometry": {
        "coordinates": [
          [
            [
              4.120737160535927,
              -2.2171447633779944
            ],
            [
              3.9330000000000007,
              -2.064
            ]
          ]
        ],
        "type": "MultiLineString"
      },
      "properties": {
        "endid": 20,
        "id": 423,
        "metadata": {
          "bottleneck": true,
          "canonical_edge_id": 48,
          "length_m": 0.25,
          "min_clearance_m": 0.25,
          "segment_fraction_end": 1.0,
          "segment_fraction_start": 0.6929545711939761,
          "segment_index": 3,
          "static_traversability": "UNKNOWN"
        },
        "startid": 125
      },
      "type": "Feature"
    },
    {
      "geometry": {
        "coordinates": [
          [
            [
              4.783,
              0.6859999999999999
            ],
            [
              4.654423927132901,
              0.6125279583616571
            ]
          ]
        ],
        "type": "MultiLineString"
      },
      "properties": {
        "endid": 135,
        "id": 424,
        "metadata": {
          "bottleneck": true,
          "canonical_edge_id": 49,
          "length_m": 0.14808763424551064,
          "min_clearance_m": 0.22360680997371674,
          "segment_fraction_end": 0.16489218713040185,
          "segment_fraction_start": 0.0,
          "segment_index": 0,
          "static_traversability": "UNKNOWN"
        },
        "startid": 32
      },
      "type": "Feature"
    },
    {
      "geometry": {
        "coordinates": [
          [
            [
              4.654423927132901,
              0.6125279583616571
            ],
            [
              4.437363141601786,
              0.4884932237724484
            ]
          ]
        ],
        "type": "MultiLineString"
      },
      "properties": {
        "endid": 134,
        "id": 425,
        "metadata": {
          "bottleneck": true,
          "canonical_edge_id": 49,
          "length_m": 0.25,
          "min_clearance_m": 0.22360680997371674,
          "segment_fraction_end": 0.44326145808693457,
          "segment_fraction_start": 0.16489218713040185,
          "segment_index": 1,
          "static_traversability": "UNKNOWN"
        },
        "startid": 135
      },
      "type": "Feature"
    },
    {
      "geometry": {
        "coordinates": [
          [
            [
              4.437363141601786,
              0.4884932237724484
            ],
            [
              4.259776695296638,
              0.31277669529663676
            ]
          ]
        ],
        "type": "MultiLineString"
      },
      "properties": {
        "endid": 133,
        "id": 426,
        "metadata": {
          "bottleneck": true,
          "canonical_edge_id": 49,
          "length_m": 0.25,
          "min_clearance_m": 0.22360680997371674,
          "segment_fraction_end": 0.7216307290434673,
          "segment_fraction_start": 0.44326145808693457,
          "segment_index": 2,
          "static_traversability": "UNKNOWN"
        },
        "startid": 134
      },
      "type": "Feature"
    },
    {
      "geometry": {
        "coordinates": [
          [
            [
              4.259776695296638,
              0.31277669529663676
            ],
            [
              4.083,
              0.13600000000000012
            ]
          ]
        ],
        "type": "MultiLineString"
      },
      "properties": {
        "endid": 23,
        "id": 427,
        "metadata": {
          "bottleneck": true,
          "canonical_edge_id": 49,
          "length_m": 0.25,
          "min_clearance_m": 0.22360680997371674,
          "segment_fraction_end": 1.0,
          "segment_fraction_start": 0.7216307290434673,
          "segment_index": 3,
          "static_traversability": "UNKNOWN"
        },
        "startid": 133
      },
      "type": "Feature"
    },
    {
      "geometry": {
        "coordinates": [
          [
            [
              4.783,
              0.6859999999999999
            ],
            [
              4.727676108688163,
              0.7290296932425396
            ]
          ]
        ],
        "type": "MultiLineString"
      },
      "properties": {
        "endid": 145,
        "id": 428,
        "metadata": {
          "bottleneck": false,
          "canonical_edge_id": 50,
          "length_m": 0.07008771254956891,
          "min_clearance_m": 0.8139410018920898,
          "segment_fraction_end": 0.12294198069297067,
          "segment_fraction_start": 0.0,
          "segment_index": 0,
          "static_traversability": "FEASIBLE"
        },
        "startid": 32
      },
      "type": "Feature"
    },
    {
      "geometry": {
        "coordinates": [
          [
            [
              4.727676108688163,
              0.7290296932425396
            ],
            [
              4.530338054344082,
              0.8825148466212696
            ]
          ]
        ],
        "type": "MultiLineString"
      },
      "properties": {
        "endid": 144,
        "id": 429,
        "metadata": {
          "bottleneck": false,
          "canonical_edge_id": 50,
          "length_m": 0.25,
          "min_clearance_m": 0.8139410018920898,
          "segment_fraction_end": 0.5614709903464853,
          "segment_fraction_start": 0.12294198069297067,
          "segment_index": 1,
          "static_traversability": "FEASIBLE"
        },
        "startid": 145
      },
      "type": "Feature"
    },
    {
      "geometry": {
        "coordinates": [
          [
            [
              4.530338054344082,
              0.8825148466212696
            ],
            [
              4.333,
              1.0359999999999996
            ]
          ]
        ],
        "type": "MultiLineString"
      },
      "properties": {
        "endid": 27,
        "id": 430,
        "metadata": {
          "bottleneck": false,
          "canonical_edge_id": 50,
          "length_m": 0.25,
          "min_clearance_m": 0.8139410018920898,
          "segment_fraction_end": 1.0,
          "segment_fraction_start": 0.5614709903464853,
          "segment_index": 2,
          "static_traversability": "FEASIBLE"
        },
        "startid": 144
      },
      "type": "Feature"
    },
    {
      "geometry": {
        "coordinates": [
          [
            [
              4.783,
              0.6859999999999999
            ],
            [
              5.030487373415292,
              0.6506446609406726
            ]
          ]
        ],
        "type": "MultiLineString"
      },
      "properties": {
        "endid": 151,
        "id": 431,
        "metadata": {
          "bottleneck": false,
          "canonical_edge_id": 51,
          "length_m": 0.25,
          "min_clearance_m": 0.9300538301467896,
          "segment_fraction_end": 0.7071067811865482,
          "segment_fraction_start": 0.0,
          "segment_index": 0,
          "static_traversability": "FEASIBLE"
        },
        "startid": 32
      },
      "type": "Feature"
    },
    {
      "geometry": {
        "coordinates": [
          [
            [
              5.030487373415292,
              0.6506446609406726
            ],
            [
              5.133,
              0.6360000000000001
            ]
          ]
        ],
        "type": "MultiLineString"
      },
      "properties": {
        "endid": 37,
        "id": 432,
        "metadata": {
          "bottleneck": false,
          "canonical_edge_id": 51,
          "length_m": 0.1035533905932734,
          "min_clearance_m": 0.9300538301467896,
          "segment_fraction_end": 1.0,
          "segment_fraction_start": 0.7071067811865482,
          "segment_index": 1,
          "static_traversability": "FEASIBLE"
        },
        "startid": 151
      },
      "type": "Feature"
    },
    {
      "geometry": {
        "coordinates": [
          [
            [
              4.833,
              4.386000000000001
            ],
            [
              4.6566889302022965,
              4.23172781392701
            ]
          ]
        ],
        "type": "MultiLineString"
      },
      "properties": {
        "endid": 132,
        "id": 433,
        "metadata": {
          "bottleneck": true,
          "canonical_edge_id": 52,
          "length_m": 0.23427654754360383,
          "min_clearance_m": 0.3162277638912201,
          "segment_fraction_end": 0.23801902842069422,
          "segment_fraction_start": 0.0,
          "segment_index": 0,
          "static_traversability": "UNKNOWN"
        },
        "startid": 33
      },
      "type": "Feature"
    },
    {
      "geometry": {
        "coordinates": [
          [
            [
              4.6566889302022965,
              4.23172781392701
            ],
            [
              4.468544756525578,
              4.067101661959879
            ]
          ]
        ],
        "type": "MultiLineString"
      },
      "properties": {
        "endid": 131,
        "id": 434,
        "metadata": {
          "bottleneck": true,
          "canonical_edge_id": 52,
          "length_m": 0.25,
          "min_clearance_m": 0.3162277638912201,
          "segment_fraction_end": 0.49201268561379613,
          "segment_fraction_start": 0.23801902842069422,
          "segment_index": 1,
          "static_traversability": "UNKNOWN"
        },
        "startid": 132
      },
      "type": "Feature"
    },
    {
      "geometry": {
        "coordinates": [
          [
            [
              4.468544756525578,
              4.067101661959879
            ],
            [
              4.2314709336684055,
              4.013607881518712
            ]
          ]
        ],
        "type": "MultiLineString"
      },
      "properties": {
        "endid": 130,
        "id": 435,
        "metadata": {
          "bottleneck": true,
          "canonical_edge_id": 52,
          "length_m": 0.25,
          "min_clearance_m": 0.3162277638912201,
          "segment_fraction_end": 0.746006342806898,
          "segment_fraction_start": 0.49201268561379613,
          "segment_index": 2,
          "static_traversability": "UNKNOWN"
        },
        "startid": 131
      },
      "type": "Feature"
    },
    {
      "geometry": {
        "coordinates": [
          [
            [
              4.2314709336684055,
              4.013607881518712
            ],
            [
              3.9830000000000005,
              3.9860000000000007
            ]
          ]
        ],
        "type": "MultiLineString"
      },
      "properties": {
        "endid": 21,
        "id": 436,
        "metadata": {
          "bottleneck": true,
          "canonical_edge_id": 52,
          "length_m": 0.25,
          "min_clearance_m": 0.3162277638912201,
          "segment_fraction_end": 1.0,
          "segment_fraction_start": 0.746006342806898,
          "segment_index": 3,
          "static_traversability": "UNKNOWN"
        },
        "startid": 130
      },
      "type": "Feature"
    },
    {
      "geometry": {
        "coordinates": [
          [
            [
              4.833,
              4.386000000000001
            ],
            [
              4.686433367801684,
              4.490690451570226
            ]
          ]
        ],
        "type": "MultiLineString"
      },
      "properties": {
        "endid": 148,
        "id": 437,
        "metadata": {
          "bottleneck": true,
          "canonical_edge_id": 53,
          "length_m": 0.18011626335213105,
          "min_clearance_m": 0.22360680997371674,
          "segment_fraction_end": 0.4187618062809032,
          "segment_fraction_start": 0.0,
          "segment_index": 0,
          "static_traversability": "UNKNOWN"
        },
        "startid": 33
      },
      "type": "Feature"
    },
    {
      "geometry": {
        "coordinates": [
          [
            [
              4.686433367801684,
              4.490690451570226
            ],
            [
              4.4830000000000005,
              4.636000000000001
            ]
          ]
        ],
        "type": "MultiLineString"
      },
      "properties": {
        "endid": 29,
        "id": 438,
        "metadata": {
          "bottleneck": true,
          "canonical_edge_id": 53,
          "length_m": 0.25,
          "min_clearance_m": 0.22360680997371674,
          "segment_fraction_end": 1.0,
          "segment_fraction_start": 0.4187618062809032,
          "segment_index": 1,
          "static_traversability": "UNKNOWN"
        },
        "startid": 148
      },
      "type": "Feature"
    },
    {
      "geometry": {
        "coordinates": [
          [
            [
              4.833,
              4.386000000000001
            ],
            [
              5.062786257504515,
              4.484479824644792
            ]
          ]
        ],
        "type": "MultiLineString"
      },
      "properties": {
        "endid": 152,
        "id": 439,
        "metadata": {
          "bottleneck": true,
          "canonical_edge_id": 54,
          "length_m": 0.25,
          "min_clearance_m": 0.2692582309246063,
          "segment_fraction_end": 0.6565321642986129,
          "segment_fraction_start": 0.0,
          "segment_index": 0,
          "static_traversability": "UNKNOWN"
        },
        "startid": 33
      },
      "type": "Feature"
    },
    {
      "geometry": {
        "coordinates": [
          [
            [
              5.062786257504515,
              4.484479824644792
            ],
            [
              5.183000000000001,
              4.536
            ]
          ]
        ],
        "type": "MultiLineString"
      },
      "properties": {
        "endid": 39,
        "id": 440,
        "metadata": {
          "bottleneck": true,
          "canonical_edge_id": 54,
          "length_m": 0.13078865529319533,
          "min_clearance_m": 0.2692582309246063,
          "segment_fraction_end": 1.0,
          "segment_fraction_start": 0.6565321642986129,
          "segment_index": 1,
          "static_traversability": "UNKNOWN"
        },
        "startid": 152
      },
      "type": "Feature"
    },
    {
      "geometry": {
        "coordinates": [
          [
            [
              4.883,
              3.3360000000000003
            ],
            [
              4.647736674171517,
              3.265421002251455
            ]
          ]
        ],
        "type": "MultiLineString"
      },
      "properties": {
        "endid": 143,
        "id": 441,
        "metadata": {
          "bottleneck": true,
          "canonical_edge_id": 55,
          "length_m": 0.2456221231955058,
          "min_clearance_m": 0.2692582309246063,
          "segment_fraction_end": 0.32941903888640717,
          "segment_fraction_start": 0.0,
          "segment_index": 0,
          "static_traversability": "UNKNOWN"
        },
        "startid": 34
      },
      "type": "Feature"
    },
    {
      "geometry": {
        "coordinates": [
          [
            [
              4.647736674171517,
              3.265421002251455
            ],
            [
              4.408280102866229,
              3.193584030859869
            ]
          ]
        ],
        "type": "MultiLineString"
      },
      "properties": {
        "endid": 142,
        "id": 442,
        "metadata": {
          "bottleneck": true,
          "canonical_edge_id": 55,
          "length_m": 0.25,
          "min_clearance_m": 0.2692582309246063,
          "segment_fraction_end": 0.6647095194432036,
          "segment_fraction_start": 0.32941903888640717,
          "segment_index": 1,
          "static_traversability": "UNKNOWN"
        },
        "startid": 143
      },
      "type": "Feature"
    },
    {
      "geometry": {
        "coordinates": [
          [
            [
              4.408280102866229,
              3.193584030859869
            ],
            [
              4.283,
              2.9860000000000007
            ]
          ]
        ],
        "type": "MultiLineString"
      },
      "properties": {
        "endid": 26,
        "id": 443,
        "metadata": {
          "bottleneck": true,
          "canonical_edge_id": 55,
          "length_m": 0.25,
          "min_clearance_m": 0.2692582309246063,
          "segment_fraction_end": 1.0,
          "segment_fraction_start": 0.6647095194432036,
          "segment_index": 2,
          "static_traversability": "UNKNOWN"
        },
        "startid": 142
      },
      "type": "Feature"
    },
    {
      "geometry": {
        "coordinates": [
          [
            [
              4.883,
              3.3360000000000003
            ],
            [
              5.007034734589209,
              3.1189392144688854
            ]
          ]
        ],
        "type": "MultiLineString"
      },
      "properties": {
        "endid": 153,
        "id": 444,
        "metadata": {
          "bottleneck": true,
          "canonical_edge_id": 56,
          "length_m": 0.25,
          "min_clearance_m": 0.3499999940395355,
          "segment_fraction_end": 0.2571034791756063,
          "segment_fraction_start": 0.0,
          "segment_index": 0,
          "static_traversability": "FEASIBLE"
        },
        "startid": 34
      },
      "type": "Feature"
    },
    {
      "geometry": {
        "coordinates": [
          [
            [
              5.007034734589209,
              3.1189392144688854
            ],
            [
              5.083,
              2.889112887414928
            ]
          ]
        ],
        "type": "MultiLineString"
      },
      "properties": {
        "endid": 154,
        "id": 445,
        "metadata": {
          "bottleneck": true,
          "canonical_edge_id": 56,
          "length_m": 0.25,
          "min_clearance_m": 0.3499999940395355,
          "segment_fraction_end": 0.5142069583512126,
          "segment_fraction_start": 0.2571034791756063,
          "segment_index": 1,
          "static_traversability": "FEASIBLE"
        },
        "startid": 153
      },
      "type": "Feature"
    },
    {
      "geometry": {
        "coordinates": [
          [
            [
              5.083,
              2.889112887414928
            ],
            [
              5.0655865635447395,
              2.6424664088618477
            ]
          ]
        ],
        "type": "MultiLineString"
      },
      "properties": {
        "endid": 155,
        "id": 446,
        "metadata": {
          "bottleneck": true,
          "canonical_edge_id": 56,
          "length_m": 0.25,
          "min_clearance_m": 0.3499999940395355,
          "segment_fraction_end": 0.7713104375268189,
          "segment_fraction_start": 0.5142069583512126,
          "segment_index": 2,
          "static_traversability": "FEASIBLE"
        },
        "startid": 154
      },
      "type": "Feature"
    },
    {
      "geometry": {
        "coordinates": [
          [
            [
              5.0655865635447395,
              2.6424664088618477
            ],
            [
              4.9830000000000005,
              2.436
            ]
          ]
        ],
        "type": "MultiLineString"
      },
      "properties": {
        "endid": 35,
        "id": 447,
        "metadata": {
          "bottleneck": true,
          "canonical_edge_id": 56,
          "length_m": 0.22237112777165302,
          "min_clearance_m": 0.3499999940395355,
          "segment_fraction_end": 1.0,
          "segment_fraction_start": 0.7713104375268189,
          "segment_index": 3,
          "static_traversability": "FEASIBLE"
        },
        "startid": 155
      },
      "type": "Feature"
    },
    {
      "geometry": {
        "coordinates": [
          [
            [
              4.883,
              3.3360000000000003
            ],
            [
              5.01721887304829,
              3.5469153719330273
            ]
          ]
        ],
        "type": "MultiLineString"
      },
      "properties": {
        "endid": 156,
        "id": 448,
        "metadata": {
          "bottleneck": true,
          "canonical_edge_id": 57,
          "length_m": 0.25,
          "min_clearance_m": 0.25,
          "segment_fraction_end": 0.3834824944236847,
          "segment_fraction_start": 0.0,
          "segment_index": 0,
          "static_traversability": "UNKNOWN"
        },
        "startid": 34
      },
      "type": "Feature"
    },
    {
      "geometry": {
        "coordinates": [
          [
            [
              5.01721887304829,
              3.5469153719330273
            ],
            [
              5.15143774609658,
              3.757830743866054
            ]
          ]
        ],
        "type": "MultiLineString"
      },
      "properties": {
        "endid": 157,
        "id": 449,
        "metadata": {
          "bottleneck": true,
          "canonical_edge_id": 57,
          "length_m": 0.25,
          "min_clearance_m": 0.25,
          "segment_fraction_end": 0.7669649888473694,
          "segment_fraction_start": 0.3834824944236847,
          "segment_index": 1,
          "static_traversability": "UNKNOWN"
        },
        "startid": 156
      },
      "type": "Feature"
    },
    {
      "geometry": {
        "coordinates": [
          [
            [
              5.15143774609658,
              3.757830743866054
            ],
            [
              5.2330000000000005,
              3.886000000000001
            ]
          ]
        ],
        "type": "MultiLineString"
      },
      "properties": {
        "endid": 41,
        "id": 450,
        "metadata": {
          "bottleneck": true,
          "canonical_edge_id": 57,
          "length_m": 0.15192024052026576,
          "min_clearance_m": 0.25,
          "segment_fraction_end": 1.0,
          "segment_fraction_start": 0.7669649888473694,
          "segment_index": 2,
          "static_traversability": "UNKNOWN"
        },
        "startid": 157
      },
      "type": "Feature"
    },
    {
      "geometry": {
        "coordinates": [
          [
            [
              4.9830000000000005,
              2.436
            ],
            [
              4.912406567704358,
              2.259516419260895
            ]
          ]
        ],
        "type": "MultiLineString"
      },
      "properties": {
        "endid": 141,
        "id": 451,
        "metadata": {
          "bottleneck": true,
          "canonical_edge_id": 58,
          "length_m": 0.190078633606662,
          "min_clearance_m": 0.22360680997371674,
          "segment_fraction_end": 0.2021943982254071,
          "segment_fraction_start": 0.0,
          "segment_index": 0,
          "static_traversability": "UNKNOWN"
        },
        "startid": 35
      },
      "type": "Feature"
    },
    {
      "geometry": {
        "coordinates": [
          [
            [
              4.912406567704358,
              2.259516419260895
            ],
            [
              4.730213595499958,
              2.1096067977499793
            ]
          ]
        ],
        "type": "MultiLineString"
      },
      "properties": {
        "endid": 140,
        "id": 452,
        "metadata": {
          "bottleneck": true,
          "canonical_edge_id": 58,
          "length_m": 0.25,
          "min_clearance_m": 0.22360680997371674,
          "segment_fraction_end": 0.46812959881693805,
          "segment_fraction_start": 0.2021943982254071,
          "segment_index": 1,
          "static_traversability": "UNKNOWN"
        },
        "startid": 141
      },
      "type": "Feature"
    },
    {
      "geometry": {
        "coordinates": [
          [
            [
              4.730213595499958,
              2.1096067977499793
            ],
            [
              4.5066067977499795,
              1.9978033988749897
            ]
          ]
        ],
        "type": "MultiLineString"
      },
      "properties": {
        "endid": 139,
        "id": 453,
        "metadata": {
          "bottleneck": true,
          "canonical_edge_id": 58,
          "length_m": 0.25,
          "min_clearance_m": 0.22360680997371674,
          "segment_fraction_end": 0.734064799408469,
          "segment_fraction_start": 0.46812959881693805,
          "segment_index": 2,
          "static_traversability": "UNKNOWN"
        },
        "startid": 140
      },
      "type": "Feature"
    },
    {
      "geometry": {
        "coordinates": [
          [
            [
              4.5066067977499795,
              1.9978033988749897
            ],
            [
              4.283,
              1.8860000000000001
            ]
          ]
        ],
        "type": "MultiLineString"
      },
      "properties": {
        "endid": 25,
        "id": 454,
        "metadata": {
          "bottleneck": true,
          "canonical_edge_id": 58,
          "length_m": 0.25,
          "min_clearance_m": 0.22360680997371674,
          "segment_fraction_end": 1.0,
          "segment_fraction_start": 0.734064799408469,
          "segment_index": 3,
          "static_traversability": "UNKNOWN"
        },
        "startid": 139
      },
      "type": "Feature"
    },
    {
      "geometry": {
        "coordinates": [
          [
            [
              4.9830000000000005,
              2.436
            ],
            [
              4.941452405257735,
              2.436
            ]
          ]
        ],
        "type": "MultiLineString"
      },
      "properties": {
        "endid": 147,
        "id": 455,
        "metadata": {
          "bottleneck": true,
          "canonical_edge_id": 59,
          "length_m": 0.041547594742265215,
          "min_clearance_m": 0.22360680997371674,
          "segment_fraction_end": 0.07672011683855536,
          "segment_fraction_start": 0.0,
          "segment_index": 0,
          "static_traversability": "UNKNOWN"
        },
        "startid": 35
      },
      "type": "Feature"
    },
    {
      "geometry": {
        "coordinates": [
          [
            [
              4.941452405257735,
              2.436
            ],
            [
              4.697373231428136,
              2.4573760611431186
            ]
          ]
        ],
        "type": "MultiLineString"
      },
      "properties": {
        "endid": 146,
        "id": 456,
        "metadata": {
          "bottleneck": true,
          "canonical_edge_id": 59,
          "length_m": 0.25,
          "min_clearance_m": 0.22360680997371674,
          "segment_fraction_end": 0.5383600584192777,
          "segment_fraction_start": 0.07672011683855536,
          "segment_index": 1,
          "static_traversability": "UNKNOWN"
        },
        "startid": 147
      },
      "type": "Feature"
    },
    {
      "geometry": {
        "coordinates": [
          [
            [
              4.697373231428136,
              2.4573760611431186
            ],
            [
              4.4830000000000005,
              2.5860000000000003
            ]
          ]
        ],
        "type": "MultiLineString"
      },
      "properties": {
        "endid": 28,
        "id": 457,
        "metadata": {
          "bottleneck": true,
          "canonical_edge_id": 59,
          "length_m": 0.25,
          "min_clearance_m": 0.22360680997371674,
          "segment_fraction_end": 1.0,
          "segment_fraction_start": 0.5383600584192777,
          "segment_index": 2,
          "static_traversability": "UNKNOWN"
        },
        "startid": 146
      },
      "type": "Feature"
    },
    {
      "geometry": {
        "coordinates": [
          [
            [
              4.9830000000000005,
              2.436
            ],
            [
              5.0655865635447395,
              2.6424664088618477
            ]
          ]
        ],
        "type": "MultiLineString"
      },
      "properties": {
        "endid": 155,
        "id": 458,
        "metadata": {
          "bottleneck": true,
          "canonical_edge_id": 60,
          "length_m": 0.22237112777165302,
          "min_clearance_m": 0.3499999940395355,
          "segment_fraction_end": 0.22868956247318112,
          "segment_fraction_start": 0.0,
          "segment_index": 0,
          "static_traversability": "FEASIBLE"
        },
        "startid": 35
      },
      "type": "Feature"
    },
    {
      "geometry": {
        "coordinates": [
          [
            [
              5.0655865635447395,
              2.6424664088618477
            ],
            [
              5.083,
              2.889112887414928
            ]
          ]
        ],
        "type": "MultiLineString"
      },
      "properties": {
        "endid": 154,
        "id": 459,
        "metadata": {
          "bottleneck": true,
          "canonical_edge_id": 60,
          "length_m": 0.25,
          "min_clearance_m": 0.3499999940395355,
          "segment_fraction_end": 0.4857930416487874,
          "segment_fraction_start": 0.22868956247318112,
          "segment_index": 1,
          "static_traversability": "FEASIBLE"
        },
        "startid": 155
      },
      "type": "Feature"
    },
    {
      "geometry": {
        "coordinates": [
          [
            [
              5.083,
              2.889112887414928
            ],
            [
              5.007034734589209,
              3.1189392144688854
            ]
          ]
        ],
        "type": "MultiLineString"
      },
      "properties": {
        "endid": 153,
        "id": 460,
        "metadata": {
          "bottleneck": true,
          "canonical_edge_id": 60,
          "length_m": 0.25,
          "min_clearance_m": 0.3499999940395355,
          "segment_fraction_end": 0.7428965208243937,
          "segment_fraction_start": 0.4857930416487874,
          "segment_index": 2,
          "static_traversability": "FEASIBLE"
        },
        "startid": 154
      },
      "type": "Feature"
    },
    {
      "geometry": {
        "coordinates": [
          [
            [
              5.007034734589209,
              3.1189392144688854
            ],
            [
              4.883,
              3.3360000000000003
            ]
          ]
        ],
        "type": "MultiLineString"
      },
      "properties": {
        "endid": 34,
        "id": 461,
        "metadata": {
          "bottleneck": true,
          "canonical_edge_id": 60,
          "length_m": 0.25,
          "min_clearance_m": 0.3499999940395355,
          "segment_fraction_end": 1.0,
          "segment_fraction_start": 0.7428965208243937,
          "segment_index": 3,
          "static_traversability": "FEASIBLE"
        },
        "startid": 153
      },
      "type": "Feature"
    },
    {
      "geometry": {
        "coordinates": [
          [
            [
              4.9830000000000005,
              2.436
            ],
            [
              5.0277213595499965,
              2.1900325224750232
            ]
          ]
        ],
        "type": "MultiLineString"
      },
      "properties": {
        "endid": 158,
        "id": 462,
        "metadata": {
          "bottleneck": true,
          "canonical_edge_id": 61,
          "length_m": 0.25,
          "min_clearance_m": 0.3499999940395355,
          "segment_fraction_end": 0.135023846733785,
          "segment_fraction_start": 0.0,
          "segment_index": 0,
          "static_traversability": "FEASIBLE"
        },
        "startid": 35
      },
      "type": "Feature"
    },
    {
      "geometry": {
        "coordinates": [
          [
            [
              5.0277213595499965,
              2.1900325224750232
            ],
            [
              5.072442719099992,
              1.944065044950046
            ]
          ]
        ],
        "type": "MultiLineString"
      },
      "properties": {
        "endid": 159,
        "id": 463,
        "metadata": {
          "bottleneck": true,
          "canonical_edge_id": 61,
          "length_m": 0.25,
          "min_clearance_m": 0.3499999940395355,
          "segment_fraction_end": 0.27004769346757,
          "segment_fraction_start": 0.135023846733785,
          "segment_index": 1,
          "static_traversability": "FEASIBLE"
        },
        "startid": 158
      },
      "type": "Feature"
    },
    {
      "geometry": {
        "coordinates": [
          [
            [
              5.072442719099992,
              1.944065044950046
            ],
            [
              5.074704228351702,
              1.695197252089132
            ]
          ]
        ],
        "type": "MultiLineString"
      },
      "properties": {
        "endid": 160,
        "id": 464,
        "metadata": {
          "bottleneck": true,
          "canonical_edge_id": 61,
          "length_m": 0.25,
          "min_clearance_m": 0.3499999940395355,
          "segment_fraction_end": 0.40507154020135505,
          "segment_fraction_start": 0.27004769346757,
          "segment_index": 2,
          "static_traversability": "FEASIBLE"
        },
        "startid": 159
      },
      "type": "Feature"
    },
    {
      "geometry": {
        "coordinates": [
          [
            [
              5.074704228351702,
              1.695197252089132
            ],
            [
              5.063844922282625,
              1.4454332125003673
            ]
          ]
        ],
        "type": "MultiLineString"
      },
      "properties": {
        "endid": 161,
        "id": 465,
        "metadata": {
          "bottleneck": true,
          "canonical_edge_id": 61,
          "length_m": 0.25,
          "min_clearance_m": 0.3499999940395355,
          "segment_fraction_end": 0.54009538693514,
          "segment_fraction_start": 0.40507154020135505,
          "segment_index": 3,
          "static_traversability": "FEASIBLE"
        },
        "startid": 160
      },
      "type": "Feature"
    },
    {
      "geometry": {
        "coordinates": [
          [
            [
              5.063844922282625,
              1.4454332125003673
            ],
            [
              5.052985616213548,
              1.1956691729116025
            ]
          ]
        ],
        "type": "MultiLineString"
      },
      "properties": {
        "endid": 162,
        "id": 466,
        "metadata": {
          "bottleneck": true,
          "canonical_edge_id": 61,
          "length_m": 0.25,
          "min_clearance_m": 0.3499999940395355,
          "segment_fraction_end": 0.675119233668925,
          "segment_fraction_start": 0.54009538693514,
          "segment_index": 4,
          "static_traversability": "FEASIBLE"
        },
        "startid": 161
      },
      "type": "Feature"
    },
    {
      "geometry": {
        "coordinates": [
          [
            [
              5.052985616213548,
              1.1956691729116025
            ],
            [
              5.0421263101444715,
              0.9459051333228375
            ]
          ]
        ],
        "type": "MultiLineString"
      },
      "properties": {
        "endid": 163,
        "id": 467,
        "metadata": {
          "bottleneck": true,
          "canonical_edge_id": 61,
          "length_m": 0.25,
          "min_clearance_m": 0.3499999940395355,
          "segment_fraction_end": 0.8101430804027101,
          "segment_fraction_start": 0.675119233668925,
          "segment_index": 5,
          "static_traversability": "FEASIBLE"
        },
        "startid": 162
      },
      "type": "Feature"
    },
    {
      "geometry": {
        "coordinates": [
          [
            [
              5.0421263101444715,
              0.9459051333228375
            ],
            [
              5.061211129750426,
              0.7077888702495745
            ]
          ]
        ],
        "type": "MultiLineString"
      },
      "properties": {
        "endid": 164,
        "id": 468,
        "metadata": {
          "bottleneck": true,
          "canonical_edge_id": 61,
          "length_m": 0.25,
          "min_clearance_m": 0.3499999940395355,
          "segment_fraction_end": 0.9451669271364951,
          "segment_fraction_start": 0.8101430804027101,
          "segment_index": 6,
          "static_traversability": "FEASIBLE"
        },
        "startid": 163
      },
      "type": "Feature"
    },
    {
      "geometry": {
        "coordinates": [
          [
            [
              5.061211129750426,
              0.7077888702495745
            ],
            [
              5.133,
              0.6360000000000001
            ]
          ]
        ],
        "type": "MultiLineString"
      },
      "properties": {
        "endid": 37,
        "id": 469,
        "metadata": {
          "bottleneck": true,
          "canonical_edge_id": 61,
          "length_m": 0.1015247939343904,
          "min_clearance_m": 0.3499999940395355,
          "segment_fraction_end": 1.0,
          "segment_fraction_start": 0.9451669271364951,
          "segment_index": 7,
          "static_traversability": "FEASIBLE"
        },
        "startid": 164
      },
      "type": "Feature"
    },
    {
      "geometry": {
        "coordinates": [
          [
            [
              4.9830000000000005,
              2.436
            ],
            [
              5.202722436226801,
              2.3360000000000003
            ]
          ]
        ],
        "type": "MultiLineString"
      },
      "properties": {
        "endid": 165,
        "id": 470,
        "metadata": {
          "bottleneck": true,
          "canonical_edge_id": 62,
          "length_m": 0.25,
          "min_clearance_m": 0.3354102075099945,
          "segment_fraction_end": 0.39665064151000107,
          "segment_fraction_start": 0.0,
          "segment_index": 0,
          "static_traversability": "FEASIBLE"
        },
        "startid": 35
      },
      "type": "Feature"
    },
    {
      "geometry": {
        "coordinates": [
          [
            [
              5.202722436226801,
              2.3360000000000003
            ],
            [
              5.452722436226801,
              2.3360000000000003
            ]
          ]
        ],
        "type": "MultiLineString"
      },
      "properties": {
        "endid": 166,
        "id": 471,
        "metadata": {
          "bottleneck": true,
          "canonical_edge_id": 62,
          "length_m": 0.25,
          "min_clearance_m": 0.3354102075099945,
          "segment_fraction_end": 0.7933012830200021,
          "segment_fraction_start": 0.39665064151000107,
          "segment_index": 1,
          "static_traversability": "FEASIBLE"
        },
        "startid": 165
      },
      "type": "Feature"
    },
    {
      "geometry": {
        "coordinates": [
          [
            [
              5.452722436226801,
              2.3360000000000003
            ],
            [
              5.583,
              2.3360000000000003
            ]
          ]
        ],
        "type": "MultiLineString"
      },
      "properties": {
        "endid": 43,
        "id": 472,
        "metadata": {
          "bottleneck": true,
          "canonical_edge_id": 62,
          "length_m": 0.130277563773199,
          "min_clearance_m": 0.3354102075099945,
          "segment_fraction_end": 1.0,
          "segment_fraction_start": 0.7933012830200021,
          "segment_index": 2,
          "static_traversability": "FEASIBLE"
        },
        "startid": 166
      },
      "type": "Feature"
    },
    {
      "geometry": {
        "coordinates": [
          [
            [
              5.033,
              -1.1139999999999999
            ],
            [
              4.904647073123583,
              -1.229517634188775
            ]
          ]
        ],
        "type": "MultiLineString"
      },
      "properties": {
        "endid": 150,
        "id": 473,
        "metadata": {
          "bottleneck": true,
          "canonical_edge_id": 63,
          "length_m": 0.17268120235368556,
          "min_clearance_m": 0.2692582309246063,
          "segment_fraction_end": 0.2567058537528337,
          "segment_fraction_start": 0.0,
          "segment_index": 0,
          "static_traversability": "UNKNOWN"
        },
        "startid": 36
      },
      "type": "Feature"
    },
    {
      "geometry": {
        "coordinates": [
          [
            [
              4.904647073123583,
              -1.229517634188775
            ],
            [
              4.718823536561792,
              -1.3967588170943877
            ]
          ]
        ],
        "type": "MultiLineString"
      },
      "properties": {
        "endid": 149,
        "id": 474,
        "metadata": {
          "bottleneck": true,
          "canonical_edge_id": 63,
          "length_m": 0.25,
          "min_clearance_m": 0.2692582309246063,
          "segment_fraction_end": 0.6283529268764169,
          "segment_fraction_start": 0.2567058537528337,
          "segment_index": 1,
          "static_traversability": "UNKNOWN"
        },
        "startid": 150
      },
      "type": "Feature"
    },
    {
      "geometry": {
        "coordinates": [
          [
            [
              4.718823536561792,
              -1.3967588170943877
            ],
            [
              4.533,
              -1.564
            ]
          ]
        ],
        "type": "MultiLineString"
      },
      "properties": {
        "endid": 30,
        "id": 475,
        "metadata": {
          "bottleneck": true,
          "canonical_edge_id": 63,
          "length_m": 0.25,
          "min_clearance_m": 0.2692582309246063,
          "segment_fraction_end": 1.0,
          "segment_fraction_start": 0.6283529268764169,
          "segment_index": 2,
          "static_traversability": "UNKNOWN"
        },
        "startid": 149
      },
      "type": "Feature"
    },
    {
      "geometry": {
        "coordinates": [
          [
            [
              5.033,
              -1.1139999999999999
            ],
            [
              5.024092720756336,
              -0.8818145584873305
            ]
          ]
        ],
        "type": "MultiLineString"
      },
      "properties": {
        "endid": 167,
        "id": 476,
        "metadata": {
          "bottleneck": false,
          "canonical_edge_id": 64,
          "length_m": 0.25,
          "min_clearance_m": 0.6500000357627869,
          "segment_fraction_end": 0.34861140118828593,
          "segment_fraction_start": 0.0,
          "segment_index": 0,
          "static_traversability": "FEASIBLE"
        },
        "startid": 36
      },
      "type": "Feature"
    },
    {
      "geometry": {
        "coordinates": [
          [
            [
              5.024092720756336,
              -0.8818145584873305
            ],
            [
              5.135896119631325,
              -0.6582077607373515
            ]
          ]
        ],
        "type": "MultiLineString"
      },
      "properties": {
        "endid": 168,
        "id": 477,
        "metadata": {
          "bottleneck": false,
          "canonical_edge_id": 64,
          "length_m": 0.25,
          "min_clearance_m": 0.6500000357627869,
          "segment_fraction_end": 0.6972228023765719,
          "segment_fraction_start": 0.34861140118828593,
          "segment_index": 1,
          "static_traversability": "FEASIBLE"
        },
        "startid": 167
      },
      "type": "Feature"
    },
    {
      "geometry": {
        "coordinates": [
          [
            [
              5.135896119631325,
              -0.6582077607373515
            ],
            [
              5.2330000000000005,
              -0.4640000000000004
            ]
          ]
        ],
        "type": "MultiLineString"
      },
      "properties": {
        "endid": 40,
        "id": 478,
        "metadata": {
          "bottleneck": false,
          "canonical_edge_id": 64,
          "length_m": 0.21713087738336578,
          "min_clearance_m": 0.6500000357627869,
          "segment_fraction_end": 1.0,
          "segment_fraction_start": 0.6972228023765719,
          "segment_index": 2,
          "static_traversability": "FEASIBLE"
        },
        "startid": 168
      },
      "type": "Feature"
    },
    {
      "geometry": {
        "coordinates": [
          [
            [
              5.033,
              -1.1139999999999999
            ],
            [
              5.2330000000000005,
              -1.264
            ]
          ]
        ],
        "type": "MultiLineString"
      },
      "properties": {
        "endid": 169,
        "id": 479,
        "metadata": {
          "bottleneck": true,
          "canonical_edge_id": 65,
          "length_m": 0.25,
          "min_clearance_m": 0.3201562166213989,
          "segment_fraction_end": 0.49999999999999933,
          "segment_fraction_start": 0.0,
          "segment_index": 0,
          "static_traversability": "FEASIBLE"
        },
        "startid": 36
      },
      "type": "Feature"
    },
    {
      "geometry": {
        "coordinates": [
          [
            [
              5.2330000000000005,
              -1.264
            ],
            [
              5.433,
              -1.4140000000000001
            ]
          ]
        ],
        "type": "MultiLineString"
      },
      "properties": {
        "endid": 42,
        "id": 480,
        "metadata": {
          "bottleneck": true,
          "canonical_edge_id": 65,
          "length_m": 0.25,
          "min_clearance_m": 0.3201562166213989,
          "segment_fraction_end": 0.9999999999999987,
          "segment_fraction_start": 0.49999999999999933,
          "segment_index": 1,
          "static_traversability": "FEASIBLE"
        },
        "startid": 169
      },
      "type": "Feature"
    },
    {
      "geometry": {
        "coordinates": [
          [
            [
              5.133,
              0.6360000000000001
            ],
            [
              5.030487373415292,
              0.6506446609406726
            ]
          ]
        ],
        "type": "MultiLineString"
      },
      "properties": {
        "endid": 151,
        "id": 481,
        "metadata": {
          "bottleneck": false,
          "canonical_edge_id": 66,
          "length_m": 0.1035533905932734,
          "min_clearance_m": 0.9300538301467896,
          "segment_fraction_end": 0.29289321881345176,
          "segment_fraction_start": 0.0,
          "segment_index": 0,
          "static_traversability": "FEASIBLE"
        },
        "startid": 37
      },
      "type": "Feature"
    },
    {
      "geometry": {
        "coordinates": [
          [
            [
              5.030487373415292,
              0.6506446609406726
            ],
            [
              4.783,
              0.6859999999999999
            ]
          ]
        ],
        "type": "MultiLineString"
      },
      "properties": {
        "endid": 32,
        "id": 482,
        "metadata": {
          "bottleneck": false,
          "canonical_edge_id": 66,
          "length_m": 0.25,
          "min_clearance_m": 0.9300538301467896,
          "segment_fraction_end": 1.0,
          "segment_fraction_start": 0.29289321881345176,
          "segment_index": 1,
          "static_traversability": "FEASIBLE"
        },
        "startid": 151
      },
      "type": "Feature"
    },
    {
      "geometry": {
        "coordinates": [
          [
            [
              5.133,
              0.6360000000000001
            ],
            [
              5.061211129750426,
              0.7077888702495745
            ]
          ]
        ],
        "type": "MultiLineString"
      },
      "properties": {
        "endid": 164,
        "id": 483,
        "metadata": {
          "bottleneck": true,
          "canonical_edge_id": 67,
          "length_m": 0.1015247939343904,
          "min_clearance_m": 0.3499999940395355,
          "segment_fraction_end": 0.05483307286350494,
          "segment_fraction_start": 0.0,
          "segment_index": 0,
          "static_traversability": "FEASIBLE"
        },
        "startid": 37
      },
      "type": "Feature"
    },
    {
      "geometry": {
        "coordinates": [
          [
            [
              5.061211129750426,
              0.7077888702495745
            ],
            [
              5.0421263101444715,
              0.9459051333228375
            ]
          ]
        ],
        "type": "MultiLineString"
      },
      "properties": {
        "endid": 163,
        "id": 484,
        "metadata": {
          "bottleneck": true,
          "canonical_edge_id": 67,
          "length_m": 0.25,
          "min_clearance_m": 0.3499999940395355,
          "segment_fraction_end": 0.18985691959728995,
          "segment_fraction_start": 0.05483307286350494,
          "segment_index": 1,
          "static_traversability": "FEASIBLE"
        },
        "startid": 164
      },
      "type": "Feature"
    },
    {
      "geometry": {
        "coordinates": [
          [
            [
              5.0421263101444715,
              0.9459051333228375
            ],
            [
              5.052985616213548,
              1.1956691729116025
            ]
          ]
        ],
        "type": "MultiLineString"
      },
      "properties": {
        "endid": 162,
        "id": 485,
        "metadata": {
          "bottleneck": true,
          "canonical_edge_id": 67,
          "length_m": 0.25,
          "min_clearance_m": 0.3499999940395355,
          "segment_fraction_end": 0.32488076633107493,
          "segment_fraction_start": 0.18985691959728995,
          "segment_index": 2,
          "static_traversability": "FEASIBLE"
        },
        "startid": 163
      },
      "type": "Feature"
    },
    {
      "geometry": {
        "coordinates": [
          [
            [
              5.052985616213548,
              1.1956691729116025
            ],
            [
              5.063844922282625,
              1.4454332125003673
            ]
          ]
        ],
        "type": "MultiLineString"
      },
      "properties": {
        "endid": 161,
        "id": 486,
        "metadata": {
          "bottleneck": true,
          "canonical_edge_id": 67,
          "length_m": 0.25,
          "min_clearance_m": 0.3499999940395355,
          "segment_fraction_end": 0.45990461306485997,
          "segment_fraction_start": 0.32488076633107493,
          "segment_index": 3,
          "static_traversability": "FEASIBLE"
        },
        "startid": 162
      },
      "type": "Feature"
    },
    {
      "geometry": {
        "coordinates": [
          [
            [
              5.063844922282625,
              1.4454332125003673
            ],
            [
              5.074704228351702,
              1.695197252089132
            ]
          ]
        ],
        "type": "MultiLineString"
      },
      "properties": {
        "endid": 160,
        "id": 487,
        "metadata": {
          "bottleneck": true,
          "canonical_edge_id": 67,
          "length_m": 0.25,
          "min_clearance_m": 0.3499999940395355,
          "segment_fraction_end": 0.594928459798645,
          "segment_fraction_start": 0.45990461306485997,
          "segment_index": 4,
          "static_traversability": "FEASIBLE"
        },
        "startid": 161
      },
      "type": "Feature"
    },
    {
      "geometry": {
        "coordinates": [
          [
            [
              5.074704228351702,
              1.695197252089132
            ],
            [
              5.072442719099992,
              1.944065044950046
            ]
          ]
        ],
        "type": "MultiLineString"
      },
      "properties": {
        "endid": 159,
        "id": 488,
        "metadata": {
          "bottleneck": true,
          "canonical_edge_id": 67,
          "length_m": 0.25,
          "min_clearance_m": 0.3499999940395355,
          "segment_fraction_end": 0.7299523065324299,
          "segment_fraction_start": 0.594928459798645,
          "segment_index": 5,
          "static_traversability": "FEASIBLE"
        },
        "startid": 160
      },
      "type": "Feature"
    },
    {
      "geometry": {
        "coordinates": [
          [
            [
              5.072442719099992,
              1.944065044950046
            ],
            [
              5.0277213595499965,
              2.1900325224750232
            ]
          ]
        ],
        "type": "MultiLineString"
      },
      "properties": {
        "endid": 158,
        "id": 489,
        "metadata": {
          "bottleneck": true,
          "canonical_edge_id": 67,
          "length_m": 0.25,
          "min_clearance_m": 0.3499999940395355,
          "segment_fraction_end": 0.864976153266215,
          "segment_fraction_start": 0.7299523065324299,
          "segment_index": 6,
          "static_traversability": "FEASIBLE"
        },
        "startid": 159
      },
      "type": "Feature"
    },
    {
      "geometry": {
        "coordinates": [
          [
            [
              5.0277213595499965,
              2.1900325224750232
            ],
            [
              4.9830000000000005,
              2.436
            ]
          ]
        ],
        "type": "MultiLineString"
      },
      "properties": {
        "endid": 35,
        "id": 490,
        "metadata": {
          "bottleneck": true,
          "canonical_edge_id": 67,
          "length_m": 0.25,
          "min_clearance_m": 0.3499999940395355,
          "segment_fraction_end": 1.0,
          "segment_fraction_start": 0.864976153266215,
          "segment_index": 7,
          "static_traversability": "FEASIBLE"
        },
        "startid": 158
      },
      "type": "Feature"
    },
    {
      "geometry": {
        "coordinates": [
          [
            [
              5.133,
              0.6360000000000001
            ],
            [
              5.107320674076934,
              0.3995189888845988
            ]
          ]
        ],
        "type": "MultiLineString"
      },
      "properties": {
        "endid": 170,
        "id": 491,
        "metadata": {
          "bottleneck": false,
          "canonical_edge_id": 68,
          "length_m": 0.25,
          "min_clearance_m": 0.9178779721260071,
          "segment_fraction_end": 0.646942937692088,
          "segment_fraction_start": 0.0,
          "segment_index": 0,
          "static_traversability": "FEASIBLE"
        },
        "startid": 37
      },
      "type": "Feature"
    },
    {
      "geometry": {
        "coordinates": [
          [
            [
              5.107320674076934,
              0.3995189888845988
            ],
            [
              5.183000000000001,
              0.2859999999999996
            ]
          ]
        ],
        "type": "MultiLineString"
      },
      "properties": {
        "endid": 38,
        "id": 492,
        "metadata": {
          "bottleneck": false,
          "canonical_edge_id": 68,
          "length_m": 0.13643284505408315,
          "min_clearance_m": 0.9178779721260071,
          "segment_fraction_end": 1.0,
          "segment_fraction_start": 0.646942937692088,
          "segment_index": 1,
          "static_traversability": "FEASIBLE"
        },
        "startid": 170
      },
      "type": "Feature"
    },
    {
      "geometry": {
        "coordinates": [
          [
            [
              5.133,
              0.6360000000000001
            ],
            [
              5.380487373415292,
              0.6713553390593273
            ]
          ]
        ],
        "type": "MultiLineString"
      },
      "properties": {
        "endid": 171,
        "id": 493,
        "metadata": {
          "bottleneck": false,
          "canonical_edge_id": 69,
          "length_m": 0.25,
          "min_clearance_m": 0.6403124332427979,
          "segment_fraction_end": 0.2795213443676485,
          "segment_fraction_start": 0.0,
          "segment_index": 0,
          "static_traversability": "FEASIBLE"
        },
        "startid": 37
      },
      "type": "Feature"
    },
    {
      "geometry": {
        "coordinates": [
          [
            [
              5.380487373415292,
              0.6713553390593273
            ],
            [
              5.604850944461646,
              0.7672339629744301
            ]
          ]
        ],
        "type": "MultiLineString"
      },
      "properties": {
        "endid": 172,
        "id": 494,
        "metadata": {
          "bottleneck": false,
          "canonical_edge_id": 69,
          "length_m": 0.25,
          "min_clearance_m": 0.6403124332427979,
          "segment_fraction_end": 0.559042688735297,
          "segment_fraction_start": 0.2795213443676485,
          "segment_index": 1,
          "static_traversability": "FEASIBLE"
        },
        "startid": 171
      },
      "type": "Feature"
    },
    {
      "geometry": {
        "coordinates": [
          [
            [
              5.604850944461646,
              0.7672339629744301
            ],
            [
              5.812863518046107,
              0.9059090120307374
            ]
          ]
        ],
        "type": "MultiLineString"
      },
      "properties": {
        "endid": 173,
        "id": 495,
        "metadata": {
          "bottleneck": false,
          "canonical_edge_id": 69,
          "length_m": 0.25,
          "min_clearance_m": 0.6403124332427979,
          "segment_fraction_end": 0.8385640331029456,
          "segment_fraction_start": 0.559042688735297,
          "segment_index": 2,
          "static_traversability": "FEASIBLE"
        },
        "startid": 172
      },
      "type": "Feature"
    },
    {
      "geometry": {
        "coordinates": [
          [
            [
              5.812863518046107,
              0.9059090120307374
            ],
            [
              5.933000000000001,
              0.9859999999999998
            ]
          ]
        ],
        "type": "MultiLineString"
      },
      "properties": {
        "endid": 46,
        "id": 496,
        "metadata": {
          "bottleneck": false,
          "canonical_edge_id": 69,
          "length_m": 0.14438608191287272,
          "min_clearance_m": 0.6403124332427979,
          "segment_fraction_end": 1.0,
          "segment_fraction_start": 0.8385640331029456,
          "segment_index": 3,
          "static_traversability": "FEASIBLE"
        },
        "startid": 173
      },
      "type": "Feature"
    },
    {
      "geometry": {
        "coordinates": [
          [
            [
              5.183000000000001,
              0.2859999999999996
            ],
            [
              5.107320674076934,
              0.3995189888845988
            ]
          ]
        ],
        "type": "MultiLineString"
      },
      "properties": {
        "endid": 170,
        "id": 497,
        "metadata": {
          "bottleneck": false,
          "canonical_edge_id": 70,
          "length_m": 0.13643284505408315,
          "min_clearance_m": 0.9178779721260071,
          "segment_fraction_end": 0.353057062307912,
          "segment_fraction_start": 0.0,
          "segment_index": 0,
          "static_traversability": "FEASIBLE"
        },
        "startid": 38
      },
      "type": "Feature"
    },
    {
      "geometry": {
        "coordinates": [
          [
            [
              5.107320674076934,
              0.3995189888845988
            ],
            [
              5.133,
              0.6360000000000001
            ]
          ]
        ],
        "type": "MultiLineString"
      },
      "properties": {
        "endid": 37,
        "id": 498,
        "metadata": {
          "bottleneck": false,
          "canonical_edge_id": 70,
          "length_m": 0.25,
          "min_clearance_m": 0.9178779721260071,
          "segment_fraction_end": 1.0,
          "segment_fraction_start": 0.353057062307912,
          "segment_index": 1,
          "static_traversability": "FEASIBLE"
        },
        "startid": 170
      },
      "type": "Feature"
    },
    {
      "geometry": {
        "coordinates": [
          [
            [
              5.183000000000001,
              0.2859999999999996
            ],
            [
              5.1622386300365655,
              0.0368635604387797
            ]
          ]
        ],
        "type": "MultiLineString"
      },
      "properties": {
        "endid": 174,
        "id": 499,
        "metadata": {
          "bottleneck": false,
          "canonical_edge_id": 71,
          "length_m": 0.25,
          "min_clearance_m": 0.7810249924659729,
          "segment_fraction_end": 0.3195470948230418,
          "segment_fraction_start": 0.0,
          "segment_index": 0,
          "static_traversability": "FEASIBLE"
        },
        "startid": 38
      },
      "type": "Feature"
    },
    {
      "geometry": {
        "coordinates": [
          [
            [
              5.1622386300365655,
              0.0368635604387797
            ],
            [
              5.14147726007313,
              -0.2122728791224402
            ]
          ]
        ],
        "type": "MultiLineString"
      },
      "properties": {
        "endid": 175,
        "id": 500,
        "metadata": {
          "bottleneck": false,
          "canonical_edge_id": 71,
          "length_m": 0.25,
          "min_clearance_m": 0.7810249924659729,
          "segment_fraction_end": 0.6390941896460836,
          "segment_fraction_start": 0.3195470948230418,
          "segment_index": 1,
          "static_traversability": "FEASIBLE"
        },
        "startid": 174
      },
      "type": "Feature"
    },
    {
      "geometry": {
        "coordinates": [
          [
            [
              5.14147726007313,
              -0.2122728791224402
            ],
            [
              5.215051403382885,
              -0.43707710507432734
            ]
          ]
        ],
        "type": "MultiLineString"
      },
      "properties": {
        "endid": 176,
        "id": 501,
        "metadata": {
          "bottleneck": false,
          "canonical_edge_id": 71,
          "length_m": 0.25,
          "min_clearance_m": 0.7810249924659729,
          "segment_fraction_end": 0.9586412844691253,
          "segment_fraction_start": 0.6390941896460836,
          "segment_index": 2,
          "static_traversability": "FEASIBLE"
        },
        "startid": 175
      },
      "type": "Feature"
    },
    {
      "geometry": {
        "coordinates": [
          [
            [
              5.215051403382885,
              -0.43707710507432734
            ],
            [
              5.2330000000000005,
              -0.4640000000000004
            ]
          ]
        ],
        "type": "MultiLineString"
      },
      "properties": {
        "endid": 40,
        "id": 502,
        "metadata": {
          "bottleneck": false,
          "canonical_edge_id": 71,
          "length_m": 0.03235729271281451,
          "min_clearance_m": 0.7810249924659729,
          "segment_fraction_end": 1.0,
          "segment_fraction_start": 0.9586412844691253,
          "segment_index": 3,
          "static_traversability": "FEASIBLE"
        },
        "startid": 176
      },
      "type": "Feature"
    },
    {
      "geometry": {
        "coordinates": [
          [
            [
              5.183000000000001,
              0.2859999999999996
            ],
            [
              5.433000000000001,
              0.2859999999999996
            ]
          ]
        ],
        "type": "MultiLineString"
      },
      "properties": {
        "endid": 177,
        "id": 503,
        "metadata": {
          "bottleneck": true,
          "canonical_edge_id": 72,
          "length_m": 0.25,
          "min_clearance_m": 0.25,
          "segment_fraction_end": 0.14157173270200427,
          "segment_fraction_start": 0.0,
          "segment_index": 0,
          "static_traversability": "UNKNOWN"
        },
        "startid": 38
      },
      "type": "Feature"
    },
    {
      "geometry": {
        "coordinates": [
          [
            [
              5.433000000000001,
              0.2859999999999996
            ],
            [
              5.683000000000001,
              0.2859999999999996
            ]
          ]
        ],
        "type": "MultiLineString"
      },
      "properties": {
        "endid": 178,
        "id": 504,
        "metadata": {
          "bottleneck": true,
          "canonical_edge_id": 72,
          "length_m": 0.25,
          "min_clearance_m": 0.25,
          "segment_fraction_end": 0.28314346540400853,
          "segment_fraction_start": 0.14157173270200427,
          "segment_index": 1,
          "static_traversability": "UNKNOWN"
        },
        "startid": 177
      },
      "type": "Feature"
    },
    {
      "geometry": {
        "coordinates": [
          [
            [
              5.683000000000001,
              0.2859999999999996
            ],
            [
              5.933000000000001,
              0.2859999999999996
            ]
          ]
        ],
        "type": "MultiLineString"
      },
      "properties": {
        "endid": 179,
        "id": 505,
        "metadata": {
          "bottleneck": true,
          "canonical_edge_id": 72,
          "length_m": 0.25,
          "min_clearance_m": 0.25,
          "segment_fraction_end": 0.4247151981060128,
          "segment_fraction_start": 0.28314346540400853,
          "segment_index": 2,
          "static_traversability": "UNKNOWN"
        },
        "startid": 178
      },
      "type": "Feature"
    },
    {
      "geometry": {
        "coordinates": [
          [
            [
              5.933000000000001,
              0.2859999999999996
            ],
            [
              6.147373231428137,
              0.1573760611431183
            ]
          ]
        ],
        "type": "MultiLineString"
      },
      "properties": {
        "endid": 180,
        "id": 506,
        "metadata": {
          "bottleneck": true,
          "canonical_edge_id": 72,
          "length_m": 0.25,
          "min_clearance_m": 0.25,
          "segment_fraction_end": 0.5662869308080171,
          "segment_fraction_start": 0.4247151981060128,
          "segment_index": 3,
          "static_traversability": "UNKNOWN"
        },
        "startid": 179
      },
      "type": "Feature"
    },
    {
      "geometry": {
        "coordinates": [
          [
            [
              6.147373231428137,
              0.1573760611431183
            ],
            [
              6.308071443154642,
              -0.03076192420618834
            ]
          ]
        ],
        "type": "MultiLineString"
      },
      "properties": {
        "endid": 181,
        "id": 507,
        "metadata": {
          "bottleneck": true,
          "canonical_edge_id": 72,
          "length_m": 0.25,
          "min_clearance_m": 0.25,
          "segment_fraction_end": 0.7078586635100214,
          "segment_fraction_start": 0.5662869308080171,
          "segment_index": 4,
          "static_traversability": "UNKNOWN"
        },
        "startid": 180
      },
      "type": "Feature"
    },
    {
      "geometry": {
        "coordinates": [
          [
            [
              6.308071443154642,
              -0.03076192420618834
            ],
            [
              6.267081561564511,
              -0.2617553153064709
            ]
          ]
        ],
        "type": "MultiLineString"
      },
      "properties": {
        "endid": 182,
        "id": 508,
        "metadata": {
          "bottleneck": true,
          "canonical_edge_id": 72,
          "length_m": 0.25,
          "min_clearance_m": 0.25,
          "segment_fraction_end": 0.8494303962120257,
          "segment_fraction_start": 0.7078586635100214,
          "segment_index": 5,
          "static_traversability": "UNKNOWN"
        },
        "startid": 181
      },
      "type": "Feature"
    },
    {
      "geometry": {
        "coordinates": [
          [
            [
              6.267081561564511,
              -0.2617553153064709
            ],
            [
              6.188024620060301,
              -0.49892613981909945
            ]
          ]
        ],
        "type": "MultiLineString"
      },
      "properties": {
        "endid": 183,
        "id": 509,
        "metadata": {
          "bottleneck": true,
          "canonical_edge_id": 72,
          "length_m": 0.25,
          "min_clearance_m": 0.25,
          "segment_fraction_end": 0.99100212891403,
          "segment_fraction_start": 0.8494303962120257,
          "segment_index": 6,
          "static_traversability": "UNKNOWN"
        },
        "startid": 182
      },
      "type": "Feature"
    },
    {
      "geometry": {
        "coordinates": [
          [
            [
              6.188024620060301,
              -0.49892613981909945
            ],
            [
              6.183000000000001,
              -0.5140000000000001
            ]
          ]
        ],
        "type": "MultiLineString"
      },
      "properties": {
        "endid": 49,
        "id": 510,
        "metadata": {
          "bottleneck": true,
          "canonical_edge_id": 72,
          "length_m": 0.01588924376752132,
          "min_clearance_m": 0.25,
          "segment_fraction_end": 1.0,
          "segment_fraction_start": 0.99100212891403,
          "segment_index": 7,
          "static_traversability": "UNKNOWN"
        },
        "startid": 183
      },
      "type": "Feature"
    },
    {
      "geometry": {
        "coordinates": [
          [
            [
              5.183000000000001,
              4.536
            ],
            [
              5.062786257504515,
              4.484479824644792
            ]
          ]
        ],
        "type": "MultiLineString"
      },
      "properties": {
        "endid": 152,
        "id": 511,
        "metadata": {
          "bottleneck": true,
          "canonical_edge_id": 73,
          "length_m": 0.13078865529319533,
          "min_clearance_m": 0.2692582309246063,
          "segment_fraction_end": 0.34346783570138706,
          "segment_fraction_start": 0.0,
          "segment_index": 0,
          "static_traversability": "UNKNOWN"
        },
        "startid": 39
      },
      "type": "Feature"
    },
    {
      "geometry": {
        "coordinates": [
          [
            [
              5.062786257504515,
              4.484479824644792
            ],
            [
              4.833,
              4.386000000000001
            ]
          ]
        ],
        "type": "MultiLineString"
      },
      "properties": {
        "endid": 33,
        "id": 512,
        "metadata": {
          "bottleneck": true,
          "canonical_edge_id": 73,
          "length_m": 0.25,
          "min_clearance_m": 0.2692582309246063,
          "segment_fraction_end": 1.0,
          "segment_fraction_start": 0.34346783570138706,
          "segment_index": 1,
          "static_traversability": "UNKNOWN"
        },
        "startid": 152
      },
      "type": "Feature"
    },
    {
      "geometry": {
        "coordinates": [
          [
            [
              5.2330000000000005,
              -0.4640000000000004
            ],
            [
              5.135896119631325,
              -0.6582077607373515
            ]
          ]
        ],
        "type": "MultiLineString"
      },
      "properties": {
        "endid": 168,
        "id": 513,
        "metadata": {
          "bottleneck": false,
          "canonical_edge_id": 74,
          "length_m": 0.21713087738336578,
          "min_clearance_m": 0.6500000357627869,
          "segment_fraction_end": 0.3027771976234282,
          "segment_fraction_start": 0.0,
          "segment_index": 0,
          "static_traversability": "FEASIBLE"
        },
        "startid": 40
      },
      "type": "Feature"
    },
    {
      "geometry": {
        "coordinates": [
          [
            [
              5.135896119631325,
              -0.6582077607373515
            ],
            [
              5.024092720756336,
              -0.8818145584873305
            ]
          ]
        ],
        "type": "MultiLineString"
      },
      "properties": {
        "endid": 167,
        "id": 514,
        "metadata": {
          "bottleneck": false,
          "canonical_edge_id": 74,
          "length_m": 0.25,
          "min_clearance_m": 0.6500000357627869,
          "segment_fraction_end": 0.6513885988117141,
          "segment_fraction_start": 0.3027771976234282,
          "segment_index": 1,
          "static_traversability": "FEASIBLE"
        },
        "startid": 168
      },
      "type": "Feature"
    },
    {
      "geometry": {
        "coordinates": [
          [
            [
              5.024092720756336,
              -0.8818145584873305
            ],
            [
              5.033,
              -1.1139999999999999
            ]
          ]
        ],
        "type": "MultiLineString"
      },
      "properties": {
        "endid": 36,
        "id": 515,
        "metadata": {
          "bottleneck": false,
          "canonical_edge_id": 74,
          "length_m": 0.25,
          "min_clearance_m": 0.6500000357627869,
          "segment_fraction_end": 1.0,
          "segment_fraction_start": 0.6513885988117141,
          "segment_index": 2,
          "static_traversability": "FEASIBLE"
        },
        "startid": 167
      },
      "type": "Feature"
    },
    {
      "geometry": {
        "coordinates": [
          [
            [
              5.2330000000000005,
              -0.4640000000000004
            ],
            [
              5.215051403382885,
              -0.43707710507432734
            ]
          ]
        ],
        "type": "MultiLineString"
      },
      "properties": {
        "endid": 176,
        "id": 516,
        "metadata": {
          "bottleneck": false,
          "canonical_edge_id": 75,
          "length_m": 0.03235729271281451,
          "min_clearance_m": 0.7810249924659729,
          "segment_fraction_end": 0.04135871553087463,
          "segment_fraction_start": 0.0,
          "segment_index": 0,
          "static_traversability": "FEASIBLE"
        },
        "startid": 40
      },
      "type": "Feature"
    },
    {
      "geometry": {
        "coordinates": [
          [
            [
              5.215051403382885,
              -0.43707710507432734
            ],
            [
              5.14147726007313,
              -0.2122728791224402
            ]
          ]
        ],
        "type": "MultiLineString"
      },
      "properties": {
        "endid": 175,
        "id": 517,
        "metadata": {
          "bottleneck": false,
          "canonical_edge_id": 75,
          "length_m": 0.25,
          "min_clearance_m": 0.7810249924659729,
          "segment_fraction_end": 0.36090581035391645,
          "segment_fraction_start": 0.04135871553087463,
          "segment_index": 1,
          "static_traversability": "FEASIBLE"
        },
        "startid": 176
      },
      "type": "Feature"
    },
    {
      "geometry": {
        "coordinates": [
          [
            [
              5.14147726007313,
              -0.2122728791224402
            ],
            [
              5.1622386300365655,
              0.0368635604387797
            ]
          ]
        ],
        "type": "MultiLineString"
      },
      "properties": {
        "endid": 174,
        "id": 518,
        "metadata": {
          "bottleneck": false,
          "canonical_edge_id": 75,
          "length_m": 0.25,
          "min_clearance_m": 0.7810249924659729,
          "segment_fraction_end": 0.6804529051769582,
          "segment_fraction_start": 0.36090581035391645,
          "segment_index": 2,
          "static_traversability": "FEASIBLE"
        },
        "startid": 175
      },
      "type": "Feature"
    },
    {
      "geometry": {
        "coordinates": [
          [
            [
              5.1622386300365655,
              0.0368635604387797
            ],
            [
              5.183000000000001,
              0.2859999999999996
            ]
          ]
        ],
        "type": "MultiLineString"
      },
      "properties": {
        "endid": 38,
        "id": 519,
        "metadata": {
          "bottleneck": false,
          "canonical_edge_id": 75,
          "length_m": 0.25,
          "min_clearance_m": 0.7810249924659729,
          "segment_fraction_end": 1.0,
          "segment_fraction_start": 0.6804529051769582,
          "segment_index": 3,
          "static_traversability": "FEASIBLE"
        },
        "startid": 174
      },
      "type": "Feature"
    },
    {
      "geometry": {
        "coordinates": [
          [
            [
              5.2330000000000005,
              -0.4640000000000004
            ],
            [
              5.481759297552498,
              -0.48887592975525007
            ]
          ]
        ],
        "type": "MultiLineString"
      },
      "properties": {
        "endid": 184,
        "id": 520,
        "metadata": {
          "bottleneck": false,
          "canonical_edge_id": 76,
          "length_m": 0.25,
          "min_clearance_m": 0.4301162660121918,
          "segment_fraction_end": 0.3322286592842692,
          "segment_fraction_start": 0.0,
          "segment_index": 0,
          "static_traversability": "FEASIBLE"
        },
        "startid": 40
      },
      "type": "Feature"
    },
    {
      "geometry": {
        "coordinates": [
          [
            [
              5.481759297552498,
              -0.48887592975525007
            ],
            [
              5.7305185951049955,
              -0.5137518595104997
            ]
          ]
        ],
        "type": "MultiLineString"
      },
      "properties": {
        "endid": 185,
        "id": 521,
        "metadata": {
          "bottleneck": false,
          "canonical_edge_id": 76,
          "length_m": 0.25,
          "min_clearance_m": 0.4301162660121918,
          "segment_fraction_end": 0.6644573185685384,
          "segment_fraction_start": 0.3322286592842692,
          "segment_index": 1,
          "static_traversability": "FEASIBLE"
        },
        "startid": 184
      },
      "type": "Feature"
    },
    {
      "geometry": {
        "coordinates": [
          [
            [
              5.7305185951049955,
              -0.5137518595104997
            ],
            [
              5.931004975155165,
              -0.6625037313663731
            ]
          ]
        ],
        "type": "MultiLineString"
      },
      "properties": {
        "endid": 186,
        "id": 522,
        "metadata": {
          "bottleneck": false,
          "canonical_edge_id": 76,
          "length_m": 0.25,
          "min_clearance_m": 0.4301162660121918,
          "segment_fraction_end": 0.9966859778528077,
          "segment_fraction_start": 0.6644573185685384,
          "segment_index": 2,
          "static_traversability": "FEASIBLE"
        },
        "startid": 185
      },
      "type": "Feature"
    },
    {
      "geometry": {
        "coordinates": [
          [
            [
              5.931004975155165,
              -0.6625037313663731
            ],
            [
              5.933000000000001,
              -0.6639999999999997
            ]
          ]
        ],
        "type": "MultiLineString"
      },
      "properties": {
        "endid": 45,
        "id": 523,
        "metadata": {
          "bottleneck": false,
          "canonical_edge_id": 76,
          "length_m": 0.002493781056044253,
          "min_clearance_m": 0.4301162660121918,
          "segment_fraction_end": 1.0,
          "segment_fraction_start": 0.9966859778528077,
          "segment_index": 3,
          "static_traversability": "FEASIBLE"
        },
        "startid": 186
      },
      "type": "Feature"
    },
    {
      "geometry": {
        "coordinates": [
          [
            [
              5.2330000000000005,
              3.886000000000001
            ],
            [
              5.15143774609658,
              3.757830743866054
            ]
          ]
        ],
        "type": "MultiLineString"
      },
      "properties": {
        "endid": 157,
        "id": 524,
        "metadata": {
          "bottleneck": true,
          "canonical_edge_id": 77,
          "length_m": 0.15192024052026576,
          "min_clearance_m": 0.25,
          "segment_fraction_end": 0.23303501115263062,
          "segment_fraction_start": 0.0,
          "segment_index": 0,
          "static_traversability": "UNKNOWN"
        },
        "startid": 41
      },
      "type": "Feature"
    },
    {
      "geometry": {
        "coordinates": [
          [
            [
              5.15143774609658,
              3.757830743866054
            ],
            [
              5.01721887304829,
              3.5469153719330273
            ]
          ]
        ],
        "type": "MultiLineString"
      },
      "properties": {
        "endid": 156,
        "id": 525,
        "metadata": {
          "bottleneck": true,
          "canonical_edge_id": 77,
          "length_m": 0.25,
          "min_clearance_m": 0.25,
          "segment_fraction_end": 0.6165175055763153,
          "segment_fraction_start": 0.23303501115263062,
          "segment_index": 1,
          "static_traversability": "UNKNOWN"
        },
        "startid": 157
      },
      "type": "Feature"
    },
    {
      "geometry": {
        "coordinates": [
          [
            [
              5.01721887304829,
              3.5469153719330273
            ],
            [
              4.883,
              3.3360000000000003
            ]
          ]
        ],
        "type": "MultiLineString"
      },
      "properties": {
        "endid": 34,
        "id": 526,
        "metadata": {
          "bottleneck": true,
          "canonical_edge_id": 77,
          "length_m": 0.25,
          "min_clearance_m": 0.25,
          "segment_fraction_end": 1.0,
          "segment_fraction_start": 0.6165175055763153,
          "segment_index": 2,
          "static_traversability": "UNKNOWN"
        },
        "startid": 156
      },
      "type": "Feature"
    },
    {
      "geometry": {
        "coordinates": [
          [
            [
              5.433,
              -1.4140000000000001
            ],
            [
              5.2330000000000005,
              -1.264
            ]
          ]
        ],
        "type": "MultiLineString"
      },
      "properties": {
        "endid": 169,
        "id": 527,
        "metadata": {
          "bottleneck": true,
          "canonical_edge_id": 78,
          "length_m": 0.25,
          "min_clearance_m": 0.3201562166213989,
          "segment_fraction_end": 0.5000000000000007,
          "segment_fraction_start": 1.332267629550186e-15,
          "segment_index": 1,
          "static_traversability": "FEASIBLE"
        },
        "startid": 42
      },
      "type": "Feature"
    },
    {
      "geometry": {
        "coordinates": [
          [
            [
              5.2330000000000005,
              -1.264
            ],
            [
              5.033,
              -1.1139999999999999
            ]
          ]
        ],
        "type": "MultiLineString"
      },
      "properties": {
        "endid": 36,
        "id": 528,
        "metadata": {
          "bottleneck": true,
          "canonical_edge_id": 78,
          "length_m": 0.25,
          "min_clearance_m": 0.3201562166213989,
          "segment_fraction_end": 1.0,
          "segment_fraction_start": 0.5000000000000007,
          "segment_index": 2,
          "static_traversability": "FEASIBLE"
        },
        "startid": 169
      },
      "type": "Feature"
    },
    {
      "geometry": {
        "coordinates": [
          [
            [
              5.583,
              2.3360000000000003
            ],
            [
              5.452722436226801,
              2.3360000000000003
            ]
          ]
        ],
        "type": "MultiLineString"
      },
      "properties": {
        "endid": 166,
        "id": 529,
        "metadata": {
          "bottleneck": true,
          "canonical_edge_id": 79,
          "length_m": 0.130277563773199,
          "min_clearance_m": 0.3354102075099945,
          "segment_fraction_end": 0.20669871697999784,
          "segment_fraction_start": 0.0,
          "segment_index": 0,
          "static_traversability": "FEASIBLE"
        },
        "startid": 43
      },
      "type": "Feature"
    },
    {
      "geometry": {
        "coordinates": [
          [
            [
              5.452722436226801,
              2.3360000000000003
            ],
            [
              5.202722436226801,
              2.3360000000000003
            ]
          ]
        ],
        "type": "MultiLineString"
      },
      "properties": {
        "endid": 165,
        "id": 530,
        "metadata": {
          "bottleneck": true,
          "canonical_edge_id": 79,
          "length_m": 0.25,
          "min_clearance_m": 0.3354102075099945,
          "segment_fraction_end": 0.6033493584899989,
          "segment_fraction_start": 0.20669871697999784,
          "segment_index": 1,
          "static_traversability": "FEASIBLE"
        },
        "startid": 166
      },
      "type": "Feature"
    },
    {
      "geometry": {
        "coordinates": [
          [
            [
              5.202722436226801,
              2.3360000000000003
            ],
            [
              4.9830000000000005,
              2.436
            ]
          ]
        ],
        "type": "MultiLineString"
      },
      "properties": {
        "endid": 35,
        "id": 531,
        "metadata": {
          "bottleneck": true,
          "canonical_edge_id": 79,
          "length_m": 0.25,
          "min_clearance_m": 0.3354102075099945,
          "segment_fraction_end": 1.0,
          "segment_fraction_start": 0.6033493584899989,
          "segment_index": 2,
          "static_traversability": "FEASIBLE"
        },
        "startid": 165
      },
      "type": "Feature"
    },
    {
      "geometry": {
        "coordinates": [
          [
            [
              5.783,
              3.7360000000000007
            ],
            [
              5.883,
              3.9557224362268015
            ]
          ]
        ],
        "type": "MultiLineString"
      },
      "properties": {
        "endid": 187,
        "id": 532,
        "metadata": {
          "bottleneck": true,
          "canonical_edge_id": 80,
          "length_m": 0.25,
          "min_clearance_m": 0.22360680997371674,
          "segment_fraction_end": 0.23596200490067146,
          "segment_fraction_start": 0.0,
          "segment_index": 0,
          "static_traversability": "UNKNOWN"
        },
        "startid": 44
      },
      "type": "Feature"
    },
    {
      "geometry": {
        "coordinates": [
          [
            [
              5.883,
              3.9557224362268015
            ],
            [
              5.967656546516145,
              4.170656546516145
            ]
          ]
        ],
        "type": "MultiLineString"
      },
      "properties": {
        "endid": 188,
        "id": 533,
        "metadata": {
          "bottleneck": true,
          "canonical_edge_id": 80,
          "length_m": 0.25,
          "min_clearance_m": 0.22360680997371674,
          "segment_fraction_end": 0.4719240098013429,
          "segment_fraction_start": 0.23596200490067146,
          "segment_index": 1,
          "static_traversability": "UNKNOWN"
        },
        "startid": 187
      },
      "type": "Feature"
    },
    {
      "geometry": {
        "coordinates": [
          [
            [
              5.967656546516145,
              4.170656546516145
            ],
            [
              6.206867627277063,
              4.141226474544588
            ]
          ]
        ],
        "type": "MultiLineString"
      },
      "properties": {
        "endid": 189,
        "id": 534,
        "metadata": {
          "bottleneck": true,
          "canonical_edge_id": 80,
          "length_m": 0.25,
          "min_clearance_m": 0.22360680997371674,
          "segment_fraction_end": 0.7078860147020144,
          "segment_fraction_start": 0.4719240098013429,
          "segment_index": 2,
          "static_traversability": "UNKNOWN"
        },
        "startid": 188
      },
      "type": "Feature"
    },
    {
      "geometry": {
        "coordinates": [
          [
            [
              6.206867627277063,
              4.141226474544588
            ],
            [
              6.39093237333622,
              3.978067626663781
            ]
          ]
        ],
        "type": "MultiLineString"
      },
      "properties": {
        "endid": 190,
        "id": 535,
        "metadata": {
          "bottleneck": true,
          "canonical_edge_id": 80,
          "length_m": 0.25,
          "min_clearance_m": 0.22360680997371674,
          "segment_fraction_end": 0.9438480196026858,
          "segment_fraction_start": 0.7078860147020144,
          "segment_index": 3,
          "static_traversability": "UNKNOWN"
        },
        "startid": 189
      },
      "type": "Feature"
    },
    {
      "geometry": {
        "coordinates": [
          [
            [
              6.39093237333622,
              3.978067626663781
            ],
            [
              6.433000000000001,
              3.936
            ]
          ]
        ],
        "type": "MultiLineString"
      },
      "properties": {
        "endid": 51,
        "id": 536,
        "metadata": {
          "bottleneck": true,
          "canonical_edge_id": 80,
          "length_m": 0.059492608164767535,
          "min_clearance_m": 0.22360680997371674,
          "segment_fraction_end": 1.0000000000000002,
          "segment_fraction_start": 0.9438480196026858,
          "segment_index": 4,
          "static_traversability": "UNKNOWN"
        },
        "startid": 190
      },
      "type": "Feature"
    },
    {
      "geometry": {
        "coordinates": [
          [
            [
              5.933000000000001,
              -0.6639999999999997
            ],
            [
              5.931004975155165,
              -0.6625037313663731
            ]
          ]
        ],
        "type": "MultiLineString"
      },
      "properties": {
        "endid": 186,
        "id": 537,
        "metadata": {
          "bottleneck": false,
          "canonical_edge_id": 81,
          "length_m": 0.002493781056044253,
          "min_clearance_m": 0.4301162660121918,
          "segment_fraction_end": 0.003314022147192365,
          "segment_fraction_start": 0.0,
          "segment_index": 0,
          "static_traversability": "FEASIBLE"
        },
        "startid": 45
      },
      "type": "Feature"
    },
    {
      "geometry": {
        "coordinates": [
          [
            [
              5.931004975155165,
              -0.6625037313663731
            ],
            [
              5.7305185951049955,
              -0.5137518595104997
            ]
          ]
        ],
        "type": "MultiLineString"
      },
      "properties": {
        "endid": 185,
        "id": 538,
        "metadata": {
          "bottleneck": false,
          "canonical_edge_id": 81,
          "length_m": 0.25,
          "min_clearance_m": 0.4301162660121918,
          "segment_fraction_end": 0.3355426814314616,
          "segment_fraction_start": 0.003314022147192365,
          "segment_index": 1,
          "static_traversability": "FEASIBLE"
        },
        "startid": 186
      },
      "type": "Feature"
    },
    {
      "geometry": {
        "coordinates": [
          [
            [
              5.7305185951049955,
              -0.5137518595104997
            ],
            [
              5.481759297552498,
              -0.48887592975525007
            ]
          ]
        ],
        "type": "MultiLineString"
      },
      "properties": {
        "endid": 184,
        "id": 539,
        "metadata": {
          "bottleneck": false,
          "canonical_edge_id": 81,
          "length_m": 0.25,
          "min_clearance_m": 0.4301162660121918,
          "segment_fraction_end": 0.6677713407157307,
          "segment_fraction_start": 0.3355426814314616,
          "segment_index": 2,
          "static_traversability": "FEASIBLE"
        },
        "startid": 185
      },
      "type": "Feature"
    },
    {
      "geometry": {
        "coordinates": [
          [
            [
              5.481759297552498,
              -0.48887592975525007
            ],
            [
              5.2330000000000005,
              -0.4640000000000004
            ]
          ]
        ],
        "type": "MultiLineString"
      },
      "properties": {
        "endid": 40,
        "id": 540,
        "metadata": {
          "bottleneck": false,
          "canonical_edge_id": 81,
          "length_m": 0.25,
          "min_clearance_m": 0.4301162660121918,
          "segment_fraction_end": 1.0,
          "segment_fraction_start": 0.6677713407157307,
          "segment_index": 3,
          "static_traversability": "FEASIBLE"
        },
        "startid": 184
      },
      "type": "Feature"
    },
    {
      "geometry": {
        "coordinates": [
          [
            [
              5.933000000000001,
              -0.6639999999999997
            ],
            [
              5.968355339059328,
              -0.9114873734152913
            ]
          ]
        ],
        "type": "MultiLineString"
      },
      "properties": {
        "endid": 191,
        "id": 541,
        "metadata": {
          "bottleneck": true,
          "canonical_edge_id": 82,
          "length_m": 0.25,
          "min_clearance_m": 0.22360680997371674,
          "segment_fraction_end": 0.7071067811865465,
          "segment_fraction_start": 0.0,
          "segment_index": 0,
          "static_traversability": "UNKNOWN"
        },
        "startid": 45
      },
      "type": "Feature"
    },
    {
      "geometry": {
        "coordinates": [
          [
            [
              5.968355339059328,
              -0.9114873734152913
            ],
            [
              5.9830000000000005,
              -1.0140000000000002
            ]
          ]
        ],
        "type": "MultiLineString"
      },
      "properties": {
        "endid": 47,
        "id": 542,
        "metadata": {
          "bottleneck": true,
          "canonical_edge_id": 82,
          "length_m": 0.10355339059327429,
          "min_clearance_m": 0.22360680997371674,
          "segment_fraction_end": 1.0,
          "segment_fraction_start": 0.7071067811865465,
          "segment_index": 1,
          "static_traversability": "UNKNOWN"
        },
        "startid": 191
      },
      "type": "Feature"
    },
    {
      "geometry": {
        "coordinates": [
          [
            [
              5.933000000000001,
              -0.6639999999999997
            ],
            [
              6.147373231428137,
              -0.5353760611431184
            ]
          ]
        ],
        "type": "MultiLineString"
      },
      "properties": {
        "endid": 192,
        "id": 543,
        "metadata": {
          "bottleneck": false,
          "canonical_edge_id": 83,
          "length_m": 0.25,
          "min_clearance_m": 0.39051249623298645,
          "segment_fraction_end": 0.857492925712545,
          "segment_fraction_start": 0.0,
          "segment_index": 0,
          "static_traversability": "FEASIBLE"
        },
        "startid": 45
      },
      "type": "Feature"
    },
    {
      "geometry": {
        "coordinates": [
          [
            [
              6.147373231428137,
              -0.5353760611431184
            ],
            [
              6.183000000000001,
              -0.5140000000000002
            ]
          ]
        ],
        "type": "MultiLineString"
      },
      "properties": {
        "endid": 49,
        "id": 544,
        "metadata": {
          "bottleneck": false,
          "canonical_edge_id": 83,
          "length_m": 0.04154759474226477,
          "min_clearance_m": 0.39051249623298645,
          "segment_fraction_end": 1.0,
          "segment_fraction_start": 0.857492925712545,
          "segment_index": 1,
          "static_traversability": "FEASIBLE"
        },
        "startid": 192
      },
      "type": "Feature"
    },
    {
      "geometry": {
        "coordinates": [
          [
            [
              5.933000000000001,
              0.9859999999999998
            ],
            [
              5.812863518046107,
              0.9059090120307374
            ]
          ]
        ],
        "type": "MultiLineString"
      },
      "properties": {
        "endid": 173,
        "id": 545,
        "metadata": {
          "bottleneck": false,
          "canonical_edge_id": 84,
          "length_m": 0.14438608191287272,
          "min_clearance_m": 0.6403124332427979,
          "segment_fraction_end": 0.16143596689705442,
          "segment_fraction_start": 0.0,
          "segment_index": 0,
          "static_traversability": "FEASIBLE"
        },
        "startid": 46
      },
      "type": "Feature"
    },
    {
      "geometry": {
        "coordinates": [
          [
            [
              5.812863518046107,
              0.9059090120307374
            ],
            [
              5.604850944461646,
              0.7672339629744301
            ]
          ]
        ],
        "type": "MultiLineString"
      },
      "properties": {
        "endid": 172,
        "id": 546,
        "metadata": {
          "bottleneck": false,
          "canonical_edge_id": 84,
          "length_m": 0.25,
          "min_clearance_m": 0.6403124332427979,
          "segment_fraction_end": 0.44095731126470294,
          "segment_fraction_start": 0.16143596689705442,
          "segment_index": 1,
          "static_traversability": "FEASIBLE"
        },
        "startid": 173
      },
      "type": "Feature"
    },
    {
      "geometry": {
        "coordinates": [
          [
            [
              5.604850944461646,
              0.7672339629744301
            ],
            [
              5.380487373415292,
              0.6713553390593273
            ]
          ]
        ],
        "type": "MultiLineString"
      },
      "properties": {
        "endid": 171,
        "id": 547,
        "metadata": {
          "bottleneck": false,
          "canonical_edge_id": 84,
          "length_m": 0.25,
          "min_clearance_m": 0.6403124332427979,
          "segment_fraction_end": 0.7204786556323515,
          "segment_fraction_start": 0.44095731126470294,
          "segment_index": 2,
          "static_traversability": "FEASIBLE"
        },
        "startid": 172
      },
      "type": "Feature"
    },
    {
      "geometry": {
        "coordinates": [
          [
            [
              5.380487373415292,
              0.6713553390593273
            ],
            [
              5.133,
              0.6360000000000001
            ]
          ]
        ],
        "type": "MultiLineString"
      },
      "properties": {
        "endid": 37,
        "id": 548,
        "metadata": {
          "bottleneck": false,
          "canonical_edge_id": 84,
          "length_m": 0.25,
          "min_clearance_m": 0.6403124332427979,
          "segment_fraction_end": 1.0,
          "segment_fraction_start": 0.7204786556323515,
          "segment_index": 3,
          "static_traversability": "FEASIBLE"
        },
        "startid": 171
      },
      "type": "Feature"
    },
    {
      "geometry": {
        "coordinates": [
          [
            [
              5.933000000000001,
              0.9859999999999998
            ],
            [
              6.052713032670144,
              1.2054738932285958
            ]
          ]
        ],
        "type": "MultiLineString"
      },
      "properties": {
        "endid": 193,
        "id": 549,
        "metadata": {
          "bottleneck": true,
          "canonical_edge_id": 85,
          "length_m": 0.25,
          "min_clearance_m": 0.22360680997371674,
          "segment_fraction_end": 0.3990434422338112,
          "segment_fraction_start": 0.0,
          "segment_index": 0,
          "static_traversability": "UNKNOWN"
        },
        "startid": 46
      },
      "type": "Feature"
    },
    {
      "geometry": {
        "coordinates": [
          [
            [
              6.052713032670144,
              1.2054738932285958
            ],
            [
              6.172426065340288,
              1.424947786457192
            ]
          ]
        ],
        "type": "MultiLineString"
      },
      "properties": {
        "endid": 194,
        "id": 550,
        "metadata": {
          "bottleneck": true,
          "canonical_edge_id": 85,
          "length_m": 0.25,
          "min_clearance_m": 0.22360680997371674,
          "segment_fraction_end": 0.7980868844676224,
          "segment_fraction_start": 0.3990434422338112,
          "segment_index": 1,
          "static_traversability": "UNKNOWN"
        },
        "startid": 193
      },
      "type": "Feature"
    },
    {
      "geometry": {
        "coordinates": [
          [
            [
              6.172426065340288,
              1.424947786457192
            ],
            [
              6.2330000000000005,
              1.5359999999999996
            ]
          ]
        ],
        "type": "MultiLineString"
      },
      "properties": {
        "endid": 50,
        "id": 551,
        "metadata": {
          "bottleneck": true,
          "canonical_edge_id": 85,
          "length_m": 0.12649820430708314,
          "min_clearance_m": 0.22360680997371674,
          "segment_fraction_end": 1.0,
          "segment_fraction_start": 0.7980868844676224,
          "segment_index": 2,
          "static_traversability": "UNKNOWN"
        },
        "startid": 194
      },
      "type": "Feature"
    },
    {
      "geometry": {
        "coordinates": [
          [
            [
              5.933000000000001,
              0.9859999999999998
            ],
            [
              6.183000000000001,
              0.9859999999999998
            ]
          ]
        ],
        "type": "MultiLineString"
      },
      "properties": {
        "endid": 195,
        "id": 552,
        "metadata": {
          "bottleneck": true,
          "canonical_edge_id": 86,
          "length_m": 0.25,
          "min_clearance_m": 0.3162277638912201,
          "segment_fraction_end": 0.1443318998856311,
          "segment_fraction_start": 0.0,
          "segment_index": 0,
          "static_traversability": "FEASIBLE"
        },
        "startid": 46
      },
      "type": "Feature"
    },
    {
      "geometry": {
        "coordinates": [
          [
            [
              6.183000000000001,
              0.9859999999999998
            ],
            [
              6.433000000000001,
              0.9859999999999998
            ]
          ]
        ],
        "type": "MultiLineString"
      },
      "properties": {
        "endid": 196,
        "id": 553,
        "metadata": {
          "bottleneck": true,
          "canonical_edge_id": 86,
          "length_m": 0.25,
          "min_clearance_m": 0.3162277638912201,
          "segment_fraction_end": 0.2886637997712622,
          "segment_fraction_start": 0.1443318998856311,
          "segment_index": 1,
          "static_traversability": "FEASIBLE"
        },
        "startid": 195
      },
      "type": "Feature"
    },
    {
      "geometry": {
        "coordinates": [
          [
            [
              6.433000000000001,
              0.9859999999999998
            ],
            [
              6.680434164902526,
              0.9701886116991577
            ]
          ]
        ],
        "type": "MultiLineString"
      },
      "properties": {
        "endid": 197,
        "id": 554,
        "metadata": {
          "bottleneck": true,
          "canonical_edge_id": 86,
          "length_m": 0.25,
          "min_clearance_m": 0.3162277638912201,
          "segment_fraction_end": 0.43299569965689333,
          "segment_fraction_start": 0.2886637997712622,
          "segment_index": 2,
          "static_traversability": "FEASIBLE"
        },
        "startid": 196
      },
      "type": "Feature"
    },
    {
      "geometry": {
        "coordinates": [
          [
            [
              6.680434164902526,
              0.9701886116991577
            ],
            [
              6.917604989415155,
              0.8911316701949487
            ]
          ]
        ],
        "type": "MultiLineString"
      },
      "properties": {
        "endid": 198,
        "id": 555,
        "metadata": {
          "bottleneck": true,
          "canonical_edge_id": 86,
          "length_m": 0.25,
          "min_clearance_m": 0.3162277638912201,
          "segment_fraction_end": 0.5773275995425244,
          "segment_fraction_start": 0.43299569965689333,
          "segment_index": 3,
          "static_traversability": "FEASIBLE"
        },
        "startid": 197
      },
      "type": "Feature"
    },
    {
      "geometry": {
        "coordinates": [
          [
            [
              6.917604989415155,
              0.8911316701949487
            ],
            [
              7.145255693680649,
              0.9839641663141451
            ]
          ]
        ],
        "type": "MultiLineString"
      },
      "properties": {
        "endid": 199,
        "id": 556,
        "metadata": {
          "bottleneck": true,
          "canonical_edge_id": 86,
          "length_m": 0.25,
          "min_clearance_m": 0.3162277638912201,
          "segment_fraction_end": 0.7216594994281555,
          "segment_fraction_start": 0.5773275995425244,
          "segment_index": 4,
          "static_traversability": "FEASIBLE"
        },
        "startid": 198
      },
      "type": "Feature"
    },
    {
      "geometry": {
        "coordinates": [
          [
            [
              7.145255693680649,
              0.9839641663141451
            ],
            [
              7.372245539805761,
              1.0887287106795818
            ]
          ]
        ],
        "type": "MultiLineString"
      },
      "properties": {
        "endid": 200,
        "id": 557,
        "metadata": {
          "bottleneck": true,
          "canonical_edge_id": 86,
          "length_m": 0.25,
          "min_clearance_m": 0.3162277638912201,
          "segment_fraction_end": 0.8659913993137867,
          "segment_fraction_start": 0.7216594994281555,
          "segment_index": 5,
          "static_traversability": "FEASIBLE"
        },
        "startid": 199
      },
      "type": "Feature"
    },
    {
      "geometry": {
        "coordinates": [
          [
            [
              7.372245539805761,
              1.0887287106795818
            ],
            [
              7.583000000000001,
              1.186
            ]
          ]
        ],
        "type": "MultiLineString"
      },
      "properties": {
        "endid": 58,
        "id": 558,
        "metadata": {
          "bottleneck": true,
          "canonical_edge_id": 86,
          "length_m": 0.23211881918065558,
          "min_clearance_m": 0.3162277638912201,
          "segment_fraction_end": 0.9999999999999999,
          "segment_fraction_start": 0.8659913993137867,
          "segment_index": 6,
          "static_traversability": "FEASIBLE"
        },
        "startid": 200
      },
      "type": "Feature"
    },
    {
      "geometry": {
        "coordinates": [
          [
            [
              5.9830000000000005,
              -1.0140000000000002
            ],
            [
              5.968355339059328,
              -0.9114873734152913
            ]
          ]
        ],
        "type": "MultiLineString"
      },
      "properties": {
        "endid": 191,
        "id": 559,
        "metadata": {
          "bottleneck": true,
          "canonical_edge_id": 87,
          "length_m": 0.10355339059327429,
          "min_clearance_m": 0.22360680997371674,
          "segment_fraction_end": 0.29289321881345354,
          "segment_fraction_start": 0.0,
          "segment_index": 0,
          "static_traversability": "UNKNOWN"
        },
        "startid": 47
      },
      "type": "Feature"
    },
    {
      "geometry": {
        "coordinates": [
          [
            [
              5.968355339059328,
              -0.9114873734152913
            ],
            [
              5.933000000000001,
              -0.6639999999999997
            ]
          ]
        ],
        "type": "MultiLineString"
      },
      "properties": {
        "endid": 45,
        "id": 560,
        "metadata": {
          "bottleneck": true,
          "canonical_edge_id": 87,
          "length_m": 0.25,
          "min_clearance_m": 0.22360680997371674,
          "segment_fraction_end": 1.0,
          "segment_fraction_start": 0.29289321881345354,
          "segment_index": 1,
          "static_traversability": "UNKNOWN"
        },
        "startid": 191
      },
      "type": "Feature"
    },
    {
      "geometry": {
        "coordinates": [
          [
            [
              6.133,
              2.0860000000000003
            ],
            [
              6.3097766952966365,
              2.2627766952966373
            ]
          ]
        ],
        "type": "MultiLineString"
      },
      "properties": {
        "endid": 201,
        "id": 561,
        "metadata": {
          "bottleneck": true,
          "canonical_edge_id": 88,
          "length_m": 0.25,
          "min_clearance_m": 0.25,
          "segment_fraction_end": 0.4108433954734773,
          "segment_fraction_start": 0.0,
          "segment_index": 0,
          "static_traversability": "UNKNOWN"
        },
        "startid": 48
      },
      "type": "Feature"
    },
    {
      "geometry": {
        "coordinates": [
          [
            [
              6.3097766952966365,
              2.2627766952966373
            ],
            [
              6.526602715204692,
              2.364720543040938
            ]
          ]
        ],
        "type": "MultiLineString"
      },
      "properties": {
        "endid": 202,
        "id": 562,
        "metadata": {
          "bottleneck": true,
          "canonical_edge_id": 88,
          "length_m": 0.25,
          "min_clearance_m": 0.25,
          "segment_fraction_end": 0.8216867909469546,
          "segment_fraction_start": 0.4108433954734773,
          "segment_index": 1,
          "static_traversability": "UNKNOWN"
        },
        "startid": 201
      },
      "type": "Feature"
    },
    {
      "geometry": {
        "coordinates": [
          [
            [
              6.526602715204692,
              2.364720543040938
            ],
            [
              6.633,
              2.3859999999999992
            ]
          ]
        ],
        "type": "MultiLineString"
      },
      "properties": {
        "endid": 52,
        "id": 563,
        "metadata": {
          "bottleneck": true,
          "canonical_edge_id": 88,
          "length_m": 0.10850436627291282,
          "min_clearance_m": 0.25,
          "segment_fraction_end": 1.0,
          "segment_fraction_start": 0.8216867909469546,
          "segment_index": 2,
          "static_traversability": "UNKNOWN"
        },
        "startid": 202
      },
      "type": "Feature"
    },
    {
      "geometry": {
        "coordinates": [
          [
            [
              6.183000000000001,
              -0.5140000000000001
            ],
            [
              6.188024620060301,
              -0.49892613981909945
            ]
          ]
        ],
        "type": "MultiLineString"
      },
      "properties": {
        "endid": 183,
        "id": 564,
        "metadata": {
          "bottleneck": true,
          "canonical_edge_id": 89,
          "length_m": 0.01588924376752132,
          "min_clearance_m": 0.25,
          "segment_fraction_end": 0.008997871085970064,
          "segment_fraction_start": 0.0,
          "segment_index": 0,
          "static_traversability": "UNKNOWN"
        },
        "startid": 49
      },
      "type": "Feature"
    },
    {
      "geometry": {
        "coordinates": [
          [
            [
              6.188024620060301,
              -0.49892613981909945
            ],
            [
              6.267081561564511,
              -0.2617553153064709
            ]
          ]
        ],
        "type": "MultiLineString"
      },
      "properties": {
        "endid": 182,
        "id": 565,
        "metadata": {
          "bottleneck": true,
          "canonical_edge_id": 89,
          "length_m": 0.25,
          "min_clearance_m": 0.25,
          "segment_fraction_end": 0.15056960378797435,
          "segment_fraction_start": 0.008997871085970064,
          "segment_index": 1,
          "static_traversability": "UNKNOWN"
        },
        "startid": 183
      },
      "type": "Feature"
    },
    {
      "geometry": {
        "coordinates": [
          [
            [
              6.267081561564511,
              -0.2617553153064709
            ],
            [
              6.308071443154642,
              -0.03076192420618834
            ]
          ]
        ],
        "type": "MultiLineString"
      },
      "properties": {
        "endid": 181,
        "id": 566,
        "metadata": {
          "bottleneck": true,
          "canonical_edge_id": 89,
          "length_m": 0.25,
          "min_clearance_m": 0.25,
          "segment_fraction_end": 0.29214133648997864,
          "segment_fraction_start": 0.15056960378797435,
          "segment_index": 2,
          "static_traversability": "UNKNOWN"
        },
        "startid": 182
      },
      "type": "Feature"
    },
    {
      "geometry": {
        "coordinates": [
          [
            [
              6.308071443154642,
              -0.03076192420618834
            ],
            [
              6.147373231428137,
              0.1573760611431183
            ]
          ]
        ],
        "type": "MultiLineString"
      },
      "properties": {
        "endid": 180,
        "id": 567,
        "metadata": {
          "bottleneck": true,
          "canonical_edge_id": 89,
          "length_m": 0.25,
          "min_clearance_m": 0.25,
          "segment_fraction_end": 0.4337130691919829,
          "segment_fraction_start": 0.29214133648997864,
          "segment_index": 3,
          "static_traversability": "UNKNOWN"
        },
        "startid": 181
      },
      "type": "Feature"
    },
    {
      "geometry": {
        "coordinates": [
          [
            [
              6.147373231428137,
              0.1573760611431183
            ],
            [
              5.933000000000001,
              0.2859999999999996
            ]
          ]
        ],
        "type": "MultiLineString"
      },
      "properties": {
        "endid": 179,
        "id": 568,
        "metadata": {
          "bottleneck": true,
          "canonical_edge_id": 89,
          "length_m": 0.25,
          "min_clearance_m": 0.25,
          "segment_fraction_end": 0.5752848018939871,
          "segment_fraction_start": 0.4337130691919829,
          "segment_index": 4,
          "static_traversability": "UNKNOWN"
        },
        "startid": 180
      },
      "type": "Feature"
    },
    {
      "geometry": {
        "coordinates": [
          [
            [
              5.933000000000001,
              0.2859999999999996
            ],
            [
              5.683000000000001,
              0.2859999999999996
            ]
          ]
        ],
        "type": "MultiLineString"
      },
      "properties": {
        "endid": 178,
        "id": 569,
        "metadata": {
          "bottleneck": true,
          "canonical_edge_id": 89,
          "length_m": 0.25,
          "min_clearance_m": 0.25,
          "segment_fraction_end": 0.7168565345959914,
          "segment_fraction_start": 0.5752848018939871,
          "segment_index": 5,
          "static_traversability": "UNKNOWN"
        },
        "startid": 179
      },
      "type": "Feature"
    },
    {
      "geometry": {
        "coordinates": [
          [
            [
              5.683000000000001,
              0.2859999999999996
            ],
            [
              5.433000000000001,
              0.2859999999999996
            ]
          ]
        ],
        "type": "MultiLineString"
      },
      "properties": {
        "endid": 177,
        "id": 570,
        "metadata": {
          "bottleneck": true,
          "canonical_edge_id": 89,
          "length_m": 0.25,
          "min_clearance_m": 0.25,
          "segment_fraction_end": 0.8584282672979957,
          "segment_fraction_start": 0.7168565345959914,
          "segment_index": 6,
          "static_traversability": "UNKNOWN"
        },
        "startid": 178
      },
      "type": "Feature"
    },
    {
      "geometry": {
        "coordinates": [
          [
            [
              5.433000000000001,
              0.2859999999999996
            ],
            [
              5.183000000000001,
              0.2859999999999996
            ]
          ]
        ],
        "type": "MultiLineString"
      },
      "properties": {
        "endid": 38,
        "id": 571,
        "metadata": {
          "bottleneck": true,
          "canonical_edge_id": 89,
          "length_m": 0.25,
          "min_clearance_m": 0.25,
          "segment_fraction_end": 1.0,
          "segment_fraction_start": 0.8584282672979957,
          "segment_index": 7,
          "static_traversability": "UNKNOWN"
        },
        "startid": 177
      },
      "type": "Feature"
    },
    {
      "geometry": {
        "coordinates": [
          [
            [
              6.183000000000001,
              -0.5140000000000002
            ],
            [
              6.147373231428137,
              -0.5353760611431184
            ]
          ]
        ],
        "type": "MultiLineString"
      },
      "properties": {
        "endid": 192,
        "id": 572,
        "metadata": {
          "bottleneck": false,
          "canonical_edge_id": 90,
          "length_m": 0.04154759474226477,
          "min_clearance_m": 0.39051249623298645,
          "segment_fraction_end": 0.14250707428745507,
          "segment_fraction_start": 0.0,
          "segment_index": 0,
          "static_traversability": "FEASIBLE"
        },
        "startid": 49
      },
      "type": "Feature"
    },
    {
      "geometry": {
        "coordinates": [
          [
            [
              6.147373231428137,
              -0.5353760611431184
            ],
            [
              5.933000000000001,
              -0.6639999999999997
            ]
          ]
        ],
        "type": "MultiLineString"
      },
      "properties": {
        "endid": 45,
        "id": 573,
        "metadata": {
          "bottleneck": false,
          "canonical_edge_id": 90,
          "length_m": 0.25,
          "min_clearance_m": 0.39051249623298645,
          "segment_fraction_end": 1.0,
          "segment_fraction_start": 0.14250707428745507,
          "segment_index": 1,
          "static_traversability": "FEASIBLE"
        },
        "startid": 192
      },
      "type": "Feature"
    },
    {
      "geometry": {
        "coordinates": [
          [
            [
              6.183000000000001,
              -0.5140000000000002
            ],
            [
              6.424602514716893,
              -0.541735009811262
            ]
          ]
        ],
        "type": "MultiLineString"
      },
      "properties": {
        "endid": 203,
        "id": 574,
        "metadata": {
          "bottleneck": true,
          "canonical_edge_id": 91,
          "length_m": 0.25,
          "min_clearance_m": 0.25495097041130066,
          "segment_fraction_end": 0.33589371306140603,
          "segment_fraction_start": 0.0,
          "segment_index": 0,
          "static_traversability": "UNKNOWN"
        },
        "startid": 49
      },
      "type": "Feature"
    },
    {
      "geometry": {
        "coordinates": [
          [
            [
              6.424602514716893,
              -0.541735009811262
            ],
            [
              6.648115989501971,
              -0.5811097172851513
            ]
          ]
        ],
        "type": "MultiLineString"
      },
      "properties": {
        "endid": 204,
        "id": 575,
        "metadata": {
          "bottleneck": true,
          "canonical_edge_id": 91,
          "length_m": 0.25,
          "min_clearance_m": 0.25495097041130066,
          "segment_fraction_end": 0.6717874261228121,
          "segment_fraction_start": 0.33589371306140603,
          "segment_index": 1,
          "static_traversability": "UNKNOWN"
        },
        "startid": 203
      },
      "type": "Feature"
    },
    {
      "geometry": {
        "coordinates": [
          [
            [
              6.648115989501971,
              -0.5811097172851513
            ],
            [
              6.883,
              -0.5140000000000002
            ]
          ]
        ],
        "type": "MultiLineString"
      },
      "properties": {
        "endid": 54,
        "id": 576,
        "metadata": {
          "bottleneck": true,
          "canonical_edge_id": 91,
          "length_m": 0.2442830582372244,
          "min_clearance_m": 0.25495097041130066,
          "segment_fraction_end": 1.0,
          "segment_fraction_start": 0.6717874261228121,
          "segment_index": 2,
          "static_traversability": "UNKNOWN"
        },
        "startid": 204
      },
      "type": "Feature"
    },
    {
      "geometry": {
        "coordinates": [
          [
            [
              6.2330000000000005,
              1.5359999999999996
            ],
            [
              6.172426065340288,
              1.424947786457192
            ]
          ]
        ],
        "type": "MultiLineString"
      },
      "properties": {
        "endid": 194,
        "id": 577,
        "metadata": {
          "bottleneck": true,
          "canonical_edge_id": 92,
          "length_m": 0.12649820430708314,
          "min_clearance_m": 0.22360680997371674,
          "segment_fraction_end": 0.20191311553237754,
          "segment_fraction_start": 0.0,
          "segment_index": 0,
          "static_traversability": "UNKNOWN"
        },
        "startid": 50
      },
      "type": "Feature"
    },
    {
      "geometry": {
        "coordinates": [
          [
            [
              6.172426065340288,
              1.424947786457192
            ],
            [
              6.052713032670144,
              1.2054738932285958
            ]
          ]
        ],
        "type": "MultiLineString"
      },
      "properties": {
        "endid": 193,
        "id": 578,
        "metadata": {
          "bottleneck": true,
          "canonical_edge_id": 92,
          "length_m": 0.25,
          "min_clearance_m": 0.22360680997371674,
          "segment_fraction_end": 0.6009565577661887,
          "segment_fraction_start": 0.20191311553237754,
          "segment_index": 1,
          "static_traversability": "UNKNOWN"
        },
        "startid": 194
      },
      "type": "Feature"
    },
    {
      "geometry": {
        "coordinates": [
          [
            [
              6.052713032670144,
              1.2054738932285958
            ],
            [
              5.933000000000001,
              0.9859999999999998
            ]
          ]
        ],
        "type": "MultiLineString"
      },
      "properties": {
        "endid": 46,
        "id": 579,
        "metadata": {
          "bottleneck": true,
          "canonical_edge_id": 92,
          "length_m": 0.25,
          "min_clearance_m": 0.22360680997371674,
          "segment_fraction_end": 1.0,
          "segment_fraction_start": 0.6009565577661887,
          "segment_index": 2,
          "static_traversability": "UNKNOWN"
        },
        "startid": 193
      },
      "type": "Feature"
    },
    {
      "geometry": {
        "coordinates": [
          [
            [
              6.433000000000001,
              3.936
            ],
            [
              6.39093237333622,
              3.978067626663781
            ]
          ]
        ],
        "type": "MultiLineString"
      },
      "properties": {
        "endid": 190,
        "id": 580,
        "metadata": {
          "bottleneck": true,
          "canonical_edge_id": 93,
          "length_m": 0.059492608164767535,
          "min_clearance_m": 0.22360680997371674,
          "segment_fraction_end": 0.056151980397314415,
          "segment_fraction_start": 0.0,
          "segment_index": 0,
          "static_traversability": "UNKNOWN"
        },
        "startid": 51
      },
      "type": "Feature"
    },
    {
      "geometry": {
        "coordinates": [
          [
            [
              6.39093237333622,
              3.978067626663781
            ],
            [
              6.206867627277063,
              4.141226474544588
            ]
          ]
        ],
        "type": "MultiLineString"
      },
      "properties": {
        "endid": 189,
        "id": 581,
        "metadata": {
          "bottleneck": true,
          "canonical_edge_id": 93,
          "length_m": 0.25,
          "min_clearance_m": 0.22360680997371674,
          "segment_fraction_end": 0.2921139852979859,
          "segment_fraction_start": 0.056151980397314415,
          "segment_index": 1,
          "static_traversability": "UNKNOWN"
        },
        "startid": 190
      },
      "type": "Feature"
    },
    {
      "geometry": {
        "coordinates": [
          [
            [
              6.206867627277063,
              4.141226474544588
            ],
            [
              5.967656546516145,
              4.170656546516145
            ]
          ]
        ],
        "type": "MultiLineString"
      },
      "properties": {
        "endid": 188,
        "id": 582,
        "metadata": {
          "bottleneck": true,
          "canonical_edge_id": 93,
          "length_m": 0.25,
          "min_clearance_m": 0.22360680997371674,
          "segment_fraction_end": 0.5280759901986574,
          "segment_fraction_start": 0.2921139852979859,
          "segment_index": 2,
          "static_traversability": "UNKNOWN"
        },
        "startid": 189
      },
      "type": "Feature"
    },
    {
      "geometry": {
        "coordinates": [
          [
            [
              5.967656546516145,
              4.170656546516145
            ],
            [
              5.883,
              3.9557224362268015
            ]
          ]
        ],
        "type": "MultiLineString"
      },
      "properties": {
        "endid": 187,
        "id": 583,
        "metadata": {
          "bottleneck": true,
          "canonical_edge_id": 93,
          "length_m": 0.25,
          "min_clearance_m": 0.22360680997371674,
          "segment_fraction_end": 0.7640379950993288,
          "segment_fraction_start": 0.5280759901986574,
          "segment_index": 3,
          "static_traversability": "UNKNOWN"
        },
        "startid": 188
      },
      "type": "Feature"
    },
    {
      "geometry": {
        "coordinates": [
          [
            [
              5.883,
              3.9557224362268015
            ],
            [
              5.783,
              3.7360000000000007
            ]
          ]
        ],
        "type": "MultiLineString"
      },
      "properties": {
        "endid": 44,
        "id": 584,
        "metadata": {
          "bottleneck": true,
          "canonical_edge_id": 93,
          "length_m": 0.25,
          "min_clearance_m": 0.22360680997371674,
          "segment_fraction_end": 1.0000000000000002,
          "segment_fraction_start": 0.7640379950993288,
          "segment_index": 4,
          "static_traversability": "UNKNOWN"
        },
        "startid": 187
      },
      "type": "Feature"
    },
    {
      "geometry": {
        "coordinates": [
          [
            [
              6.633,
              2.3859999999999992
            ],
            [
              6.526602715204692,
              2.364720543040938
            ]
          ]
        ],
        "type": "MultiLineString"
      },
      "properties": {
        "endid": 202,
        "id": 585,
        "metadata": {
          "bottleneck": true,
          "canonical_edge_id": 94,
          "length_m": 0.10850436627291282,
          "min_clearance_m": 0.25,
          "segment_fraction_end": 0.17831320905304543,
          "segment_fraction_start": 0.0,
          "segment_index": 0,
          "static_traversability": "UNKNOWN"
        },
        "startid": 52
      },
      "type": "Feature"
    },
    {
      "geometry": {
        "coordinates": [
          [
            [
              6.526602715204692,
              2.364720543040938
            ],
            [
              6.3097766952966365,
              2.2627766952966373
            ]
          ]
        ],
        "type": "MultiLineString"
      },
      "properties": {
        "endid": 201,
        "id": 586,
        "metadata": {
          "bottleneck": true,
          "canonical_edge_id": 94,
          "length_m": 0.25,
          "min_clearance_m": 0.25,
          "segment_fraction_end": 0.5891566045265227,
          "segment_fraction_start": 0.17831320905304543,
          "segment_index": 1,
          "static_traversability": "UNKNOWN"
        },
        "startid": 202
      },
      "type": "Feature"
    },
    {
      "geometry": {
        "coordinates": [
          [
            [
              6.3097766952966365,
              2.2627766952966373
            ],
            [
              6.133,
              2.0860000000000003
            ]
          ]
        ],
        "type": "MultiLineString"
      },
      "properties": {
        "endid": 48,
        "id": 587,
        "metadata": {
          "bottleneck": true,
          "canonical_edge_id": 94,
          "length_m": 0.25,
          "min_clearance_m": 0.25,
          "segment_fraction_end": 1.0,
          "segment_fraction_start": 0.5891566045265227,
          "segment_index": 2,
          "static_traversability": "UNKNOWN"
        },
        "startid": 201
      },
      "type": "Feature"
    },
    {
      "geometry": {
        "coordinates": [
          [
            [
              6.633,
              2.3859999999999992
            ],
            [
              6.683000000000001,
              2.2360000000000007
            ]
          ]
        ],
        "type": "MultiLineString"
      },
      "properties": {
        "endid": 53,
        "id": 588,
        "metadata": {
          "bottleneck": false,
          "canonical_edge_id": 95,
          "length_m": 0.15811388300841783,
          "min_clearance_m": 0.39051249623298645,
          "segment_fraction_end": 1.0,
          "segment_fraction_start": 0.0,
          "segment_index": 0,
          "static_traversability": "FEASIBLE"
        },
        "startid": 52
      },
      "type": "Feature"
    },
    {
      "geometry": {
        "coordinates": [
          [
            [
              6.633,
              2.3859999999999992
            ],
            [
              6.802570025683266,
              2.5697008611568712
            ]
          ]
        ],
        "type": "MultiLineString"
      },
      "properties": {
        "endid": 205,
        "id": 589,
        "metadata": {
          "bottleneck": true,
          "canonical_edge_id": 96,
          "length_m": 0.25,
          "min_clearance_m": 0.22360680997371674,
          "segment_fraction_end": 0.2826167094721107,
          "segment_fraction_start": 0.0,
          "segment_index": 0,
          "static_traversability": "UNKNOWN"
        },
        "startid": 52
      },
      "type": "Feature"
    },
    {
      "geometry": {
        "coordinates": [
          [
            [
              6.802570025683266,
              2.5697008611568712
            ],
            [
              6.972140051366533,
              2.7534017223137432
            ]
          ]
        ],
        "type": "MultiLineString"
      },
      "properties": {
        "endid": 206,
        "id": 590,
        "metadata": {
          "bottleneck": true,
          "canonical_edge_id": 96,
          "length_m": 0.25,
          "min_clearance_m": 0.22360680997371674,
          "segment_fraction_end": 0.5652334189442214,
          "segment_fraction_start": 0.2826167094721107,
          "segment_index": 1,
          "static_traversability": "UNKNOWN"
        },
        "startid": 205
      },
      "type": "Feature"
    },
    {
      "geometry": {
        "coordinates": [
          [
            [
              6.972140051366533,
              2.7534017223137432
            ],
            [
              7.141710077049799,
              2.9371025834706153
            ]
          ]
        ],
        "type": "MultiLineString"
      },
      "properties": {
        "endid": 207,
        "id": 591,
        "metadata": {
          "bottleneck": true,
          "canonical_edge_id": 96,
          "length_m": 0.25,
          "min_clearance_m": 0.22360680997371674,
          "segment_fraction_end": 0.8478501284163321,
          "segment_fraction_start": 0.5652334189442214,
          "segment_index": 2,
          "static_traversability": "UNKNOWN"
        },
        "startid": 206
      },
      "type": "Feature"
    },
    {
      "geometry": {
        "coordinates": [
          [
            [
              7.141710077049799,
              2.9371025834706153
            ],
            [
              7.233,
              3.0359999999999996
            ]
          ]
        ],
        "type": "MultiLineString"
      },
      "properties": {
        "endid": 55,
        "id": 592,
        "metadata": {
          "bottleneck": true,
          "canonical_edge_id": 96,
          "length_m": 0.13459030064770672,
          "min_clearance_m": 0.22360680997371674,
          "segment_fraction_end": 1.0,
          "segment_fraction_start": 0.8478501284163321,
          "segment_index": 3,
          "static_traversability": "UNKNOWN"
        },
        "startid": 207
      },
      "type": "Feature"
    },
    {
      "geometry": {
        "coordinates": [
          [
            [
              6.683000000000001,
              2.2360000000000007
            ],
            [
              6.633,
              2.3859999999999992
            ]
          ]
        ],
        "type": "MultiLineString"
      },
      "properties": {
        "endid": 52,
        "id": 593,
        "metadata": {
          "bottleneck": false,
          "canonical_edge_id": 97,
          "length_m": 0.15811388300841783,
          "min_clearance_m": 0.39051249623298645,
          "segment_fraction_end": 1.0,
          "segment_fraction_start": 0.0,
          "segment_index": 0,
          "static_traversability": "FEASIBLE"
        },
        "startid": 53
      },
      "type": "Feature"
    },
    {
      "geometry": {
        "coordinates": [
          [
            [
              6.883,
              -0.5140000000000002
            ],
            [
              6.648115989501971,
              -0.5811097172851513
            ]
          ]
        ],
        "type": "MultiLineString"
      },
      "properties": {
        "endid": 204,
        "id": 594,
        "metadata": {
          "bottleneck": true,
          "canonical_edge_id": 98,
          "length_m": 0.2442830582372244,
          "min_clearance_m": 0.25495097041130066,
          "segment_fraction_end": 0.32821257387718794,
          "segment_fraction_start": 0.0,
          "segment_index": 0,
          "static_traversability": "UNKNOWN"
        },
        "startid": 54
      },
      "type": "Feature"
    },
    {
      "geometry": {
        "coordinates": [
          [
            [
              6.648115989501971,
              -0.5811097172851513
            ],
            [
              6.424602514716893,
              -0.541735009811262
            ]
          ]
        ],
        "type": "MultiLineString"
      },
      "properties": {
        "endid": 203,
        "id": 595,
        "metadata": {
          "bottleneck": true,
          "canonical_edge_id": 98,
          "length_m": 0.25,
          "min_clearance_m": 0.25495097041130066,
          "segment_fraction_end": 0.664106286938594,
          "segment_fraction_start": 0.32821257387718794,
          "segment_index": 1,
          "static_traversability": "UNKNOWN"
        },
        "startid": 204
      },
      "type": "Feature"
    },
    {
      "geometry": {
        "coordinates": [
          [
            [
              6.424602514716893,
              -0.541735009811262
            ],
            [
              6.183000000000001,
              -0.5140000000000002
            ]
          ]
        ],
        "type": "MultiLineString"
      },
      "properties": {
        "endid": 49,
        "id": 596,
        "metadata": {
          "bottleneck": true,
          "canonical_edge_id": 98,
          "length_m": 0.25,
          "min_clearance_m": 0.25495097041130066,
          "segment_fraction_end": 1.0,
          "segment_fraction_start": 0.664106286938594,
          "segment_index": 2,
          "static_traversability": "UNKNOWN"
        },
        "startid": 203
      },
      "type": "Feature"
    },
    {
      "geometry": {
        "coordinates": [
          [
            [
              6.883,
              -0.5140000000000002
            ],
            [
              7.070352731219161,
              -0.3702254552031933
            ]
          ]
        ],
        "type": "MultiLineString"
      },
      "properties": {
        "endid": 208,
        "id": 597,
        "metadata": {
          "bottleneck": true,
          "canonical_edge_id": 99,
          "length_m": 0.25,
          "min_clearance_m": 0.22360680997371674,
          "segment_fraction_end": 0.48424259031024486,
          "segment_fraction_start": 0.0,
          "segment_index": 0,
          "static_traversability": "UNKNOWN"
        },
        "startid": 54
      },
      "type": "Feature"
    },
    {
      "geometry": {
        "coordinates": [
          [
            [
              7.070352731219161,
              -0.3702254552031933
            ],
            [
              7.316951212177197,
              -0.4113252020295324
            ]
          ]
        ],
        "type": "MultiLineString"
      },
      "properties": {
        "endid": 209,
        "id": 598,
        "metadata": {
          "bottleneck": true,
          "canonical_edge_id": 99,
          "length_m": 0.25,
          "min_clearance_m": 0.22360680997371674,
          "segment_fraction_end": 0.9684851806204897,
          "segment_fraction_start": 0.48424259031024486,
          "segment_index": 1,
          "static_traversability": "UNKNOWN"
        },
        "startid": 208
      },
      "type": "Feature"
    },
    {
      "geometry": {
        "coordinates": [
          [
            [
              7.316951212177197,
              -0.4113252020295324
            ],
            [
              7.333000000000001,
              -0.4139999999999997
            ]
          ]
        ],
        "type": "MultiLineString"
      },
      "properties": {
        "endid": 56,
        "id": 599,
        "metadata": {
          "bottleneck": true,
          "canonical_edge_id": 99,
          "length_m": 0.016270160870876405,
          "min_clearance_m": 0.22360680997371674,
          "segment_fraction_end": 1.0,
          "segment_fraction_start": 0.9684851806204897,
          "segment_index": 2,
          "static_traversability": "UNKNOWN"
        },
        "startid": 209
      },
      "type": "Feature"
    },
    {
      "geometry": {
        "coordinates": [
          [
            [
              7.233,
              3.0359999999999996
            ],
            [
              7.141710077049799,
              2.9371025834706153
            ]
          ]
        ],
        "type": "MultiLineString"
      },
      "properties": {
        "endid": 207,
        "id": 600,
        "metadata": {
          "bottleneck": true,
          "canonical_edge_id": 100,
          "length_m": 0.13459030064770672,
          "min_clearance_m": 0.22360680997371674,
          "segment_fraction_end": 0.15214987158366786,
          "segment_fraction_start": 0.0,
          "segment_index": 0,
          "static_traversability": "UNKNOWN"
        },
        "startid": 55
      },
      "type": "Feature"
    },
    {
      "geometry": {
        "coordinates": [
          [
            [
              7.141710077049799,
              2.9371025834706153
            ],
            [
              6.972140051366533,
              2.7534017223137432
            ]
          ]
        ],
        "type": "MultiLineString"
      },
      "properties": {
        "endid": 206,
        "id": 601,
        "metadata": {
          "bottleneck": true,
          "canonical_edge_id": 100,
          "length_m": 0.25,
          "min_clearance_m": 0.22360680997371674,
          "segment_fraction_end": 0.4347665810557786,
          "segment_fraction_start": 0.15214987158366786,
          "segment_index": 1,
          "static_traversability": "UNKNOWN"
        },
        "startid": 207
      },
      "type": "Feature"
    },
    {
      "geometry": {
        "coordinates": [
          [
            [
              6.972140051366533,
              2.7534017223137432
            ],
            [
              6.802570025683266,
              2.5697008611568712
            ]
          ]
        ],
        "type": "MultiLineString"
      },
      "properties": {
        "endid": 205,
        "id": 602,
        "metadata": {
          "bottleneck": true,
          "canonical_edge_id": 100,
          "length_m": 0.25,
          "min_clearance_m": 0.22360680997371674,
          "segment_fraction_end": 0.7173832905278893,
          "segment_fraction_start": 0.4347665810557786,
          "segment_index": 2,
          "static_traversability": "UNKNOWN"
        },
        "startid": 206
      },
      "type": "Feature"
    },
    {
      "geometry": {
        "coordinates": [
          [
            [
              6.802570025683266,
              2.5697008611568712
            ],
            [
              6.633,
              2.3859999999999992
            ]
          ]
        ],
        "type": "MultiLineString"
      },
      "properties": {
        "endid": 52,
        "id": 603,
        "metadata": {
          "bottleneck": true,
          "canonical_edge_id": 100,
          "length_m": 0.25,
          "min_clearance_m": 0.22360680997371674,
          "segment_fraction_end": 1.0,
          "segment_fraction_start": 0.7173832905278893,
          "segment_index": 3,
          "static_traversability": "UNKNOWN"
        },
        "startid": 205
      },
      "type": "Feature"
    },
    {
      "geometry": {
        "coordinates": [
          [
            [
              7.333000000000001,
              -0.4139999999999997
            ],
            [
              7.316951212177197,
              -0.4113252020295324
            ]
          ]
        ],
        "type": "MultiLineString"
      },
      "properties": {
        "endid": 209,
        "id": 604,
        "metadata": {
          "bottleneck": true,
          "canonical_edge_id": 101,
          "length_m": 0.016270160870876405,
          "min_clearance_m": 0.22360680997371674,
          "segment_fraction_end": 0.03151481937951032,
          "segment_fraction_start": 0.0,
          "segment_index": 0,
          "static_traversability": "UNKNOWN"
        },
        "startid": 56
      },
      "type": "Feature"
    },
    {
      "geometry": {
        "coordinates": [
          [
            [
              7.316951212177197,
              -0.4113252020295324
            ],
            [
              7.070352731219161,
              -0.3702254552031933
            ]
          ]
        ],
        "type": "MultiLineString"
      },
      "properties": {
        "endid": 208,
        "id": 605,
        "metadata": {
          "bottleneck": true,
          "canonical_edge_id": 101,
          "length_m": 0.25,
          "min_clearance_m": 0.22360680997371674,
          "segment_fraction_end": 0.5157574096897551,
          "segment_fraction_start": 0.03151481937951032,
          "segment_index": 1,
          "static_traversability": "UNKNOWN"
        },
        "startid": 209
      },
      "type": "Feature"
    },
    {
      "geometry": {
        "coordinates": [
          [
            [
              7.070352731219161,
              -0.3702254552031933
            ],
            [
              6.883,
              -0.5140000000000002
            ]
          ]
        ],
        "type": "MultiLineString"
      },
      "properties": {
        "endid": 54,
        "id": 606,
        "metadata": {
          "bottleneck": true,
          "canonical_edge_id": 101,
          "length_m": 0.25,
          "min_clearance_m": 0.22360680997371674,
          "segment_fraction_end": 1.0,
          "segment_fraction_start": 0.5157574096897551,
          "segment_index": 2,
          "static_traversability": "UNKNOWN"
        },
        "startid": 208
      },
      "type": "Feature"
    },
    {
      "geometry": {
        "coordinates": [
          [
            [
              7.583000000000001,
              -0.7640000000000002
            ],
            [
              7.829598480958037,
              -0.7229002531736609
            ]
          ]
        ],
        "type": "MultiLineString"
      },
      "properties": {
        "endid": 210,
        "id": 607,
        "metadata": {
          "bottleneck": true,
          "canonical_edge_id": 102,
          "length_m": 0.25,
          "min_clearance_m": 0.22360680997371674,
          "segment_fraction_end": 0.8219949365267893,
          "segment_fraction_start": 0.0,
          "segment_index": 0,
          "static_traversability": "UNKNOWN"
        },
        "startid": 57
      },
      "type": "Feature"
    },
    {
      "geometry": {
        "coordinates": [
          [
            [
              7.829598480958037,
              -0.7229002531736609
            ],
            [
              7.883,
              -0.7140000000000004
            ]
          ]
        ],
        "type": "MultiLineString"
      },
      "properties": {
        "endid": 63,
        "id": 608,
        "metadata": {
          "bottleneck": true,
          "canonical_edge_id": 102,
          "length_m": 0.0541381265149099,
          "min_clearance_m": 0.22360680997371674,
          "segment_fraction_end": 1.0,
          "segment_fraction_start": 0.8219949365267893,
          "segment_index": 1,
          "static_traversability": "UNKNOWN"
        },
        "startid": 210
      },
      "type": "Feature"
    },
    {
      "geometry": {
        "coordinates": [
          [
            [
              7.583000000000001,
              1.186
            ],
            [
              7.372245539805761,
              1.0887287106795818
            ]
          ]
        ],
        "type": "MultiLineString"
      },
      "properties": {
        "endid": 200,
        "id": 609,
        "metadata": {
          "bottleneck": true,
          "canonical_edge_id": 103,
          "length_m": 0.23211881918065558,
          "min_clearance_m": 0.3162277638912201,
          "segment_fraction_end": 0.13400860068621318,
          "segment_fraction_start": 0.0,
          "segment_index": 0,
          "static_traversability": "FEASIBLE"
        },
        "startid": 58
      },
      "type": "Feature"
    },
    {
      "geometry": {
        "coordinates": [
          [
            [
              7.372245539805761,
              1.0887287106795818
            ],
            [
              7.145255693680649,
              0.9839641663141451
            ]
          ]
        ],
        "type": "MultiLineString"
      },
      "properties": {
        "endid": 199,
        "id": 610,
        "metadata": {
          "bottleneck": true,
          "canonical_edge_id": 103,
          "length_m": 0.25,
          "min_clearance_m": 0.3162277638912201,
          "segment_fraction_end": 0.2783405005718443,
          "segment_fraction_start": 0.13400860068621318,
          "segment_index": 1,
          "static_traversability": "FEASIBLE"
        },
        "startid": 200
      },
      "type": "Feature"
    },
    {
      "geometry": {
        "coordinates": [
          [
            [
              7.145255693680649,
              0.9839641663141451
            ],
            [
              6.917604989415155,
              0.8911316701949487
            ]
          ]
        ],
        "type": "MultiLineString"
      },
      "properties": {
        "endid": 198,
        "id": 611,
        "metadata": {
          "bottleneck": true,
          "canonical_edge_id": 103,
          "length_m": 0.25,
          "min_clearance_m": 0.3162277638912201,
          "segment_fraction_end": 0.4226724004574754,
          "segment_fraction_start": 0.2783405005718443,
          "segment_index": 2,
          "static_traversability": "FEASIBLE"
        },
        "startid": 199
      },
      "type": "Feature"
    },
    {
      "geometry": {
        "coordinates": [
          [
            [
              6.917604989415155,
              0.8911316701949487
            ],
            [
              6.680434164902526,
              0.9701886116991577
            ]
          ]
        ],
        "type": "MultiLineString"
      },
      "properties": {
        "endid": 197,
        "id": 612,
        "metadata": {
          "bottleneck": true,
          "canonical_edge_id": 103,
          "length_m": 0.25,
          "min_clearance_m": 0.3162277638912201,
          "segment_fraction_end": 0.5670043003431066,
          "segment_fraction_start": 0.4226724004574754,
          "segment_index": 3,
          "static_traversability": "FEASIBLE"
        },
        "startid": 198
      },
      "type": "Feature"
    },
    {
      "geometry": {
        "coordinates": [
          [
            [
              6.680434164902526,
              0.9701886116991577
            ],
            [
              6.433000000000001,
              0.9859999999999998
            ]
          ]
        ],
        "type": "MultiLineString"
      },
      "properties": {
        "endid": 196,
        "id": 613,
        "metadata": {
          "bottleneck": true,
          "canonical_edge_id": 103,
          "length_m": 0.25,
          "min_clearance_m": 0.3162277638912201,
          "segment_fraction_end": 0.7113362002287377,
          "segment_fraction_start": 0.5670043003431066,
          "segment_index": 4,
          "static_traversability": "FEASIBLE"
        },
        "startid": 197
      },
      "type": "Feature"
    },
    {
      "geometry": {
        "coordinates": [
          [
            [
              6.433000000000001,
              0.9859999999999998
            ],
            [
              6.183000000000001,
              0.9859999999999998
            ]
          ]
        ],
        "type": "MultiLineString"
      },
      "properties": {
        "endid": 195,
        "id": 614,
        "metadata": {
          "bottleneck": true,
          "canonical_edge_id": 103,
          "length_m": 0.25,
          "min_clearance_m": 0.3162277638912201,
          "segment_fraction_end": 0.8556681001143688,
          "segment_fraction_start": 0.7113362002287377,
          "segment_index": 5,
          "static_traversability": "FEASIBLE"
        },
        "startid": 196
      },
      "type": "Feature"
    },
    {
      "geometry": {
        "coordinates": [
          [
            [
              6.183000000000001,
              0.9859999999999998
            ],
            [
              5.933000000000001,
              0.9859999999999998
            ]
          ]
        ],
        "type": "MultiLineString"
      },
      "properties": {
        "endid": 46,
        "id": 615,
        "metadata": {
          "bottleneck": true,
          "canonical_edge_id": 103,
          "length_m": 0.25,
          "min_clearance_m": 0.3162277638912201,
          "segment_fraction_end": 0.9999999999999999,
          "segment_fraction_start": 0.8556681001143688,
          "segment_index": 6,
          "static_traversability": "FEASIBLE"
        },
        "startid": 195
      },
      "type": "Feature"
    },
    {
      "geometry": {
        "coordinates": [
          [
            [
              7.583000000000001,
              1.186
            ],
            [
              7.583000000000001,
              1.436
            ]
          ]
        ],
        "type": "MultiLineString"
      },
      "properties": {
        "endid": 211,
        "id": 616,
        "metadata": {
          "bottleneck": false,
          "canonical_edge_id": 104,
          "length_m": 0.25,
          "min_clearance_m": 0.4609772264957428,
          "segment_fraction_end": 0.2893500117786684,
          "segment_fraction_start": 0.0,
          "segment_index": 0,
          "static_traversability": "FEASIBLE"
        },
        "startid": 58
      },
      "type": "Feature"
    },
    {
      "geometry": {
        "coordinates": [
          [
            [
              7.583000000000001,
              1.436
            ],
            [
              7.583000000000001,
              1.686
            ]
          ]
        ],
        "type": "MultiLineString"
      },
      "properties": {
        "endid": 212,
        "id": 617,
        "metadata": {
          "bottleneck": false,
          "canonical_edge_id": 104,
          "length_m": 0.25,
          "min_clearance_m": 0.4609772264957428,
          "segment_fraction_end": 0.5787000235573369,
          "segment_fraction_start": 0.2893500117786684,
          "segment_index": 1,
          "static_traversability": "FEASIBLE"
        },
        "startid": 211
      },
      "type": "Feature"
    },
    {
      "geometry": {
        "coordinates": [
          [
            [
              7.583000000000001,
              1.686
            ],
            [
              7.651680281974345,
              1.9263809869102058
            ]
          ]
        ],
        "type": "MultiLineString"
      },
      "properties": {
        "endid": 213,
        "id": 618,
        "metadata": {
          "bottleneck": false,
          "canonical_edge_id": 104,
          "length_m": 0.25,
          "min_clearance_m": 0.4609772264957428,
          "segment_fraction_end": 0.8680500353360053,
          "segment_fraction_start": 0.5787000235573369,
          "segment_index": 2,
          "static_traversability": "FEASIBLE"
        },
        "startid": 212
      },
      "type": "Feature"
    },
    {
      "geometry": {
        "coordinates": [
          [
            [
              7.651680281974345,
              1.9263809869102058
            ],
            [
              7.683000000000001,
              2.0359999999999996
            ]
          ]
        ],
        "type": "MultiLineString"
      },
      "properties": {
        "endid": 61,
        "id": 619,
        "metadata": {
          "bottleneck": false,
          "canonical_edge_id": 104,
          "length_m": 0.11400549446402541,
          "min_clearance_m": 0.4609772264957428,
          "segment_fraction_end": 1.0,
          "segment_fraction_start": 0.8680500353360053,
          "segment_index": 3,
          "static_traversability": "FEASIBLE"
        },
        "startid": 213
      },
      "type": "Feature"
    },
    {
      "geometry": {
        "coordinates": [
          [
            [
              7.583000000000001,
              1.186
            ],
            [
              7.81794835587211,
              1.1005642342283235
            ]
          ]
        ],
        "type": "MultiLineString"
      },
      "properties": {
        "endid": 214,
        "id": 620,
        "metadata": {
          "bottleneck": false,
          "canonical_edge_id": 105,
          "length_m": 0.25,
          "min_clearance_m": 0.6020797491073608,
          "segment_fraction_end": 0.26432925645833244,
          "segment_fraction_start": 0.0,
          "segment_index": 0,
          "static_traversability": "FEASIBLE"
        },
        "startid": 58
      },
      "type": "Feature"
    },
    {
      "geometry": {
        "coordinates": [
          [
            [
              7.81794835587211,
              1.1005642342283235
            ],
            [
              8.05289671174422,
              1.015128468456647
            ]
          ]
        ],
        "type": "MultiLineString"
      },
      "properties": {
        "endid": 215,
        "id": 621,
        "metadata": {
          "bottleneck": false,
          "canonical_edge_id": 105,
          "length_m": 0.25,
          "min_clearance_m": 0.6020797491073608,
          "segment_fraction_end": 0.5286585129166649,
          "segment_fraction_start": 0.26432925645833244,
          "segment_index": 1,
          "static_traversability": "FEASIBLE"
        },
        "startid": 214
      },
      "type": "Feature"
    },
    {
      "geometry": {
        "coordinates": [
          [
            [
              8.05289671174422,
              1.015128468456647
            ],
            [
              8.270092770460863,
              0.894604819692757
            ]
          ]
        ],
        "type": "MultiLineString"
      },
      "properties": {
        "endid": 216,
        "id": 622,
        "metadata": {
          "bottleneck": false,
          "canonical_edge_id": 105,
          "length_m": 0.25,
          "min_clearance_m": 0.6020797491073608,
          "segment_fraction_end": 0.7929877693749974,
          "segment_fraction_start": 0.5286585129166649,
          "segment_index": 2,
          "static_traversability": "FEASIBLE"
        },
        "startid": 215
      },
      "type": "Feature"
    },
    {
      "geometry": {
        "coordinates": [
          [
            [
              8.270092770460863,
              0.894604819692757
            ],
            [
              8.433,
              0.7859999999999996
            ]
          ]
        ],
        "type": "MultiLineString"
      },
      "properties": {
        "endid": 66,
        "id": 623,
        "metadata": {
          "bottleneck": false,
          "canonical_edge_id": 105,
          "length_m": 0.1957901230823791,
          "min_clearance_m": 0.6020797491073608,
          "segment_fraction_end": 1.0,
          "segment_fraction_start": 0.7929877693749974,
          "segment_index": 3,
          "static_traversability": "FEASIBLE"
        },
        "startid": 216
      },
      "type": "Feature"
    },
    {
      "geometry": {
        "coordinates": [
          [
            [
              7.583000000000001,
              2.3360000000000003
            ],
            [
              7.66205694150421,
              2.0988291754873716
            ]
          ]
        ],
        "type": "MultiLineString"
      },
      "properties": {
        "endid": 217,
        "id": 624,
        "metadata": {
          "bottleneck": true,
          "canonical_edge_id": 106,
          "length_m": 0.25,
          "min_clearance_m": 0.22360680997371674,
          "segment_fraction_end": 0.7905694150420934,
          "segment_fraction_start": 0.0,
          "segment_index": 0,
          "static_traversability": "UNKNOWN"
        },
        "startid": 59
      },
      "type": "Feature"
    },
    {
      "geometry": {
        "coordinates": [
          [
            [
              7.66205694150421,
              2.0988291754873716
            ],
            [
              7.683000000000001,
              2.0359999999999996
            ]
          ]
        ],
        "type": "MultiLineString"
      },
      "properties": {
        "endid": 61,
        "id": 625,
        "metadata": {
          "bottleneck": true,
          "canonical_edge_id": 106,
          "length_m": 0.0662277660168385,
          "min_clearance_m": 0.22360680997371674,
          "segment_fraction_end": 1.0,
          "segment_fraction_start": 0.7905694150420934,
          "segment_index": 1,
          "static_traversability": "UNKNOWN"
        },
        "startid": 217
      },
      "type": "Feature"
    },
    {
      "geometry": {
        "coordinates": [
          [
            [
              7.633,
              -1.2640000000000002
            ],
            [
              7.841346263385556,
              -1.3890387901566634
            ]
          ]
        ],
        "type": "MultiLineString"
      },
      "properties": {
        "endid": 218,
        "id": 626,
        "metadata": {
          "bottleneck": true,
          "canonical_edge_id": 107,
          "length_m": 0.25,
          "min_clearance_m": 0.22360680997371674,
          "segment_fraction_end": 0.6549291474155987,
          "segment_fraction_start": 0.0,
          "segment_index": 0,
          "static_traversability": "UNKNOWN"
        },
        "startid": 60
      },
      "type": "Feature"
    },
    {
      "geometry": {
        "coordinates": [
          [
            [
              7.841346263385556,
              -1.3890387901566634
            ],
            [
              7.883,
              -1.5140000000000002
            ]
          ]
        ],
        "type": "MultiLineString"
      },
      "properties": {
        "endid": 62,
        "id": 627,
        "metadata": {
          "bottleneck": true,
          "canonical_edge_id": 107,
          "length_m": 0.1317206807583987,
          "min_clearance_m": 0.22360680997371674,
          "segment_fraction_end": 1.0,
          "segment_fraction_start": 0.6549291474155987,
          "segment_index": 1,
          "static_traversability": "UNKNOWN"
        },
        "startid": 218
      },
      "type": "Feature"
    },
    {
      "geometry": {
        "coordinates": [
          [
            [
              7.683000000000001,
              2.0359999999999996
            ],
            [
              7.651680281974345,
              1.9263809869102058
            ]
          ]
        ],
        "type": "MultiLineString"
      },
      "properties": {
        "endid": 213,
        "id": 628,
        "metadata": {
          "bottleneck": false,
          "canonical_edge_id": 108,
          "length_m": 0.11400549446402541,
          "min_clearance_m": 0.4609772264957428,
          "segment_fraction_end": 0.1319499646639947,
          "segment_fraction_start": 0.0,
          "segment_index": 0,
          "static_traversability": "FEASIBLE"
        },
        "startid": 61
      },
      "type": "Feature"
    },
    {
      "geometry": {
        "coordinates": [
          [
            [
              7.651680281974345,
              1.9263809869102058
            ],
            [
              7.583000000000001,
              1.686
            ]
          ]
        ],
        "type": "MultiLineString"
      },
      "properties": {
        "endid": 212,
        "id": 629,
        "metadata": {
          "bottleneck": false,
          "canonical_edge_id": 108,
          "length_m": 0.25,
          "min_clearance_m": 0.4609772264957428,
          "segment_fraction_end": 0.42129997644266315,
          "segment_fraction_start": 0.1319499646639947,
          "segment_index": 1,
          "static_traversability": "FEASIBLE"
        },
        "startid": 213
      },
      "type": "Feature"
    },
    {
      "geometry": {
        "coordinates": [
          [
            [
              7.583000000000001,
              1.686
            ],
            [
              7.583000000000001,
              1.436
            ]
          ]
        ],
        "type": "MultiLineString"
      },
      "properties": {
        "endid": 211,
        "id": 630,
        "metadata": {
          "bottleneck": false,
          "canonical_edge_id": 108,
          "length_m": 0.25,
          "min_clearance_m": 0.4609772264957428,
          "segment_fraction_end": 0.7106499882213315,
          "segment_fraction_start": 0.42129997644266315,
          "segment_index": 2,
          "static_traversability": "FEASIBLE"
        },
        "startid": 212
      },
      "type": "Feature"
    },
    {
      "geometry": {
        "coordinates": [
          [
            [
              7.583000000000001,
              1.436
            ],
            [
              7.583000000000001,
              1.186
            ]
          ]
        ],
        "type": "MultiLineString"
      },
      "properties": {
        "endid": 58,
        "id": 631,
        "metadata": {
          "bottleneck": false,
          "canonical_edge_id": 108,
          "length_m": 0.25,
          "min_clearance_m": 0.4609772264957428,
          "segment_fraction_end": 1.0,
          "segment_fraction_start": 0.7106499882213315,
          "segment_index": 3,
          "static_traversability": "FEASIBLE"
        },
        "startid": 211
      },
      "type": "Feature"
    },
    {
      "geometry": {
        "coordinates": [
          [
            [
              7.683000000000001,
              2.0359999999999996
            ],
            [
              7.66205694150421,
              2.0988291754873716
            ]
          ]
        ],
        "type": "MultiLineString"
      },
      "properties": {
        "endid": 217,
        "id": 632,
        "metadata": {
          "bottleneck": true,
          "canonical_edge_id": 109,
          "length_m": 0.0662277660168385,
          "min_clearance_m": 0.22360680997371674,
          "segment_fraction_end": 0.20943058495790656,
          "segment_fraction_start": 0.0,
          "segment_index": 0,
          "static_traversability": "UNKNOWN"
        },
        "startid": 61
      },
      "type": "Feature"
    },
    {
      "geometry": {
        "coordinates": [
          [
            [
              7.66205694150421,
              2.0988291754873716
            ],
            [
              7.583000000000001,
              2.3360000000000003
            ]
          ]
        ],
        "type": "MultiLineString"
      },
      "properties": {
        "endid": 59,
        "id": 633,
        "metadata": {
          "bottleneck": true,
          "canonical_edge_id": 109,
          "length_m": 0.25,
          "min_clearance_m": 0.22360680997371674,
          "segment_fraction_end": 1.0,
          "segment_fraction_start": 0.20943058495790656,
          "segment_index": 1,
          "static_traversability": "UNKNOWN"
        },
        "startid": 217
      },
      "type": "Feature"
    },
    {
      "geometry": {
        "coordinates": [
          [
            [
              7.683000000000001,
              2.0359999999999996
            ],
            [
              7.912786257504515,
              2.1344798246447914
            ]
          ]
        ],
        "type": "MultiLineString"
      },
      "properties": {
        "endid": 219,
        "id": 634,
        "metadata": {
          "bottleneck": true,
          "canonical_edge_id": 110,
          "length_m": 0.25,
          "min_clearance_m": 0.2692582309246063,
          "segment_fraction_end": 0.421641552343078,
          "segment_fraction_start": 0.0,
          "segment_index": 0,
          "static_traversability": "UNKNOWN"
        },
        "startid": 61
      },
      "type": "Feature"
    },
    {
      "geometry": {
        "coordinates": [
          [
            [
              7.912786257504515,
              2.1344798246447914
            ],
            [
              8.117295150236549,
              2.2702951502365485
            ]
          ]
        ],
        "type": "MultiLineString"
      },
      "properties": {
        "endid": 220,
        "id": 635,
        "metadata": {
          "bottleneck": true,
          "canonical_edge_id": 110,
          "length_m": 0.25,
          "min_clearance_m": 0.2692582309246063,
          "segment_fraction_end": 0.843283104686156,
          "segment_fraction_start": 0.421641552343078,
          "segment_index": 1,
          "static_traversability": "UNKNOWN"
        },
        "startid": 219
      },
      "type": "Feature"
    },
    {
      "geometry": {
        "coordinates": [
          [
            [
              8.117295150236549,
              2.2702951502365485
            ],
            [
              8.183,
              2.3360000000000003
            ]
          ]
        ],
        "type": "MultiLineString"
      },
      "properties": {
        "endid": 64,
        "id": 636,
        "metadata": {
          "bottleneck": true,
          "canonical_edge_id": 110,
          "length_m": 0.09292068964915956,
          "min_clearance_m": 0.2692582309246063,
          "segment_fraction_end": 1.0,
          "segment_fraction_start": 0.843283104686156,
          "segment_index": 2,
          "static_traversability": "UNKNOWN"
        },
        "startid": 220
      },
      "type": "Feature"
    },
    {
      "geometry": {
        "coordinates": [
          [
            [
              7.883,
              -1.5140000000000002
            ],
            [
              7.841346263385556,
              -1.3890387901566634
            ]
          ]
        ],
        "type": "MultiLineString"
      },
      "properties": {
        "endid": 218,
        "id": 637,
        "metadata": {
          "bottleneck": true,
          "canonical_edge_id": 111,
          "length_m": 0.1317206807583987,
          "min_clearance_m": 0.22360680997371674,
          "segment_fraction_end": 0.3450708525844013,
          "segment_fraction_start": 0.0,
          "segment_index": 0,
          "static_traversability": "UNKNOWN"
        },
        "startid": 62
      },
      "type": "Feature"
    },
    {
      "geometry": {
        "coordinates": [
          [
            [
              7.841346263385556,
              -1.3890387901566634
            ],
            [
              7.633,
              -1.2640000000000002
            ]
          ]
        ],
        "type": "MultiLineString"
      },
      "properties": {
        "endid": 60,
        "id": 638,
        "metadata": {
          "bottleneck": true,
          "canonical_edge_id": 111,
          "length_m": 0.25,
          "min_clearance_m": 0.22360680997371674,
          "segment_fraction_end": 1.0,
          "segment_fraction_start": 0.3450708525844013,
          "segment_index": 1,
          "static_traversability": "UNKNOWN"
        },
        "startid": 218
      },
      "type": "Feature"
    },
    {
      "geometry": {
        "coordinates": [
          [
            [
              7.883,
              -0.7140000000000004
            ],
            [
              7.829598480958037,
              -0.7229002531736609
            ]
          ]
        ],
        "type": "MultiLineString"
      },
      "properties": {
        "endid": 210,
        "id": 639,
        "metadata": {
          "bottleneck": true,
          "canonical_edge_id": 112,
          "length_m": 0.0541381265149099,
          "min_clearance_m": 0.22360680997371674,
          "segment_fraction_end": 0.17800506347321063,
          "segment_fraction_start": 0.0,
          "segment_index": 0,
          "static_traversability": "UNKNOWN"
        },
        "startid": 63
      },
      "type": "Feature"
    },
    {
      "geometry": {
        "coordinates": [
          [
            [
              7.829598480958037,
              -0.7229002531736609
            ],
            [
              7.583000000000001,
              -0.7640000000000002
            ]
          ]
        ],
        "type": "MultiLineString"
      },
      "properties": {
        "endid": 57,
        "id": 640,
        "metadata": {
          "bottleneck": true,
          "canonical_edge_id": 112,
          "length_m": 0.25,
          "min_clearance_m": 0.22360680997371674,
          "segment_fraction_end": 1.0,
          "segment_fraction_start": 0.17800506347321063,
          "segment_index": 1,
          "static_traversability": "UNKNOWN"
        },
        "startid": 210
      },
      "type": "Feature"
    },
    {
      "geometry": {
        "coordinates": [
          [
            [
              8.183,
              2.3360000000000003
            ],
            [
              8.117295150236549,
              2.2702951502365485
            ]
          ]
        ],
        "type": "MultiLineString"
      },
      "properties": {
        "endid": 220,
        "id": 641,
        "metadata": {
          "bottleneck": true,
          "canonical_edge_id": 113,
          "length_m": 0.09292068964915956,
          "min_clearance_m": 0.2692582309246063,
          "segment_fraction_end": 0.15671689531384406,
          "segment_fraction_start": 0.0,
          "segment_index": 0,
          "static_traversability": "UNKNOWN"
        },
        "startid": 64
      },
      "type": "Feature"
    },
    {
      "geometry": {
        "coordinates": [
          [
            [
              8.117295150236549,
              2.2702951502365485
            ],
            [
              7.912786257504515,
              2.1344798246447914
            ]
          ]
        ],
        "type": "MultiLineString"
      },
      "properties": {
        "endid": 219,
        "id": 642,
        "metadata": {
          "bottleneck": true,
          "canonical_edge_id": 113,
          "length_m": 0.25,
          "min_clearance_m": 0.2692582309246063,
          "segment_fraction_end": 0.578358447656922,
          "segment_fraction_start": 0.15671689531384406,
          "segment_index": 1,
          "static_traversability": "UNKNOWN"
        },
        "startid": 220
      },
      "type": "Feature"
    },
    {
      "geometry": {
        "coordinates": [
          [
            [
              7.912786257504515,
              2.1344798246447914
            ],
            [
              7.683000000000001,
              2.0359999999999996
            ]
          ]
        ],
        "type": "MultiLineString"
      },
      "properties": {
        "endid": 61,
        "id": 643,
        "metadata": {
          "bottleneck": true,
          "canonical_edge_id": 113,
          "length_m": 0.25,
          "min_clearance_m": 0.2692582309246063,
          "segment_fraction_end": 1.0,
          "segment_fraction_start": 0.578358447656922,
          "segment_index": 2,
          "static_traversability": "UNKNOWN"
        },
        "startid": 219
      },
      "type": "Feature"
    },
    {
      "geometry": {
        "coordinates": [
          [
            [
              8.383,
              0.3860000000000001
            ],
            [
              8.414008683647301,
              0.634069469178417
            ]
          ]
        ],
        "type": "MultiLineString"
      },
      "properties": {
        "endid": 221,
        "id": 644,
        "metadata": {
          "bottleneck": true,
          "canonical_edge_id": 114,
          "length_m": 0.25,
          "min_clearance_m": 0.3162277638912201,
          "segment_fraction_end": 0.6201736729460429,
          "segment_fraction_start": 0.0,
          "segment_index": 0,
          "static_traversability": "UNKNOWN"
        },
        "startid": 65
      },
      "type": "Feature"
    },
    {
      "geometry": {
        "coordinates": [
          [
            [
              8.414008683647301,
              0.634069469178417
            ],
            [
              8.433,
              0.7859999999999996
            ]
          ]
        ],
        "type": "MultiLineString"
      },
      "properties": {
        "endid": 66,
        "id": 645,
        "metadata": {
          "bottleneck": true,
          "canonical_edge_id": 114,
          "length_m": 0.15311288741492707,
          "min_clearance_m": 0.3162277638912201,
          "segment_fraction_end": 1.0,
          "segment_fraction_start": 0.6201736729460429,
          "segment_index": 1,
          "static_traversability": "UNKNOWN"
        },
        "startid": 221
      },
      "type": "Feature"
    },
    {
      "geometry": {
        "coordinates": [
          [
            [
              8.433,
              0.7859999999999996
            ],
            [
              8.270092770460863,
              0.894604819692757
            ]
          ]
        ],
        "type": "MultiLineString"
      },
      "properties": {
        "endid": 216,
        "id": 646,
        "metadata": {
          "bottleneck": false,
          "canonical_edge_id": 115,
          "length_m": 0.1957901230823791,
          "min_clearance_m": 0.6020797491073608,
          "segment_fraction_end": 0.20701223062500262,
          "segment_fraction_start": 0.0,
          "segment_index": 0,
          "static_traversability": "FEASIBLE"
        },
        "startid": 66
      },
      "type": "Feature"
    },
    {
      "geometry": {
        "coordinates": [
          [
            [
              8.270092770460863,
              0.894604819692757
            ],
            [
              8.05289671174422,
              1.015128468456647
            ]
          ]
        ],
        "type": "MultiLineString"
      },
      "properties": {
        "endid": 215,
        "id": 647,
        "metadata": {
          "bottleneck": false,
          "canonical_edge_id": 115,
          "length_m": 0.25,
          "min_clearance_m": 0.6020797491073608,
          "segment_fraction_end": 0.47134148708333506,
          "segment_fraction_start": 0.20701223062500262,
          "segment_index": 1,
          "static_traversability": "FEASIBLE"
        },
        "startid": 216
      },
      "type": "Feature"
    },
    {
      "geometry": {
        "coordinates": [
          [
            [
              8.05289671174422,
              1.015128468456647
            ],
            [
              7.81794835587211,
              1.1005642342283235
            ]
          ]
        ],
        "type": "MultiLineString"
      },
      "properties": {
        "endid": 214,
        "id": 648,
        "metadata": {
          "bottleneck": false,
          "canonical_edge_id": 115,
          "length_m": 0.25,
          "min_clearance_m": 0.6020797491073608,
          "segment_fraction_end": 0.7356707435416675,
          "segment_fraction_start": 0.47134148708333506,
          "segment_index": 2,
          "static_traversability": "FEASIBLE"
        },
        "startid": 215
      },
      "type": "Feature"
    },
    {
      "geometry": {
        "coordinates": [
          [
            [
              7.81794835587211,
              1.1005642342283235
            ],
            [
              7.583000000000001,
              1.186
            ]
          ]
        ],
        "type": "MultiLineString"
      },
      "properties": {
        "endid": 58,
        "id": 649,
        "metadata": {
          "bottleneck": false,
          "canonical_edge_id": 115,
          "length_m": 0.25,
          "min_clearance_m": 0.6020797491073608,
          "segment_fraction_end": 1.0,
          "segment_fraction_start": 0.7356707435416675,
          "segment_index": 3,
          "static_traversability": "FEASIBLE"
        },
        "startid": 214
      },
      "type": "Feature"
    },
    {
      "geometry": {
        "coordinates": [
          [
            [
              8.433,
              0.7859999999999996
            ],
            [
              8.414008683647301,
              0.634069469178417
            ]
          ]
        ],
        "type": "MultiLineString"
      },
      "properties": {
        "endid": 221,
        "id": 650,
        "metadata": {
          "bottleneck": true,
          "canonical_edge_id": 116,
          "length_m": 0.15311288741492707,
          "min_clearance_m": 0.3162277638912201,
          "segment_fraction_end": 0.3798263270539571,
          "segment_fraction_start": 0.0,
          "segment_index": 0,
          "static_traversability": "UNKNOWN"
        },
        "startid": 66
      },
      "type": "Feature"
    },
    {
      "geometry": {
        "coordinates": [
          [
            [
              8.414008683647301,
              0.634069469178417
            ],
            [
              8.383,
              0.3860000000000001
            ]
          ]
        ],
        "type": "MultiLineString"
      },
      "properties": {
        "endid": 65,
        "id": 651,
        "metadata": {
          "bottleneck": true,
          "canonical_edge_id": 116,
          "length_m": 0.25,
          "min_clearance_m": 0.3162277638912201,
          "segment_fraction_end": 1.0,
          "segment_fraction_start": 0.3798263270539571,
          "segment_index": 1,
          "static_traversability": "UNKNOWN"
        },
        "startid": 221
      },
      "type": "Feature"
    },
    {
      "geometry": {
        "coordinates": [
          [
            [
              8.433,
              0.7859999999999996
            ],
            [
              8.65939320225002,
              0.6859999999999999
            ]
          ]
        ],
        "type": "MultiLineString"
      },
      "properties": {
        "endid": 222,
        "id": 652,
        "metadata": {
          "bottleneck": false,
          "canonical_edge_id": 117,
          "length_m": 0.25,
          "min_clearance_m": 0.55901700258255,
          "segment_fraction_end": 0.1547224067884093,
          "segment_fraction_start": 0.0,
          "segment_index": 0,
          "static_traversability": "FEASIBLE"
        },
        "startid": 66
      },
      "type": "Feature"
    },
    {
      "geometry": {
        "coordinates": [
          [
            [
              8.65939320225002,
              0.6859999999999999
            ],
            [
              8.90939320225002,
              0.6859999999999999
            ]
          ]
        ],
        "type": "MultiLineString"
      },
      "properties": {
        "endid": 223,
        "id": 653,
        "metadata": {
          "bottleneck": false,
          "canonical_edge_id": 117,
          "length_m": 0.25,
          "min_clearance_m": 0.55901700258255,
          "segment_fraction_end": 0.3094448135768186,
          "segment_fraction_start": 0.1547224067884093,
          "segment_index": 1,
          "static_traversability": "FEASIBLE"
        },
        "startid": 222
      },
      "type": "Feature"
    },
    {
      "geometry": {
        "coordinates": [
          [
            [
              8.90939320225002,
              0.6859999999999999
            ],
            [
              9.107728829466199,
              0.8107288294662003
            ]
          ]
        ],
        "type": "MultiLineString"
      },
      "properties": {
        "endid": 224,
        "id": 654,
        "metadata": {
          "bottleneck": false,
          "canonical_edge_id": 117,
          "length_m": 0.25,
          "min_clearance_m": 0.55901700258255,
          "segment_fraction_end": 0.46416722036522784,
          "segment_fraction_start": 0.3094448135768186,
          "segment_index": 2,
          "static_traversability": "FEASIBLE"
        },
        "startid": 223
      },
      "type": "Feature"
    },
    {
      "geometry": {
        "coordinates": [
          [
            [
              9.107728829466199,
              0.8107288294662003
            ],
            [
              9.34310036078788,
              0.7939799278424241
            ]
          ]
        ],
        "type": "MultiLineString"
      },
      "properties": {
        "endid": 225,
        "id": 655,
        "metadata": {
          "bottleneck": false,
          "canonical_edge_id": 117,
          "length_m": 0.25,
          "min_clearance_m": 0.55901700258255,
          "segment_fraction_end": 0.6188896271536372,
          "segment_fraction_start": 0.46416722036522784,
          "segment_index": 3,
          "static_traversability": "FEASIBLE"
        },
        "startid": 224
      },
      "type": "Feature"
    },
    {
      "geometry": {
        "coordinates": [
          [
            [
              9.34310036078788,
              0.7939799278424241
            ],
            [
              9.588245529710608,
              0.7449508940578778
            ]
          ]
        ],
        "type": "MultiLineString"
      },
      "properties": {
        "endid": 226,
        "id": 656,
        "metadata": {
          "bottleneck": false,
          "canonical_edge_id": 117,
          "length_m": 0.25,
          "min_clearance_m": 0.55901700258255,
          "segment_fraction_end": 0.7736120339420464,
          "segment_fraction_start": 0.6188896271536372,
          "segment_index": 4,
          "static_traversability": "FEASIBLE"
        },
        "startid": 225
      },
      "type": "Feature"
    },
    {
      "geometry": {
        "coordinates": [
          [
            [
              9.588245529710608,
              0.7449508940578778
            ],
            [
              9.760662190491379,
              0.8955777381142216
            ]
          ]
        ],
        "type": "MultiLineString"
      },
      "properties": {
        "endid": 227,
        "id": 657,
        "metadata": {
          "bottleneck": false,
          "canonical_edge_id": 117,
          "length_m": 0.25,
          "min_clearance_m": 0.55901700258255,
          "segment_fraction_end": 0.9283344407304557,
          "segment_fraction_start": 0.7736120339420464,
          "segment_index": 5,
          "static_traversability": "FEASIBLE"
        },
        "startid": 226
      },
      "type": "Feature"
    },
    {
      "geometry": {
        "coordinates": [
          [
            [
              9.760662190491379,
              0.8955777381142216
            ],
            [
              9.833000000000002,
              0.9859999999999997
            ]
          ]
        ],
        "type": "MultiLineString"
      },
      "properties": {
        "endid": 73,
        "id": 658,
        "metadata": {
          "bottleneck": false,
          "canonical_edge_id": 117,
          "length_m": 0.11579699533686583,
          "min_clearance_m": 0.55901700258255,
          "segment_fraction_end": 1.0,
          "segment_fraction_start": 0.9283344407304557,
          "segment_index": 6,
          "static_traversability": "FEASIBLE"
        },
        "startid": 227
      },
      "type": "Feature"
    },
    {
      "geometry": {
        "coordinates": [
          [
            [
              8.733,
              2.0359999999999996
            ],
            [
              8.77409974682634,
              2.2825984809580353
            ]
          ]
        ],
        "type": "MultiLineString"
      },
      "properties": {
        "endid": 228,
        "id": 659,
        "metadata": {
          "bottleneck": true,
          "canonical_edge_id": 118,
          "length_m": 0.25,
          "min_clearance_m": 0.25,
          "segment_fraction_end": 0.8219949365267842,
          "segment_fraction_start": 0.0,
          "segment_index": 0,
          "static_traversability": "UNKNOWN"
        },
        "startid": 67
      },
      "type": "Feature"
    },
    {
      "geometry": {
        "coordinates": [
          [
            [
              8.77409974682634,
              2.2825984809580353
            ],
            [
              8.783000000000001,
              2.3360000000000003
            ]
          ]
        ],
        "type": "MultiLineString"
      },
      "properties": {
        "endid": 68,
        "id": 660,
        "metadata": {
          "bottleneck": true,
          "canonical_edge_id": 118,
          "length_m": 0.05413812651491179,
          "min_clearance_m": 0.25,
          "segment_fraction_end": 1.0,
          "segment_fraction_start": 0.8219949365267842,
          "segment_index": 1,
          "static_traversability": "UNKNOWN"
        },
        "startid": 228
      },
      "type": "Feature"
    },
    {
      "geometry": {
        "coordinates": [
          [
            [
              8.733,
              2.0359999999999996
            ],
            [
              8.909776695296637,
              1.859223304703363
            ]
          ]
        ],
        "type": "MultiLineString"
      },
      "properties": {
        "endid": 229,
        "id": 661,
        "metadata": {
          "bottleneck": true,
          "canonical_edge_id": 119,
          "length_m": 0.25,
          "min_clearance_m": 0.25,
          "segment_fraction_end": 0.5892556509887891,
          "segment_fraction_start": 0.0,
          "segment_index": 0,
          "static_traversability": "UNKNOWN"
        },
        "startid": 67
      },
      "type": "Feature"
    },
    {
      "geometry": {
        "coordinates": [
          [
            [
              8.909776695296637,
              1.859223304703363
            ],
            [
              9.033000000000001,
              1.7359999999999998
            ]
          ]
        ],
        "type": "MultiLineString"
      },
      "properties": {
        "endid": 69,
        "id": 662,
        "metadata": {
          "bottleneck": true,
          "canonical_edge_id": 119,
          "length_m": 0.1742640687119289,
          "min_clearance_m": 0.25,
          "segment_fraction_end": 1.0,
          "segment_fraction_start": 0.5892556509887891,
          "segment_index": 1,
          "static_traversability": "UNKNOWN"
        },
        "startid": 229
      },
      "type": "Feature"
    },
    {
      "geometry": {
        "coordinates": [
          [
            [
              8.783000000000001,
              2.3360000000000003
            ],
            [
              8.77409974682634,
              2.2825984809580353
            ]
          ]
        ],
        "type": "MultiLineString"
      },
      "properties": {
        "endid": 228,
        "id": 663,
        "metadata": {
          "bottleneck": true,
          "canonical_edge_id": 120,
          "length_m": 0.05413812651491179,
          "min_clearance_m": 0.25,
          "segment_fraction_end": 0.17800506347321574,
          "segment_fraction_start": 0.0,
          "segment_index": 0,
          "static_traversability": "UNKNOWN"
        },
        "startid": 68
      },
      "type": "Feature"
    },
    {
      "geometry": {
        "coordinates": [
          [
            [
              8.77409974682634,
              2.2825984809580353
            ],
            [
              8.733,
              2.0359999999999996
            ]
          ]
        ],
        "type": "MultiLineString"
      },
      "properties": {
        "endid": 67,
        "id": 664,
        "metadata": {
          "bottleneck": true,
          "canonical_edge_id": 120,
          "length_m": 0.25,
          "min_clearance_m": 0.25,
          "segment_fraction_end": 1.0,
          "segment_fraction_start": 0.17800506347321574,
          "segment_index": 1,
          "static_traversability": "UNKNOWN"
        },
        "startid": 228
      },
      "type": "Feature"
    },
    {
      "geometry": {
        "coordinates": [
          [
            [
              9.033000000000001,
              1.7359999999999998
            ],
            [
              8.909776695296637,
              1.859223304703363
            ]
          ]
        ],
        "type": "MultiLineString"
      },
      "properties": {
        "endid": 229,
        "id": 665,
        "metadata": {
          "bottleneck": true,
          "canonical_edge_id": 121,
          "length_m": 0.1742640687119289,
          "min_clearance_m": 0.25,
          "segment_fraction_end": 0.41074434901121093,
          "segment_fraction_start": 0.0,
          "segment_index": 0,
          "static_traversability": "UNKNOWN"
        },
        "startid": 69
      },
      "type": "Feature"
    },
    {
      "geometry": {
        "coordinates": [
          [
            [
              8.909776695296637,
              1.859223304703363
            ],
            [
              8.733,
              2.0359999999999996
            ]
          ]
        ],
        "type": "MultiLineString"
      },
      "properties": {
        "endid": 67,
        "id": 666,
        "metadata": {
          "bottleneck": true,
          "canonical_edge_id": 121,
          "length_m": 0.25,
          "min_clearance_m": 0.25,
          "segment_fraction_end": 1.0,
          "segment_fraction_start": 0.41074434901121093,
          "segment_index": 1,
          "static_traversability": "UNKNOWN"
        },
        "startid": 229
      },
      "type": "Feature"
    },
    {
      "geometry": {
        "coordinates": [
          [
            [
              9.383,
              1.686
            ],
            [
              9.606606797749977,
              1.7978033988749895
            ]
          ]
        ],
        "type": "MultiLineString"
      },
      "properties": {
        "endid": 230,
        "id": 667,
        "metadata": {
          "bottleneck": true,
          "canonical_edge_id": 122,
          "length_m": 0.25,
          "min_clearance_m": 0.22360680997371674,
          "segment_fraction_end": 0.7453559924999281,
          "segment_fraction_start": 0.0,
          "segment_index": 0,
          "static_traversability": "UNKNOWN"
        },
        "startid": 70
      },
      "type": "Feature"
    },
    {
      "geometry": {
        "coordinates": [
          [
            [
              9.606606797749977,
              1.7978033988749895
            ],
            [
              9.683,
              1.8360000000000003
            ]
          ]
        ],
        "type": "MultiLineString"
      },
      "properties": {
        "endid": 71,
        "id": 668,
        "metadata": {
          "bottleneck": true,
          "canonical_edge_id": 122,
          "length_m": 0.08541019662496924,
          "min_clearance_m": 0.22360680997371674,
          "segment_fraction_end": 1.0,
          "segment_fraction_start": 0.7453559924999281,
          "segment_index": 1,
          "static_traversability": "UNKNOWN"
        },
        "startid": 230
      },
      "type": "Feature"
    },
    {
      "geometry": {
        "coordinates": [
          [
            [
              9.683,
              1.8360000000000003
            ],
            [
              9.606606797749977,
              1.7978033988749895
            ]
          ]
        ],
        "type": "MultiLineString"
      },
      "properties": {
        "endid": 230,
        "id": 669,
        "metadata": {
          "bottleneck": true,
          "canonical_edge_id": 123,
          "length_m": 0.08541019662496924,
          "min_clearance_m": 0.22360680997371674,
          "segment_fraction_end": 0.2546440075000718,
          "segment_fraction_start": 0.0,
          "segment_index": 0,
          "static_traversability": "UNKNOWN"
        },
        "startid": 71
      },
      "type": "Feature"
    },
    {
      "geometry": {
        "coordinates": [
          [
            [
              9.606606797749977,
              1.7978033988749895
            ],
            [
              9.383,
              1.686
            ]
          ]
        ],
        "type": "MultiLineString"
      },
      "properties": {
        "endid": 70,
        "id": 670,
        "metadata": {
          "bottleneck": true,
          "canonical_edge_id": 123,
          "length_m": 0.25,
          "min_clearance_m": 0.22360680997371674,
          "segment_fraction_end": 1.0,
          "segment_fraction_start": 0.2546440075000718,
          "segment_index": 1,
          "static_traversability": "UNKNOWN"
        },
        "startid": 230
      },
      "type": "Feature"
    },
    {
      "geometry": {
        "coordinates": [
          [
            [
              9.683,
              1.8360000000000003
            ],
            [
              9.614180821392006,
              2.0483616427840095
            ]
          ]
        ],
        "type": "MultiLineString"
      },
      "properties": {
        "endid": 231,
        "id": 671,
        "metadata": {
          "bottleneck": true,
          "canonical_edge_id": 124,
          "length_m": 0.25,
          "min_clearance_m": 0.25,
          "segment_fraction_end": 0.2720938438550776,
          "segment_fraction_start": 0.0,
          "segment_index": 0,
          "static_traversability": "UNKNOWN"
        },
        "startid": 71
      },
      "type": "Feature"
    },
    {
      "geometry": {
        "coordinates": [
          [
            [
              9.614180821392006,
              2.0483616427840095
            ],
            [
              9.725984220266994,
              2.2719684405339886
            ]
          ]
        ],
        "type": "MultiLineString"
      },
      "properties": {
        "endid": 232,
        "id": 672,
        "metadata": {
          "bottleneck": true,
          "canonical_edge_id": 124,
          "length_m": 0.25,
          "min_clearance_m": 0.25,
          "segment_fraction_end": 0.5441876877101552,
          "segment_fraction_start": 0.2720938438550776,
          "segment_index": 1,
          "static_traversability": "UNKNOWN"
        },
        "startid": 231
      },
      "type": "Feature"
    },
    {
      "geometry": {
        "coordinates": [
          [
            [
              9.725984220266994,
              2.2719684405339886
            ],
            [
              9.703937143549984,
              2.518502851600132
            ]
          ]
        ],
        "type": "MultiLineString"
      },
      "properties": {
        "endid": 233,
        "id": 673,
        "metadata": {
          "bottleneck": true,
          "canonical_edge_id": 124,
          "length_m": 0.25,
          "min_clearance_m": 0.25,
          "segment_fraction_end": 0.8162815315652329,
          "segment_fraction_start": 0.5441876877101552,
          "segment_index": 2,
          "static_traversability": "UNKNOWN"
        },
        "startid": 232
      },
      "type": "Feature"
    },
    {
      "geometry": {
        "coordinates": [
          [
            [
              9.703937143549984,
              2.518502851600132
            ],
            [
              9.683,
              2.686
            ]
          ]
        ],
        "type": "MultiLineString"
      },
      "properties": {
        "endid": 72,
        "id": 674,
        "metadata": {
          "bottleneck": true,
          "canonical_edge_id": 124,
          "length_m": 0.16880064781309334,
          "min_clearance_m": 0.25,
          "segment_fraction_end": 1.0,
          "segment_fraction_start": 0.8162815315652329,
          "segment_index": 3,
          "static_traversability": "UNKNOWN"
        },
        "startid": 233
      },
      "type": "Feature"
    },
    {
      "geometry": {
        "coordinates": [
          [
            [
              9.683,
              1.8360000000000003
            ],
            [
              9.655557921678898,
              1.5984034638685014
            ]
          ]
        ],
        "type": "MultiLineString"
      },
      "properties": {
        "endid": 234,
        "id": 675,
        "metadata": {
          "bottleneck": true,
          "canonical_edge_id": 125,
          "length_m": 0.25,
          "min_clearance_m": 0.29154759645462036,
          "segment_fraction_end": 0.27752622694550033,
          "segment_fraction_start": 0.0,
          "segment_index": 0,
          "static_traversability": "UNKNOWN"
        },
        "startid": 71
      },
      "type": "Feature"
    },
    {
      "geometry": {
        "coordinates": [
          [
            [
              9.655557921678898,
              1.5984034638685014
            ],
            [
              9.783284923162789,
              1.3837206146977028
            ]
          ]
        ],
        "type": "MultiLineString"
      },
      "properties": {
        "endid": 235,
        "id": 676,
        "metadata": {
          "bottleneck": true,
          "canonical_edge_id": 125,
          "length_m": 0.25,
          "min_clearance_m": 0.29154759645462036,
          "segment_fraction_end": 0.5550524538910007,
          "segment_fraction_start": 0.27752622694550033,
          "segment_index": 1,
          "static_traversability": "UNKNOWN"
        },
        "startid": 234
      },
      "type": "Feature"
    },
    {
      "geometry": {
        "coordinates": [
          [
            [
              9.783284923162789,
              1.3837206146977028
            ],
            [
              9.814293606810091,
              1.135651145519286
            ]
          ]
        ],
        "type": "MultiLineString"
      },
      "properties": {
        "endid": 236,
        "id": 677,
        "metadata": {
          "bottleneck": true,
          "canonical_edge_id": 125,
          "length_m": 0.25,
          "min_clearance_m": 0.29154759645462036,
          "segment_fraction_end": 0.832578680836501,
          "segment_fraction_start": 0.5550524538910007,
          "segment_index": 2,
          "static_traversability": "UNKNOWN"
        },
        "startid": 235
      },
      "type": "Feature"
    },
    {
      "geometry": {
        "coordinates": [
          [
            [
              9.814293606810091,
              1.135651145519286
            ],
            [
              9.833000000000002,
              0.9859999999999998
            ]
          ]
        ],
        "type": "MultiLineString"
      },
      "properties": {
        "endid": 73,
        "id": 678,
        "metadata": {
          "bottleneck": true,
          "canonical_edge_id": 125,
          "length_m": 0.15081576343807734,
          "min_clearance_m": 0.29154759645462036,
          "segment_fraction_end": 1.0,
          "segment_fraction_start": 0.832578680836501,
          "segment_index": 3,
          "static_traversability": "UNKNOWN"
        },
        "startid": 236
      },
      "type": "Feature"
    },
    {
      "geometry": {
        "coordinates": [
          [
            [
              9.683,
              2.686
            ],
            [
              9.703937143549984,
              2.518502851600132
            ]
          ]
        ],
        "type": "MultiLineString"
      },
      "properties": {
        "endid": 233,
        "id": 679,
        "metadata": {
          "bottleneck": true,
          "canonical_edge_id": 126,
          "length_m": 0.16880064781309334,
          "min_clearance_m": 0.25,
          "segment_fraction_end": 0.18371846843476708,
          "segment_fraction_start": 0.0,
          "segment_index": 0,
          "static_traversability": "UNKNOWN"
        },
        "startid": 72
      },
      "type": "Feature"
    },
    {
      "geometry": {
        "coordinates": [
          [
            [
              9.703937143549984,
              2.518502851600132
            ],
            [
              9.725984220266994,
              2.2719684405339886
            ]
          ]
        ],
        "type": "MultiLineString"
      },
      "properties": {
        "endid": 232,
        "id": 680,
        "metadata": {
          "bottleneck": true,
          "canonical_edge_id": 126,
          "length_m": 0.25,
          "min_clearance_m": 0.25,
          "segment_fraction_end": 0.4558123122898447,
          "segment_fraction_start": 0.18371846843476708,
          "segment_index": 1,
          "static_traversability": "UNKNOWN"
        },
        "startid": 233
      },
      "type": "Feature"
    },
    {
      "geometry": {
        "coordinates": [
          [
            [
              9.725984220266994,
              2.2719684405339886
            ],
            [
              9.614180821392006,
              2.0483616427840095
            ]
          ]
        ],
        "type": "MultiLineString"
      },
      "properties": {
        "endid": 231,
        "id": 681,
        "metadata": {
          "bottleneck": true,
          "canonical_edge_id": 126,
          "length_m": 0.25,
          "min_clearance_m": 0.25,
          "segment_fraction_end": 0.7279061561449224,
          "segment_fraction_start": 0.4558123122898447,
          "segment_index": 2,
          "static_traversability": "UNKNOWN"
        },
        "startid": 232
      },
      "type": "Feature"
    },
    {
      "geometry": {
        "coordinates": [
          [
            [
              9.614180821392006,
              2.0483616427840095
            ],
            [
              9.683,
              1.8360000000000003
            ]
          ]
        ],
        "type": "MultiLineString"
      },
      "properties": {
        "endid": 71,
        "id": 682,
        "metadata": {
          "bottleneck": true,
          "canonical_edge_id": 126,
          "length_m": 0.25,
          "min_clearance_m": 0.25,
          "segment_fraction_end": 1.0,
          "segment_fraction_start": 0.7279061561449224,
          "segment_index": 3,
          "static_traversability": "UNKNOWN"
        },
        "startid": 231
      },
      "type": "Feature"
    },
    {
      "geometry": {
        "coordinates": [
          [
            [
              9.833000000000002,
              0.9859999999999997
            ],
            [
              9.760662190491379,
              0.8955777381142216
            ]
          ]
        ],
        "type": "MultiLineString"
      },
      "properties": {
        "endid": 227,
        "id": 683,
        "metadata": {
          "bottleneck": false,
          "canonical_edge_id": 127,
          "length_m": 0.11579699533686583,
          "min_clearance_m": 0.55901700258255,
          "segment_fraction_end": 0.07166555926954435,
          "segment_fraction_start": 0.0,
          "segment_index": 0,
          "static_traversability": "FEASIBLE"
        },
        "startid": 73
      },
      "type": "Feature"
    },
    {
      "geometry": {
        "coordinates": [
          [
            [
              9.760662190491379,
              0.8955777381142216
            ],
            [
              9.588245529710608,
              0.7449508940578778
            ]
          ]
        ],
        "type": "MultiLineString"
      },
      "properties": {
        "endid": 226,
        "id": 684,
        "metadata": {
          "bottleneck": false,
          "canonical_edge_id": 127,
          "length_m": 0.25,
          "min_clearance_m": 0.55901700258255,
          "segment_fraction_end": 0.2263879660579536,
          "segment_fraction_start": 0.07166555926954435,
          "segment_index": 1,
          "static_traversability": "FEASIBLE"
        },
        "startid": 227
      },
      "type": "Feature"
    },
    {
      "geometry": {
        "coordinates": [
          [
            [
              9.588245529710608,
              0.7449508940578778
            ],
            [
              9.34310036078788,
              0.7939799278424241
            ]
          ]
        ],
        "type": "MultiLineString"
      },
      "properties": {
        "endid": 225,
        "id": 685,
        "metadata": {
          "bottleneck": false,
          "canonical_edge_id": 127,
          "length_m": 0.25,
          "min_clearance_m": 0.55901700258255,
          "segment_fraction_end": 0.3811103728463629,
          "segment_fraction_start": 0.2263879660579536,
          "segment_index": 2,
          "static_traversability": "FEASIBLE"
        },
        "startid": 226
      },
      "type": "Feature"
    },
    {
      "geometry": {
        "coordinates": [
          [
            [
              9.34310036078788,
              0.7939799278424241
            ],
            [
              9.107728829466199,
              0.8107288294662003
            ]
          ]
        ],
        "type": "MultiLineString"
      },
      "properties": {
        "endid": 224,
        "id": 686,
        "metadata": {
          "bottleneck": false,
          "canonical_edge_id": 127,
          "length_m": 0.25,
          "min_clearance_m": 0.55901700258255,
          "segment_fraction_end": 0.5358327796347722,
          "segment_fraction_start": 0.3811103728463629,
          "segment_index": 3,
          "static_traversability": "FEASIBLE"
        },
        "startid": 225
      },
      "type": "Feature"
    },
    {
      "geometry": {
        "coordinates": [
          [
            [
              9.107728829466199,
              0.8107288294662003
            ],
            [
              8.90939320225002,
              0.6859999999999999
            ]
          ]
        ],
        "type": "MultiLineString"
      },
      "properties": {
        "endid": 223,
        "id": 687,
        "metadata": {
          "bottleneck": false,
          "canonical_edge_id": 127,
          "length_m": 0.25,
          "min_clearance_m": 0.55901700258255,
          "segment_fraction_end": 0.6905551864231815,
          "segment_fraction_start": 0.5358327796347722,
          "segment_index": 4,
          "static_traversability": "FEASIBLE"
        },
        "startid": 224
      },
      "type": "Feature"
    },
    {
      "geometry": {
        "coordinates": [
          [
            [
              8.90939320225002,
              0.6859999999999999
            ],
            [
              8.65939320225002,
              0.6859999999999999
            ]
          ]
        ],
        "type": "MultiLineString"
      },
      "properties": {
        "endid": 222,
        "id": 688,
        "metadata": {
          "bottleneck": false,
          "canonical_edge_id": 127,
          "length_m": 0.25,
          "min_clearance_m": 0.55901700258255,
          "segment_fraction_end": 0.8452775932115907,
          "segment_fraction_start": 0.6905551864231815,
          "segment_index": 5,
          "static_traversability": "FEASIBLE"
        },
        "startid": 223
      },
      "type": "Feature"
    },
    {
      "geometry": {
        "coordinates": [
          [
            [
              8.65939320225002,
              0.6859999999999999
            ],
            [
              8.433,
              0.7859999999999996
            ]
          ]
        ],
        "type": "MultiLineString"
      },
      "properties": {
        "endid": 66,
        "id": 689,
        "metadata": {
          "bottleneck": false,
          "canonical_edge_id": 127,
          "length_m": 0.25,
          "min_clearance_m": 0.55901700258255,
          "segment_fraction_end": 1.0,
          "segment_fraction_start": 0.8452775932115907,
          "segment_index": 6,
          "static_traversability": "FEASIBLE"
        },
        "startid": 222
      },
      "type": "Feature"
    },
    {
      "geometry": {
        "coordinates": [
          [
            [
              9.833000000000002,
              0.9859999999999998
            ],
            [
              9.814293606810091,
              1.135651145519286
            ]
          ]
        ],
        "type": "MultiLineString"
      },
      "properties": {
        "endid": 236,
        "id": 690,
        "metadata": {
          "bottleneck": true,
          "canonical_edge_id": 128,
          "length_m": 0.15081576343807734,
          "min_clearance_m": 0.29154759645462036,
          "segment_fraction_end": 0.16742131916349898,
          "segment_fraction_start": 0.0,
          "segment_index": 0,
          "static_traversability": "UNKNOWN"
        },
        "startid": 73
      },
      "type": "Feature"
    },
    {
      "geometry": {
        "coordinates": [
          [
            [
              9.814293606810091,
              1.135651145519286
            ],
            [
              9.783284923162789,
              1.3837206146977028
            ]
          ]
        ],
        "type": "MultiLineString"
      },
      "properties": {
        "endid": 235,
        "id": 691,
        "metadata": {
          "bottleneck": true,
          "canonical_edge_id": 128,
          "length_m": 0.25,
          "min_clearance_m": 0.29154759645462036,
          "segment_fraction_end": 0.44494754610899934,
          "segment_fraction_start": 0.16742131916349898,
          "segment_index": 1,
          "static_traversability": "UNKNOWN"
        },
        "startid": 236
      },
      "type": "Feature"
    },
    {
      "geometry": {
        "coordinates": [
          [
            [
              9.783284923162789,
              1.3837206146977028
            ],
            [
              9.655557921678898,
              1.5984034638685014
            ]
          ]
        ],
        "type": "MultiLineString"
      },
      "properties": {
        "endid": 234,
        "id": 692,
        "metadata": {
          "bottleneck": true,
          "canonical_edge_id": 128,
          "length_m": 0.25,
          "min_clearance_m": 0.29154759645462036,
          "segment_fraction_end": 0.7224737730544997,
          "segment_fraction_start": 0.44494754610899934,
          "segment_index": 2,
          "static_traversability": "UNKNOWN"
        },
        "startid": 235
      },
      "type": "Feature"
    },
    {
      "geometry": {
        "coordinates": [
          [
            [
              9.655557921678898,
              1.5984034638685014
            ],
            [
              9.683,
              1.8360000000000003
            ]
          ]
        ],
        "type": "MultiLineString"
      },
      "properties": {
        "endid": 71,
        "id": 693,
        "metadata": {
          "bottleneck": true,
          "canonical_edge_id": 128,
          "length_m": 0.25,
          "min_clearance_m": 0.29154759645462036,
          "segment_fraction_end": 1.0,
          "segment_fraction_start": 0.7224737730544997,
          "segment_index": 3,
          "static_traversability": "UNKNOWN"
        },
        "startid": 234
      },
      "type": "Feature"
    },
    {
      "geometry": {
        "coordinates": [
          [
            [
              9.833000000000002,
              0.9859999999999998
            ],
            [
              10.065119172721317,
              1.078847669088526
            ]
          ]
        ],
        "type": "MultiLineString"
      },
      "properties": {
        "endid": 237,
        "id": 694,
        "metadata": {
          "bottleneck": true,
          "canonical_edge_id": 129,
          "length_m": 0.25,
          "min_clearance_m": 0.30000001192092896,
          "segment_fraction_end": 0.22485120920426915,
          "segment_fraction_start": 0.0,
          "segment_index": 0,
          "static_traversability": "UNKNOWN"
        },
        "startid": 73
      },
      "type": "Feature"
    },
    {
      "geometry": {
        "coordinates": [
          [
            [
              10.065119172721317,
              1.078847669088526
            ],
            [
              10.221445055785967,
              1.2705934077146204
            ]
          ]
        ],
        "type": "MultiLineString"
      },
      "properties": {
        "endid": 238,
        "id": 695,
        "metadata": {
          "bottleneck": true,
          "canonical_edge_id": 129,
          "length_m": 0.25,
          "min_clearance_m": 0.30000001192092896,
          "segment_fraction_end": 0.4497024184085383,
          "segment_fraction_start": 0.22485120920426915,
          "segment_index": 1,
          "static_traversability": "UNKNOWN"
        },
        "startid": 237
      },
      "type": "Feature"
    },
    {
      "geometry": {
        "coordinates": [
          [
            [
              10.221445055785967,
              1.2705934077146204
            ],
            [
              10.288963096897067,
              1.5098523875882606
            ]
          ]
        ],
        "type": "MultiLineString"
      },
      "properties": {
        "endid": 239,
        "id": 696,
        "metadata": {
          "bottleneck": true,
          "canonical_edge_id": 129,
          "length_m": 0.25,
          "min_clearance_m": 0.30000001192092896,
          "segment_fraction_end": 0.6745536276128075,
          "segment_fraction_start": 0.4497024184085383,
          "segment_index": 2,
          "static_traversability": "UNKNOWN"
        },
        "startid": 238
      },
      "type": "Feature"
    },
    {
      "geometry": {
        "coordinates": [
          [
            [
              10.288963096897067,
              1.5098523875882606
            ],
            [
              10.295041201550962,
              1.7429381976735605
            ]
          ]
        ],
        "type": "MultiLineString"
      },
      "properties": {
        "endid": 240,
        "id": 697,
        "metadata": {
          "bottleneck": true,
          "canonical_edge_id": 129,
          "length_m": 0.25,
          "min_clearance_m": 0.30000001192092896,
          "segment_fraction_end": 0.8994048368170766,
          "segment_fraction_start": 0.6745536276128075,
          "segment_index": 3,
          "static_traversability": "UNKNOWN"
        },
        "startid": 239
      },
      "type": "Feature"
    },
    {
      "geometry": {
        "coordinates": [
          [
            [
              10.295041201550962,
              1.7429381976735605
            ],
            [
              10.233,
              1.8360000000000003
            ]
          ]
        ],
        "type": "MultiLineString"
      },
      "properties": {
        "endid": 74,
        "id": 698,
        "metadata": {
          "bottleneck": true,
          "canonical_edge_id": 129,
          "length_m": 0.11184636669169135,
          "min_clearance_m": 0.30000001192092896,
          "segment_fraction_end": 1.0000000000000002,
          "segment_fraction_start": 0.8994048368170766,
          "segment_index": 4,
          "static_traversability": "UNKNOWN"
        },
        "startid": 240
      },
      "type": "Feature"
    },
    {
      "geometry": {
        "coordinates": [
          [
            [
              10.233,
              1.8360000000000003
            ],
            [
              10.295041201550962,
              1.7429381976735605
            ]
          ]
        ],
        "type": "MultiLineString"
      },
      "properties": {
        "endid": 240,
        "id": 699,
        "metadata": {
          "bottleneck": true,
          "canonical_edge_id": 130,
          "length_m": 0.11184636669169135,
          "min_clearance_m": 0.30000001192092896,
          "segment_fraction_end": 0.10059516318292357,
          "segment_fraction_start": 0.0,
          "segment_index": 0,
          "static_traversability": "UNKNOWN"
        },
        "startid": 74
      },
      "type": "Feature"
    },
    {
      "geometry": {
        "coordinates": [
          [
            [
              10.295041201550962,
              1.7429381976735605
            ],
            [
              10.288963096897067,
              1.5098523875882606
            ]
          ]
        ],
        "type": "MultiLineString"
      },
      "properties": {
        "endid": 239,
        "id": 700,
        "metadata": {
          "bottleneck": true,
          "canonical_edge_id": 130,
          "length_m": 0.25,
          "min_clearance_m": 0.30000001192092896,
          "segment_fraction_end": 0.3254463723871927,
          "segment_fraction_start": 0.10059516318292357,
          "segment_index": 1,
          "static_traversability": "UNKNOWN"
        },
        "startid": 240
      },
      "type": "Feature"
    },
    {
      "geometry": {
        "coordinates": [
          [
            [
              10.288963096897067,
              1.5098523875882606
            ],
            [
              10.221445055785967,
              1.2705934077146204
            ]
          ]
        ],
        "type": "MultiLineString"
      },
      "properties": {
        "endid": 238,
        "id": 701,
        "metadata": {
          "bottleneck": true,
          "canonical_edge_id": 130,
          "length_m": 0.25,
          "min_clearance_m": 0.30000001192092896,
          "segment_fraction_end": 0.5502975815914619,
          "segment_fraction_start": 0.3254463723871927,
          "segment_index": 2,
          "static_traversability": "UNKNOWN"
        },
        "startid": 239
      },
      "type": "Feature"
    },
    {
      "geometry": {
        "coordinates": [
          [
            [
              10.221445055785967,
              1.2705934077146204
            ],
            [
              10.065119172721317,
              1.078847669088526
            ]
          ]
        ],
        "type": "MultiLineString"
      },
      "properties": {
        "endid": 237,
        "id": 702,
        "metadata": {
          "bottleneck": true,
          "canonical_edge_id": 130,
          "length_m": 0.25,
          "min_clearance_m": 0.30000001192092896,
          "segment_fraction_end": 0.7751487907957311,
          "segment_fraction_start": 0.5502975815914619,
          "segment_index": 3,
          "static_traversability": "UNKNOWN"
        },
        "startid": 238
      },
      "type": "Feature"
    },
    {
      "geometry": {
        "coordinates": [
          [
            [
              10.065119172721317,
              1.078847669088526
            ],
            [
              9.833000000000002,
              0.9859999999999998
            ]
          ]
        ],
        "type": "MultiLineString"
      },
      "properties": {
        "endid": 73,
        "id": 703,
        "metadata": {
          "bottleneck": true,
          "canonical_edge_id": 130,
          "length_m": 0.25,
          "min_clearance_m": 0.30000001192092896,
          "segment_fraction_end": 1.0000000000000002,
          "segment_fraction_start": 0.7751487907957311,
          "segment_index": 4,
          "static_traversability": "UNKNOWN"
        },
        "startid": 237
      },
      "type": "Feature"
    },
    {
      "geometry": {
        "coordinates": [
          [
            [
              10.233,
              1.8360000000000003
            ],
            [
              10.32606235829623,
              2.0553764170377105
            ]
          ]
        ],
        "type": "MultiLineString"
      },
      "properties": {
        "endid": 241,
        "id": 704,
        "metadata": {
          "bottleneck": true,
          "canonical_edge_id": 131,
          "length_m": 0.25,
          "min_clearance_m": 0.22360680997371674,
          "segment_fraction_end": 0.26773486832716314,
          "segment_fraction_start": 0.0,
          "segment_index": 0,
          "static_traversability": "UNKNOWN"
        },
        "startid": 74
      },
      "type": "Feature"
    },
    {
      "geometry": {
        "coordinates": [
          [
            [
              10.32606235829623,
              2.0553764170377105
            ],
            [
              10.30118642854098,
              2.3041357145902075
            ]
          ]
        ],
        "type": "MultiLineString"
      },
      "properties": {
        "endid": 242,
        "id": 705,
        "metadata": {
          "bottleneck": true,
          "canonical_edge_id": 131,
          "length_m": 0.25,
          "min_clearance_m": 0.22360680997371674,
          "segment_fraction_end": 0.5354697366543263,
          "segment_fraction_start": 0.26773486832716314,
          "segment_index": 1,
          "static_traversability": "UNKNOWN"
        },
        "startid": 241
      },
      "type": "Feature"
    },
    {
      "geometry": {
        "coordinates": [
          [
            [
              10.30118642854098,
              2.3041357145902075
            ],
            [
              10.330537837961295,
              2.5335378379612927
            ]
          ]
        ],
        "type": "MultiLineString"
      },
      "properties": {
        "endid": 243,
        "id": 706,
        "metadata": {
          "bottleneck": true,
          "canonical_edge_id": 131,
          "length_m": 0.25,
          "min_clearance_m": 0.22360680997371674,
          "segment_fraction_end": 0.8032046049814894,
          "segment_fraction_start": 0.5354697366543263,
          "segment_index": 2,
          "static_traversability": "UNKNOWN"
        },
        "startid": 242
      },
      "type": "Feature"
    },
    {
      "geometry": {
        "coordinates": [
          [
            [
              10.330537837961295,
              2.5335378379612927
            ],
            [
              10.233,
              2.686
            ]
          ]
        ],
        "type": "MultiLineString"
      },
      "properties": {
        "endid": 75,
        "id": 707,
        "metadata": {
          "bottleneck": true,
          "canonical_edge_id": 131,
          "length_m": 0.18375958672110015,
          "min_clearance_m": 0.22360680997371674,
          "segment_fraction_end": 1.0,
          "segment_fraction_start": 0.8032046049814894,
          "segment_index": 3,
          "static_traversability": "UNKNOWN"
        },
        "startid": 243
      },
      "type": "Feature"
    },
    {
      "geometry": {
        "coordinates": [
          [
            [
              10.233,
              2.686
            ],
            [
              10.330537837961295,
              2.5335378379612927
            ]
          ]
        ],
        "type": "MultiLineString"
      },
      "properties": {
        "endid": 243,
        "id": 708,
        "metadata": {
          "bottleneck": true,
          "canonical_edge_id": 132,
          "length_m": 0.18375958672110015,
          "min_clearance_m": 0.22360680997371674,
          "segment_fraction_end": 0.19679539501851065,
          "segment_fraction_start": 0.0,
          "segment_index": 0,
          "static_traversability": "UNKNOWN"
        },
        "startid": 75
      },
      "type": "Feature"
    },
    {
      "geometry": {
        "coordinates": [
          [
            [
              10.330537837961295,
              2.5335378379612927
            ],
            [
              10.30118642854098,
              2.3041357145902075
            ]
          ]
        ],
        "type": "MultiLineString"
      },
      "properties": {
        "endid": 242,
        "id": 709,
        "metadata": {
          "bottleneck": true,
          "canonical_edge_id": 132,
          "length_m": 0.25,
          "min_clearance_m": 0.22360680997371674,
          "segment_fraction_end": 0.46453026334567377,
          "segment_fraction_start": 0.19679539501851065,
          "segment_index": 1,
          "static_traversability": "UNKNOWN"
        },
        "startid": 243
      },
      "type": "Feature"
    },
    {
      "geometry": {
        "coordinates": [
          [
            [
              10.30118642854098,
              2.3041357145902075
            ],
            [
              10.32606235829623,
              2.0553764170377105
            ]
          ]
        ],
        "type": "MultiLineString"
      },
      "properties": {
        "endid": 241,
        "id": 710,
        "metadata": {
          "bottleneck": true,
          "canonical_edge_id": 132,
          "length_m": 0.25,
          "min_clearance_m": 0.22360680997371674,
          "segment_fraction_end": 0.7322651316728369,
          "segment_fraction_start": 0.46453026334567377,
          "segment_index": 2,
          "static_traversability": "UNKNOWN"
        },
        "startid": 242
      },
      "type": "Feature"
    },
    {
      "geometry": {
        "coordinates": [
          [
            [
              10.32606235829623,
              2.0553764170377105
            ],
            [
              10.233,
              1.8360000000000003
            ]
          ]
        ],
        "type": "MultiLineString"
      },
      "properties": {
        "endid": 74,
        "id": 711,
        "metadata": {
          "bottleneck": true,
          "canonical_edge_id": 132,
          "length_m": 0.25,
          "min_clearance_m": 0.22360680997371674,
          "segment_fraction_end": 1.0,
          "segment_fraction_start": 0.7322651316728369,
          "segment_index": 3,
          "static_traversability": "UNKNOWN"
        },
        "startid": 241
      },
      "type": "Feature"
    }
  ],
  "name": "kujiale_realistic_v8:gvg_v1",
  "type": "FeatureCollection"
}
