{
  "crs": {
    "properties": {
      "name": "urn:ogc:def:crs:EPSG::3857"
    },
    "type": "name"
  },
  "features": [
    {
      "geometry": {
        "coordinates": [
          -4.315,
          1.005
        ],
        "type": "Point"
      },
      "properties": {
        "frame": "map",
        "id": 0
      },
      "type": "Feature"
    },
    {
      "geometry": {
        "coordinates": [
          -4.315,
          3.855
        ],
        "type": "Point"
      },
      "properties": {
        "frame": "map",
        "id": 1
      },
      "type": "Feature"
    },
    {
      "geometry": {
        "coordinates": [
          -4.165,
          -0.595
        ],
        "type": "Point"
      },
      "properties": {
        "frame": "map",
        "id": 2
      },
      "type": "Feature"
    },
    {
      "geometry": {
        "coordinates": [
          -3.565,
          -2.745
        ],
        "type": "Point"
      },
      "properties": {
        "frame": "map",
        "id": 3
      },
      "type": "Feature"
    },
    {
      "geometry": {
        "coordinates": [
          -3.065,
          -3.695
        ],
        "type": "Point"
      },
      "properties": {
        "frame": "map",
        "id": 4
      },
      "type": "Feature"
    },
    {
      "geometry": {
        "coordinates": [
          -2.315,
          -2.695
        ],
        "type": "Point"
      },
      "properties": {
        "frame": "map",
        "id": 5
      },
      "type": "Feature"
    },
    {
      "geometry": {
        "coordinates": [
          -2.265,
          1.355
        ],
        "type": "Point"
      },
      "properties": {
        "frame": "map",
        "id": 6
      },
      "type": "Feature"
    },
    {
      "geometry": {
        "coordinates": [
          -1.915,
          -0.395
        ],
        "type": "Point"
      },
      "properties": {
        "frame": "map",
        "id": 7
      },
      "type": "Feature"
    },
    {
      "geometry": {
        "coordinates": [
          -1.615,
          -0.745
        ],
        "type": "Point"
      },
      "properties": {
        "frame": "map",
        "id": 8
      },
      "type": "Feature"
    },
    {
      "geometry": {
        "coordinates": [
          -0.615,
          -0.745
        ],
        "type": "Point"
      },
      "properties": {
        "frame": "map",
        "id": 9
      },
      "type": "Feature"
    },
    {
      "geometry": {
        "coordinates": [
          -0.615,
          3.505
        ],
        "type": "Point"
      },
      "properties": {
        "frame": "map",
        "id": 10
      },
      "type": "Feature"
    },
    {
      "geometry": {
        "coordinates": [
          -0.615,
          5.105
        ],
        "type": "Point"
      },
      "properties": {
        "frame": "map",
        "id": 11
      },
      "type": "Feature"
    },
    {
      "geometry": {
        "coordinates": [
          -0.315,
          2.905
        ],
        "type": "Point"
      },
      "properties": {
        "frame": "map",
        "id": 12
      },
      "type": "Feature"
    },
    {
      "geometry": {
        "coordinates": [
          -0.015,
          -5.495
        ],
        "type": "Point"
      },
      "properties": {
        "frame": "map",
        "id": 13
      },
      "type": "Feature"
    },
    {
      "geometry": {
        "coordinates": [
          0.035,
          -0.095
        ],
        "type": "Point"
      },
      "properties": {
        "frame": "map",
        "id": 14
      },
      "type": "Feature"
    },
    {
      "geometry": {
        "coordinates": [
          0.085,
          -4.595
        ],
        "type": "Point"
      },
      "properties": {
        "frame": "map",
        "id": 15
      },
      "type": "Feature"
    },
    {
      "geometry": {
        "coordinates": [
          0.185,
          4.755
        ],
        "type": "Point"
      },
      "properties": {
        "frame": "map",
        "id": 16
      },
      "type": "Feature"
    },
    {
      "geometry": {
        "coordinates": [
          0.385,
          -5.345
        ],
        "type": "Point"
      },
      "properties": {
        "frame": "map",
        "id": 17
      },
      "type": "Feature"
    },
    {
      "geometry": {
        "coordinates": [
          0.385,
          -4.645
        ],
        "type": "Point"
      },
      "properties": {
        "frame": "map",
        "id": 18
      },
      "type": "Feature"
    },
    {
      "geometry": {
        "coordinates": [
          0.485,
          -5.395
        ],
        "type": "Point"
      },
      "properties": {
        "frame": "map",
        "id": 19
      },
      "type": "Feature"
    },
    {
      "geometry": {
        "coordinates": [
          0.585,
          0.055
        ],
        "type": "Point"
      },
      "properties": {
        "frame": "map",
        "id": 20
      },
      "type": "Feature"
    },
    {
      "geometry": {
        "coordinates": [
          0.785,
          4.705
        ],
        "type": "Point"
      },
      "properties": {
        "frame": "map",
        "id": 21
      },
      "type": "Feature"
    },
    {
      "geometry": {
        "coordinates": [
          2.035,
          4.905
        ],
        "type": "Point"
      },
      "properties": {
        "frame": "map",
        "id": 22
      },
      "type": "Feature"
    },
    {
      "geometry": {
        "coordinates": [
          2.185,
          -0.995
        ],
        "type": "Point"
      },
      "properties": {
        "frame": "map",
        "id": 23
      },
      "type": "Feature"
    },
    {
      "geometry": {
        "coordinates": [
          -4.127171,
          1.153281
        ],
        "type": "Point"
      },
      "properties": {
        "frame": "map",
        "id": 24
      },
      "type": "Feature"
    },
    {
      "geometry": {
        "coordinates": [
          -3.877429,
          1.141929
        ],
        "type": "Point"
      },
      "properties": {
        "frame": "map",
        "id": 25
      },
      "type": "Feature"
    },
    {
      "geometry": {
        "coordinates": [
          -3.627687,
          1.130577
        ],
        "type": "Point"
      },
      "properties": {
        "frame": "map",
        "id": 26
      },
      "type": "Feature"
    },
    {
      "geometry": {
        "coordinates": [
          -3.377945,
          1.119225
        ],
        "type": "Point"
      },
      "properties": {
        "frame": "map",
        "id": 27
      },
      "type": "Feature"
    },
    {
      "geometry": {
        "coordinates": [
          -3.128203,
          1.107873
        ],
        "type": "Point"
      },
      "properties": {
        "frame": "map",
        "id": 28
      },
      "type": "Feature"
    },
    {
      "geometry": {
        "coordinates": [
          -2.892632,
          1.17682
        ],
        "type": "Point"
      },
      "properties": {
        "frame": "map",
        "id": 29
      },
      "type": "Feature"
    },
    {
      "geometry": {
        "coordinates": [
          -2.661863,
          1.272974
        ],
        "type": "Point"
      },
      "properties": {
        "frame": "map",
        "id": 30
      },
      "type": "Feature"
    },
    {
      "geometry": {
        "coordinates": [
          -2.428268,
          1.355
        ],
        "type": "Point"
      },
      "properties": {
        "frame": "map",
        "id": 31
      },
      "type": "Feature"
    },
    {
      "geometry": {
        "coordinates": [
          -3.988223,
          -0.418223
        ],
        "type": "Point"
      },
      "properties": {
        "frame": "map",
        "id": 32
      },
      "type": "Feature"
    },
    {
      "geometry": {
        "coordinates": [
          -3.747843,
          -0.395
        ],
        "type": "Point"
      },
      "properties": {
        "frame": "map",
        "id": 33
      },
      "type": "Feature"
    },
    {
      "geometry": {
        "coordinates": [
          -3.52812,
          -0.495
        ],
        "type": "Point"
      },
      "properties": {
        "frame": "map",
        "id": 34
      },
      "type": "Feature"
    },
    {
      "geometry": {
        "coordinates": [
          -3.27812,
          -0.495
        ],
        "type": "Point"
      },
      "properties": {
        "frame": "map",
        "id": 35
      },
      "type": "Feature"
    },
    {
      "geometry": {
        "coordinates": [
          -3.02812,
          -0.495
        ],
        "type": "Point"
      },
      "properties": {
        "frame": "map",
        "id": 36
      },
      "type": "Feature"
    },
    {
      "geometry": {
        "coordinates": [
          -2.811877,
          -0.373126
        ],
        "type": "Point"
      },
      "properties": {
        "frame": "map",
        "id": 37
      },
      "type": "Feature"
    },
    {
      "geometry": {
        "coordinates": [
          -2.570005,
          -0.35647
        ],
        "type": "Point"
      },
      "properties": {
        "frame": "map",
        "id": 38
      },
      "type": "Feature"
    },
    {
      "geometry": {
        "coordinates": [
          -2.320436,
          -0.371151
        ],
        "type": "Point"
      },
      "properties": {
        "frame": "map",
        "id": 39
      },
      "type": "Feature"
    },
    {
      "geometry": {
        "coordinates": [
          -2.070868,
          -0.385831
        ],
        "type": "Point"
      },
      "properties": {
        "frame": "map",
        "id": 40
      },
      "type": "Feature"
    },
    {
      "geometry": {
        "coordinates": [
          -3.408826,
          -2.549783
        ],
        "type": "Point"
      },
      "properties": {
        "frame": "map",
        "id": 41
      },
      "type": "Feature"
    },
    {
      "geometry": {
        "coordinates": [
          -3.185156,
          -2.495
        ],
        "type": "Point"
      },
      "properties": {
        "frame": "map",
        "id": 42
      },
      "type": "Feature"
    },
    {
      "geometry": {
        "coordinates": [
          -2.939088,
          -2.509807
        ],
        "type": "Point"
      },
      "properties": {
        "frame": "map",
        "id": 43
      },
      "type": "Feature"
    },
    {
      "geometry": {
        "coordinates": [
          -2.722028,
          -2.633841
        ],
        "type": "Point"
      },
      "properties": {
        "frame": "map",
        "id": 44
      },
      "type": "Feature"
    },
    {
      "geometry": {
        "coordinates": [
          -2.488269,
          -2.695
        ],
        "type": "Point"
      },
      "properties": {
        "frame": "map",
        "id": 45
      },
      "type": "Feature"
    },
    {
      "geometry": {
        "coordinates": [
          -2.841393,
          -3.583197
        ],
        "type": "Point"
      },
      "properties": {
        "frame": "map",
        "id": 46
      },
      "type": "Feature"
    },
    {
      "geometry": {
        "coordinates": [
          -2.617786,
          -3.471393
        ],
        "type": "Point"
      },
      "properties": {
        "frame": "map",
        "id": 47
      },
      "type": "Feature"
    },
    {
      "geometry": {
        "coordinates": [
          -2.404173,
          -3.34431
        ],
        "type": "Point"
      },
      "properties": {
        "frame": "map",
        "id": 48
      },
      "type": "Feature"
    },
    {
      "geometry": {
        "coordinates": [
          -2.212117,
          -3.184264
        ],
        "type": "Point"
      },
      "properties": {
        "frame": "map",
        "id": 49
      },
      "type": "Feature"
    },
    {
      "geometry": {
        "coordinates": [
          -2.191682,
          -2.958229
        ],
        "type": "Point"
      },
      "properties": {
        "frame": "map",
        "id": 50
      },
      "type": "Feature"
    },
    {
      "geometry": {
        "coordinates": [
          -2.275184,
          -2.734816
        ],
        "type": "Point"
      },
      "properties": {
        "frame": "map",
        "id": 51
      },
      "type": "Feature"
    },
    {
      "geometry": {
        "coordinates": [
          -2.183976,
          -2.482085
        ],
        "type": "Point"
      },
      "properties": {
        "frame": "map",
        "id": 52
      },
      "type": "Feature"
    },
    {
      "geometry": {
        "coordinates": [
          -2.052951,
          -2.269171
        ],
        "type": "Point"
      },
      "properties": {
        "frame": "map",
        "id": 53
      },
      "type": "Feature"
    },
    {
      "geometry": {
        "coordinates": [
          -1.921927,
          -2.056256
        ],
        "type": "Point"
      },
      "properties": {
        "frame": "map",
        "id": 54
      },
      "type": "Feature"
    },
    {
      "geometry": {
        "coordinates": [
          -1.915,
          -1.808217
        ],
        "type": "Point"
      },
      "properties": {
        "frame": "map",
        "id": 55
      },
      "type": "Feature"
    },
    {
      "geometry": {
        "coordinates": [
          -1.915,
          -1.558217
        ],
        "type": "Point"
      },
      "properties": {
        "frame": "map",
        "id": 56
      },
      "type": "Feature"
    },
    {
      "geometry": {
        "coordinates": [
          -1.915,
          -1.308217
        ],
        "type": "Point"
      },
      "properties": {
        "frame": "map",
        "id": 57
      },
      "type": "Feature"
    },
    {
      "geometry": {
        "coordinates": [
          -1.801616,
          -1.087129
        ],
        "type": "Point"
      },
      "properties": {
        "frame": "map",
        "id": 58
      },
      "type": "Feature"
    },
    {
      "geometry": {
        "coordinates": [
          -1.681903,
          -0.867655
        ],
        "type": "Point"
      },
      "properties": {
        "frame": "map",
        "id": 59
      },
      "type": "Feature"
    },
    {
      "geometry": {
        "coordinates": [
          -2.143589,
          1.136461
        ],
        "type": "Point"
      },
      "properties": {
        "frame": "map",
        "id": 60
      },
      "type": "Feature"
    },
    {
      "geometry": {
        "coordinates": [
          -2.022179,
          0.917921
        ],
        "type": "Point"
      },
      "properties": {
        "frame": "map",
        "id": 61
      },
      "type": "Feature"
    },
    {
      "geometry": {
        "coordinates": [
          -2.015,
          0.669782
        ],
        "type": "Point"
      },
      "properties": {
        "frame": "map",
        "id": 62
      },
      "type": "Feature"
    },
    {
      "geometry": {
        "coordinates": [
          -1.915,
          0.450059
        ],
        "type": "Point"
      },
      "properties": {
        "frame": "map",
        "id": 63
      },
      "type": "Feature"
    },
    {
      "geometry": {
        "coordinates": [
          -1.915,
          0.200059
        ],
        "type": "Point"
      },
      "properties": {
        "frame": "map",
        "id": 64
      },
      "type": "Feature"
    },
    {
      "geometry": {
        "coordinates": [
          -1.915,
          -0.049941
        ],
        "type": "Point"
      },
      "properties": {
        "frame": "map",
        "id": 65
      },
      "type": "Feature"
    },
    {
      "geometry": {
        "coordinates": [
          -1.915,
          -0.299941
        ],
        "type": "Point"
      },
      "properties": {
        "frame": "map",
        "id": 66
      },
      "type": "Feature"
    },
    {
      "geometry": {
        "coordinates": [
          -1.752302,
          -0.584814
        ],
        "type": "Point"
      },
      "properties": {
        "frame": "map",
        "id": 67
      },
      "type": "Feature"
    },
    {
      "geometry": {
        "coordinates": [
          -1.365,
          -0.745
        ],
        "type": "Point"
      },
      "properties": {
        "frame": "map",
        "id": 68
      },
      "type": "Feature"
    },
    {
      "geometry": {
        "coordinates": [
          -1.115,
          -0.745
        ],
        "type": "Point"
      },
      "properties": {
        "frame": "map",
        "id": 69
      },
      "type": "Feature"
    },
    {
      "geometry": {
        "coordinates": [
          -0.865,
          -0.745
        ],
        "type": "Point"
      },
      "properties": {
        "frame": "map",
        "id": 70
      },
      "type": "Feature"
    },
    {
      "geometry": {
        "coordinates": [
          -0.438223,
          -0.568223
        ],
        "type": "Point"
      },
      "properties": {
        "frame": "map",
        "id": 71
      },
      "type": "Feature"
    },
    {
      "geometry": {
        "coordinates": [
          -0.261447,
          -0.391447
        ],
        "type": "Point"
      },
      "properties": {
        "frame": "map",
        "id": 72
      },
      "type": "Feature"
    },
    {
      "geometry": {
        "coordinates": [
          -0.08467,
          -0.21467
        ],
        "type": "Point"
      },
      "properties": {
        "frame": "map",
        "id": 73
      },
      "type": "Feature"
    },
    {
      "geometry": {
        "coordinates": [
          -0.604592,
          -0.994783
        ],
        "type": "Point"
      },
      "properties": {
        "frame": "map",
        "id": 74
      },
      "type": "Feature"
    },
    {
      "geometry": {
        "coordinates": [
          -0.594185,
          -1.244567
        ],
        "type": "Point"
      },
      "properties": {
        "frame": "map",
        "id": 75
      },
      "type": "Feature"
    },
    {
      "geometry": {
        "coordinates": [
          -0.583777,
          -1.49435
        ],
        "type": "Point"
      },
      "properties": {
        "frame": "map",
        "id": 76
      },
      "type": "Feature"
    },
    {
      "geometry": {
        "coordinates": [
          -0.573369,
          -1.744133
        ],
        "type": "Point"
      },
      "properties": {
        "frame": "map",
        "id": 77
      },
      "type": "Feature"
    },
    {
      "geometry": {
        "coordinates": [
          -0.519543,
          -1.963183
        ],
        "type": "Point"
      },
      "properties": {
        "frame": "map",
        "id": 78
      },
      "type": "Feature"
    },
    {
      "geometry": {
        "coordinates": [
          -0.287424,
          -2.056031
        ],
        "type": "Point"
      },
      "properties": {
        "frame": "map",
        "id": 79
      },
      "type": "Feature"
    },
    {
      "geometry": {
        "coordinates": [
          -0.055305,
          -2.148878
        ],
        "type": "Point"
      },
      "properties": {
        "frame": "map",
        "id": 80
      },
      "type": "Feature"
    },
    {
      "geometry": {
        "coordinates": [
          0.176815,
          -2.241726
        ],
        "type": "Point"
      },
      "properties": {
        "frame": "map",
        "id": 81
      },
      "type": "Feature"
    },
    {
      "geometry": {
        "coordinates": [
          0.408934,
          -2.334574
        ],
        "type": "Point"
      },
      "properties": {
        "frame": "map",
        "id": 82
      },
      "type": "Feature"
    },
    {
      "geometry": {
        "coordinates": [
          0.568155,
          -2.522541
        ],
        "type": "Point"
      },
      "properties": {
        "frame": "map",
        "id": 83
      },
      "type": "Feature"
    },
    {
      "geometry": {
        "coordinates": [
          0.591162,
          -2.76684
        ],
        "type": "Point"
      },
      "properties": {
        "frame": "map",
        "id": 84
      },
      "type": "Feature"
    },
    {
      "geometry": {
        "coordinates": [
          0.598104,
          -3.016744
        ],
        "type": "Point"
      },
      "properties": {
        "frame": "map",
        "id": 85
      },
      "type": "Feature"
    },
    {
      "geometry": {
        "coordinates": [
          0.605046,
          -3.266647
        ],
        "type": "Point"
      },
      "properties": {
        "frame": "map",
        "id": 86
      },
      "type": "Feature"
    },
    {
      "geometry": {
        "coordinates": [
          0.611988,
          -3.516551
        ],
        "type": "Point"
      },
      "properties": {
        "frame": "map",
        "id": 87
      },
      "type": "Feature"
    },
    {
      "geometry": {
        "coordinates": [
          0.618929,
          -3.766455
        ],
        "type": "Point"
      },
      "properties": {
        "frame": "map",
        "id": 88
      },
      "type": "Feature"
    },
    {
      "geometry": {
        "coordinates": [
          0.625871,
          -4.016358
        ],
        "type": "Point"
      },
      "properties": {
        "frame": "map",
        "id": 89
      },
      "type": "Feature"
    },
    {
      "geometry": {
        "coordinates": [
          0.632813,
          -4.266262
        ],
        "type": "Point"
      },
      "properties": {
        "frame": "map",
        "id": 90
      },
      "type": "Feature"
    },
    {
      "geometry": {
        "coordinates": [
          0.52538,
          -4.476544
        ],
        "type": "Point"
      },
      "properties": {
        "frame": "map",
        "id": 91
      },
      "type": "Feature"
    },
    {
      "geometry": {
        "coordinates": [
          -0.503197,
          3.281393
        ],
        "type": "Point"
      },
      "properties": {
        "frame": "map",
        "id": 92
      },
      "type": "Feature"
    },
    {
      "geometry": {
        "coordinates": [
          -0.391393,
          3.057786
        ],
        "type": "Point"
      },
      "properties": {
        "frame": "map",
        "id": 93
      },
      "type": "Feature"
    },
    {
      "geometry": {
        "coordinates": [
          -0.444887,
          3.688198
        ],
        "type": "Point"
      },
      "properties": {
        "frame": "map",
        "id": 94
      },
      "type": "Feature"
    },
    {
      "geometry": {
        "coordinates": [
          -0.274774,
          3.871397
        ],
        "type": "Point"
      },
      "properties": {
        "frame": "map",
        "id": 95
      },
      "type": "Feature"
    },
    {
      "geometry": {
        "coordinates": [
          -0.104662,
          4.054595
        ],
        "type": "Point"
      },
      "properties": {
        "frame": "map",
        "id": 96
      },
      "type": "Feature"
    },
    {
      "geometry": {
        "coordinates": [
          0.035,
          4.249751
        ],
        "type": "Point"
      },
      "properties": {
        "frame": "map",
        "id": 97
      },
      "type": "Feature"
    },
    {
      "geometry": {
        "coordinates": [
          0.055013,
          4.495027
        ],
        "type": "Point"
      },
      "properties": {
        "frame": "map",
        "id": 98
      },
      "type": "Feature"
    },
    {
      "geometry": {
        "coordinates": [
          0.166817,
          4.718634
        ],
        "type": "Point"
      },
      "properties": {
        "frame": "map",
        "id": 99
      },
      "type": "Feature"
    },
    {
      "geometry": {
        "coordinates": [
          -0.385961,
          5.004795
        ],
        "type": "Point"
      },
      "properties": {
        "frame": "map",
        "id": 100
      },
      "type": "Feature"
    },
    {
      "geometry": {
        "coordinates": [
          -0.156921,
          4.904591
        ],
        "type": "Point"
      },
      "properties": {
        "frame": "map",
        "id": 101
      },
      "type": "Feature"
    },
    {
      "geometry": {
        "coordinates": [
          0.072118,
          4.804386
        ],
        "type": "Point"
      },
      "properties": {
        "frame": "map",
        "id": 102
      },
      "type": "Feature"
    },
    {
      "geometry": {
        "coordinates": [
          -0.413451,
          2.685295
        ],
        "type": "Point"
      },
      "properties": {
        "frame": "map",
        "id": 103
      },
      "type": "Feature"
    },
    {
      "geometry": {
        "coordinates": [
          -0.407897,
          2.435356
        ],
        "type": "Point"
      },
      "properties": {
        "frame": "map",
        "id": 104
      },
      "type": "Feature"
    },
    {
      "geometry": {
        "coordinates": [
          -0.402343,
          2.185418
        ],
        "type": "Point"
      },
      "properties": {
        "frame": "map",
        "id": 105
      },
      "type": "Feature"
    },
    {
      "geometry": {
        "coordinates": [
          -0.396788,
          1.93548
        ],
        "type": "Point"
      },
      "properties": {
        "frame": "map",
        "id": 106
      },
      "type": "Feature"
    },
    {
      "geometry": {
        "coordinates": [
          -0.391234,
          1.685542
        ],
        "type": "Point"
      },
      "properties": {
        "frame": "map",
        "id": 107
      },
      "type": "Feature"
    },
    {
      "geometry": {
        "coordinates": [
          -0.38568,
          1.435603
        ],
        "type": "Point"
      },
      "properties": {
        "frame": "map",
        "id": 108
      },
      "type": "Feature"
    },
    {
      "geometry": {
        "coordinates": [
          -0.380126,
          1.185665
        ],
        "type": "Point"
      },
      "properties": {
        "frame": "map",
        "id": 109
      },
      "type": "Feature"
    },
    {
      "geometry": {
        "coordinates": [
          -0.374572,
          0.935727
        ],
        "type": "Point"
      },
      "properties": {
        "frame": "map",
        "id": 110
      },
      "type": "Feature"
    },
    {
      "geometry": {
        "coordinates": [
          -0.369018,
          0.685788
        ],
        "type": "Point"
      },
      "properties": {
        "frame": "map",
        "id": 111
      },
      "type": "Feature"
    },
    {
      "geometry": {
        "coordinates": [
          -0.326633,
          0.44745
        ],
        "type": "Point"
      },
      "properties": {
        "frame": "map",
        "id": 112
      },
      "type": "Feature"
    },
    {
      "geometry": {
        "coordinates": [
          -0.187958,
          0.239437
        ],
        "type": "Point"
      },
      "properties": {
        "frame": "map",
        "id": 113
      },
      "type": "Feature"
    },
    {
      "geometry": {
        "coordinates": [
          -0.049283,
          0.031424
        ],
        "type": "Point"
      },
      "properties": {
        "frame": "map",
        "id": 114
      },
      "type": "Feature"
    },
    {
      "geometry": {
        "coordinates": [
          0.220749,
          -5.44355
        ],
        "type": "Point"
      },
      "properties": {
        "frame": "map",
        "id": 115
      },
      "type": "Feature"
    },
    {
      "geometry": {
        "coordinates": [
          0.261286,
          -0.088873
        ],
        "type": "Point"
      },
      "properties": {
        "frame": "map",
        "id": 116
      },
      "type": "Feature"
    },
    {
      "geometry": {
        "coordinates": [
          0.489739,
          0.012662
        ],
        "type": "Point"
      },
      "properties": {
        "frame": "map",
        "id": 117
      },
      "type": "Feature"
    },
    {
      "geometry": {
        "coordinates": [
          0.331598,
          -4.6361
        ],
        "type": "Point"
      },
      "properties": {
        "frame": "map",
        "id": 118
      },
      "type": "Feature"
    },
    {
      "geometry": {
        "coordinates": [
          0.431598,
          4.7961
        ],
        "type": "Point"
      },
      "properties": {
        "frame": "map",
        "id": 119
      },
      "type": "Feature"
    },
    {
      "geometry": {
        "coordinates": [
          0.670811,
          4.743063
        ],
        "type": "Point"
      },
      "properties": {
        "frame": "map",
        "id": 120
      },
      "type": "Feature"
    },
    {
      "geometry": {
        "coordinates": [
          0.385,
          -5.095
        ],
        "type": "Point"
      },
      "properties": {
        "frame": "map",
        "id": 121
      },
      "type": "Feature"
    },
    {
      "geometry": {
        "coordinates": [
          0.385,
          -4.845
        ],
        "type": "Point"
      },
      "properties": {
        "frame": "map",
        "id": 122
      },
      "type": "Feature"
    },
    {
      "geometry": {
        "coordinates": [
          0.751091,
          0.241852
        ],
        "type": "Point"
      },
      "properties": {
        "frame": "map",
        "id": 123
      },
      "type": "Feature"
    },
    {
      "geometry": {
        "coordinates": [
          0.917182,
          0.428705
        ],
        "type": "Point"
      },
      "properties": {
        "frame": "map",
        "id": 124
      },
      "type": "Feature"
    },
    {
      "geometry": {
        "coordinates": [
          0.985,
          0.65292
        ],
        "type": "Point"
      },
      "properties": {
        "frame": "map",
        "id": 125
      },
      "type": "Feature"
    },
    {
      "geometry": {
        "coordinates": [
          0.985,
          0.90292
        ],
        "type": "Point"
      },
      "properties": {
        "frame": "map",
        "id": 126
      },
      "type": "Feature"
    },
    {
      "geometry": {
        "coordinates": [
          1.112554,
          1.11759
        ],
        "type": "Point"
      },
      "properties": {
        "frame": "map",
        "id": 127
      },
      "type": "Feature"
    },
    {
      "geometry": {
        "coordinates": [
          1.135,
          1.361373
        ],
        "type": "Point"
      },
      "properties": {
        "frame": "map",
        "id": 128
      },
      "type": "Feature"
    },
    {
      "geometry": {
        "coordinates": [
          1.135,
          1.611373
        ],
        "type": "Point"
      },
      "properties": {
        "frame": "map",
        "id": 129
      },
      "type": "Feature"
    },
    {
      "geometry": {
        "coordinates": [
          1.135,
          1.861373
        ],
        "type": "Point"
      },
      "properties": {
        "frame": "map",
        "id": 130
      },
      "type": "Feature"
    },
    {
      "geometry": {
        "coordinates": [
          1.135,
          2.111373
        ],
        "type": "Point"
      },
      "properties": {
        "frame": "map",
        "id": 131
      },
      "type": "Feature"
    },
    {
      "geometry": {
        "coordinates": [
          1.135,
          2.361373
        ],
        "type": "Point"
      },
      "properties": {
        "frame": "map",
        "id": 132
      },
      "type": "Feature"
    },
    {
      "geometry": {
        "coordinates": [
          1.135,
          2.611373
        ],
        "type": "Point"
      },
      "properties": {
        "frame": "map",
        "id": 133
      },
      "type": "Feature"
    },
    {
      "geometry": {
        "coordinates": [
          1.087429,
          2.850143
        ],
        "type": "Point"
      },
      "properties": {
        "frame": "map",
        "id": 134
      },
      "type": "Feature"
    },
    {
      "geometry": {
        "coordinates": [
          1.035,
          3.087766
        ],
        "type": "Point"
      },
      "properties": {
        "frame": "map",
        "id": 135
      },
      "type": "Feature"
    },
    {
      "geometry": {
        "coordinates": [
          1.105366,
          3.317585
        ],
        "type": "Point"
      },
      "properties": {
        "frame": "map",
        "id": 136
      },
      "type": "Feature"
    },
    {
      "geometry": {
        "coordinates": [
          1.237866,
          3.529585
        ],
        "type": "Point"
      },
      "properties": {
        "frame": "map",
        "id": 137
      },
      "type": "Feature"
    },
    {
      "geometry": {
        "coordinates": [
          1.225181,
          3.754547
        ],
        "type": "Point"
      },
      "properties": {
        "frame": "map",
        "id": 138
      },
      "type": "Feature"
    },
    {
      "geometry": {
        "coordinates": [
          1.092712,
          3.962669
        ],
        "type": "Point"
      },
      "properties": {
        "frame": "map",
        "id": 139
      },
      "type": "Feature"
    },
    {
      "geometry": {
        "coordinates": [
          0.930014,
          4.152483
        ],
        "type": "Point"
      },
      "properties": {
        "frame": "map",
        "id": 140
      },
      "type": "Feature"
    },
    {
      "geometry": {
        "coordinates": [
          0.885,
          4.385831
        ],
        "type": "Point"
      },
      "properties": {
        "frame": "map",
        "id": 141
      },
      "type": "Feature"
    },
    {
      "geometry": {
        "coordinates": [
          0.840163,
          4.622256
        ],
        "type": "Point"
      },
      "properties": {
        "frame": "map",
        "id": 142
      },
      "type": "Feature"
    },
    {
      "geometry": {
        "coordinates": [
          0.823379,
          0.008211
        ],
        "type": "Point"
      },
      "properties": {
        "frame": "map",
        "id": 143
      },
      "type": "Feature"
    },
    {
      "geometry": {
        "coordinates": [
          1.044326,
          -0.108761
        ],
        "type": "Point"
      },
      "properties": {
        "frame": "map",
        "id": 144
      },
      "type": "Feature"
    },
    {
      "geometry": {
        "coordinates": [
          1.265273,
          -0.225733
        ],
        "type": "Point"
      },
      "properties": {
        "frame": "map",
        "id": 145
      },
      "type": "Feature"
    },
    {
      "geometry": {
        "coordinates": [
          1.48622,
          -0.342705
        ],
        "type": "Point"
      },
      "properties": {
        "frame": "map",
        "id": 146
      },
      "type": "Feature"
    },
    {
      "geometry": {
        "coordinates": [
          1.723231,
          -0.395
        ],
        "type": "Point"
      },
      "properties": {
        "frame": "map",
        "id": 147
      },
      "type": "Feature"
    },
    {
      "geometry": {
        "coordinates": [
          1.903455,
          -0.563455
        ],
        "type": "Point"
      },
      "properties": {
        "frame": "map",
        "id": 148
      },
      "type": "Feature"
    },
    {
      "geometry": {
        "coordinates": [
          2.063607,
          -0.752214
        ],
        "type": "Point"
      },
      "properties": {
        "frame": "map",
        "id": 149
      },
      "type": "Feature"
    },
    {
      "geometry": {
        "coordinates": [
          2.17541,
          -0.97582
        ],
        "type": "Point"
      },
      "properties": {
        "frame": "map",
        "id": 150
      },
      "type": "Feature"
    },
    {
      "geometry": {
        "coordinates": [
          1.013453,
          4.806535
        ],
        "type": "Point"
      },
      "properties": {
        "frame": "map",
        "id": 151
      },
      "type": "Feature"
    },
    {
      "geometry": {
        "coordinates": [
          1.242557,
          4.905
        ],
        "type": "Point"
      },
      "properties": {
        "frame": "map",
        "id": 152
      },
      "type": "Feature"
    },
    {
      "geometry": {
        "coordinates": [
          1.492557,
          4.905
        ],
        "type": "Point"
      },
      "properties": {
        "frame": "map",
        "id": 153
      },
      "type": "Feature"
    },
    {
      "geometry": {
        "coordinates": [
          1.742557,
          4.905
        ],
        "type": "Point"
      },
      "properties": {
        "frame": "map",
        "id": 154
      },
      "type": "Feature"
    },
    {
      "geometry": {
        "coordinates": [
          1.992557,
          4.905
        ],
        "type": "Point"
      },
      "properties": {
        "frame": "map",
        "id": 155
      },
      "type": "Feature"
    },
    {
      "geometry": {
        "coordinates": [
          [
            [
              -4.3149999999999995,
              1.0050000000000008
            ],
            [
              -4.127171093639843,
              1.1532805042563576
            ]
          ]
        ],
        "type": "MultiLineString"
      },
      "properties": {
        "endid": 24,
        "id": 156,
        "metadata": {
          "bottleneck": true,
          "canonical_edge_id": 1,
          "length_m": 0.25,
          "min_clearance_m": 0.2692582309246063,
          "segment_fraction_end": 0.11556590388651636,
          "segment_fraction_start": 0.0,
          "segment_index": 0,
          "static_traversability": "UNKNOWN"
        },
        "startid": 0
      },
      "type": "Feature"
    },
    {
      "geometry": {
        "coordinates": [
          [
            [
              -4.127171093639843,
              1.1532805042563576
            ],
            [
              -3.8774289585872688,
              1.141928589026695
            ]
          ]
        ],
        "type": "MultiLineString"
      },
      "properties": {
        "endid": 25,
        "id": 157,
        "metadata": {
          "bottleneck": true,
          "canonical_edge_id": 1,
          "length_m": 0.25,
          "min_clearance_m": 0.2692582309246063,
          "segment_fraction_end": 0.23113180777303272,
          "segment_fraction_start": 0.11556590388651636,
          "segment_index": 1,
          "static_traversability": "UNKNOWN"
        },
        "startid": 24
      },
      "type": "Feature"
    },
    {
      "geometry": {
        "coordinates": [
          [
            [
              -3.8774289585872688,
              1.141928589026695
            ],
            [
              -3.6276868235346935,
              1.1305766737970324
            ]
          ]
        ],
        "type": "MultiLineString"
      },
      "properties": {
        "endid": 26,
        "id": 158,
        "metadata": {
          "bottleneck": true,
          "canonical_edge_id": 1,
          "length_m": 0.25,
          "min_clearance_m": 0.2692582309246063,
          "segment_fraction_end": 0.3466977116595491,
          "segment_fraction_start": 0.23113180777303272,
          "segment_index": 2,
          "static_traversability": "UNKNOWN"
        },
        "startid": 25
      },
      "type": "Feature"
    },
    {
      "geometry": {
        "coordinates": [
          [
            [
              -3.6276868235346935,
              1.1305766737970324
            ],
            [
              -3.3779446884821187,
              1.1192247585673698
            ]
          ]
        ],
        "type": "MultiLineString"
      },
      "properties": {
        "endid": 27,
        "id": 159,
        "metadata": {
          "bottleneck": true,
          "canonical_edge_id": 1,
          "length_m": 0.25,
          "min_clearance_m": 0.2692582309246063,
          "segment_fraction_end": 0.46226361554606543,
          "segment_fraction_start": 0.3466977116595491,
          "segment_index": 3,
          "static_traversability": "UNKNOWN"
        },
        "startid": 26
      },
      "type": "Feature"
    },
    {
      "geometry": {
        "coordinates": [
          [
            [
              -3.3779446884821187,
              1.1192247585673698
            ],
            [
              -3.128202553429544,
              1.107872843337707
            ]
          ]
        ],
        "type": "MultiLineString"
      },
      "properties": {
        "endid": 28,
        "id": 160,
        "metadata": {
          "bottleneck": true,
          "canonical_edge_id": 1,
          "length_m": 0.25,
          "min_clearance_m": 0.2692582309246063,
          "segment_fraction_end": 0.5778295194325818,
          "segment_fraction_start": 0.46226361554606543,
          "segment_index": 4,
          "static_traversability": "UNKNOWN"
        },
        "startid": 27
      },
      "type": "Feature"
    },
    {
      "geometry": {
        "coordinates": [
          [
            [
              -3.128202553429544,
              1.107872843337707
            ],
            [
              -2.8926318261229778,
              1.1768200724487594
            ]
          ]
        ],
        "type": "MultiLineString"
      },
      "properties": {
        "endid": 29,
        "id": 161,
        "metadata": {
          "bottleneck": true,
          "canonical_edge_id": 1,
          "length_m": 0.25,
          "min_clearance_m": 0.2692582309246063,
          "segment_fraction_end": 0.6933954233190982,
          "segment_fraction_start": 0.5778295194325818,
          "segment_index": 5,
          "static_traversability": "UNKNOWN"
        },
        "startid": 28
      },
      "type": "Feature"
    },
    {
      "geometry": {
        "coordinates": [
          [
            [
              -2.8926318261229778,
              1.1768200724487594
            ],
            [
              -2.661862595353747,
              1.2729739186026057
            ]
          ]
        ],
        "type": "MultiLineString"
      },
      "properties": {
        "endid": 30,
        "id": 162,
        "metadata": {
          "bottleneck": true,
          "canonical_edge_id": 1,
          "length_m": 0.25,
          "min_clearance_m": 0.2692582309246063,
          "segment_fraction_end": 0.8089613272056145,
          "segment_fraction_start": 0.6933954233190982,
          "segment_index": 6,
          "static_traversability": "UNKNOWN"
        },
        "startid": 29
      },
      "type": "Feature"
    },
    {
      "geometry": {
        "coordinates": [
          [
            [
              -2.661862595353747,
              1.2729739186026057
            ],
            [
              -2.428267811633226,
              1.3550000000000004
            ]
          ]
        ],
        "type": "MultiLineString"
      },
      "properties": {
        "endid": 31,
        "id": 163,
        "metadata": {
          "bottleneck": true,
          "canonical_edge_id": 1,
          "length_m": 0.25,
          "min_clearance_m": 0.2692582309246063,
          "segment_fraction_end": 0.9245272310921309,
          "segment_fraction_start": 0.8089613272056145,
          "segment_index": 7,
          "static_traversability": "UNKNOWN"
        },
        "startid": 30
      },
      "type": "Feature"
    },
    {
      "geometry": {
        "coordinates": [
          [
            [
              -2.428267811633226,
              1.3550000000000004
            ],
            [
              -2.2649999999999997,
              1.3550000000000004
            ]
          ]
        ],
        "type": "MultiLineString"
      },
      "properties": {
        "endid": 6,
        "id": 164,
        "metadata": {
          "bottleneck": true,
          "canonical_edge_id": 1,
          "length_m": 0.16326781163322623,
          "min_clearance_m": 0.2692582309246063,
          "segment_fraction_end": 1.0,
          "segment_fraction_start": 0.9245272310921309,
          "segment_index": 8,
          "static_traversability": "UNKNOWN"
        },
        "startid": 31
      },
      "type": "Feature"
    },
    {
      "geometry": {
        "coordinates": [
          [
            [
              -4.164999999999999,
              -0.5949999999999989
            ],
            [
              -3.988223304703362,
              -0.418223304703362
            ]
          ]
        ],
        "type": "MultiLineString"
      },
      "properties": {
        "endid": 32,
        "id": 165,
        "metadata": {
          "bottleneck": true,
          "canonical_edge_id": 3,
          "length_m": 0.25,
          "min_clearance_m": 0.2692582309246063,
          "segment_fraction_end": 0.10390097502052385,
          "segment_fraction_start": 0.0,
          "segment_index": 0,
          "static_traversability": "UNKNOWN"
        },
        "startid": 2
      },
      "type": "Feature"
    },
    {
      "geometry": {
        "coordinates": [
          [
            [
              -3.988223304703362,
              -0.418223304703362
            ],
            [
              -3.747842712474618,
              -0.3949999999999996
            ]
          ]
        ],
        "type": "MultiLineString"
      },
      "properties": {
        "endid": 33,
        "id": 166,
        "metadata": {
          "bottleneck": true,
          "canonical_edge_id": 3,
          "length_m": 0.25,
          "min_clearance_m": 0.2692582309246063,
          "segment_fraction_end": 0.2078019500410477,
          "segment_fraction_start": 0.10390097502052385,
          "segment_index": 1,
          "static_traversability": "UNKNOWN"
        },
        "startid": 32
      },
      "type": "Feature"
    },
    {
      "geometry": {
        "coordinates": [
          [
            [
              -3.747842712474618,
              -0.3949999999999996
            ],
            [
              -3.528120276247817,
              -0.4949999999999992
            ]
          ]
        ],
        "type": "MultiLineString"
      },
      "properties": {
        "endid": 34,
        "id": 167,
        "metadata": {
          "bottleneck": true,
          "canonical_edge_id": 3,
          "length_m": 0.25,
          "min_clearance_m": 0.2692582309246063,
          "segment_fraction_end": 0.31170292506157155,
          "segment_fraction_start": 0.2078019500410477,
          "segment_index": 2,
          "static_traversability": "UNKNOWN"
        },
        "startid": 33
      },
      "type": "Feature"
    },
    {
      "geometry": {
        "coordinates": [
          [
            [
              -3.528120276247817,
              -0.4949999999999992
            ],
            [
              -3.278120276247817,
              -0.4949999999999992
            ]
          ]
        ],
        "type": "MultiLineString"
      },
      "properties": {
        "endid": 35,
        "id": 168,
        "metadata": {
          "bottleneck": true,
          "canonical_edge_id": 3,
          "length_m": 0.25,
          "min_clearance_m": 0.2692582309246063,
          "segment_fraction_end": 0.4156039000820954,
          "segment_fraction_start": 0.31170292506157155,
          "segment_index": 3,
          "static_traversability": "UNKNOWN"
        },
        "startid": 34
      },
      "type": "Feature"
    },
    {
      "geometry": {
        "coordinates": [
          [
            [
              -3.278120276247817,
              -0.4949999999999992
            ],
            [
              -3.028120276247817,
              -0.4949999999999992
            ]
          ]
        ],
        "type": "MultiLineString"
      },
      "properties": {
        "endid": 36,
        "id": 169,
        "metadata": {
          "bottleneck": true,
          "canonical_edge_id": 3,
          "length_m": 0.25,
          "min_clearance_m": 0.2692582309246063,
          "segment_fraction_end": 0.5195048751026192,
          "segment_fraction_start": 0.4156039000820954,
          "segment_index": 4,
          "static_traversability": "UNKNOWN"
        },
        "startid": 35
      },
      "type": "Feature"
    },
    {
      "geometry": {
        "coordinates": [
          [
            [
              -3.028120276247817,
              -0.4949999999999992
            ],
            [
              -2.8118773126377614,
              -0.373126387582656
            ]
          ]
        ],
        "type": "MultiLineString"
      },
      "properties": {
        "endid": 37,
        "id": 170,
        "metadata": {
          "bottleneck": true,
          "canonical_edge_id": 3,
          "length_m": 0.25,
          "min_clearance_m": 0.2692582309246063,
          "segment_fraction_end": 0.6234058501231431,
          "segment_fraction_start": 0.5195048751026192,
          "segment_index": 5,
          "static_traversability": "UNKNOWN"
        },
        "startid": 36
      },
      "type": "Feature"
    },
    {
      "geometry": {
        "coordinates": [
          [
            [
              -2.8118773126377614,
              -0.373126387582656
            ],
            [
              -2.570004941351687,
              -0.35647029756754683
            ]
          ]
        ],
        "type": "MultiLineString"
      },
      "properties": {
        "endid": 38,
        "id": 171,
        "metadata": {
          "bottleneck": true,
          "canonical_edge_id": 3,
          "length_m": 0.25,
          "min_clearance_m": 0.2692582309246063,
          "segment_fraction_end": 0.727306825143667,
          "segment_fraction_start": 0.6234058501231431,
          "segment_index": 6,
          "static_traversability": "UNKNOWN"
        },
        "startid": 37
      },
      "type": "Feature"
    },
    {
      "geometry": {
        "coordinates": [
          [
            [
              -2.570004941351687,
              -0.35647029756754683
            ],
            [
              -2.320436348057938,
              -0.37115080305541465
            ]
          ]
        ],
        "type": "MultiLineString"
      },
      "properties": {
        "endid": 39,
        "id": 172,
        "metadata": {
          "bottleneck": true,
          "canonical_edge_id": 3,
          "length_m": 0.25,
          "min_clearance_m": 0.2692582309246063,
          "segment_fraction_end": 0.8312078001641908,
          "segment_fraction_start": 0.727306825143667,
          "segment_index": 7,
          "static_traversability": "UNKNOWN"
        },
        "startid": 38
      },
      "type": "Feature"
    },
    {
      "geometry": {
        "coordinates": [
          [
            [
              -2.320436348057938,
              -0.37115080305541465
            ],
            [
              -2.0708677547641887,
              -0.3858313085432824
            ]
          ]
        ],
        "type": "MultiLineString"
      },
      "properties": {
        "endid": 40,
        "id": 173,
        "metadata": {
          "bottleneck": true,
          "canonical_edge_id": 3,
          "length_m": 0.25,
          "min_clearance_m": 0.2692582309246063,
          "segment_fraction_end": 0.9351087751847147,
          "segment_fraction_start": 0.8312078001641908,
          "segment_index": 8,
          "static_traversability": "UNKNOWN"
        },
        "startid": 39
      },
      "type": "Feature"
    },
    {
      "geometry": {
        "coordinates": [
          [
            [
              -2.0708677547641887,
              -0.3858313085432824
            ],
            [
              -1.9149999999999996,
              -0.3949999999999996
            ]
          ]
        ],
        "type": "MultiLineString"
      },
      "properties": {
        "endid": 7,
        "id": 174,
        "metadata": {
          "bottleneck": true,
          "canonical_edge_id": 3,
          "length_m": 0.15613718928640274,
          "min_clearance_m": 0.2692582309246063,
          "segment_fraction_end": 1.0,
          "segment_fraction_start": 0.9351087751847147,
          "segment_index": 9,
          "static_traversability": "UNKNOWN"
        },
        "startid": 40
      },
      "type": "Feature"
    },
    {
      "geometry": {
        "coordinates": [
          [
            [
              -3.5649999999999995,
              -2.744999999999999
            ],
            [
              -3.408826238111393,
              -2.5497827976392418
            ]
          ]
        ],
        "type": "MultiLineString"
      },
      "properties": {
        "endid": 41,
        "id": 175,
        "metadata": {
          "bottleneck": true,
          "canonical_edge_id": 4,
          "length_m": 0.25,
          "min_clearance_m": 0.22360680997371674,
          "segment_fraction_end": 0.17565195515402912,
          "segment_fraction_start": 0.0,
          "segment_index": 0,
          "static_traversability": "UNKNOWN"
        },
        "startid": 3
      },
      "type": "Feature"
    },
    {
      "geometry": {
        "coordinates": [
          [
            [
              -3.408826238111393,
              -2.5497827976392418
            ],
            [
              -3.185156211871642,
              -2.494999999999999
            ]
          ]
        ],
        "type": "MultiLineString"
      },
      "properties": {
        "endid": 42,
        "id": 176,
        "metadata": {
          "bottleneck": true,
          "canonical_edge_id": 4,
          "length_m": 0.25,
          "min_clearance_m": 0.22360680997371674,
          "segment_fraction_end": 0.35130391030805824,
          "segment_fraction_start": 0.17565195515402912,
          "segment_index": 1,
          "static_traversability": "UNKNOWN"
        },
        "startid": 41
      },
      "type": "Feature"
    },
    {
      "geometry": {
        "coordinates": [
          [
            [
              -3.185156211871642,
              -2.494999999999999
            ],
            [
              -2.9390883356225377,
              -2.509806665358549
            ]
          ]
        ],
        "type": "MultiLineString"
      },
      "properties": {
        "endid": 43,
        "id": 177,
        "metadata": {
          "bottleneck": true,
          "canonical_edge_id": 4,
          "length_m": 0.25,
          "min_clearance_m": 0.22360680997371674,
          "segment_fraction_end": 0.5269558654620874,
          "segment_fraction_start": 0.35130391030805824,
          "segment_index": 2,
          "static_traversability": "UNKNOWN"
        },
        "startid": 42
      },
      "type": "Feature"
    },
    {
      "geometry": {
        "coordinates": [
          [
            [
              -2.9390883356225377,
              -2.509806665358549
            ],
            [
              -2.722027550091423,
              -2.6338413999477575
            ]
          ]
        ],
        "type": "MultiLineString"
      },
      "properties": {
        "endid": 44,
        "id": 178,
        "metadata": {
          "bottleneck": true,
          "canonical_edge_id": 4,
          "length_m": 0.25,
          "min_clearance_m": 0.22360680997371674,
          "segment_fraction_end": 0.7026078206161165,
          "segment_fraction_start": 0.5269558654620874,
          "segment_index": 3,
          "static_traversability": "UNKNOWN"
        },
        "startid": 43
      },
      "type": "Feature"
    },
    {
      "geometry": {
        "coordinates": [
          [
            [
              -2.722027550091423,
              -2.6338413999477575
            ],
            [
              -2.4882690992865695,
              -2.6949999999999994
            ]
          ]
        ],
        "type": "MultiLineString"
      },
      "properties": {
        "endid": 45,
        "id": 179,
        "metadata": {
          "bottleneck": true,
          "canonical_edge_id": 4,
          "length_m": 0.25,
          "min_clearance_m": 0.22360680997371674,
          "segment_fraction_end": 0.8782597757701456,
          "segment_fraction_start": 0.7026078206161165,
          "segment_index": 4,
          "static_traversability": "UNKNOWN"
        },
        "startid": 44
      },
      "type": "Feature"
    },
    {
      "geometry": {
        "coordinates": [
          [
            [
              -2.4882690992865695,
              -2.6949999999999994
            ],
            [
              -2.3149999999999995,
              -2.6949999999999994
            ]
          ]
        ],
        "type": "MultiLineString"
      },
      "properties": {
        "endid": 5,
        "id": 180,
        "metadata": {
          "bottleneck": true,
          "canonical_edge_id": 4,
          "length_m": 0.17326909928656997,
          "min_clearance_m": 0.22360680997371674,
          "segment_fraction_end": 1.0,
          "segment_fraction_start": 0.8782597757701456,
          "segment_index": 5,
          "static_traversability": "UNKNOWN"
        },
        "startid": 45
      },
      "type": "Feature"
    },
    {
      "geometry": {
        "coordinates": [
          [
            [
              -3.0649999999999995,
              -3.6949999999999994
            ],
            [
              -2.8413932022500203,
              -3.58319660112501
            ]
          ]
        ],
        "type": "MultiLineString"
      },
      "properties": {
        "endid": 46,
        "id": 181,
        "metadata": {
          "bottleneck": true,
          "canonical_edge_id": 5,
          "length_m": 0.25,
          "min_clearance_m": 0.25,
          "segment_fraction_end": 0.16063662232624426,
          "segment_fraction_start": 0.0,
          "segment_index": 0,
          "static_traversability": "UNKNOWN"
        },
        "startid": 4
      },
      "type": "Feature"
    },
    {
      "geometry": {
        "coordinates": [
          [
            [
              -2.8413932022500203,
              -3.58319660112501
            ],
            [
              -2.6177864045000416,
              -3.4713932022500207
            ]
          ]
        ],
        "type": "MultiLineString"
      },
      "properties": {
        "endid": 47,
        "id": 182,
        "metadata": {
          "bottleneck": true,
          "canonical_edge_id": 5,
          "length_m": 0.25,
          "min_clearance_m": 0.25,
          "segment_fraction_end": 0.3212732446524885,
          "segment_fraction_start": 0.16063662232624426,
          "segment_index": 1,
          "static_traversability": "UNKNOWN"
        },
        "startid": 46
      },
      "type": "Feature"
    },
    {
      "geometry": {
        "coordinates": [
          [
            [
              -2.6177864045000416,
              -3.4713932022500207
            ],
            [
              -2.404172541184449,
              -3.3443104509870407
            ]
          ]
        ],
        "type": "MultiLineString"
      },
      "properties": {
        "endid": 48,
        "id": 183,
        "metadata": {
          "bottleneck": true,
          "canonical_edge_id": 5,
          "length_m": 0.25,
          "min_clearance_m": 0.25,
          "segment_fraction_end": 0.4819098669787327,
          "segment_fraction_start": 0.3212732446524885,
          "segment_index": 2,
          "static_traversability": "UNKNOWN"
        },
        "startid": 47
      },
      "type": "Feature"
    },
    {
      "geometry": {
        "coordinates": [
          [
            [
              -2.404172541184449,
              -3.3443104509870407
            ],
            [
              -2.212117221285105,
              -3.184264351070921
            ]
          ]
        ],
        "type": "MultiLineString"
      },
      "properties": {
        "endid": 49,
        "id": 184,
        "metadata": {
          "bottleneck": true,
          "canonical_edge_id": 5,
          "length_m": 0.25,
          "min_clearance_m": 0.25,
          "segment_fraction_end": 0.642546489304977,
          "segment_fraction_start": 0.4819098669787327,
          "segment_index": 3,
          "static_traversability": "UNKNOWN"
        },
        "startid": 48
      },
      "type": "Feature"
    },
    {
      "geometry": {
        "coordinates": [
          [
            [
              -2.212117221285105,
              -3.184264351070921
            ],
            [
              -2.1916815604056485,
              -2.958229077160455
            ]
          ]
        ],
        "type": "MultiLineString"
      },
      "properties": {
        "endid": 50,
        "id": 185,
        "metadata": {
          "bottleneck": true,
          "canonical_edge_id": 5,
          "length_m": 0.25,
          "min_clearance_m": 0.25,
          "segment_fraction_end": 0.8031831116312212,
          "segment_fraction_start": 0.642546489304977,
          "segment_index": 4,
          "static_traversability": "UNKNOWN"
        },
        "startid": 49
      },
      "type": "Feature"
    },
    {
      "geometry": {
        "coordinates": [
          [
            [
              -2.1916815604056485,
              -2.958229077160455
            ],
            [
              -2.275184497324882,
              -2.734815502675117
            ]
          ]
        ],
        "type": "MultiLineString"
      },
      "properties": {
        "endid": 51,
        "id": 186,
        "metadata": {
          "bottleneck": true,
          "canonical_edge_id": 5,
          "length_m": 0.25,
          "min_clearance_m": 0.25,
          "segment_fraction_end": 0.9638197339574655,
          "segment_fraction_start": 0.8031831116312212,
          "segment_index": 5,
          "static_traversability": "UNKNOWN"
        },
        "startid": 50
      },
      "type": "Feature"
    },
    {
      "geometry": {
        "coordinates": [
          [
            [
              -2.275184497324882,
              -2.734815502675117
            ],
            [
              -2.3149999999999995,
              -2.6949999999999994
            ]
          ]
        ],
        "type": "MultiLineString"
      },
      "properties": {
        "endid": 5,
        "id": 187,
        "metadata": {
          "bottleneck": true,
          "canonical_edge_id": 5,
          "length_m": 0.056307623875853086,
          "min_clearance_m": 0.25,
          "segment_fraction_end": 1.0,
          "segment_fraction_start": 0.9638197339574655,
          "segment_index": 6,
          "static_traversability": "UNKNOWN"
        },
        "startid": 51
      },
      "type": "Feature"
    },
    {
      "geometry": {
        "coordinates": [
          [
            [
              -2.3149999999999995,
              -2.6949999999999994
            ],
            [
              -2.4882690992865695,
              -2.6949999999999994
            ]
          ]
        ],
        "type": "MultiLineString"
      },
      "properties": {
        "endid": 45,
        "id": 188,
        "metadata": {
          "bottleneck": true,
          "canonical_edge_id": 6,
          "length_m": 0.17326909928656997,
          "min_clearance_m": 0.22360680997371674,
          "segment_fraction_end": 0.12174022422985442,
          "segment_fraction_start": 0.0,
          "segment_index": 0,
          "static_traversability": "UNKNOWN"
        },
        "startid": 5
      },
      "type": "Feature"
    },
    {
      "geometry": {
        "coordinates": [
          [
            [
              -2.4882690992865695,
              -2.6949999999999994
            ],
            [
              -2.722027550091423,
              -2.6338413999477575
            ]
          ]
        ],
        "type": "MultiLineString"
      },
      "properties": {
        "endid": 44,
        "id": 189,
        "metadata": {
          "bottleneck": true,
          "canonical_edge_id": 6,
          "length_m": 0.25,
          "min_clearance_m": 0.22360680997371674,
          "segment_fraction_end": 0.2973921793838835,
          "segment_fraction_start": 0.12174022422985442,
          "segment_index": 1,
          "static_traversability": "UNKNOWN"
        },
        "startid": 45
      },
      "type": "Feature"
    },
    {
      "geometry": {
        "coordinates": [
          [
            [
              -2.722027550091423,
              -2.6338413999477575
            ],
            [
              -2.9390883356225377,
              -2.509806665358549
            ]
          ]
        ],
        "type": "MultiLineString"
      },
      "properties": {
        "endid": 43,
        "id": 190,
        "metadata": {
          "bottleneck": true,
          "canonical_edge_id": 6,
          "length_m": 0.25,
          "min_clearance_m": 0.22360680997371674,
          "segment_fraction_end": 0.47304413453791266,
          "segment_fraction_start": 0.2973921793838835,
          "segment_index": 2,
          "static_traversability": "UNKNOWN"
        },
        "startid": 44
      },
      "type": "Feature"
    },
    {
      "geometry": {
        "coordinates": [
          [
            [
              -2.9390883356225377,
              -2.509806665358549
            ],
            [
              -3.185156211871642,
              -2.494999999999999
            ]
          ]
        ],
        "type": "MultiLineString"
      },
      "properties": {
        "endid": 42,
        "id": 191,
        "metadata": {
          "bottleneck": true,
          "canonical_edge_id": 6,
          "length_m": 0.25,
          "min_clearance_m": 0.22360680997371674,
          "segment_fraction_end": 0.6486960896919418,
          "segment_fraction_start": 0.47304413453791266,
          "segment_index": 3,
          "static_traversability": "UNKNOWN"
        },
        "startid": 43
      },
      "type": "Feature"
    },
    {
      "geometry": {
        "coordinates": [
          [
            [
              -3.185156211871642,
              -2.494999999999999
            ],
            [
              -3.408826238111393,
              -2.5497827976392418
            ]
          ]
        ],
        "type": "MultiLineString"
      },
      "properties": {
        "endid": 41,
        "id": 192,
        "metadata": {
          "bottleneck": true,
          "canonical_edge_id": 6,
          "length_m": 0.25,
          "min_clearance_m": 0.22360680997371674,
          "segment_fraction_end": 0.8243480448459709,
          "segment_fraction_start": 0.6486960896919418,
          "segment_index": 4,
          "static_traversability": "UNKNOWN"
        },
        "startid": 42
      },
      "type": "Feature"
    },
    {
      "geometry": {
        "coordinates": [
          [
            [
              -3.408826238111393,
              -2.5497827976392418
            ],
            [
              -3.5649999999999995,
              -2.744999999999999
            ]
          ]
        ],
        "type": "MultiLineString"
      },
      "properties": {
        "endid": 3,
        "id": 193,
        "metadata": {
          "bottleneck": true,
          "canonical_edge_id": 6,
          "length_m": 0.25,
          "min_clearance_m": 0.22360680997371674,
          "segment_fraction_end": 1.0,
          "segment_fraction_start": 0.8243480448459709,
          "segment_index": 5,
          "static_traversability": "UNKNOWN"
        },
        "startid": 41
      },
      "type": "Feature"
    },
    {
      "geometry": {
        "coordinates": [
          [
            [
              -2.3149999999999995,
              -2.6949999999999994
            ],
            [
              -2.275184497324882,
              -2.734815502675117
            ]
          ]
        ],
        "type": "MultiLineString"
      },
      "properties": {
        "endid": 51,
        "id": 194,
        "metadata": {
          "bottleneck": true,
          "canonical_edge_id": 7,
          "length_m": 0.056307623875853086,
          "min_clearance_m": 0.25,
          "segment_fraction_end": 0.0361802660425345,
          "segment_fraction_start": 0.0,
          "segment_index": 0,
          "static_traversability": "UNKNOWN"
        },
        "startid": 5
      },
      "type": "Feature"
    },
    {
      "geometry": {
        "coordinates": [
          [
            [
              -2.275184497324882,
              -2.734815502675117
            ],
            [
              -2.1916815604056485,
              -2.958229077160455
            ]
          ]
        ],
        "type": "MultiLineString"
      },
      "properties": {
        "endid": 50,
        "id": 195,
        "metadata": {
          "bottleneck": true,
          "canonical_edge_id": 7,
          "length_m": 0.25,
          "min_clearance_m": 0.25,
          "segment_fraction_end": 0.19681688836877875,
          "segment_fraction_start": 0.0361802660425345,
          "segment_index": 1,
          "static_traversability": "UNKNOWN"
        },
        "startid": 51
      },
      "type": "Feature"
    },
    {
      "geometry": {
        "coordinates": [
          [
            [
              -2.1916815604056485,
              -2.958229077160455
            ],
            [
              -2.212117221285105,
              -3.184264351070921
            ]
          ]
        ],
        "type": "MultiLineString"
      },
      "properties": {
        "endid": 49,
        "id": 196,
        "metadata": {
          "bottleneck": true,
          "canonical_edge_id": 7,
          "length_m": 0.25,
          "min_clearance_m": 0.25,
          "segment_fraction_end": 0.357453510695023,
          "segment_fraction_start": 0.19681688836877875,
          "segment_index": 2,
          "static_traversability": "UNKNOWN"
        },
        "startid": 50
      },
      "type": "Feature"
    },
    {
      "geometry": {
        "coordinates": [
          [
            [
              -2.212117221285105,
              -3.184264351070921
            ],
            [
              -2.404172541184449,
              -3.3443104509870407
            ]
          ]
        ],
        "type": "MultiLineString"
      },
      "properties": {
        "endid": 48,
        "id": 197,
        "metadata": {
          "bottleneck": true,
          "canonical_edge_id": 7,
          "length_m": 0.25,
          "min_clearance_m": 0.25,
          "segment_fraction_end": 0.5180901330212673,
          "segment_fraction_start": 0.357453510695023,
          "segment_index": 3,
          "static_traversability": "UNKNOWN"
        },
        "startid": 49
      },
      "type": "Feature"
    },
    {
      "geometry": {
        "coordinates": [
          [
            [
              -2.404172541184449,
              -3.3443104509870407
            ],
            [
              -2.6177864045000416,
              -3.4713932022500207
            ]
          ]
        ],
        "type": "MultiLineString"
      },
      "properties": {
        "endid": 47,
        "id": 198,
        "metadata": {
          "bottleneck": true,
          "canonical_edge_id": 7,
          "length_m": 0.25,
          "min_clearance_m": 0.25,
          "segment_fraction_end": 0.6787267553475115,
          "segment_fraction_start": 0.5180901330212673,
          "segment_index": 4,
          "static_traversability": "UNKNOWN"
        },
        "startid": 48
      },
      "type": "Feature"
    },
    {
      "geometry": {
        "coordinates": [
          [
            [
              -2.6177864045000416,
              -3.4713932022500207
            ],
            [
              -2.8413932022500203,
              -3.58319660112501
            ]
          ]
        ],
        "type": "MultiLineString"
      },
      "properties": {
        "endid": 46,
        "id": 199,
        "metadata": {
          "bottleneck": true,
          "canonical_edge_id": 7,
          "length_m": 0.25,
          "min_clearance_m": 0.25,
          "segment_fraction_end": 0.8393633776737558,
          "segment_fraction_start": 0.6787267553475115,
          "segment_index": 5,
          "static_traversability": "UNKNOWN"
        },
        "startid": 47
      },
      "type": "Feature"
    },
    {
      "geometry": {
        "coordinates": [
          [
            [
              -2.8413932022500203,
              -3.58319660112501
            ],
            [
              -3.0649999999999995,
              -3.6949999999999994
            ]
          ]
        ],
        "type": "MultiLineString"
      },
      "properties": {
        "endid": 4,
        "id": 200,
        "metadata": {
          "bottleneck": true,
          "canonical_edge_id": 7,
          "length_m": 0.25,
          "min_clearance_m": 0.25,
          "segment_fraction_end": 1.0,
          "segment_fraction_start": 0.8393633776737558,
          "segment_index": 6,
          "static_traversability": "UNKNOWN"
        },
        "startid": 46
      },
      "type": "Feature"
    },
    {
      "geometry": {
        "coordinates": [
          [
            [
              -2.3149999999999995,
              -2.6949999999999994
            ],
            [
              -2.1839756435839157,
              -2.4820854208238634
            ]
          ]
        ],
        "type": "MultiLineString"
      },
      "properties": {
        "endid": 52,
        "id": 201,
        "metadata": {
          "bottleneck": false,
          "canonical_edge_id": 8,
          "length_m": 0.25,
          "min_clearance_m": 0.4000000059604645,
          "segment_fraction_end": 0.11683798571428003,
          "segment_fraction_start": 0.0,
          "segment_index": 0,
          "static_traversability": "FEASIBLE"
        },
        "startid": 5
      },
      "type": "Feature"
    },
    {
      "geometry": {
        "coordinates": [
          [
            [
              -2.1839756435839157,
              -2.4820854208238634
            ],
            [
              -2.0529512871678324,
              -2.2691708416477274
            ]
          ]
        ],
        "type": "MultiLineString"
      },
      "properties": {
        "endid": 53,
        "id": 202,
        "metadata": {
          "bottleneck": false,
          "canonical_edge_id": 8,
          "length_m": 0.25,
          "min_clearance_m": 0.4000000059604645,
          "segment_fraction_end": 0.23367597142856006,
          "segment_fraction_start": 0.11683798571428003,
          "segment_index": 1,
          "static_traversability": "FEASIBLE"
        },
        "startid": 52
      },
      "type": "Feature"
    },
    {
      "geometry": {
        "coordinates": [
          [
            [
              -2.0529512871678324,
              -2.2691708416477274
            ],
            [
              -1.9219269307517486,
              -2.0562562624715914
            ]
          ]
        ],
        "type": "MultiLineString"
      },
      "properties": {
        "endid": 54,
        "id": 203,
        "metadata": {
          "bottleneck": false,
          "canonical_edge_id": 8,
          "length_m": 0.25,
          "min_clearance_m": 0.4000000059604645,
          "segment_fraction_end": 0.3505139571428401,
          "segment_fraction_start": 0.23367597142856006,
          "segment_index": 2,
          "static_traversability": "FEASIBLE"
        },
        "startid": 53
      },
      "type": "Feature"
    },
    {
      "geometry": {
        "coordinates": [
          [
            [
              -1.9219269307517486,
              -2.0562562624715914
            ],
            [
              -1.9149999999999996,
              -1.8082168761236868
            ]
          ]
        ],
        "type": "MultiLineString"
      },
      "properties": {
        "endid": 55,
        "id": 204,
        "metadata": {
          "bottleneck": false,
          "canonical_edge_id": 8,
          "length_m": 0.25,
          "min_clearance_m": 0.4000000059604645,
          "segment_fraction_end": 0.4673519428571201,
          "segment_fraction_start": 0.3505139571428401,
          "segment_index": 3,
          "static_traversability": "FEASIBLE"
        },
        "startid": 54
      },
      "type": "Feature"
    },
    {
      "geometry": {
        "coordinates": [
          [
            [
              -1.9149999999999996,
              -1.8082168761236868
            ],
            [
              -1.9149999999999996,
              -1.5582168761236868
            ]
          ]
        ],
        "type": "MultiLineString"
      },
      "properties": {
        "endid": 56,
        "id": 205,
        "metadata": {
          "bottleneck": false,
          "canonical_edge_id": 8,
          "length_m": 0.25,
          "min_clearance_m": 0.4000000059604645,
          "segment_fraction_end": 0.5841899285714002,
          "segment_fraction_start": 0.4673519428571201,
          "segment_index": 4,
          "static_traversability": "FEASIBLE"
        },
        "startid": 55
      },
      "type": "Feature"
    },
    {
      "geometry": {
        "coordinates": [
          [
            [
              -1.9149999999999996,
              -1.5582168761236868
            ],
            [
              -1.9149999999999996,
              -1.3082168761236868
            ]
          ]
        ],
        "type": "MultiLineString"
      },
      "properties": {
        "endid": 57,
        "id": 206,
        "metadata": {
          "bottleneck": false,
          "canonical_edge_id": 8,
          "length_m": 0.25,
          "min_clearance_m": 0.4000000059604645,
          "segment_fraction_end": 0.7010279142856802,
          "segment_fraction_start": 0.5841899285714002,
          "segment_index": 5,
          "static_traversability": "FEASIBLE"
        },
        "startid": 56
      },
      "type": "Feature"
    },
    {
      "geometry": {
        "coordinates": [
          [
            [
              -1.9149999999999996,
              -1.3082168761236868
            ],
            [
              -1.8016158966226252,
              -1.0871291438081463
            ]
          ]
        ],
        "type": "MultiLineString"
      },
      "properties": {
        "endid": 58,
        "id": 207,
        "metadata": {
          "bottleneck": false,
          "canonical_edge_id": 8,
          "length_m": 0.25,
          "min_clearance_m": 0.4000000059604645,
          "segment_fraction_end": 0.8178658999999603,
          "segment_fraction_start": 0.7010279142856802,
          "segment_index": 6,
          "static_traversability": "FEASIBLE"
        },
        "startid": 57
      },
      "type": "Feature"
    },
    {
      "geometry": {
        "coordinates": [
          [
            [
              -1.8016158966226252,
              -1.0871291438081463
            ],
            [
              -1.6819028639524818,
              -0.8676552505795503
            ]
          ]
        ],
        "type": "MultiLineString"
      },
      "properties": {
        "endid": 59,
        "id": 208,
        "metadata": {
          "bottleneck": false,
          "canonical_edge_id": 8,
          "length_m": 0.25,
          "min_clearance_m": 0.4000000059604645,
          "segment_fraction_end": 0.9347038857142402,
          "segment_fraction_start": 0.8178658999999603,
          "segment_index": 7,
          "static_traversability": "FEASIBLE"
        },
        "startid": 58
      },
      "type": "Feature"
    },
    {
      "geometry": {
        "coordinates": [
          [
            [
              -1.6819028639524818,
              -0.8676552505795503
            ],
            [
              -1.6149999999999993,
              -0.7449999999999991
            ]
          ]
        ],
        "type": "MultiLineString"
      },
      "properties": {
        "endid": 8,
        "id": 209,
        "metadata": {
          "bottleneck": false,
          "canonical_edge_id": 8,
          "length_m": 0.1397150804307712,
          "min_clearance_m": 0.4000000059604645,
          "segment_fraction_end": 1.0,
          "segment_fraction_start": 0.9347038857142402,
          "segment_index": 8,
          "static_traversability": "FEASIBLE"
        },
        "startid": 59
      },
      "type": "Feature"
    },
    {
      "geometry": {
        "coordinates": [
          [
            [
              -2.2649999999999997,
              1.3550000000000004
            ],
            [
              -2.428267811633226,
              1.3550000000000004
            ]
          ]
        ],
        "type": "MultiLineString"
      },
      "properties": {
        "endid": 31,
        "id": 210,
        "metadata": {
          "bottleneck": true,
          "canonical_edge_id": 9,
          "length_m": 0.16326781163322623,
          "min_clearance_m": 0.2692582309246063,
          "segment_fraction_end": 0.07547276890786912,
          "segment_fraction_start": 0.0,
          "segment_index": 0,
          "static_traversability": "UNKNOWN"
        },
        "startid": 6
      },
      "type": "Feature"
    },
    {
      "geometry": {
        "coordinates": [
          [
            [
              -2.428267811633226,
              1.3550000000000004
            ],
            [
              -2.661862595353747,
              1.2729739186026057
            ]
          ]
        ],
        "type": "MultiLineString"
      },
      "properties": {
        "endid": 30,
        "id": 211,
        "metadata": {
          "bottleneck": true,
          "canonical_edge_id": 9,
          "length_m": 0.25,
          "min_clearance_m": 0.2692582309246063,
          "segment_fraction_end": 0.1910386727943855,
          "segment_fraction_start": 0.07547276890786912,
          "segment_index": 1,
          "static_traversability": "UNKNOWN"
        },
        "startid": 31
      },
      "type": "Feature"
    },
    {
      "geometry": {
        "coordinates": [
          [
            [
              -2.661862595353747,
              1.2729739186026057
            ],
            [
              -2.8926318261229778,
              1.1768200724487594
            ]
          ]
        ],
        "type": "MultiLineString"
      },
      "properties": {
        "endid": 29,
        "id": 212,
        "metadata": {
          "bottleneck": true,
          "canonical_edge_id": 9,
          "length_m": 0.25,
          "min_clearance_m": 0.2692582309246063,
          "segment_fraction_end": 0.30660457668090185,
          "segment_fraction_start": 0.1910386727943855,
          "segment_index": 2,
          "static_traversability": "UNKNOWN"
        },
        "startid": 30
      },
      "type": "Feature"
    },
    {
      "geometry": {
        "coordinates": [
          [
            [
              -2.8926318261229778,
              1.1768200724487594
            ],
            [
              -3.128202553429544,
              1.107872843337707
            ]
          ]
        ],
        "type": "MultiLineString"
      },
      "properties": {
        "endid": 28,
        "id": 213,
        "metadata": {
          "bottleneck": true,
          "canonical_edge_id": 9,
          "length_m": 0.25,
          "min_clearance_m": 0.2692582309246063,
          "segment_fraction_end": 0.4221704805674182,
          "segment_fraction_start": 0.30660457668090185,
          "segment_index": 3,
          "static_traversability": "UNKNOWN"
        },
        "startid": 29
      },
      "type": "Feature"
    },
    {
      "geometry": {
        "coordinates": [
          [
            [
              -3.128202553429544,
              1.107872843337707
            ],
            [
              -3.3779446884821187,
              1.1192247585673698
            ]
          ]
        ],
        "type": "MultiLineString"
      },
      "properties": {
        "endid": 27,
        "id": 214,
        "metadata": {
          "bottleneck": true,
          "canonical_edge_id": 9,
          "length_m": 0.25,
          "min_clearance_m": 0.2692582309246063,
          "segment_fraction_end": 0.5377363844539346,
          "segment_fraction_start": 0.4221704805674182,
          "segment_index": 4,
          "static_traversability": "UNKNOWN"
        },
        "startid": 28
      },
      "type": "Feature"
    },
    {
      "geometry": {
        "coordinates": [
          [
            [
              -3.3779446884821187,
              1.1192247585673698
            ],
            [
              -3.6276868235346935,
              1.1305766737970324
            ]
          ]
        ],
        "type": "MultiLineString"
      },
      "properties": {
        "endid": 26,
        "id": 215,
        "metadata": {
          "bottleneck": true,
          "canonical_edge_id": 9,
          "length_m": 0.25,
          "min_clearance_m": 0.2692582309246063,
          "segment_fraction_end": 0.6533022883404509,
          "segment_fraction_start": 0.5377363844539346,
          "segment_index": 5,
          "static_traversability": "UNKNOWN"
        },
        "startid": 27
      },
      "type": "Feature"
    },
    {
      "geometry": {
        "coordinates": [
          [
            [
              -3.6276868235346935,
              1.1305766737970324
            ],
            [
              -3.8774289585872688,
              1.141928589026695
            ]
          ]
        ],
        "type": "MultiLineString"
      },
      "properties": {
        "endid": 25,
        "id": 216,
        "metadata": {
          "bottleneck": true,
          "canonical_edge_id": 9,
          "length_m": 0.25,
          "min_clearance_m": 0.2692582309246063,
          "segment_fraction_end": 0.7688681922269672,
          "segment_fraction_start": 0.6533022883404509,
          "segment_index": 6,
          "static_traversability": "UNKNOWN"
        },
        "startid": 26
      },
      "type": "Feature"
    },
    {
      "geometry": {
        "coordinates": [
          [
            [
              -3.8774289585872688,
              1.141928589026695
            ],
            [
              -4.127171093639843,
              1.1532805042563576
            ]
          ]
        ],
        "type": "MultiLineString"
      },
      "properties": {
        "endid": 24,
        "id": 217,
        "metadata": {
          "bottleneck": true,
          "canonical_edge_id": 9,
          "length_m": 0.25,
          "min_clearance_m": 0.2692582309246063,
          "segment_fraction_end": 0.8844340961134837,
          "segment_fraction_start": 0.7688681922269672,
          "segment_index": 7,
          "static_traversability": "UNKNOWN"
        },
        "startid": 25
      },
      "type": "Feature"
    },
    {
      "geometry": {
        "coordinates": [
          [
            [
              -4.127171093639843,
              1.1532805042563576
            ],
            [
              -4.3149999999999995,
              1.0050000000000008
            ]
          ]
        ],
        "type": "MultiLineString"
      },
      "properties": {
        "endid": 0,
        "id": 218,
        "metadata": {
          "bottleneck": true,
          "canonical_edge_id": 9,
          "length_m": 0.25,
          "min_clearance_m": 0.2692582309246063,
          "segment_fraction_end": 1.0,
          "segment_fraction_start": 0.8844340961134837,
          "segment_index": 8,
          "static_traversability": "UNKNOWN"
        },
        "startid": 24
      },
      "type": "Feature"
    },
    {
      "geometry": {
        "coordinates": [
          [
            [
              -2.2649999999999997,
              1.3550000000000004
            ],
            [
              -2.1435892672053414,
              1.136460680969616
            ]
          ]
        ],
        "type": "MultiLineString"
      },
      "properties": {
        "endid": 60,
        "id": 219,
        "metadata": {
          "bottleneck": false,
          "canonical_edge_id": 11,
          "length_m": 0.25,
          "min_clearance_m": 0.4000000059604645,
          "segment_fraction_end": 0.13549701684539942,
          "segment_fraction_start": 0.0,
          "segment_index": 0,
          "static_traversability": "FEASIBLE"
        },
        "startid": 6
      },
      "type": "Feature"
    },
    {
      "geometry": {
        "coordinates": [
          [
            [
              -2.1435892672053414,
              1.136460680969616
            ],
            [
              -2.0221785344106835,
              0.9179213619392317
            ]
          ]
        ],
        "type": "MultiLineString"
      },
      "properties": {
        "endid": 61,
        "id": 220,
        "metadata": {
          "bottleneck": false,
          "canonical_edge_id": 11,
          "length_m": 0.25,
          "min_clearance_m": 0.4000000059604645,
          "segment_fraction_end": 0.27099403369079883,
          "segment_fraction_start": 0.13549701684539942,
          "segment_index": 1,
          "static_traversability": "FEASIBLE"
        },
        "startid": 60
      },
      "type": "Feature"
    },
    {
      "geometry": {
        "coordinates": [
          [
            [
              -2.0221785344106835,
              0.9179213619392317
            ],
            [
              -2.0149999999999997,
              0.6697815070493505
            ]
          ]
        ],
        "type": "MultiLineString"
      },
      "properties": {
        "endid": 62,
        "id": 221,
        "metadata": {
          "bottleneck": false,
          "canonical_edge_id": 11,
          "length_m": 0.25,
          "min_clearance_m": 0.4000000059604645,
          "segment_fraction_end": 0.4064910505361983,
          "segment_fraction_start": 0.27099403369079883,
          "segment_index": 2,
          "static_traversability": "FEASIBLE"
        },
        "startid": 61
      },
      "type": "Feature"
    },
    {
      "geometry": {
        "coordinates": [
          [
            [
              -2.0149999999999997,
              0.6697815070493505
            ],
            [
              -1.9149999999999996,
              0.45005907082255003
            ]
          ]
        ],
        "type": "MultiLineString"
      },
      "properties": {
        "endid": 63,
        "id": 222,
        "metadata": {
          "bottleneck": false,
          "canonical_edge_id": 11,
          "length_m": 0.25,
          "min_clearance_m": 0.4000000059604645,
          "segment_fraction_end": 0.5419880673815977,
          "segment_fraction_start": 0.4064910505361983,
          "segment_index": 3,
          "static_traversability": "FEASIBLE"
        },
        "startid": 62
      },
      "type": "Feature"
    },
    {
      "geometry": {
        "coordinates": [
          [
            [
              -1.9149999999999996,
              0.45005907082255003
            ],
            [
              -1.9149999999999996,
              0.20005907082255003
            ]
          ]
        ],
        "type": "MultiLineString"
      },
      "properties": {
        "endid": 64,
        "id": 223,
        "metadata": {
          "bottleneck": false,
          "canonical_edge_id": 11,
          "length_m": 0.25,
          "min_clearance_m": 0.4000000059604645,
          "segment_fraction_end": 0.677485084226997,
          "segment_fraction_start": 0.5419880673815977,
          "segment_index": 4,
          "static_traversability": "FEASIBLE"
        },
        "startid": 63
      },
      "type": "Feature"
    },
    {
      "geometry": {
        "coordinates": [
          [
            [
              -1.9149999999999996,
              0.20005907082255003
            ],
            [
              -1.9149999999999996,
              -0.049940929177449966
            ]
          ]
        ],
        "type": "MultiLineString"
      },
      "properties": {
        "endid": 65,
        "id": 224,
        "metadata": {
          "bottleneck": false,
          "canonical_edge_id": 11,
          "length_m": 0.25,
          "min_clearance_m": 0.4000000059604645,
          "segment_fraction_end": 0.8129821010723965,
          "segment_fraction_start": 0.677485084226997,
          "segment_index": 5,
          "static_traversability": "FEASIBLE"
        },
        "startid": 64
      },
      "type": "Feature"
    },
    {
      "geometry": {
        "coordinates": [
          [
            [
              -1.9149999999999996,
              -0.049940929177449966
            ],
            [
              -1.9149999999999996,
              -0.29994092917744997
            ]
          ]
        ],
        "type": "MultiLineString"
      },
      "properties": {
        "endid": 66,
        "id": 225,
        "metadata": {
          "bottleneck": false,
          "canonical_edge_id": 11,
          "length_m": 0.25,
          "min_clearance_m": 0.4000000059604645,
          "segment_fraction_end": 0.9484791179177959,
          "segment_fraction_start": 0.8129821010723965,
          "segment_index": 6,
          "static_traversability": "FEASIBLE"
        },
        "startid": 65
      },
      "type": "Feature"
    },
    {
      "geometry": {
        "coordinates": [
          [
            [
              -1.9149999999999996,
              -0.29994092917744997
            ],
            [
              -1.9149999999999996,
              -0.3949999999999996
            ]
          ]
        ],
        "type": "MultiLineString"
      },
      "properties": {
        "endid": 7,
        "id": 226,
        "metadata": {
          "bottleneck": false,
          "canonical_edge_id": 11,
          "length_m": 0.09505907082254961,
          "min_clearance_m": 0.4000000059604645,
          "segment_fraction_end": 1.0,
          "segment_fraction_start": 0.9484791179177959,
          "segment_index": 7,
          "static_traversability": "FEASIBLE"
        },
        "startid": 66
      },
      "type": "Feature"
    },
    {
      "geometry": {
        "coordinates": [
          [
            [
              -1.9149999999999996,
              -0.3949999999999996
            ],
            [
              -2.0708677547641887,
              -0.3858313085432824
            ]
          ]
        ],
        "type": "MultiLineString"
      },
      "properties": {
        "endid": 40,
        "id": 227,
        "metadata": {
          "bottleneck": true,
          "canonical_edge_id": 12,
          "length_m": 0.15613718928640274,
          "min_clearance_m": 0.2692582309246063,
          "segment_fraction_end": 0.06489122481528534,
          "segment_fraction_start": 0.0,
          "segment_index": 0,
          "static_traversability": "UNKNOWN"
        },
        "startid": 7
      },
      "type": "Feature"
    },
    {
      "geometry": {
        "coordinates": [
          [
            [
              -2.0708677547641887,
              -0.3858313085432824
            ],
            [
              -2.320436348057938,
              -0.37115080305541465
            ]
          ]
        ],
        "type": "MultiLineString"
      },
      "properties": {
        "endid": 39,
        "id": 228,
        "metadata": {
          "bottleneck": true,
          "canonical_edge_id": 12,
          "length_m": 0.25,
          "min_clearance_m": 0.2692582309246063,
          "segment_fraction_end": 0.1687921998358092,
          "segment_fraction_start": 0.06489122481528534,
          "segment_index": 1,
          "static_traversability": "UNKNOWN"
        },
        "startid": 40
      },
      "type": "Feature"
    },
    {
      "geometry": {
        "coordinates": [
          [
            [
              -2.320436348057938,
              -0.37115080305541465
            ],
            [
              -2.570004941351687,
              -0.35647029756754683
            ]
          ]
        ],
        "type": "MultiLineString"
      },
      "properties": {
        "endid": 38,
        "id": 229,
        "metadata": {
          "bottleneck": true,
          "canonical_edge_id": 12,
          "length_m": 0.25,
          "min_clearance_m": 0.2692582309246063,
          "segment_fraction_end": 0.27269317485633304,
          "segment_fraction_start": 0.1687921998358092,
          "segment_index": 2,
          "static_traversability": "UNKNOWN"
        },
        "startid": 39
      },
      "type": "Feature"
    },
    {
      "geometry": {
        "coordinates": [
          [
            [
              -2.570004941351687,
              -0.35647029756754683
            ],
            [
              -2.8118773126377614,
              -0.373126387582656
            ]
          ]
        ],
        "type": "MultiLineString"
      },
      "properties": {
        "endid": 37,
        "id": 230,
        "metadata": {
          "bottleneck": true,
          "canonical_edge_id": 12,
          "length_m": 0.25,
          "min_clearance_m": 0.2692582309246063,
          "segment_fraction_end": 0.3765941498768569,
          "segment_fraction_start": 0.27269317485633304,
          "segment_index": 3,
          "static_traversability": "UNKNOWN"
        },
        "startid": 38
      },
      "type": "Feature"
    },
    {
      "geometry": {
        "coordinates": [
          [
            [
              -2.8118773126377614,
              -0.373126387582656
            ],
            [
              -3.028120276247817,
              -0.4949999999999992
            ]
          ]
        ],
        "type": "MultiLineString"
      },
      "properties": {
        "endid": 36,
        "id": 231,
        "metadata": {
          "bottleneck": true,
          "canonical_edge_id": 12,
          "length_m": 0.25,
          "min_clearance_m": 0.2692582309246063,
          "segment_fraction_end": 0.4804951248973807,
          "segment_fraction_start": 0.3765941498768569,
          "segment_index": 4,
          "static_traversability": "UNKNOWN"
        },
        "startid": 37
      },
      "type": "Feature"
    },
    {
      "geometry": {
        "coordinates": [
          [
            [
              -3.028120276247817,
              -0.4949999999999992
            ],
            [
              -3.278120276247817,
              -0.4949999999999992
            ]
          ]
        ],
        "type": "MultiLineString"
      },
      "properties": {
        "endid": 35,
        "id": 232,
        "metadata": {
          "bottleneck": true,
          "canonical_edge_id": 12,
          "length_m": 0.25,
          "min_clearance_m": 0.2692582309246063,
          "segment_fraction_end": 0.5843960999179046,
          "segment_fraction_start": 0.4804951248973807,
          "segment_index": 5,
          "static_traversability": "UNKNOWN"
        },
        "startid": 36
      },
      "type": "Feature"
    },
    {
      "geometry": {
        "coordinates": [
          [
            [
              -3.278120276247817,
              -0.4949999999999992
            ],
            [
              -3.528120276247817,
              -0.4949999999999992
            ]
          ]
        ],
        "type": "MultiLineString"
      },
      "properties": {
        "endid": 34,
        "id": 233,
        "metadata": {
          "bottleneck": true,
          "canonical_edge_id": 12,
          "length_m": 0.25,
          "min_clearance_m": 0.2692582309246063,
          "segment_fraction_end": 0.6882970749384284,
          "segment_fraction_start": 0.5843960999179046,
          "segment_index": 6,
          "static_traversability": "UNKNOWN"
        },
        "startid": 35
      },
      "type": "Feature"
    },
    {
      "geometry": {
        "coordinates": [
          [
            [
              -3.528120276247817,
              -0.4949999999999992
            ],
            [
              -3.747842712474618,
              -0.3949999999999996
            ]
          ]
        ],
        "type": "MultiLineString"
      },
      "properties": {
        "endid": 33,
        "id": 234,
        "metadata": {
          "bottleneck": true,
          "canonical_edge_id": 12,
          "length_m": 0.25,
          "min_clearance_m": 0.2692582309246063,
          "segment_fraction_end": 0.7921980499589523,
          "segment_fraction_start": 0.6882970749384284,
          "segment_index": 7,
          "static_traversability": "UNKNOWN"
        },
        "startid": 34
      },
      "type": "Feature"
    },
    {
      "geometry": {
        "coordinates": [
          [
            [
              -3.747842712474618,
              -0.3949999999999996
            ],
            [
              -3.988223304703362,
              -0.418223304703362
            ]
          ]
        ],
        "type": "MultiLineString"
      },
      "properties": {
        "endid": 32,
        "id": 235,
        "metadata": {
          "bottleneck": true,
          "canonical_edge_id": 12,
          "length_m": 0.25,
          "min_clearance_m": 0.2692582309246063,
          "segment_fraction_end": 0.8960990249794761,
          "segment_fraction_start": 0.7921980499589523,
          "segment_index": 8,
          "static_traversability": "UNKNOWN"
        },
        "startid": 33
      },
      "type": "Feature"
    },
    {
      "geometry": {
        "coordinates": [
          [
            [
              -3.988223304703362,
              -0.418223304703362
            ],
            [
              -4.164999999999999,
              -0.5949999999999989
            ]
          ]
        ],
        "type": "MultiLineString"
      },
      "properties": {
        "endid": 2,
        "id": 236,
        "metadata": {
          "bottleneck": true,
          "canonical_edge_id": 12,
          "length_m": 0.25,
          "min_clearance_m": 0.2692582309246063,
          "segment_fraction_end": 1.0,
          "segment_fraction_start": 0.8960990249794761,
          "segment_index": 9,
          "static_traversability": "UNKNOWN"
        },
        "startid": 32
      },
      "type": "Feature"
    },
    {
      "geometry": {
        "coordinates": [
          [
            [
              -1.9149999999999996,
              -0.3949999999999996
            ],
            [
              -1.9149999999999996,
              -0.29994092917744997
            ]
          ]
        ],
        "type": "MultiLineString"
      },
      "properties": {
        "endid": 66,
        "id": 237,
        "metadata": {
          "bottleneck": false,
          "canonical_edge_id": 13,
          "length_m": 0.09505907082254961,
          "min_clearance_m": 0.4000000059604645,
          "segment_fraction_end": 0.05152088208220408,
          "segment_fraction_start": 0.0,
          "segment_index": 0,
          "static_traversability": "FEASIBLE"
        },
        "startid": 7
      },
      "type": "Feature"
    },
    {
      "geometry": {
        "coordinates": [
          [
            [
              -1.9149999999999996,
              -0.29994092917744997
            ],
            [
              -1.9149999999999996,
              -0.049940929177449966
            ]
          ]
        ],
        "type": "MultiLineString"
      },
      "properties": {
        "endid": 65,
        "id": 238,
        "metadata": {
          "bottleneck": false,
          "canonical_edge_id": 13,
          "length_m": 0.25,
          "min_clearance_m": 0.4000000059604645,
          "segment_fraction_end": 0.1870178989276035,
          "segment_fraction_start": 0.05152088208220408,
          "segment_index": 1,
          "static_traversability": "FEASIBLE"
        },
        "startid": 66
      },
      "type": "Feature"
    },
    {
      "geometry": {
        "coordinates": [
          [
            [
              -1.9149999999999996,
              -0.049940929177449966
            ],
            [
              -1.9149999999999996,
              0.20005907082255003
            ]
          ]
        ],
        "type": "MultiLineString"
      },
      "properties": {
        "endid": 64,
        "id": 239,
        "metadata": {
          "bottleneck": false,
          "canonical_edge_id": 13,
          "length_m": 0.25,
          "min_clearance_m": 0.4000000059604645,
          "segment_fraction_end": 0.3225149157730029,
          "segment_fraction_start": 0.1870178989276035,
          "segment_index": 2,
          "static_traversability": "FEASIBLE"
        },
        "startid": 65
      },
      "type": "Feature"
    },
    {
      "geometry": {
        "coordinates": [
          [
            [
              -1.9149999999999996,
              0.20005907082255003
            ],
            [
              -1.9149999999999996,
              0.45005907082255003
            ]
          ]
        ],
        "type": "MultiLineString"
      },
      "properties": {
        "endid": 63,
        "id": 240,
        "metadata": {
          "bottleneck": false,
          "canonical_edge_id": 13,
          "length_m": 0.25,
          "min_clearance_m": 0.4000000059604645,
          "segment_fraction_end": 0.45801193261840234,
          "segment_fraction_start": 0.3225149157730029,
          "segment_index": 3,
          "static_traversability": "FEASIBLE"
        },
        "startid": 64
      },
      "type": "Feature"
    },
    {
      "geometry": {
        "coordinates": [
          [
            [
              -1.9149999999999996,
              0.45005907082255003
            ],
            [
              -2.0149999999999997,
              0.6697815070493505
            ]
          ]
        ],
        "type": "MultiLineString"
      },
      "properties": {
        "endid": 62,
        "id": 241,
        "metadata": {
          "bottleneck": false,
          "canonical_edge_id": 13,
          "length_m": 0.25,
          "min_clearance_m": 0.4000000059604645,
          "segment_fraction_end": 0.5935089494638017,
          "segment_fraction_start": 0.45801193261840234,
          "segment_index": 4,
          "static_traversability": "FEASIBLE"
        },
        "startid": 63
      },
      "type": "Feature"
    },
    {
      "geometry": {
        "coordinates": [
          [
            [
              -2.0149999999999997,
              0.6697815070493505
            ],
            [
              -2.0221785344106835,
              0.9179213619392317
            ]
          ]
        ],
        "type": "MultiLineString"
      },
      "properties": {
        "endid": 61,
        "id": 242,
        "metadata": {
          "bottleneck": false,
          "canonical_edge_id": 13,
          "length_m": 0.25,
          "min_clearance_m": 0.4000000059604645,
          "segment_fraction_end": 0.7290059663092011,
          "segment_fraction_start": 0.5935089494638017,
          "segment_index": 5,
          "static_traversability": "FEASIBLE"
        },
        "startid": 62
      },
      "type": "Feature"
    },
    {
      "geometry": {
        "coordinates": [
          [
            [
              -2.0221785344106835,
              0.9179213619392317
            ],
            [
              -2.1435892672053414,
              1.136460680969616
            ]
          ]
        ],
        "type": "MultiLineString"
      },
      "properties": {
        "endid": 60,
        "id": 243,
        "metadata": {
          "bottleneck": false,
          "canonical_edge_id": 13,
          "length_m": 0.25,
          "min_clearance_m": 0.4000000059604645,
          "segment_fraction_end": 0.8645029831546006,
          "segment_fraction_start": 0.7290059663092011,
          "segment_index": 6,
          "static_traversability": "FEASIBLE"
        },
        "startid": 61
      },
      "type": "Feature"
    },
    {
      "geometry": {
        "coordinates": [
          [
            [
              -2.1435892672053414,
              1.136460680969616
            ],
            [
              -2.2649999999999997,
              1.3550000000000004
            ]
          ]
        ],
        "type": "MultiLineString"
      },
      "properties": {
        "endid": 6,
        "id": 244,
        "metadata": {
          "bottleneck": false,
          "canonical_edge_id": 13,
          "length_m": 0.25,
          "min_clearance_m": 0.4000000059604645,
          "segment_fraction_end": 1.0,
          "segment_fraction_start": 0.8645029831546006,
          "segment_index": 7,
          "static_traversability": "FEASIBLE"
        },
        "startid": 60
      },
      "type": "Feature"
    },
    {
      "geometry": {
        "coordinates": [
          [
            [
              -1.9149999999999996,
              -0.3949999999999996
            ],
            [
              -1.7523021566360073,
              -0.5848141505913236
            ]
          ]
        ],
        "type": "MultiLineString"
      },
      "properties": {
        "endid": 67,
        "id": 245,
        "metadata": {
          "bottleneck": false,
          "canonical_edge_id": 14,
          "length_m": 0.25,
          "min_clearance_m": 0.6020797491073608,
          "segment_fraction_end": 0.5423261445466405,
          "segment_fraction_start": 0.0,
          "segment_index": 0,
          "static_traversability": "FEASIBLE"
        },
        "startid": 7
      },
      "type": "Feature"
    },
    {
      "geometry": {
        "coordinates": [
          [
            [
              -1.7523021566360073,
              -0.5848141505913236
            ],
            [
              -1.6149999999999993,
              -0.7449999999999992
            ]
          ]
        ],
        "type": "MultiLineString"
      },
      "properties": {
        "endid": 8,
        "id": 246,
        "metadata": {
          "bottleneck": false,
          "canonical_edge_id": 14,
          "length_m": 0.21097722286464426,
          "min_clearance_m": 0.6020797491073608,
          "segment_fraction_end": 1.0,
          "segment_fraction_start": 0.5423261445466405,
          "segment_index": 1,
          "static_traversability": "FEASIBLE"
        },
        "startid": 67
      },
      "type": "Feature"
    },
    {
      "geometry": {
        "coordinates": [
          [
            [
              -1.6149999999999993,
              -0.7449999999999991
            ],
            [
              -1.6819028639524818,
              -0.8676552505795503
            ]
          ]
        ],
        "type": "MultiLineString"
      },
      "properties": {
        "endid": 59,
        "id": 247,
        "metadata": {
          "bottleneck": false,
          "canonical_edge_id": 15,
          "length_m": 0.1397150804307712,
          "min_clearance_m": 0.4000000059604645,
          "segment_fraction_end": 0.06529611428575972,
          "segment_fraction_start": 0.0,
          "segment_index": 0,
          "static_traversability": "FEASIBLE"
        },
        "startid": 8
      },
      "type": "Feature"
    },
    {
      "geometry": {
        "coordinates": [
          [
            [
              -1.6819028639524818,
              -0.8676552505795503
            ],
            [
              -1.8016158966226252,
              -1.0871291438081463
            ]
          ]
        ],
        "type": "MultiLineString"
      },
      "properties": {
        "endid": 58,
        "id": 248,
        "metadata": {
          "bottleneck": false,
          "canonical_edge_id": 15,
          "length_m": 0.25,
          "min_clearance_m": 0.4000000059604645,
          "segment_fraction_end": 0.18213410000003977,
          "segment_fraction_start": 0.06529611428575972,
          "segment_index": 1,
          "static_traversability": "FEASIBLE"
        },
        "startid": 59
      },
      "type": "Feature"
    },
    {
      "geometry": {
        "coordinates": [
          [
            [
              -1.8016158966226252,
              -1.0871291438081463
            ],
            [
              -1.9149999999999996,
              -1.3082168761236868
            ]
          ]
        ],
        "type": "MultiLineString"
      },
      "properties": {
        "endid": 57,
        "id": 249,
        "metadata": {
          "bottleneck": false,
          "canonical_edge_id": 15,
          "length_m": 0.25,
          "min_clearance_m": 0.4000000059604645,
          "segment_fraction_end": 0.29897208571431977,
          "segment_fraction_start": 0.18213410000003977,
          "segment_index": 2,
          "static_traversability": "FEASIBLE"
        },
        "startid": 58
      },
      "type": "Feature"
    },
    {
      "geometry": {
        "coordinates": [
          [
            [
              -1.9149999999999996,
              -1.3082168761236868
            ],
            [
              -1.9149999999999996,
              -1.5582168761236868
            ]
          ]
        ],
        "type": "MultiLineString"
      },
      "properties": {
        "endid": 56,
        "id": 250,
        "metadata": {
          "bottleneck": false,
          "canonical_edge_id": 15,
          "length_m": 0.25,
          "min_clearance_m": 0.4000000059604645,
          "segment_fraction_end": 0.4158100714285998,
          "segment_fraction_start": 0.29897208571431977,
          "segment_index": 3,
          "static_traversability": "FEASIBLE"
        },
        "startid": 57
      },
      "type": "Feature"
    },
    {
      "geometry": {
        "coordinates": [
          [
            [
              -1.9149999999999996,
              -1.5582168761236868
            ],
            [
              -1.9149999999999996,
              -1.8082168761236868
            ]
          ]
        ],
        "type": "MultiLineString"
      },
      "properties": {
        "endid": 55,
        "id": 251,
        "metadata": {
          "bottleneck": false,
          "canonical_edge_id": 15,
          "length_m": 0.25,
          "min_clearance_m": 0.4000000059604645,
          "segment_fraction_end": 0.5326480571428799,
          "segment_fraction_start": 0.4158100714285998,
          "segment_index": 4,
          "static_traversability": "FEASIBLE"
        },
        "startid": 56
      },
      "type": "Feature"
    },
    {
      "geometry": {
        "coordinates": [
          [
            [
              -1.9149999999999996,
              -1.8082168761236868
            ],
            [
              -1.9219269307517486,
              -2.0562562624715914
            ]
          ]
        ],
        "type": "MultiLineString"
      },
      "properties": {
        "endid": 54,
        "id": 252,
        "metadata": {
          "bottleneck": false,
          "canonical_edge_id": 15,
          "length_m": 0.25,
          "min_clearance_m": 0.4000000059604645,
          "segment_fraction_end": 0.6494860428571599,
          "segment_fraction_start": 0.5326480571428799,
          "segment_index": 5,
          "static_traversability": "FEASIBLE"
        },
        "startid": 55
      },
      "type": "Feature"
    },
    {
      "geometry": {
        "coordinates": [
          [
            [
              -1.9219269307517486,
              -2.0562562624715914
            ],
            [
              -2.0529512871678324,
              -2.2691708416477274
            ]
          ]
        ],
        "type": "MultiLineString"
      },
      "properties": {
        "endid": 53,
        "id": 253,
        "metadata": {
          "bottleneck": false,
          "canonical_edge_id": 15,
          "length_m": 0.25,
          "min_clearance_m": 0.4000000059604645,
          "segment_fraction_end": 0.7663240285714399,
          "segment_fraction_start": 0.6494860428571599,
          "segment_index": 6,
          "static_traversability": "FEASIBLE"
        },
        "startid": 54
      },
      "type": "Feature"
    },
    {
      "geometry": {
        "coordinates": [
          [
            [
              -2.0529512871678324,
              -2.2691708416477274
            ],
            [
              -2.1839756435839157,
              -2.4820854208238634
            ]
          ]
        ],
        "type": "MultiLineString"
      },
      "properties": {
        "endid": 52,
        "id": 254,
        "metadata": {
          "bottleneck": false,
          "canonical_edge_id": 15,
          "length_m": 0.25,
          "min_clearance_m": 0.4000000059604645,
          "segment_fraction_end": 0.8831620142857199,
          "segment_fraction_start": 0.7663240285714399,
          "segment_index": 7,
          "static_traversability": "FEASIBLE"
        },
        "startid": 53
      },
      "type": "Feature"
    },
    {
      "geometry": {
        "coordinates": [
          [
            [
              -2.1839756435839157,
              -2.4820854208238634
            ],
            [
              -2.3149999999999995,
              -2.6949999999999994
            ]
          ]
        ],
        "type": "MultiLineString"
      },
      "properties": {
        "endid": 5,
        "id": 255,
        "metadata": {
          "bottleneck": false,
          "canonical_edge_id": 15,
          "length_m": 0.25,
          "min_clearance_m": 0.4000000059604645,
          "segment_fraction_end": 1.0,
          "segment_fraction_start": 0.8831620142857199,
          "segment_index": 8,
          "static_traversability": "FEASIBLE"
        },
        "startid": 52
      },
      "type": "Feature"
    },
    {
      "geometry": {
        "coordinates": [
          [
            [
              -1.6149999999999993,
              -0.7449999999999992
            ],
            [
              -1.7523021566360073,
              -0.5848141505913236
            ]
          ]
        ],
        "type": "MultiLineString"
      },
      "properties": {
        "endid": 67,
        "id": 256,
        "metadata": {
          "bottleneck": false,
          "canonical_edge_id": 16,
          "length_m": 0.21097722286464426,
          "min_clearance_m": 0.6020797491073608,
          "segment_fraction_end": 0.4576738554533595,
          "segment_fraction_start": 0.0,
          "segment_index": 0,
          "static_traversability": "FEASIBLE"
        },
        "startid": 8
      },
      "type": "Feature"
    },
    {
      "geometry": {
        "coordinates": [
          [
            [
              -1.7523021566360073,
              -0.5848141505913236
            ],
            [
              -1.9149999999999996,
              -0.3949999999999996
            ]
          ]
        ],
        "type": "MultiLineString"
      },
      "properties": {
        "endid": 7,
        "id": 257,
        "metadata": {
          "bottleneck": false,
          "canonical_edge_id": 16,
          "length_m": 0.25,
          "min_clearance_m": 0.6020797491073608,
          "segment_fraction_end": 1.0,
          "segment_fraction_start": 0.4576738554533595,
          "segment_index": 1,
          "static_traversability": "FEASIBLE"
        },
        "startid": 67
      },
      "type": "Feature"
    },
    {
      "geometry": {
        "coordinates": [
          [
            [
              -1.6149999999999993,
              -0.7449999999999992
            ],
            [
              -1.3649999999999993,
              -0.7449999999999992
            ]
          ]
        ],
        "type": "MultiLineString"
      },
      "properties": {
        "endid": 68,
        "id": 258,
        "metadata": {
          "bottleneck": false,
          "canonical_edge_id": 17,
          "length_m": 0.25,
          "min_clearance_m": 0.800000011920929,
          "segment_fraction_end": 0.25,
          "segment_fraction_start": 0.0,
          "segment_index": 0,
          "static_traversability": "FEASIBLE"
        },
        "startid": 8
      },
      "type": "Feature"
    },
    {
      "geometry": {
        "coordinates": [
          [
            [
              -1.3649999999999993,
              -0.7449999999999992
            ],
            [
              -1.1149999999999993,
              -0.7449999999999992
            ]
          ]
        ],
        "type": "MultiLineString"
      },
      "properties": {
        "endid": 69,
        "id": 259,
        "metadata": {
          "bottleneck": false,
          "canonical_edge_id": 17,
          "length_m": 0.25,
          "min_clearance_m": 0.800000011920929,
          "segment_fraction_end": 0.5,
          "segment_fraction_start": 0.25,
          "segment_index": 1,
          "static_traversability": "FEASIBLE"
        },
        "startid": 68
      },
      "type": "Feature"
    },
    {
      "geometry": {
        "coordinates": [
          [
            [
              -1.1149999999999993,
              -0.7449999999999992
            ],
            [
              -0.8649999999999993,
              -0.7449999999999992
            ]
          ]
        ],
        "type": "MultiLineString"
      },
      "properties": {
        "endid": 70,
        "id": 260,
        "metadata": {
          "bottleneck": false,
          "canonical_edge_id": 17,
          "length_m": 0.25,
          "min_clearance_m": 0.800000011920929,
          "segment_fraction_end": 0.75,
          "segment_fraction_start": 0.5,
          "segment_index": 2,
          "static_traversability": "FEASIBLE"
        },
        "startid": 69
      },
      "type": "Feature"
    },
    {
      "geometry": {
        "coordinates": [
          [
            [
              -0.8649999999999993,
              -0.7449999999999992
            ],
            [
              -0.6149999999999993,
              -0.7449999999999992
            ]
          ]
        ],
        "type": "MultiLineString"
      },
      "properties": {
        "endid": 9,
        "id": 261,
        "metadata": {
          "bottleneck": false,
          "canonical_edge_id": 17,
          "length_m": 0.25,
          "min_clearance_m": 0.800000011920929,
          "segment_fraction_end": 1.0,
          "segment_fraction_start": 0.75,
          "segment_index": 3,
          "static_traversability": "FEASIBLE"
        },
        "startid": 70
      },
      "type": "Feature"
    },
    {
      "geometry": {
        "coordinates": [
          [
            [
              -0.6149999999999993,
              -0.7449999999999992
            ],
            [
              -0.8649999999999993,
              -0.7449999999999992
            ]
          ]
        ],
        "type": "MultiLineString"
      },
      "properties": {
        "endid": 70,
        "id": 262,
        "metadata": {
          "bottleneck": false,
          "canonical_edge_id": 18,
          "length_m": 0.25,
          "min_clearance_m": 0.800000011920929,
          "segment_fraction_end": 0.25,
          "segment_fraction_start": 0.0,
          "segment_index": 0,
          "static_traversability": "FEASIBLE"
        },
        "startid": 9
      },
      "type": "Feature"
    },
    {
      "geometry": {
        "coordinates": [
          [
            [
              -0.8649999999999993,
              -0.7449999999999992
            ],
            [
              -1.1149999999999993,
              -0.7449999999999992
            ]
          ]
        ],
        "type": "MultiLineString"
      },
      "properties": {
        "endid": 69,
        "id": 263,
        "metadata": {
          "bottleneck": false,
          "canonical_edge_id": 18,
          "length_m": 0.25,
          "min_clearance_m": 0.800000011920929,
          "segment_fraction_end": 0.5,
          "segment_fraction_start": 0.25,
          "segment_index": 1,
          "static_traversability": "FEASIBLE"
        },
        "startid": 70
      },
      "type": "Feature"
    },
    {
      "geometry": {
        "coordinates": [
          [
            [
              -1.1149999999999993,
              -0.7449999999999992
            ],
            [
              -1.3649999999999993,
              -0.7449999999999992
            ]
          ]
        ],
        "type": "MultiLineString"
      },
      "properties": {
        "endid": 68,
        "id": 264,
        "metadata": {
          "bottleneck": false,
          "canonical_edge_id": 18,
          "length_m": 0.25,
          "min_clearance_m": 0.800000011920929,
          "segment_fraction_end": 0.75,
          "segment_fraction_start": 0.5,
          "segment_index": 2,
          "static_traversability": "FEASIBLE"
        },
        "startid": 69
      },
      "type": "Feature"
    },
    {
      "geometry": {
        "coordinates": [
          [
            [
              -1.3649999999999993,
              -0.7449999999999992
            ],
            [
              -1.6149999999999993,
              -0.7449999999999992
            ]
          ]
        ],
        "type": "MultiLineString"
      },
      "properties": {
        "endid": 8,
        "id": 265,
        "metadata": {
          "bottleneck": false,
          "canonical_edge_id": 18,
          "length_m": 0.25,
          "min_clearance_m": 0.800000011920929,
          "segment_fraction_end": 1.0,
          "segment_fraction_start": 0.75,
          "segment_index": 3,
          "static_traversability": "FEASIBLE"
        },
        "startid": 68
      },
      "type": "Feature"
    },
    {
      "geometry": {
        "coordinates": [
          [
            [
              -0.6149999999999993,
              -0.7449999999999992
            ],
            [
              -0.43822330470336246,
              -0.5682233047033624
            ]
          ]
        ],
        "type": "MultiLineString"
      },
      "properties": {
        "endid": 71,
        "id": 266,
        "metadata": {
          "bottleneck": false,
          "canonical_edge_id": 19,
          "length_m": 0.25,
          "min_clearance_m": 1.0307763814926147,
          "segment_fraction_end": 0.27196414661021046,
          "segment_fraction_start": 0.0,
          "segment_index": 0,
          "static_traversability": "FEASIBLE"
        },
        "startid": 9
      },
      "type": "Feature"
    },
    {
      "geometry": {
        "coordinates": [
          [
            [
              -0.43822330470336246,
              -0.5682233047033624
            ],
            [
              -0.26144660940672554,
              -0.39144660940672543
            ]
          ]
        ],
        "type": "MultiLineString"
      },
      "properties": {
        "endid": 72,
        "id": 267,
        "metadata": {
          "bottleneck": false,
          "canonical_edge_id": 19,
          "length_m": 0.25,
          "min_clearance_m": 1.0307763814926147,
          "segment_fraction_end": 0.5439282932204209,
          "segment_fraction_start": 0.27196414661021046,
          "segment_index": 1,
          "static_traversability": "FEASIBLE"
        },
        "startid": 71
      },
      "type": "Feature"
    },
    {
      "geometry": {
        "coordinates": [
          [
            [
              -0.26144660940672554,
              -0.39144660940672543
            ],
            [
              -0.08466991411008873,
              -0.21466991411008862
            ]
          ]
        ],
        "type": "MultiLineString"
      },
      "properties": {
        "endid": 73,
        "id": 268,
        "metadata": {
          "bottleneck": false,
          "canonical_edge_id": 19,
          "length_m": 0.25,
          "min_clearance_m": 1.0307763814926147,
          "segment_fraction_end": 0.8158924398306313,
          "segment_fraction_start": 0.5439282932204209,
          "segment_index": 2,
          "static_traversability": "FEASIBLE"
        },
        "startid": 72
      },
      "type": "Feature"
    },
    {
      "geometry": {
        "coordinates": [
          [
            [
              -0.08466991411008873,
              -0.21466991411008862
            ],
            [
              0.03500000000000103,
              -0.09499999999999886
            ]
          ]
        ],
        "type": "MultiLineString"
      },
      "properties": {
        "endid": 14,
        "id": 269,
        "metadata": {
          "bottleneck": false,
          "canonical_edge_id": 19,
          "length_m": 0.1692388155425123,
          "min_clearance_m": 1.0307763814926147,
          "segment_fraction_end": 1.0,
          "segment_fraction_start": 0.8158924398306313,
          "segment_index": 3,
          "static_traversability": "FEASIBLE"
        },
        "startid": 73
      },
      "type": "Feature"
    },
    {
      "geometry": {
        "coordinates": [
          [
            [
              -0.6149999999999993,
              -0.7449999999999992
            ],
            [
              -0.604592363821954,
              -0.9947832682730872
            ]
          ]
        ],
        "type": "MultiLineString"
      },
      "properties": {
        "endid": 74,
        "id": 270,
        "metadata": {
          "bottleneck": false,
          "canonical_edge_id": 20,
          "length_m": 0.25,
          "min_clearance_m": 0.4000000059604645,
          "segment_fraction_end": 0.05297417160619338,
          "segment_fraction_start": 0.0,
          "segment_index": 0,
          "static_traversability": "FEASIBLE"
        },
        "startid": 9
      },
      "type": "Feature"
    },
    {
      "geometry": {
        "coordinates": [
          [
            [
              -0.604592363821954,
              -0.9947832682730872
            ],
            [
              -0.5941847276439087,
              -1.244566536546175
            ]
          ]
        ],
        "type": "MultiLineString"
      },
      "properties": {
        "endid": 75,
        "id": 271,
        "metadata": {
          "bottleneck": false,
          "canonical_edge_id": 20,
          "length_m": 0.25,
          "min_clearance_m": 0.4000000059604645,
          "segment_fraction_end": 0.10594834321238676,
          "segment_fraction_start": 0.05297417160619338,
          "segment_index": 1,
          "static_traversability": "FEASIBLE"
        },
        "startid": 74
      },
      "type": "Feature"
    },
    {
      "geometry": {
        "coordinates": [
          [
            [
              -0.5941847276439087,
              -1.244566536546175
            ],
            [
              -0.5837770914658634,
              -1.4943498048192634
            ]
          ]
        ],
        "type": "MultiLineString"
      },
      "properties": {
        "endid": 76,
        "id": 272,
        "metadata": {
          "bottleneck": false,
          "canonical_edge_id": 20,
          "length_m": 0.25,
          "min_clearance_m": 0.4000000059604645,
          "segment_fraction_end": 0.15892251481858014,
          "segment_fraction_start": 0.10594834321238676,
          "segment_index": 2,
          "static_traversability": "FEASIBLE"
        },
        "startid": 75
      },
      "type": "Feature"
    },
    {
      "geometry": {
        "coordinates": [
          [
            [
              -0.5837770914658634,
              -1.4943498048192634
            ],
            [
              -0.5733694552878181,
              -1.744133073092351
            ]
          ]
        ],
        "type": "MultiLineString"
      },
      "properties": {
        "endid": 77,
        "id": 273,
        "metadata": {
          "bottleneck": false,
          "canonical_edge_id": 20,
          "length_m": 0.25,
          "min_clearance_m": 0.4000000059604645,
          "segment_fraction_end": 0.21189668642477352,
          "segment_fraction_start": 0.15892251481858014,
          "segment_index": 3,
          "static_traversability": "FEASIBLE"
        },
        "startid": 76
      },
      "type": "Feature"
    },
    {
      "geometry": {
        "coordinates": [
          [
            [
              -0.5733694552878181,
              -1.744133073092351
            ],
            [
              -0.5195429092636996,
              -1.9631828362945194
            ]
          ]
        ],
        "type": "MultiLineString"
      },
      "properties": {
        "endid": 78,
        "id": 274,
        "metadata": {
          "bottleneck": false,
          "canonical_edge_id": 20,
          "length_m": 0.25,
          "min_clearance_m": 0.4000000059604645,
          "segment_fraction_end": 0.2648708580309669,
          "segment_fraction_start": 0.21189668642477352,
          "segment_index": 4,
          "static_traversability": "FEASIBLE"
        },
        "startid": 77
      },
      "type": "Feature"
    },
    {
      "geometry": {
        "coordinates": [
          [
            [
              -0.5195429092636996,
              -1.9631828362945194
            ],
            [
              -0.2874237365423848,
              -2.0560305053830454
            ]
          ]
        ],
        "type": "MultiLineString"
      },
      "properties": {
        "endid": 79,
        "id": 275,
        "metadata": {
          "bottleneck": false,
          "canonical_edge_id": 20,
          "length_m": 0.25,
          "min_clearance_m": 0.4000000059604645,
          "segment_fraction_end": 0.31784502963716027,
          "segment_fraction_start": 0.2648708580309669,
          "segment_index": 5,
          "static_traversability": "FEASIBLE"
        },
        "startid": 78
      },
      "type": "Feature"
    },
    {
      "geometry": {
        "coordinates": [
          [
            [
              -0.2874237365423848,
              -2.0560305053830454
            ],
            [
              -0.05530456382106996,
              -2.1488781744715713
            ]
          ]
        ],
        "type": "MultiLineString"
      },
      "properties": {
        "endid": 80,
        "id": 276,
        "metadata": {
          "bottleneck": false,
          "canonical_edge_id": 20,
          "length_m": 0.25,
          "min_clearance_m": 0.4000000059604645,
          "segment_fraction_end": 0.37081920124335366,
          "segment_fraction_start": 0.31784502963716027,
          "segment_index": 6,
          "static_traversability": "FEASIBLE"
        },
        "startid": 79
      },
      "type": "Feature"
    },
    {
      "geometry": {
        "coordinates": [
          [
            [
              -0.05530456382106996,
              -2.1488781744715713
            ],
            [
              0.1768146089002448,
              -2.2417258435600975
            ]
          ]
        ],
        "type": "MultiLineString"
      },
      "properties": {
        "endid": 81,
        "id": 277,
        "metadata": {
          "bottleneck": false,
          "canonical_edge_id": 20,
          "length_m": 0.25,
          "min_clearance_m": 0.4000000059604645,
          "segment_fraction_end": 0.42379337284954705,
          "segment_fraction_start": 0.37081920124335366,
          "segment_index": 7,
          "static_traversability": "FEASIBLE"
        },
        "startid": 80
      },
      "type": "Feature"
    },
    {
      "geometry": {
        "coordinates": [
          [
            [
              0.1768146089002448,
              -2.2417258435600975
            ],
            [
              0.4089337816215596,
              -2.3345735126486233
            ]
          ]
        ],
        "type": "MultiLineString"
      },
      "properties": {
        "endid": 82,
        "id": 278,
        "metadata": {
          "bottleneck": false,
          "canonical_edge_id": 20,
          "length_m": 0.25,
          "min_clearance_m": 0.4000000059604645,
          "segment_fraction_end": 0.47676754445574043,
          "segment_fraction_start": 0.42379337284954705,
          "segment_index": 8,
          "static_traversability": "FEASIBLE"
        },
        "startid": 81
      },
      "type": "Feature"
    },
    {
      "geometry": {
        "coordinates": [
          [
            [
              0.4089337816215596,
              -2.3345735126486233
            ],
            [
              0.5681554941760013,
              -2.5225406589013333
            ]
          ]
        ],
        "type": "MultiLineString"
      },
      "properties": {
        "endid": 83,
        "id": 279,
        "metadata": {
          "bottleneck": false,
          "canonical_edge_id": 20,
          "length_m": 0.25,
          "min_clearance_m": 0.4000000059604645,
          "segment_fraction_end": 0.5297417160619338,
          "segment_fraction_start": 0.47676754445574043,
          "segment_index": 9,
          "static_traversability": "FEASIBLE"
        },
        "startid": 82
      },
      "type": "Feature"
    },
    {
      "geometry": {
        "coordinates": [
          [
            [
              0.5681554941760013,
              -2.5225406589013333
            ],
            [
              0.5911622292670133,
              -2.766840253612448
            ]
          ]
        ],
        "type": "MultiLineString"
      },
      "properties": {
        "endid": 84,
        "id": 280,
        "metadata": {
          "bottleneck": false,
          "canonical_edge_id": 20,
          "length_m": 0.25,
          "min_clearance_m": 0.4000000059604645,
          "segment_fraction_end": 0.5827158876681272,
          "segment_fraction_start": 0.5297417160619338,
          "segment_index": 10,
          "static_traversability": "FEASIBLE"
        },
        "startid": 83
      },
      "type": "Feature"
    },
    {
      "geometry": {
        "coordinates": [
          [
            [
              0.5911622292670133,
              -2.766840253612448
            ],
            [
              0.5981039960771016,
              -3.0167438587756275
            ]
          ]
        ],
        "type": "MultiLineString"
      },
      "properties": {
        "endid": 85,
        "id": 281,
        "metadata": {
          "bottleneck": false,
          "canonical_edge_id": 20,
          "length_m": 0.25,
          "min_clearance_m": 0.4000000059604645,
          "segment_fraction_end": 0.6356900592743205,
          "segment_fraction_start": 0.5827158876681272,
          "segment_index": 11,
          "static_traversability": "FEASIBLE"
        },
        "startid": 84
      },
      "type": "Feature"
    },
    {
      "geometry": {
        "coordinates": [
          [
            [
              0.5981039960771016,
              -3.0167438587756275
            ],
            [
              0.6050457628871899,
              -3.2666474639388072
            ]
          ]
        ],
        "type": "MultiLineString"
      },
      "properties": {
        "endid": 86,
        "id": 282,
        "metadata": {
          "bottleneck": false,
          "canonical_edge_id": 20,
          "length_m": 0.25,
          "min_clearance_m": 0.4000000059604645,
          "segment_fraction_end": 0.688664230880514,
          "segment_fraction_start": 0.6356900592743205,
          "segment_index": 12,
          "static_traversability": "FEASIBLE"
        },
        "startid": 85
      },
      "type": "Feature"
    },
    {
      "geometry": {
        "coordinates": [
          [
            [
              0.6050457628871899,
              -3.2666474639388072
            ],
            [
              0.6119875296972782,
              -3.516551069101987
            ]
          ]
        ],
        "type": "MultiLineString"
      },
      "properties": {
        "endid": 87,
        "id": 283,
        "metadata": {
          "bottleneck": false,
          "canonical_edge_id": 20,
          "length_m": 0.25,
          "min_clearance_m": 0.4000000059604645,
          "segment_fraction_end": 0.7416384024867073,
          "segment_fraction_start": 0.688664230880514,
          "segment_index": 13,
          "static_traversability": "FEASIBLE"
        },
        "startid": 86
      },
      "type": "Feature"
    },
    {
      "geometry": {
        "coordinates": [
          [
            [
              0.6119875296972782,
              -3.516551069101987
            ],
            [
              0.6189292965073665,
              -3.7664546742651663
            ]
          ]
        ],
        "type": "MultiLineString"
      },
      "properties": {
        "endid": 88,
        "id": 284,
        "metadata": {
          "bottleneck": false,
          "canonical_edge_id": 20,
          "length_m": 0.25,
          "min_clearance_m": 0.4000000059604645,
          "segment_fraction_end": 0.7946125740929006,
          "segment_fraction_start": 0.7416384024867073,
          "segment_index": 14,
          "static_traversability": "FEASIBLE"
        },
        "startid": 87
      },
      "type": "Feature"
    },
    {
      "geometry": {
        "coordinates": [
          [
            [
              0.6189292965073665,
              -3.7664546742651663
            ],
            [
              0.6258710633174548,
              -4.016358279428346
            ]
          ]
        ],
        "type": "MultiLineString"
      },
      "properties": {
        "endid": 89,
        "id": 285,
        "metadata": {
          "bottleneck": false,
          "canonical_edge_id": 20,
          "length_m": 0.25,
          "min_clearance_m": 0.4000000059604645,
          "segment_fraction_end": 0.8475867456990941,
          "segment_fraction_start": 0.7946125740929006,
          "segment_index": 15,
          "static_traversability": "FEASIBLE"
        },
        "startid": 88
      },
      "type": "Feature"
    },
    {
      "geometry": {
        "coordinates": [
          [
            [
              0.6258710633174548,
              -4.016358279428346
            ],
            [
              0.6328128301275431,
              -4.266261884591525
            ]
          ]
        ],
        "type": "MultiLineString"
      },
      "properties": {
        "endid": 90,
        "id": 286,
        "metadata": {
          "bottleneck": false,
          "canonical_edge_id": 20,
          "length_m": 0.25,
          "min_clearance_m": 0.4000000059604645,
          "segment_fraction_end": 0.9005609173052874,
          "segment_fraction_start": 0.8475867456990941,
          "segment_index": 16,
          "static_traversability": "FEASIBLE"
        },
        "startid": 89
      },
      "type": "Feature"
    },
    {
      "geometry": {
        "coordinates": [
          [
            [
              0.6328128301275431,
              -4.266261884591525
            ],
            [
              0.5253802565889936,
              -4.476543692093208
            ]
          ]
        ],
        "type": "MultiLineString"
      },
      "properties": {
        "endid": 91,
        "id": 287,
        "metadata": {
          "bottleneck": false,
          "canonical_edge_id": 20,
          "length_m": 0.25,
          "min_clearance_m": 0.4000000059604645,
          "segment_fraction_end": 0.9535350889114809,
          "segment_fraction_start": 0.9005609173052874,
          "segment_index": 17,
          "static_traversability": "FEASIBLE"
        },
        "startid": 90
      },
      "type": "Feature"
    },
    {
      "geometry": {
        "coordinates": [
          [
            [
              0.5253802565889936,
              -4.476543692093208
            ],
            [
              0.3850000000000009,
              -4.645
            ]
          ]
        ],
        "type": "MultiLineString"
      },
      "properties": {
        "endid": 18,
        "id": 288,
        "metadata": {
          "bottleneck": false,
          "canonical_edge_id": 20,
          "length_m": 0.21928097070557495,
          "min_clearance_m": 0.4000000059604645,
          "segment_fraction_end": 1.0,
          "segment_fraction_start": 0.9535350889114809,
          "segment_index": 18,
          "static_traversability": "FEASIBLE"
        },
        "startid": 91
      },
      "type": "Feature"
    },
    {
      "geometry": {
        "coordinates": [
          [
            [
              -0.6149999999999993,
              3.505000000000001
            ],
            [
              -0.5031966011250099,
              3.2813932022500216
            ]
          ]
        ],
        "type": "MultiLineString"
      },
      "properties": {
        "endid": 92,
        "id": 289,
        "metadata": {
          "bottleneck": true,
          "canonical_edge_id": 21,
          "length_m": 0.25,
          "min_clearance_m": 0.3201562166213989,
          "segment_fraction_end": 0.3726779962499651,
          "segment_fraction_start": 0.0,
          "segment_index": 0,
          "static_traversability": "UNKNOWN"
        },
        "startid": 10
      },
      "type": "Feature"
    },
    {
      "geometry": {
        "coordinates": [
          [
            [
              -0.5031966011250099,
              3.2813932022500216
            ],
            [
              -0.3913932022500204,
              3.057786404500043
            ]
          ]
        ],
        "type": "MultiLineString"
      },
      "properties": {
        "endid": 93,
        "id": 290,
        "metadata": {
          "bottleneck": true,
          "canonical_edge_id": 21,
          "length_m": 0.25,
          "min_clearance_m": 0.3201562166213989,
          "segment_fraction_end": 0.7453559924999302,
          "segment_fraction_start": 0.3726779962499651,
          "segment_index": 1,
          "static_traversability": "UNKNOWN"
        },
        "startid": 92
      },
      "type": "Feature"
    },
    {
      "geometry": {
        "coordinates": [
          [
            [
              -0.3913932022500204,
              3.057786404500043
            ],
            [
              -0.3149999999999995,
              2.905000000000001
            ]
          ]
        ],
        "type": "MultiLineString"
      },
      "properties": {
        "endid": 12,
        "id": 291,
        "metadata": {
          "bottleneck": true,
          "canonical_edge_id": 21,
          "length_m": 0.1708203932499366,
          "min_clearance_m": 0.3201562166213989,
          "segment_fraction_end": 1.0,
          "segment_fraction_start": 0.7453559924999302,
          "segment_index": 2,
          "static_traversability": "UNKNOWN"
        },
        "startid": 93
      },
      "type": "Feature"
    },
    {
      "geometry": {
        "coordinates": [
          [
            [
              -0.6149999999999993,
              3.505000000000001
            ],
            [
              -0.44488722515817997,
              3.6881983729065757
            ]
          ]
        ],
        "type": "MultiLineString"
      },
      "properties": {
        "endid": 94,
        "id": 292,
        "metadata": {
          "bottleneck": true,
          "canonical_edge_id": 22,
          "length_m": 0.25,
          "min_clearance_m": 0.3201562166213989,
          "segment_fraction_end": 0.16226823941687207,
          "segment_fraction_start": 0.0,
          "segment_index": 0,
          "static_traversability": "FEASIBLE"
        },
        "startid": 10
      },
      "type": "Feature"
    },
    {
      "geometry": {
        "coordinates": [
          [
            [
              -0.44488722515817997,
              3.6881983729065757
            ],
            [
              -0.2747744503163606,
              3.8713967458131506
            ]
          ]
        ],
        "type": "MultiLineString"
      },
      "properties": {
        "endid": 95,
        "id": 293,
        "metadata": {
          "bottleneck": true,
          "canonical_edge_id": 22,
          "length_m": 0.25,
          "min_clearance_m": 0.3201562166213989,
          "segment_fraction_end": 0.32453647883374415,
          "segment_fraction_start": 0.16226823941687207,
          "segment_index": 1,
          "static_traversability": "FEASIBLE"
        },
        "startid": 94
      },
      "type": "Feature"
    },
    {
      "geometry": {
        "coordinates": [
          [
            [
              -0.2747744503163606,
              3.8713967458131506
            ],
            [
              -0.1046616754745412,
              4.0545951187197256
            ]
          ]
        ],
        "type": "MultiLineString"
      },
      "properties": {
        "endid": 96,
        "id": 294,
        "metadata": {
          "bottleneck": true,
          "canonical_edge_id": 22,
          "length_m": 0.25,
          "min_clearance_m": 0.3201562166213989,
          "segment_fraction_end": 0.4868047182506162,
          "segment_fraction_start": 0.32453647883374415,
          "segment_index": 2,
          "static_traversability": "FEASIBLE"
        },
        "startid": 95
      },
      "type": "Feature"
    },
    {
      "geometry": {
        "coordinates": [
          [
            [
              -0.1046616754745412,
              4.0545951187197256
            ],
            [
              0.03500000000000103,
              4.2497513412728605
            ]
          ]
        ],
        "type": "MultiLineString"
      },
      "properties": {
        "endid": 97,
        "id": 295,
        "metadata": {
          "bottleneck": true,
          "canonical_edge_id": 22,
          "length_m": 0.25,
          "min_clearance_m": 0.3201562166213989,
          "segment_fraction_end": 0.6490729576674883,
          "segment_fraction_start": 0.4868047182506162,
          "segment_index": 3,
          "static_traversability": "FEASIBLE"
        },
        "startid": 96
      },
      "type": "Feature"
    },
    {
      "geometry": {
        "coordinates": [
          [
            [
              0.03500000000000103,
              4.2497513412728605
            ],
            [
              0.055013408234082004,
              4.4950268164681635
            ]
          ]
        ],
        "type": "MultiLineString"
      },
      "properties": {
        "endid": 98,
        "id": 296,
        "metadata": {
          "bottleneck": true,
          "canonical_edge_id": 22,
          "length_m": 0.25,
          "min_clearance_m": 0.3201562166213989,
          "segment_fraction_end": 0.8113411970843604,
          "segment_fraction_start": 0.6490729576674883,
          "segment_index": 4,
          "static_traversability": "FEASIBLE"
        },
        "startid": 97
      },
      "type": "Feature"
    },
    {
      "geometry": {
        "coordinates": [
          [
            [
              0.055013408234082004,
              4.4950268164681635
            ],
            [
              0.1668168071090715,
              4.718633614218143
            ]
          ]
        ],
        "type": "MultiLineString"
      },
      "properties": {
        "endid": 99,
        "id": 297,
        "metadata": {
          "bottleneck": true,
          "canonical_edge_id": 22,
          "length_m": 0.25,
          "min_clearance_m": 0.3201562166213989,
          "segment_fraction_end": 0.9736094365012324,
          "segment_fraction_start": 0.8113411970843604,
          "segment_index": 5,
          "static_traversability": "FEASIBLE"
        },
        "startid": 98
      },
      "type": "Feature"
    },
    {
      "geometry": {
        "coordinates": [
          [
            [
              0.1668168071090715,
              4.718633614218143
            ],
            [
              0.18500000000000047,
              4.755000000000001
            ]
          ]
        ],
        "type": "MultiLineString"
      },
      "properties": {
        "endid": 16,
        "id": 298,
        "metadata": {
          "bottleneck": true,
          "canonical_edge_id": 22,
          "length_m": 0.040658855352108114,
          "min_clearance_m": 0.3201562166213989,
          "segment_fraction_end": 0.9999999999999999,
          "segment_fraction_start": 0.9736094365012324,
          "segment_index": 6,
          "static_traversability": "FEASIBLE"
        },
        "startid": 99
      },
      "type": "Feature"
    },
    {
      "geometry": {
        "coordinates": [
          [
            [
              -0.6149999999999993,
              5.105
            ],
            [
              -0.385960666274452,
              5.004795291495074
            ]
          ]
        ],
        "type": "MultiLineString"
      },
      "properties": {
        "endid": 100,
        "id": 299,
        "metadata": {
          "bottleneck": false,
          "canonical_edge_id": 23,
          "length_m": 0.25,
          "min_clearance_m": 0.6000000238418579,
          "segment_fraction_end": 0.2862991671569342,
          "segment_fraction_start": 0.0,
          "segment_index": 0,
          "static_traversability": "FEASIBLE"
        },
        "startid": 11
      },
      "type": "Feature"
    },
    {
      "geometry": {
        "coordinates": [
          [
            [
              -0.385960666274452,
              5.004795291495074
            ],
            [
              -0.15692133254890467,
              4.904590582990147
            ]
          ]
        ],
        "type": "MultiLineString"
      },
      "properties": {
        "endid": 101,
        "id": 300,
        "metadata": {
          "bottleneck": false,
          "canonical_edge_id": 23,
          "length_m": 0.25,
          "min_clearance_m": 0.6000000238418579,
          "segment_fraction_end": 0.5725983343138684,
          "segment_fraction_start": 0.2862991671569342,
          "segment_index": 1,
          "static_traversability": "FEASIBLE"
        },
        "startid": 100
      },
      "type": "Feature"
    },
    {
      "geometry": {
        "coordinates": [
          [
            [
              -0.15692133254890467,
              4.904590582990147
            ],
            [
              0.07211800117664269,
              4.80438587448522
            ]
          ]
        ],
        "type": "MultiLineString"
      },
      "properties": {
        "endid": 102,
        "id": 301,
        "metadata": {
          "bottleneck": false,
          "canonical_edge_id": 23,
          "length_m": 0.25,
          "min_clearance_m": 0.6000000238418579,
          "segment_fraction_end": 0.8588975014708027,
          "segment_fraction_start": 0.5725983343138684,
          "segment_index": 2,
          "static_traversability": "FEASIBLE"
        },
        "startid": 101
      },
      "type": "Feature"
    },
    {
      "geometry": {
        "coordinates": [
          [
            [
              0.07211800117664269,
              4.80438587448522
            ],
            [
              0.1850000000000005,
              4.755000000000001
            ]
          ]
        ],
        "type": "MultiLineString"
      },
      "properties": {
        "endid": 16,
        "id": 302,
        "metadata": {
          "bottleneck": false,
          "canonical_edge_id": 23,
          "length_m": 0.1232124598286487,
          "min_clearance_m": 0.6000000238418579,
          "segment_fraction_end": 1.0,
          "segment_fraction_start": 0.8588975014708027,
          "segment_index": 3,
          "static_traversability": "FEASIBLE"
        },
        "startid": 102
      },
      "type": "Feature"
    },
    {
      "geometry": {
        "coordinates": [
          [
            [
              -0.3149999999999995,
              2.905000000000001
            ],
            [
              -0.3913932022500204,
              3.057786404500043
            ]
          ]
        ],
        "type": "MultiLineString"
      },
      "properties": {
        "endid": 93,
        "id": 303,
        "metadata": {
          "bottleneck": true,
          "canonical_edge_id": 24,
          "length_m": 0.1708203932499366,
          "min_clearance_m": 0.3201562166213989,
          "segment_fraction_end": 0.25464400750006977,
          "segment_fraction_start": 0.0,
          "segment_index": 0,
          "static_traversability": "UNKNOWN"
        },
        "startid": 12
      },
      "type": "Feature"
    },
    {
      "geometry": {
        "coordinates": [
          [
            [
              -0.3913932022500204,
              3.057786404500043
            ],
            [
              -0.5031966011250099,
              3.2813932022500216
            ]
          ]
        ],
        "type": "MultiLineString"
      },
      "properties": {
        "endid": 92,
        "id": 304,
        "metadata": {
          "bottleneck": true,
          "canonical_edge_id": 24,
          "length_m": 0.25,
          "min_clearance_m": 0.3201562166213989,
          "segment_fraction_end": 0.6273220037500349,
          "segment_fraction_start": 0.25464400750006977,
          "segment_index": 1,
          "static_traversability": "UNKNOWN"
        },
        "startid": 93
      },
      "type": "Feature"
    },
    {
      "geometry": {
        "coordinates": [
          [
            [
              -0.5031966011250099,
              3.2813932022500216
            ],
            [
              -0.6149999999999993,
              3.505000000000001
            ]
          ]
        ],
        "type": "MultiLineString"
      },
      "properties": {
        "endid": 10,
        "id": 305,
        "metadata": {
          "bottleneck": true,
          "canonical_edge_id": 24,
          "length_m": 0.25,
          "min_clearance_m": 0.3201562166213989,
          "segment_fraction_end": 1.0,
          "segment_fraction_start": 0.6273220037500349,
          "segment_index": 2,
          "static_traversability": "UNKNOWN"
        },
        "startid": 92
      },
      "type": "Feature"
    },
    {
      "geometry": {
        "coordinates": [
          [
            [
              -0.3149999999999995,
              2.905000000000001
            ],
            [
              -0.4134509949514679,
              2.6852947728160954
            ]
          ]
        ],
        "type": "MultiLineString"
      },
      "properties": {
        "endid": 103,
        "id": 306,
        "metadata": {
          "bottleneck": true,
          "canonical_edge_id": 25,
          "length_m": 0.25,
          "min_clearance_m": 0.30000001192092896,
          "segment_fraction_end": 0.07931614744969914,
          "segment_fraction_start": 0.0,
          "segment_index": 0,
          "static_traversability": "FEASIBLE"
        },
        "startid": 12
      },
      "type": "Feature"
    },
    {
      "geometry": {
        "coordinates": [
          [
            [
              -0.4134509949514679,
              2.6852947728160954
            ],
            [
              -0.40789681063018124,
              2.4353564783581927
            ]
          ]
        ],
        "type": "MultiLineString"
      },
      "properties": {
        "endid": 104,
        "id": 307,
        "metadata": {
          "bottleneck": true,
          "canonical_edge_id": 25,
          "length_m": 0.25,
          "min_clearance_m": 0.30000001192092896,
          "segment_fraction_end": 0.15863229489939829,
          "segment_fraction_start": 0.07931614744969914,
          "segment_index": 1,
          "static_traversability": "FEASIBLE"
        },
        "startid": 103
      },
      "type": "Feature"
    },
    {
      "geometry": {
        "coordinates": [
          [
            [
              -0.40789681063018124,
              2.4353564783581927
            ],
            [
              -0.4023426263088945,
              2.1854181839002904
            ]
          ]
        ],
        "type": "MultiLineString"
      },
      "properties": {
        "endid": 105,
        "id": 308,
        "metadata": {
          "bottleneck": true,
          "canonical_edge_id": 25,
          "length_m": 0.25,
          "min_clearance_m": 0.30000001192092896,
          "segment_fraction_end": 0.23794844234909743,
          "segment_fraction_start": 0.15863229489939829,
          "segment_index": 2,
          "static_traversability": "FEASIBLE"
        },
        "startid": 104
      },
      "type": "Feature"
    },
    {
      "geometry": {
        "coordinates": [
          [
            [
              -0.4023426263088945,
              2.1854181839002904
            ],
            [
              -0.3967884419876078,
              1.9354798894423877
            ]
          ]
        ],
        "type": "MultiLineString"
      },
      "properties": {
        "endid": 106,
        "id": 309,
        "metadata": {
          "bottleneck": true,
          "canonical_edge_id": 25,
          "length_m": 0.25,
          "min_clearance_m": 0.30000001192092896,
          "segment_fraction_end": 0.31726458979879657,
          "segment_fraction_start": 0.23794844234909743,
          "segment_index": 3,
          "static_traversability": "FEASIBLE"
        },
        "startid": 105
      },
      "type": "Feature"
    },
    {
      "geometry": {
        "coordinates": [
          [
            [
              -0.3967884419876078,
              1.9354798894423877
            ],
            [
              -0.39123425766632114,
              1.6855415949844852
            ]
          ]
        ],
        "type": "MultiLineString"
      },
      "properties": {
        "endid": 107,
        "id": 310,
        "metadata": {
          "bottleneck": true,
          "canonical_edge_id": 25,
          "length_m": 0.25,
          "min_clearance_m": 0.30000001192092896,
          "segment_fraction_end": 0.3965807372484957,
          "segment_fraction_start": 0.31726458979879657,
          "segment_index": 4,
          "static_traversability": "FEASIBLE"
        },
        "startid": 106
      },
      "type": "Feature"
    },
    {
      "geometry": {
        "coordinates": [
          [
            [
              -0.39123425766632114,
              1.6855415949844852
            ],
            [
              -0.3856800733450344,
              1.4356033005265827
            ]
          ]
        ],
        "type": "MultiLineString"
      },
      "properties": {
        "endid": 108,
        "id": 311,
        "metadata": {
          "bottleneck": true,
          "canonical_edge_id": 25,
          "length_m": 0.25,
          "min_clearance_m": 0.30000001192092896,
          "segment_fraction_end": 0.47589688469819486,
          "segment_fraction_start": 0.3965807372484957,
          "segment_index": 5,
          "static_traversability": "FEASIBLE"
        },
        "startid": 107
      },
      "type": "Feature"
    },
    {
      "geometry": {
        "coordinates": [
          [
            [
              -0.3856800733450344,
              1.4356033005265827
            ],
            [
              -0.3801258890237477,
              1.1856650060686804
            ]
          ]
        ],
        "type": "MultiLineString"
      },
      "properties": {
        "endid": 109,
        "id": 312,
        "metadata": {
          "bottleneck": true,
          "canonical_edge_id": 25,
          "length_m": 0.25,
          "min_clearance_m": 0.30000001192092896,
          "segment_fraction_end": 0.555213032147894,
          "segment_fraction_start": 0.47589688469819486,
          "segment_index": 6,
          "static_traversability": "FEASIBLE"
        },
        "startid": 108
      },
      "type": "Feature"
    },
    {
      "geometry": {
        "coordinates": [
          [
            [
              -0.3801258890237477,
              1.1856650060686804
            ],
            [
              -0.374571704702461,
              0.9357267116107779
            ]
          ]
        ],
        "type": "MultiLineString"
      },
      "properties": {
        "endid": 110,
        "id": 313,
        "metadata": {
          "bottleneck": true,
          "canonical_edge_id": 25,
          "length_m": 0.25,
          "min_clearance_m": 0.30000001192092896,
          "segment_fraction_end": 0.6345291795975931,
          "segment_fraction_start": 0.555213032147894,
          "segment_index": 7,
          "static_traversability": "FEASIBLE"
        },
        "startid": 109
      },
      "type": "Feature"
    },
    {
      "geometry": {
        "coordinates": [
          [
            [
              -0.374571704702461,
              0.9357267116107779
            ],
            [
              -0.3690175203811743,
              0.6857884171528754
            ]
          ]
        ],
        "type": "MultiLineString"
      },
      "properties": {
        "endid": 111,
        "id": 314,
        "metadata": {
          "bottleneck": true,
          "canonical_edge_id": 25,
          "length_m": 0.25,
          "min_clearance_m": 0.30000001192092896,
          "segment_fraction_end": 0.7138453270472923,
          "segment_fraction_start": 0.6345291795975931,
          "segment_index": 8,
          "static_traversability": "FEASIBLE"
        },
        "startid": 110
      },
      "type": "Feature"
    },
    {
      "geometry": {
        "coordinates": [
          [
            [
              -0.3690175203811743,
              0.6857884171528754
            ],
            [
              -0.3266330796834828,
              0.44744961952522605
            ]
          ]
        ],
        "type": "MultiLineString"
      },
      "properties": {
        "endid": 112,
        "id": 315,
        "metadata": {
          "bottleneck": true,
          "canonical_edge_id": 25,
          "length_m": 0.25,
          "min_clearance_m": 0.30000001192092896,
          "segment_fraction_end": 0.7931614744969914,
          "segment_fraction_start": 0.7138453270472923,
          "segment_index": 9,
          "static_traversability": "FEASIBLE"
        },
        "startid": 111
      },
      "type": "Feature"
    },
    {
      "geometry": {
        "coordinates": [
          [
            [
              -0.3266330796834828,
              0.44744961952522605
            ],
            [
              -0.18795803062717537,
              0.23943704594076526
            ]
          ]
        ],
        "type": "MultiLineString"
      },
      "properties": {
        "endid": 113,
        "id": 316,
        "metadata": {
          "bottleneck": true,
          "canonical_edge_id": 25,
          "length_m": 0.25,
          "min_clearance_m": 0.30000001192092896,
          "segment_fraction_end": 0.8724776219466905,
          "segment_fraction_start": 0.7931614744969914,
          "segment_index": 10,
          "static_traversability": "FEASIBLE"
        },
        "startid": 112
      },
      "type": "Feature"
    },
    {
      "geometry": {
        "coordinates": [
          [
            [
              -0.18795803062717537,
              0.23943704594076526
            ],
            [
              -0.04928298157086797,
              0.03142447235630441
            ]
          ]
        ],
        "type": "MultiLineString"
      },
      "properties": {
        "endid": 114,
        "id": 317,
        "metadata": {
          "bottleneck": true,
          "canonical_edge_id": 25,
          "length_m": 0.25,
          "min_clearance_m": 0.30000001192092896,
          "segment_fraction_end": 0.9517937693963897,
          "segment_fraction_start": 0.8724776219466905,
          "segment_index": 11,
          "static_traversability": "FEASIBLE"
        },
        "startid": 113
      },
      "type": "Feature"
    },
    {
      "geometry": {
        "coordinates": [
          [
            [
              -0.04928298157086797,
              0.03142447235630441
            ],
            [
              0.03500000000000114,
              -0.09499999999999897
            ]
          ]
        ],
        "type": "MultiLineString"
      },
      "properties": {
        "endid": 14,
        "id": 318,
        "metadata": {
          "bottleneck": true,
          "canonical_edge_id": 25,
          "length_m": 0.15194330585137727,
          "min_clearance_m": 0.30000001192092896,
          "segment_fraction_end": 1.0,
          "segment_fraction_start": 0.9517937693963897,
          "segment_index": 12,
          "static_traversability": "FEASIBLE"
        },
        "startid": 114
      },
      "type": "Feature"
    },
    {
      "geometry": {
        "coordinates": [
          [
            [
              -0.01499999999999968,
              -5.494999999999999
            ],
            [
              0.22074929257125486,
              -5.443550424457247
            ]
          ]
        ],
        "type": "MultiLineString"
      },
      "properties": {
        "endid": 115,
        "id": 319,
        "metadata": {
          "bottleneck": false,
          "canonical_edge_id": 26,
          "length_m": 0.25,
          "min_clearance_m": 0.5522680282592773,
          "segment_fraction_end": 0.56619037896906,
          "segment_fraction_start": 0.0,
          "segment_index": 0,
          "static_traversability": "FEASIBLE"
        },
        "startid": 13
      },
      "type": "Feature"
    },
    {
      "geometry": {
        "coordinates": [
          [
            [
              0.22074929257125486,
              -5.443550424457247
            ],
            [
              0.3850000000000007,
              -5.345
            ]
          ]
        ],
        "type": "MultiLineString"
      },
      "properties": {
        "endid": 17,
        "id": 320,
        "metadata": {
          "bottleneck": false,
          "canonical_edge_id": 26,
          "length_m": 0.19154759474226513,
          "min_clearance_m": 0.5522680282592773,
          "segment_fraction_end": 1.0,
          "segment_fraction_start": 0.56619037896906,
          "segment_index": 1,
          "static_traversability": "FEASIBLE"
        },
        "startid": 115
      },
      "type": "Feature"
    },
    {
      "geometry": {
        "coordinates": [
          [
            [
              0.03500000000000103,
              -0.09499999999999886
            ],
            [
              -0.08466991411008873,
              -0.21466991411008862
            ]
          ]
        ],
        "type": "MultiLineString"
      },
      "properties": {
        "endid": 73,
        "id": 321,
        "metadata": {
          "bottleneck": false,
          "canonical_edge_id": 27,
          "length_m": 0.1692388155425123,
          "min_clearance_m": 1.0307763814926147,
          "segment_fraction_end": 0.1841075601693687,
          "segment_fraction_start": 0.0,
          "segment_index": 0,
          "static_traversability": "FEASIBLE"
        },
        "startid": 14
      },
      "type": "Feature"
    },
    {
      "geometry": {
        "coordinates": [
          [
            [
              -0.08466991411008873,
              -0.21466991411008862
            ],
            [
              -0.26144660940672554,
              -0.39144660940672543
            ]
          ]
        ],
        "type": "MultiLineString"
      },
      "properties": {
        "endid": 72,
        "id": 322,
        "metadata": {
          "bottleneck": false,
          "canonical_edge_id": 27,
          "length_m": 0.25,
          "min_clearance_m": 1.0307763814926147,
          "segment_fraction_end": 0.45607170677957914,
          "segment_fraction_start": 0.1841075601693687,
          "segment_index": 1,
          "static_traversability": "FEASIBLE"
        },
        "startid": 73
      },
      "type": "Feature"
    },
    {
      "geometry": {
        "coordinates": [
          [
            [
              -0.26144660940672554,
              -0.39144660940672543
            ],
            [
              -0.43822330470336246,
              -0.5682233047033624
            ]
          ]
        ],
        "type": "MultiLineString"
      },
      "properties": {
        "endid": 71,
        "id": 323,
        "metadata": {
          "bottleneck": false,
          "canonical_edge_id": 27,
          "length_m": 0.25,
          "min_clearance_m": 1.0307763814926147,
          "segment_fraction_end": 0.7280358533897896,
          "segment_fraction_start": 0.45607170677957914,
          "segment_index": 2,
          "static_traversability": "FEASIBLE"
        },
        "startid": 72
      },
      "type": "Feature"
    },
    {
      "geometry": {
        "coordinates": [
          [
            [
              -0.43822330470336246,
              -0.5682233047033624
            ],
            [
              -0.6149999999999993,
              -0.7449999999999992
            ]
          ]
        ],
        "type": "MultiLineString"
      },
      "properties": {
        "endid": 9,
        "id": 324,
        "metadata": {
          "bottleneck": false,
          "canonical_edge_id": 27,
          "length_m": 0.25,
          "min_clearance_m": 1.0307763814926147,
          "segment_fraction_end": 1.0,
          "segment_fraction_start": 0.7280358533897896,
          "segment_index": 3,
          "static_traversability": "FEASIBLE"
        },
        "startid": 71
      },
      "type": "Feature"
    },
    {
      "geometry": {
        "coordinates": [
          [
            [
              0.03500000000000114,
              -0.09499999999999897
            ],
            [
              -0.04928298157086797,
              0.03142447235630441
            ]
          ]
        ],
        "type": "MultiLineString"
      },
      "properties": {
        "endid": 114,
        "id": 325,
        "metadata": {
          "bottleneck": true,
          "canonical_edge_id": 28,
          "length_m": 0.15194330585137727,
          "min_clearance_m": 0.30000001192092896,
          "segment_fraction_end": 0.048206230603610296,
          "segment_fraction_start": 0.0,
          "segment_index": 0,
          "static_traversability": "FEASIBLE"
        },
        "startid": 14
      },
      "type": "Feature"
    },
    {
      "geometry": {
        "coordinates": [
          [
            [
              -0.04928298157086797,
              0.03142447235630441
            ],
            [
              -0.18795803062717537,
              0.23943704594076526
            ]
          ]
        ],
        "type": "MultiLineString"
      },
      "properties": {
        "endid": 113,
        "id": 326,
        "metadata": {
          "bottleneck": true,
          "canonical_edge_id": 28,
          "length_m": 0.25,
          "min_clearance_m": 0.30000001192092896,
          "segment_fraction_end": 0.12752237805330943,
          "segment_fraction_start": 0.048206230603610296,
          "segment_index": 1,
          "static_traversability": "FEASIBLE"
        },
        "startid": 114
      },
      "type": "Feature"
    },
    {
      "geometry": {
        "coordinates": [
          [
            [
              -0.18795803062717537,
              0.23943704594076526
            ],
            [
              -0.3266330796834828,
              0.44744961952522605
            ]
          ]
        ],
        "type": "MultiLineString"
      },
      "properties": {
        "endid": 112,
        "id": 327,
        "metadata": {
          "bottleneck": true,
          "canonical_edge_id": 28,
          "length_m": 0.25,
          "min_clearance_m": 0.30000001192092896,
          "segment_fraction_end": 0.20683852550300857,
          "segment_fraction_start": 0.12752237805330943,
          "segment_index": 2,
          "static_traversability": "FEASIBLE"
        },
        "startid": 113
      },
      "type": "Feature"
    },
    {
      "geometry": {
        "coordinates": [
          [
            [
              -0.3266330796834828,
              0.44744961952522605
            ],
            [
              -0.3690175203811743,
              0.6857884171528754
            ]
          ]
        ],
        "type": "MultiLineString"
      },
      "properties": {
        "endid": 111,
        "id": 328,
        "metadata": {
          "bottleneck": true,
          "canonical_edge_id": 28,
          "length_m": 0.25,
          "min_clearance_m": 0.30000001192092896,
          "segment_fraction_end": 0.28615467295270774,
          "segment_fraction_start": 0.20683852550300857,
          "segment_index": 3,
          "static_traversability": "FEASIBLE"
        },
        "startid": 112
      },
      "type": "Feature"
    },
    {
      "geometry": {
        "coordinates": [
          [
            [
              -0.3690175203811743,
              0.6857884171528754
            ],
            [
              -0.374571704702461,
              0.9357267116107779
            ]
          ]
        ],
        "type": "MultiLineString"
      },
      "properties": {
        "endid": 110,
        "id": 329,
        "metadata": {
          "bottleneck": true,
          "canonical_edge_id": 28,
          "length_m": 0.25,
          "min_clearance_m": 0.30000001192092896,
          "segment_fraction_end": 0.36547082040240686,
          "segment_fraction_start": 0.28615467295270774,
          "segment_index": 4,
          "static_traversability": "FEASIBLE"
        },
        "startid": 111
      },
      "type": "Feature"
    },
    {
      "geometry": {
        "coordinates": [
          [
            [
              -0.374571704702461,
              0.9357267116107779
            ],
            [
              -0.3801258890237477,
              1.1856650060686804
            ]
          ]
        ],
        "type": "MultiLineString"
      },
      "properties": {
        "endid": 109,
        "id": 330,
        "metadata": {
          "bottleneck": true,
          "canonical_edge_id": 28,
          "length_m": 0.25,
          "min_clearance_m": 0.30000001192092896,
          "segment_fraction_end": 0.44478696785210603,
          "segment_fraction_start": 0.36547082040240686,
          "segment_index": 5,
          "static_traversability": "FEASIBLE"
        },
        "startid": 110
      },
      "type": "Feature"
    },
    {
      "geometry": {
        "coordinates": [
          [
            [
              -0.3801258890237477,
              1.1856650060686804
            ],
            [
              -0.3856800733450344,
              1.4356033005265827
            ]
          ]
        ],
        "type": "MultiLineString"
      },
      "properties": {
        "endid": 108,
        "id": 331,
        "metadata": {
          "bottleneck": true,
          "canonical_edge_id": 28,
          "length_m": 0.25,
          "min_clearance_m": 0.30000001192092896,
          "segment_fraction_end": 0.5241031153018052,
          "segment_fraction_start": 0.44478696785210603,
          "segment_index": 6,
          "static_traversability": "FEASIBLE"
        },
        "startid": 109
      },
      "type": "Feature"
    },
    {
      "geometry": {
        "coordinates": [
          [
            [
              -0.3856800733450344,
              1.4356033005265827
            ],
            [
              -0.39123425766632114,
              1.6855415949844852
            ]
          ]
        ],
        "type": "MultiLineString"
      },
      "properties": {
        "endid": 107,
        "id": 332,
        "metadata": {
          "bottleneck": true,
          "canonical_edge_id": 28,
          "length_m": 0.25,
          "min_clearance_m": 0.30000001192092896,
          "segment_fraction_end": 0.6034192627515043,
          "segment_fraction_start": 0.5241031153018052,
          "segment_index": 7,
          "static_traversability": "FEASIBLE"
        },
        "startid": 108
      },
      "type": "Feature"
    },
    {
      "geometry": {
        "coordinates": [
          [
            [
              -0.39123425766632114,
              1.6855415949844852
            ],
            [
              -0.3967884419876078,
              1.9354798894423877
            ]
          ]
        ],
        "type": "MultiLineString"
      },
      "properties": {
        "endid": 106,
        "id": 333,
        "metadata": {
          "bottleneck": true,
          "canonical_edge_id": 28,
          "length_m": 0.25,
          "min_clearance_m": 0.30000001192092896,
          "segment_fraction_end": 0.6827354102012034,
          "segment_fraction_start": 0.6034192627515043,
          "segment_index": 8,
          "static_traversability": "FEASIBLE"
        },
        "startid": 107
      },
      "type": "Feature"
    },
    {
      "geometry": {
        "coordinates": [
          [
            [
              -0.3967884419876078,
              1.9354798894423877
            ],
            [
              -0.4023426263088945,
              2.1854181839002904
            ]
          ]
        ],
        "type": "MultiLineString"
      },
      "properties": {
        "endid": 105,
        "id": 334,
        "metadata": {
          "bottleneck": true,
          "canonical_edge_id": 28,
          "length_m": 0.25,
          "min_clearance_m": 0.30000001192092896,
          "segment_fraction_end": 0.7620515576509026,
          "segment_fraction_start": 0.6827354102012034,
          "segment_index": 9,
          "static_traversability": "FEASIBLE"
        },
        "startid": 106
      },
      "type": "Feature"
    },
    {
      "geometry": {
        "coordinates": [
          [
            [
              -0.4023426263088945,
              2.1854181839002904
            ],
            [
              -0.40789681063018124,
              2.4353564783581927
            ]
          ]
        ],
        "type": "MultiLineString"
      },
      "properties": {
        "endid": 104,
        "id": 335,
        "metadata": {
          "bottleneck": true,
          "canonical_edge_id": 28,
          "length_m": 0.25,
          "min_clearance_m": 0.30000001192092896,
          "segment_fraction_end": 0.8413677051006018,
          "segment_fraction_start": 0.7620515576509026,
          "segment_index": 10,
          "static_traversability": "FEASIBLE"
        },
        "startid": 105
      },
      "type": "Feature"
    },
    {
      "geometry": {
        "coordinates": [
          [
            [
              -0.40789681063018124,
              2.4353564783581927
            ],
            [
              -0.4134509949514679,
              2.6852947728160954
            ]
          ]
        ],
        "type": "MultiLineString"
      },
      "properties": {
        "endid": 103,
        "id": 336,
        "metadata": {
          "bottleneck": true,
          "canonical_edge_id": 28,
          "length_m": 0.25,
          "min_clearance_m": 0.30000001192092896,
          "segment_fraction_end": 0.9206838525503008,
          "segment_fraction_start": 0.8413677051006018,
          "segment_index": 11,
          "static_traversability": "FEASIBLE"
        },
        "startid": 104
      },
      "type": "Feature"
    },
    {
      "geometry": {
        "coordinates": [
          [
            [
              -0.4134509949514679,
              2.6852947728160954
            ],
            [
              -0.3149999999999995,
              2.905000000000001
            ]
          ]
        ],
        "type": "MultiLineString"
      },
      "properties": {
        "endid": 12,
        "id": 337,
        "metadata": {
          "bottleneck": true,
          "canonical_edge_id": 28,
          "length_m": 0.25,
          "min_clearance_m": 0.30000001192092896,
          "segment_fraction_end": 1.0,
          "segment_fraction_start": 0.9206838525503008,
          "segment_index": 12,
          "static_traversability": "FEASIBLE"
        },
        "startid": 103
      },
      "type": "Feature"
    },
    {
      "geometry": {
        "coordinates": [
          [
            [
              0.03500000000000103,
              -0.09499999999999886
            ],
            [
              0.2612856500881025,
              -0.08887304440528762
            ]
          ]
        ],
        "type": "MultiLineString"
      },
      "properties": {
        "endid": 116,
        "id": 338,
        "metadata": {
          "bottleneck": false,
          "canonical_edge_id": 29,
          "length_m": 0.25,
          "min_clearance_m": 1.0735455751419067,
          "segment_fraction_end": 0.41373857740740827,
          "segment_fraction_start": 0.0,
          "segment_index": 0,
          "static_traversability": "FEASIBLE"
        },
        "startid": 14
      },
      "type": "Feature"
    },
    {
      "geometry": {
        "coordinates": [
          [
            [
              0.2612856500881025,
              -0.08887304440528762
            ],
            [
              0.4897385372431668,
              0.012661572108074337
            ]
          ]
        ],
        "type": "MultiLineString"
      },
      "properties": {
        "endid": 117,
        "id": 339,
        "metadata": {
          "bottleneck": false,
          "canonical_edge_id": 29,
          "length_m": 0.25,
          "min_clearance_m": 1.0735455751419067,
          "segment_fraction_end": 0.8274771548148165,
          "segment_fraction_start": 0.41373857740740827,
          "segment_index": 1,
          "static_traversability": "FEASIBLE"
        },
        "startid": 116
      },
      "type": "Feature"
    },
    {
      "geometry": {
        "coordinates": [
          [
            [
              0.4897385372431668,
              0.012661572108074337
            ],
            [
              0.5850000000000009,
              0.055000000000000604
            ]
          ]
        ],
        "type": "MultiLineString"
      },
      "properties": {
        "endid": 20,
        "id": 340,
        "metadata": {
          "bottleneck": false,
          "canonical_edge_id": 29,
          "length_m": 0.10424628896479493,
          "min_clearance_m": 1.0735455751419067,
          "segment_fraction_end": 1.0,
          "segment_fraction_start": 0.8274771548148165,
          "segment_index": 2,
          "static_traversability": "FEASIBLE"
        },
        "startid": 117
      },
      "type": "Feature"
    },
    {
      "geometry": {
        "coordinates": [
          [
            [
              0.08500000000000085,
              -4.595
            ],
            [
              0.3315984809580368,
              -4.636099746826339
            ]
          ]
        ],
        "type": "MultiLineString"
      },
      "properties": {
        "endid": 118,
        "id": 341,
        "metadata": {
          "bottleneck": true,
          "canonical_edge_id": 30,
          "length_m": 0.25,
          "min_clearance_m": 0.22360680997371674,
          "segment_fraction_end": 0.821994936526787,
          "segment_fraction_start": 0.0,
          "segment_index": 0,
          "static_traversability": "UNKNOWN"
        },
        "startid": 15
      },
      "type": "Feature"
    },
    {
      "geometry": {
        "coordinates": [
          [
            [
              0.3315984809580368,
              -4.636099746826339
            ],
            [
              0.3850000000000007,
              -4.645
            ]
          ]
        ],
        "type": "MultiLineString"
      },
      "properties": {
        "endid": 18,
        "id": 342,
        "metadata": {
          "bottleneck": true,
          "canonical_edge_id": 30,
          "length_m": 0.05413812651491079,
          "min_clearance_m": 0.22360680997371674,
          "segment_fraction_end": 1.0,
          "segment_fraction_start": 0.821994936526787,
          "segment_index": 1,
          "static_traversability": "UNKNOWN"
        },
        "startid": 118
      },
      "type": "Feature"
    },
    {
      "geometry": {
        "coordinates": [
          [
            [
              0.18500000000000047,
              4.755000000000001
            ],
            [
              0.1668168071090715,
              4.718633614218143
            ]
          ]
        ],
        "type": "MultiLineString"
      },
      "properties": {
        "endid": 99,
        "id": 343,
        "metadata": {
          "bottleneck": true,
          "canonical_edge_id": 31,
          "length_m": 0.040658855352108114,
          "min_clearance_m": 0.3201562166213989,
          "segment_fraction_end": 0.0263905634987674,
          "segment_fraction_start": 0.0,
          "segment_index": 0,
          "static_traversability": "FEASIBLE"
        },
        "startid": 16
      },
      "type": "Feature"
    },
    {
      "geometry": {
        "coordinates": [
          [
            [
              0.1668168071090715,
              4.718633614218143
            ],
            [
              0.055013408234082004,
              4.4950268164681635
            ]
          ]
        ],
        "type": "MultiLineString"
      },
      "properties": {
        "endid": 98,
        "id": 344,
        "metadata": {
          "bottleneck": true,
          "canonical_edge_id": 31,
          "length_m": 0.25,
          "min_clearance_m": 0.3201562166213989,
          "segment_fraction_end": 0.18865880291563947,
          "segment_fraction_start": 0.0263905634987674,
          "segment_index": 1,
          "static_traversability": "FEASIBLE"
        },
        "startid": 99
      },
      "type": "Feature"
    },
    {
      "geometry": {
        "coordinates": [
          [
            [
              0.055013408234082004,
              4.4950268164681635
            ],
            [
              0.03500000000000103,
              4.2497513412728605
            ]
          ]
        ],
        "type": "MultiLineString"
      },
      "properties": {
        "endid": 97,
        "id": 345,
        "metadata": {
          "bottleneck": true,
          "canonical_edge_id": 31,
          "length_m": 0.25,
          "min_clearance_m": 0.3201562166213989,
          "segment_fraction_end": 0.35092704233251154,
          "segment_fraction_start": 0.18865880291563947,
          "segment_index": 2,
          "static_traversability": "FEASIBLE"
        },
        "startid": 98
      },
      "type": "Feature"
    },
    {
      "geometry": {
        "coordinates": [
          [
            [
              0.03500000000000103,
              4.2497513412728605
            ],
            [
              -0.1046616754745412,
              4.0545951187197256
            ]
          ]
        ],
        "type": "MultiLineString"
      },
      "properties": {
        "endid": 96,
        "id": 346,
        "metadata": {
          "bottleneck": true,
          "canonical_edge_id": 31,
          "length_m": 0.25,
          "min_clearance_m": 0.3201562166213989,
          "segment_fraction_end": 0.5131952817493837,
          "segment_fraction_start": 0.35092704233251154,
          "segment_index": 3,
          "static_traversability": "FEASIBLE"
        },
        "startid": 97
      },
      "type": "Feature"
    },
    {
      "geometry": {
        "coordinates": [
          [
            [
              -0.1046616754745412,
              4.0545951187197256
            ],
            [
              -0.2747744503163606,
              3.8713967458131506
            ]
          ]
        ],
        "type": "MultiLineString"
      },
      "properties": {
        "endid": 95,
        "id": 347,
        "metadata": {
          "bottleneck": true,
          "canonical_edge_id": 31,
          "length_m": 0.25,
          "min_clearance_m": 0.3201562166213989,
          "segment_fraction_end": 0.6754635211662557,
          "segment_fraction_start": 0.5131952817493837,
          "segment_index": 4,
          "static_traversability": "FEASIBLE"
        },
        "startid": 96
      },
      "type": "Feature"
    },
    {
      "geometry": {
        "coordinates": [
          [
            [
              -0.2747744503163606,
              3.8713967458131506
            ],
            [
              -0.44488722515817997,
              3.6881983729065757
            ]
          ]
        ],
        "type": "MultiLineString"
      },
      "properties": {
        "endid": 94,
        "id": 348,
        "metadata": {
          "bottleneck": true,
          "canonical_edge_id": 31,
          "length_m": 0.25,
          "min_clearance_m": 0.3201562166213989,
          "segment_fraction_end": 0.8377317605831278,
          "segment_fraction_start": 0.6754635211662557,
          "segment_index": 5,
          "static_traversability": "FEASIBLE"
        },
        "startid": 95
      },
      "type": "Feature"
    },
    {
      "geometry": {
        "coordinates": [
          [
            [
              -0.44488722515817997,
              3.6881983729065757
            ],
            [
              -0.6149999999999993,
              3.505000000000001
            ]
          ]
        ],
        "type": "MultiLineString"
      },
      "properties": {
        "endid": 10,
        "id": 349,
        "metadata": {
          "bottleneck": true,
          "canonical_edge_id": 31,
          "length_m": 0.25,
          "min_clearance_m": 0.3201562166213989,
          "segment_fraction_end": 0.9999999999999999,
          "segment_fraction_start": 0.8377317605831278,
          "segment_index": 6,
          "static_traversability": "FEASIBLE"
        },
        "startid": 94
      },
      "type": "Feature"
    },
    {
      "geometry": {
        "coordinates": [
          [
            [
              0.1850000000000005,
              4.755000000000001
            ],
            [
              0.07211800117664269,
              4.80438587448522
            ]
          ]
        ],
        "type": "MultiLineString"
      },
      "properties": {
        "endid": 102,
        "id": 350,
        "metadata": {
          "bottleneck": false,
          "canonical_edge_id": 32,
          "length_m": 0.1232124598286487,
          "min_clearance_m": 0.6000000238418579,
          "segment_fraction_end": 0.14110249852919735,
          "segment_fraction_start": 0.0,
          "segment_index": 0,
          "static_traversability": "FEASIBLE"
        },
        "startid": 16
      },
      "type": "Feature"
    },
    {
      "geometry": {
        "coordinates": [
          [
            [
              0.07211800117664269,
              4.80438587448522
            ],
            [
              -0.15692133254890467,
              4.904590582990147
            ]
          ]
        ],
        "type": "MultiLineString"
      },
      "properties": {
        "endid": 101,
        "id": 351,
        "metadata": {
          "bottleneck": false,
          "canonical_edge_id": 32,
          "length_m": 0.25,
          "min_clearance_m": 0.6000000238418579,
          "segment_fraction_end": 0.4274016656861316,
          "segment_fraction_start": 0.14110249852919735,
          "segment_index": 1,
          "static_traversability": "FEASIBLE"
        },
        "startid": 102
      },
      "type": "Feature"
    },
    {
      "geometry": {
        "coordinates": [
          [
            [
              -0.15692133254890467,
              4.904590582990147
            ],
            [
              -0.385960666274452,
              5.004795291495074
            ]
          ]
        ],
        "type": "MultiLineString"
      },
      "properties": {
        "endid": 100,
        "id": 352,
        "metadata": {
          "bottleneck": false,
          "canonical_edge_id": 32,
          "length_m": 0.25,
          "min_clearance_m": 0.6000000238418579,
          "segment_fraction_end": 0.7137008328430657,
          "segment_fraction_start": 0.4274016656861316,
          "segment_index": 2,
          "static_traversability": "FEASIBLE"
        },
        "startid": 101
      },
      "type": "Feature"
    },
    {
      "geometry": {
        "coordinates": [
          [
            [
              -0.385960666274452,
              5.004795291495074
            ],
            [
              -0.6149999999999993,
              5.105
            ]
          ]
        ],
        "type": "MultiLineString"
      },
      "properties": {
        "endid": 11,
        "id": 353,
        "metadata": {
          "bottleneck": false,
          "canonical_edge_id": 32,
          "length_m": 0.25,
          "min_clearance_m": 0.6000000238418579,
          "segment_fraction_end": 1.0,
          "segment_fraction_start": 0.7137008328430657,
          "segment_index": 3,
          "static_traversability": "FEASIBLE"
        },
        "startid": 100
      },
      "type": "Feature"
    },
    {
      "geometry": {
        "coordinates": [
          [
            [
              0.1850000000000005,
              4.755000000000001
            ],
            [
              0.4315984809580363,
              4.796099746826341
            ]
          ]
        ],
        "type": "MultiLineString"
      },
      "properties": {
        "endid": 119,
        "id": 354,
        "metadata": {
          "bottleneck": false,
          "canonical_edge_id": 33,
          "length_m": 0.25,
          "min_clearance_m": 0.8845903277397156,
          "segment_fraction_end": 0.4029879833975646,
          "segment_fraction_start": 0.0,
          "segment_index": 0,
          "static_traversability": "FEASIBLE"
        },
        "startid": 16
      },
      "type": "Feature"
    },
    {
      "geometry": {
        "coordinates": [
          [
            [
              0.4315984809580363,
              4.796099746826341
            ],
            [
              0.6708108881001872,
              4.743063037299939
            ]
          ]
        ],
        "type": "MultiLineString"
      },
      "properties": {
        "endid": 120,
        "id": 355,
        "metadata": {
          "bottleneck": false,
          "canonical_edge_id": 33,
          "length_m": 0.25,
          "min_clearance_m": 0.8845903277397156,
          "segment_fraction_end": 0.8059759667951292,
          "segment_fraction_start": 0.4029879833975646,
          "segment_index": 1,
          "static_traversability": "FEASIBLE"
        },
        "startid": 119
      },
      "type": "Feature"
    },
    {
      "geometry": {
        "coordinates": [
          [
            [
              0.6708108881001872,
              4.743063037299939
            ],
            [
              0.785000000000001,
              4.705000000000002
            ]
          ]
        ],
        "type": "MultiLineString"
      },
      "properties": {
        "endid": 21,
        "id": 356,
        "metadata": {
          "bottleneck": false,
          "canonical_edge_id": 33,
          "length_m": 0.12036589253174945,
          "min_clearance_m": 0.8845903277397156,
          "segment_fraction_end": 1.0,
          "segment_fraction_start": 0.8059759667951292,
          "segment_index": 2,
          "static_traversability": "FEASIBLE"
        },
        "startid": 120
      },
      "type": "Feature"
    },
    {
      "geometry": {
        "coordinates": [
          [
            [
              0.3850000000000007,
              -5.345
            ],
            [
              0.22074929257125486,
              -5.443550424457247
            ]
          ]
        ],
        "type": "MultiLineString"
      },
      "properties": {
        "endid": 115,
        "id": 357,
        "metadata": {
          "bottleneck": false,
          "canonical_edge_id": 34,
          "length_m": 0.19154759474226513,
          "min_clearance_m": 0.5522680282592773,
          "segment_fraction_end": 0.43380962103094006,
          "segment_fraction_start": 0.0,
          "segment_index": 0,
          "static_traversability": "FEASIBLE"
        },
        "startid": 17
      },
      "type": "Feature"
    },
    {
      "geometry": {
        "coordinates": [
          [
            [
              0.22074929257125486,
              -5.443550424457247
            ],
            [
              -0.01499999999999968,
              -5.494999999999999
            ]
          ]
        ],
        "type": "MultiLineString"
      },
      "properties": {
        "endid": 13,
        "id": 358,
        "metadata": {
          "bottleneck": false,
          "canonical_edge_id": 34,
          "length_m": 0.25,
          "min_clearance_m": 0.5522680282592773,
          "segment_fraction_end": 1.0,
          "segment_fraction_start": 0.43380962103094006,
          "segment_index": 1,
          "static_traversability": "FEASIBLE"
        },
        "startid": 115
      },
      "type": "Feature"
    },
    {
      "geometry": {
        "coordinates": [
          [
            [
              0.3850000000000007,
              -5.345
            ],
            [
              0.3850000000000007,
              -5.095
            ]
          ]
        ],
        "type": "MultiLineString"
      },
      "properties": {
        "endid": 121,
        "id": 359,
        "metadata": {
          "bottleneck": false,
          "canonical_edge_id": 35,
          "length_m": 0.25,
          "min_clearance_m": 0.4000000059604645,
          "segment_fraction_end": 0.35714285714285704,
          "segment_fraction_start": 0.0,
          "segment_index": 0,
          "static_traversability": "FEASIBLE"
        },
        "startid": 17
      },
      "type": "Feature"
    },
    {
      "geometry": {
        "coordinates": [
          [
            [
              0.3850000000000007,
              -5.095
            ],
            [
              0.3850000000000007,
              -4.845
            ]
          ]
        ],
        "type": "MultiLineString"
      },
      "properties": {
        "endid": 122,
        "id": 360,
        "metadata": {
          "bottleneck": false,
          "canonical_edge_id": 35,
          "length_m": 0.25,
          "min_clearance_m": 0.4000000059604645,
          "segment_fraction_end": 0.7142857142857141,
          "segment_fraction_start": 0.35714285714285704,
          "segment_index": 1,
          "static_traversability": "FEASIBLE"
        },
        "startid": 121
      },
      "type": "Feature"
    },
    {
      "geometry": {
        "coordinates": [
          [
            [
              0.3850000000000007,
              -4.845
            ],
            [
              0.3850000000000007,
              -4.645
            ]
          ]
        ],
        "type": "MultiLineString"
      },
      "properties": {
        "endid": 18,
        "id": 361,
        "metadata": {
          "bottleneck": false,
          "canonical_edge_id": 35,
          "length_m": 0.20000000000000018,
          "min_clearance_m": 0.4000000059604645,
          "segment_fraction_end": 1.0,
          "segment_fraction_start": 0.7142857142857141,
          "segment_index": 2,
          "static_traversability": "FEASIBLE"
        },
        "startid": 122
      },
      "type": "Feature"
    },
    {
      "geometry": {
        "coordinates": [
          [
            [
              0.3850000000000007,
              -5.345
            ],
            [
              0.4850000000000003,
              -5.395
            ]
          ]
        ],
        "type": "MultiLineString"
      },
      "properties": {
        "endid": 19,
        "id": 362,
        "metadata": {
          "bottleneck": false,
          "canonical_edge_id": 36,
          "length_m": 0.11180339887498908,
          "min_clearance_m": 0.5408326983451843,
          "segment_fraction_end": 1.0,
          "segment_fraction_start": 0.0,
          "segment_index": 0,
          "static_traversability": "FEASIBLE"
        },
        "startid": 17
      },
      "type": "Feature"
    },
    {
      "geometry": {
        "coordinates": [
          [
            [
              0.3850000000000009,
              -4.645
            ],
            [
              0.5253802565889936,
              -4.476543692093208
            ]
          ]
        ],
        "type": "MultiLineString"
      },
      "properties": {
        "endid": 91,
        "id": 363,
        "metadata": {
          "bottleneck": false,
          "canonical_edge_id": 37,
          "length_m": 0.21928097070557495,
          "min_clearance_m": 0.4000000059604645,
          "segment_fraction_end": 0.04646491108851916,
          "segment_fraction_start": 0.0,
          "segment_index": 0,
          "static_traversability": "FEASIBLE"
        },
        "startid": 18
      },
      "type": "Feature"
    },
    {
      "geometry": {
        "coordinates": [
          [
            [
              0.5253802565889936,
              -4.476543692093208
            ],
            [
              0.6328128301275431,
              -4.266261884591525
            ]
          ]
        ],
        "type": "MultiLineString"
      },
      "properties": {
        "endid": 90,
        "id": 364,
        "metadata": {
          "bottleneck": false,
          "canonical_edge_id": 37,
          "length_m": 0.25,
          "min_clearance_m": 0.4000000059604645,
          "segment_fraction_end": 0.09943908269471255,
          "segment_fraction_start": 0.04646491108851916,
          "segment_index": 1,
          "static_traversability": "FEASIBLE"
        },
        "startid": 91
      },
      "type": "Feature"
    },
    {
      "geometry": {
        "coordinates": [
          [
            [
              0.6328128301275431,
              -4.266261884591525
            ],
            [
              0.6258710633174548,
              -4.016358279428346
            ]
          ]
        ],
        "type": "MultiLineString"
      },
      "properties": {
        "endid": 89,
        "id": 365,
        "metadata": {
          "bottleneck": false,
          "canonical_edge_id": 37,
          "length_m": 0.25,
          "min_clearance_m": 0.4000000059604645,
          "segment_fraction_end": 0.1524132543009059,
          "segment_fraction_start": 0.09943908269471255,
          "segment_index": 2,
          "static_traversability": "FEASIBLE"
        },
        "startid": 90
      },
      "type": "Feature"
    },
    {
      "geometry": {
        "coordinates": [
          [
            [
              0.6258710633174548,
              -4.016358279428346
            ],
            [
              0.6189292965073665,
              -3.7664546742651663
            ]
          ]
        ],
        "type": "MultiLineString"
      },
      "properties": {
        "endid": 88,
        "id": 366,
        "metadata": {
          "bottleneck": false,
          "canonical_edge_id": 37,
          "length_m": 0.25,
          "min_clearance_m": 0.4000000059604645,
          "segment_fraction_end": 0.2053874259070993,
          "segment_fraction_start": 0.1524132543009059,
          "segment_index": 3,
          "static_traversability": "FEASIBLE"
        },
        "startid": 89
      },
      "type": "Feature"
    },
    {
      "geometry": {
        "coordinates": [
          [
            [
              0.6189292965073665,
              -3.7664546742651663
            ],
            [
              0.6119875296972782,
              -3.516551069101987
            ]
          ]
        ],
        "type": "MultiLineString"
      },
      "properties": {
        "endid": 87,
        "id": 367,
        "metadata": {
          "bottleneck": false,
          "canonical_edge_id": 37,
          "length_m": 0.25,
          "min_clearance_m": 0.4000000059604645,
          "segment_fraction_end": 0.2583615975132927,
          "segment_fraction_start": 0.2053874259070993,
          "segment_index": 4,
          "static_traversability": "FEASIBLE"
        },
        "startid": 88
      },
      "type": "Feature"
    },
    {
      "geometry": {
        "coordinates": [
          [
            [
              0.6119875296972782,
              -3.516551069101987
            ],
            [
              0.6050457628871899,
              -3.2666474639388072
            ]
          ]
        ],
        "type": "MultiLineString"
      },
      "properties": {
        "endid": 86,
        "id": 368,
        "metadata": {
          "bottleneck": false,
          "canonical_edge_id": 37,
          "length_m": 0.25,
          "min_clearance_m": 0.4000000059604645,
          "segment_fraction_end": 0.31133576911948607,
          "segment_fraction_start": 0.2583615975132927,
          "segment_index": 5,
          "static_traversability": "FEASIBLE"
        },
        "startid": 87
      },
      "type": "Feature"
    },
    {
      "geometry": {
        "coordinates": [
          [
            [
              0.6050457628871899,
              -3.2666474639388072
            ],
            [
              0.5981039960771016,
              -3.0167438587756275
            ]
          ]
        ],
        "type": "MultiLineString"
      },
      "properties": {
        "endid": 85,
        "id": 369,
        "metadata": {
          "bottleneck": false,
          "canonical_edge_id": 37,
          "length_m": 0.25,
          "min_clearance_m": 0.4000000059604645,
          "segment_fraction_end": 0.36430994072567946,
          "segment_fraction_start": 0.31133576911948607,
          "segment_index": 6,
          "static_traversability": "FEASIBLE"
        },
        "startid": 86
      },
      "type": "Feature"
    },
    {
      "geometry": {
        "coordinates": [
          [
            [
              0.5981039960771016,
              -3.0167438587756275
            ],
            [
              0.5911622292670133,
              -2.766840253612448
            ]
          ]
        ],
        "type": "MultiLineString"
      },
      "properties": {
        "endid": 84,
        "id": 370,
        "metadata": {
          "bottleneck": false,
          "canonical_edge_id": 37,
          "length_m": 0.25,
          "min_clearance_m": 0.4000000059604645,
          "segment_fraction_end": 0.41728411233187285,
          "segment_fraction_start": 0.36430994072567946,
          "segment_index": 7,
          "static_traversability": "FEASIBLE"
        },
        "startid": 85
      },
      "type": "Feature"
    },
    {
      "geometry": {
        "coordinates": [
          [
            [
              0.5911622292670133,
              -2.766840253612448
            ],
            [
              0.5681554941760013,
              -2.5225406589013333
            ]
          ]
        ],
        "type": "MultiLineString"
      },
      "properties": {
        "endid": 83,
        "id": 371,
        "metadata": {
          "bottleneck": false,
          "canonical_edge_id": 37,
          "length_m": 0.25,
          "min_clearance_m": 0.4000000059604645,
          "segment_fraction_end": 0.4702582839380662,
          "segment_fraction_start": 0.41728411233187285,
          "segment_index": 8,
          "static_traversability": "FEASIBLE"
        },
        "startid": 84
      },
      "type": "Feature"
    },
    {
      "geometry": {
        "coordinates": [
          [
            [
              0.5681554941760013,
              -2.5225406589013333
            ],
            [
              0.4089337816215596,
              -2.3345735126486233
            ]
          ]
        ],
        "type": "MultiLineString"
      },
      "properties": {
        "endid": 82,
        "id": 372,
        "metadata": {
          "bottleneck": false,
          "canonical_edge_id": 37,
          "length_m": 0.25,
          "min_clearance_m": 0.4000000059604645,
          "segment_fraction_end": 0.5232324555442596,
          "segment_fraction_start": 0.4702582839380662,
          "segment_index": 9,
          "static_traversability": "FEASIBLE"
        },
        "startid": 83
      },
      "type": "Feature"
    },
    {
      "geometry": {
        "coordinates": [
          [
            [
              0.4089337816215596,
              -2.3345735126486233
            ],
            [
              0.1768146089002448,
              -2.2417258435600975
            ]
          ]
        ],
        "type": "MultiLineString"
      },
      "properties": {
        "endid": 81,
        "id": 373,
        "metadata": {
          "bottleneck": false,
          "canonical_edge_id": 37,
          "length_m": 0.25,
          "min_clearance_m": 0.4000000059604645,
          "segment_fraction_end": 0.576206627150453,
          "segment_fraction_start": 0.5232324555442596,
          "segment_index": 10,
          "static_traversability": "FEASIBLE"
        },
        "startid": 82
      },
      "type": "Feature"
    },
    {
      "geometry": {
        "coordinates": [
          [
            [
              0.1768146089002448,
              -2.2417258435600975
            ],
            [
              -0.05530456382106996,
              -2.1488781744715713
            ]
          ]
        ],
        "type": "MultiLineString"
      },
      "properties": {
        "endid": 80,
        "id": 374,
        "metadata": {
          "bottleneck": false,
          "canonical_edge_id": 37,
          "length_m": 0.25,
          "min_clearance_m": 0.4000000059604645,
          "segment_fraction_end": 0.6291807987566463,
          "segment_fraction_start": 0.576206627150453,
          "segment_index": 11,
          "static_traversability": "FEASIBLE"
        },
        "startid": 81
      },
      "type": "Feature"
    },
    {
      "geometry": {
        "coordinates": [
          [
            [
              -0.05530456382106996,
              -2.1488781744715713
            ],
            [
              -0.2874237365423848,
              -2.0560305053830454
            ]
          ]
        ],
        "type": "MultiLineString"
      },
      "properties": {
        "endid": 79,
        "id": 375,
        "metadata": {
          "bottleneck": false,
          "canonical_edge_id": 37,
          "length_m": 0.25,
          "min_clearance_m": 0.4000000059604645,
          "segment_fraction_end": 0.6821549703628397,
          "segment_fraction_start": 0.6291807987566463,
          "segment_index": 12,
          "static_traversability": "FEASIBLE"
        },
        "startid": 80
      },
      "type": "Feature"
    },
    {
      "geometry": {
        "coordinates": [
          [
            [
              -0.2874237365423848,
              -2.0560305053830454
            ],
            [
              -0.5195429092636996,
              -1.9631828362945194
            ]
          ]
        ],
        "type": "MultiLineString"
      },
      "properties": {
        "endid": 78,
        "id": 376,
        "metadata": {
          "bottleneck": false,
          "canonical_edge_id": 37,
          "length_m": 0.25,
          "min_clearance_m": 0.4000000059604645,
          "segment_fraction_end": 0.7351291419690331,
          "segment_fraction_start": 0.6821549703628397,
          "segment_index": 13,
          "static_traversability": "FEASIBLE"
        },
        "startid": 79
      },
      "type": "Feature"
    },
    {
      "geometry": {
        "coordinates": [
          [
            [
              -0.5195429092636996,
              -1.9631828362945194
            ],
            [
              -0.5733694552878181,
              -1.744133073092351
            ]
          ]
        ],
        "type": "MultiLineString"
      },
      "properties": {
        "endid": 77,
        "id": 377,
        "metadata": {
          "bottleneck": false,
          "canonical_edge_id": 37,
          "length_m": 0.25,
          "min_clearance_m": 0.4000000059604645,
          "segment_fraction_end": 0.7881033135752264,
          "segment_fraction_start": 0.7351291419690331,
          "segment_index": 14,
          "static_traversability": "FEASIBLE"
        },
        "startid": 78
      },
      "type": "Feature"
    },
    {
      "geometry": {
        "coordinates": [
          [
            [
              -0.5733694552878181,
              -1.744133073092351
            ],
            [
              -0.5837770914658634,
              -1.4943498048192634
            ]
          ]
        ],
        "type": "MultiLineString"
      },
      "properties": {
        "endid": 76,
        "id": 378,
        "metadata": {
          "bottleneck": false,
          "canonical_edge_id": 37,
          "length_m": 0.25,
          "min_clearance_m": 0.4000000059604645,
          "segment_fraction_end": 0.8410774851814199,
          "segment_fraction_start": 0.7881033135752264,
          "segment_index": 15,
          "static_traversability": "FEASIBLE"
        },
        "startid": 77
      },
      "type": "Feature"
    },
    {
      "geometry": {
        "coordinates": [
          [
            [
              -0.5837770914658634,
              -1.4943498048192634
            ],
            [
              -0.5941847276439087,
              -1.244566536546175
            ]
          ]
        ],
        "type": "MultiLineString"
      },
      "properties": {
        "endid": 75,
        "id": 379,
        "metadata": {
          "bottleneck": false,
          "canonical_edge_id": 37,
          "length_m": 0.25,
          "min_clearance_m": 0.4000000059604645,
          "segment_fraction_end": 0.8940516567876132,
          "segment_fraction_start": 0.8410774851814199,
          "segment_index": 16,
          "static_traversability": "FEASIBLE"
        },
        "startid": 76
      },
      "type": "Feature"
    },
    {
      "geometry": {
        "coordinates": [
          [
            [
              -0.5941847276439087,
              -1.244566536546175
            ],
            [
              -0.604592363821954,
              -0.9947832682730872
            ]
          ]
        ],
        "type": "MultiLineString"
      },
      "properties": {
        "endid": 74,
        "id": 380,
        "metadata": {
          "bottleneck": false,
          "canonical_edge_id": 37,
          "length_m": 0.25,
          "min_clearance_m": 0.4000000059604645,
          "segment_fraction_end": 0.9470258283938067,
          "segment_fraction_start": 0.8940516567876132,
          "segment_index": 17,
          "static_traversability": "FEASIBLE"
        },
        "startid": 75
      },
      "type": "Feature"
    },
    {
      "geometry": {
        "coordinates": [
          [
            [
              -0.604592363821954,
              -0.9947832682730872
            ],
            [
              -0.6149999999999993,
              -0.7449999999999992
            ]
          ]
        ],
        "type": "MultiLineString"
      },
      "properties": {
        "endid": 9,
        "id": 381,
        "metadata": {
          "bottleneck": false,
          "canonical_edge_id": 37,
          "length_m": 0.25,
          "min_clearance_m": 0.4000000059604645,
          "segment_fraction_end": 1.0,
          "segment_fraction_start": 0.9470258283938067,
          "segment_index": 18,
          "static_traversability": "FEASIBLE"
        },
        "startid": 74
      },
      "type": "Feature"
    },
    {
      "geometry": {
        "coordinates": [
          [
            [
              0.3850000000000007,
              -4.645
            ],
            [
              0.3315984809580368,
              -4.636099746826339
            ]
          ]
        ],
        "type": "MultiLineString"
      },
      "properties": {
        "endid": 118,
        "id": 382,
        "metadata": {
          "bottleneck": true,
          "canonical_edge_id": 38,
          "length_m": 0.05413812651491079,
          "min_clearance_m": 0.22360680997371674,
          "segment_fraction_end": 0.17800506347321302,
          "segment_fraction_start": 0.0,
          "segment_index": 0,
          "static_traversability": "UNKNOWN"
        },
        "startid": 18
      },
      "type": "Feature"
    },
    {
      "geometry": {
        "coordinates": [
          [
            [
              0.3315984809580368,
              -4.636099746826339
            ],
            [
              0.08500000000000085,
              -4.595
            ]
          ]
        ],
        "type": "MultiLineString"
      },
      "properties": {
        "endid": 15,
        "id": 383,
        "metadata": {
          "bottleneck": true,
          "canonical_edge_id": 38,
          "length_m": 0.25,
          "min_clearance_m": 0.22360680997371674,
          "segment_fraction_end": 1.0,
          "segment_fraction_start": 0.17800506347321302,
          "segment_index": 1,
          "static_traversability": "UNKNOWN"
        },
        "startid": 118
      },
      "type": "Feature"
    },
    {
      "geometry": {
        "coordinates": [
          [
            [
              0.3850000000000007,
              -4.645
            ],
            [
              0.3850000000000007,
              -4.845
            ]
          ]
        ],
        "type": "MultiLineString"
      },
      "properties": {
        "endid": 122,
        "id": 384,
        "metadata": {
          "bottleneck": false,
          "canonical_edge_id": 39,
          "length_m": 0.20000000000000018,
          "min_clearance_m": 0.4000000059604645,
          "segment_fraction_end": 0.2857142857142859,
          "segment_fraction_start": 0.0,
          "segment_index": 0,
          "static_traversability": "FEASIBLE"
        },
        "startid": 18
      },
      "type": "Feature"
    },
    {
      "geometry": {
        "coordinates": [
          [
            [
              0.3850000000000007,
              -4.845
            ],
            [
              0.3850000000000007,
              -5.095
            ]
          ]
        ],
        "type": "MultiLineString"
      },
      "properties": {
        "endid": 121,
        "id": 385,
        "metadata": {
          "bottleneck": false,
          "canonical_edge_id": 39,
          "length_m": 0.25,
          "min_clearance_m": 0.4000000059604645,
          "segment_fraction_end": 0.6428571428571429,
          "segment_fraction_start": 0.2857142857142859,
          "segment_index": 1,
          "static_traversability": "FEASIBLE"
        },
        "startid": 122
      },
      "type": "Feature"
    },
    {
      "geometry": {
        "coordinates": [
          [
            [
              0.3850000000000007,
              -5.095
            ],
            [
              0.3850000000000007,
              -5.345
            ]
          ]
        ],
        "type": "MultiLineString"
      },
      "properties": {
        "endid": 17,
        "id": 386,
        "metadata": {
          "bottleneck": false,
          "canonical_edge_id": 39,
          "length_m": 0.25,
          "min_clearance_m": 0.4000000059604645,
          "segment_fraction_end": 1.0,
          "segment_fraction_start": 0.6428571428571429,
          "segment_index": 2,
          "static_traversability": "FEASIBLE"
        },
        "startid": 121
      },
      "type": "Feature"
    },
    {
      "geometry": {
        "coordinates": [
          [
            [
              0.4850000000000003,
              -5.395
            ],
            [
              0.3850000000000007,
              -5.345
            ]
          ]
        ],
        "type": "MultiLineString"
      },
      "properties": {
        "endid": 17,
        "id": 387,
        "metadata": {
          "bottleneck": false,
          "canonical_edge_id": 40,
          "length_m": 0.11180339887498908,
          "min_clearance_m": 0.5408326983451843,
          "segment_fraction_end": 1.0,
          "segment_fraction_start": 0.0,
          "segment_index": 0,
          "static_traversability": "FEASIBLE"
        },
        "startid": 19
      },
      "type": "Feature"
    },
    {
      "geometry": {
        "coordinates": [
          [
            [
              0.5850000000000009,
              0.055000000000000604
            ],
            [
              0.4897385372431668,
              0.012661572108074337
            ]
          ]
        ],
        "type": "MultiLineString"
      },
      "properties": {
        "endid": 117,
        "id": 388,
        "metadata": {
          "bottleneck": false,
          "canonical_edge_id": 41,
          "length_m": 0.10424628896479493,
          "min_clearance_m": 1.0735455751419067,
          "segment_fraction_end": 0.17252284518518343,
          "segment_fraction_start": 0.0,
          "segment_index": 0,
          "static_traversability": "FEASIBLE"
        },
        "startid": 20
      },
      "type": "Feature"
    },
    {
      "geometry": {
        "coordinates": [
          [
            [
              0.4897385372431668,
              0.012661572108074337
            ],
            [
              0.2612856500881025,
              -0.08887304440528762
            ]
          ]
        ],
        "type": "MultiLineString"
      },
      "properties": {
        "endid": 116,
        "id": 389,
        "metadata": {
          "bottleneck": false,
          "canonical_edge_id": 41,
          "length_m": 0.25,
          "min_clearance_m": 1.0735455751419067,
          "segment_fraction_end": 0.5862614225925917,
          "segment_fraction_start": 0.17252284518518343,
          "segment_index": 1,
          "static_traversability": "FEASIBLE"
        },
        "startid": 117
      },
      "type": "Feature"
    },
    {
      "geometry": {
        "coordinates": [
          [
            [
              0.2612856500881025,
              -0.08887304440528762
            ],
            [
              0.03500000000000103,
              -0.09499999999999886
            ]
          ]
        ],
        "type": "MultiLineString"
      },
      "properties": {
        "endid": 14,
        "id": 390,
        "metadata": {
          "bottleneck": false,
          "canonical_edge_id": 41,
          "length_m": 0.25,
          "min_clearance_m": 1.0735455751419067,
          "segment_fraction_end": 1.0,
          "segment_fraction_start": 0.5862614225925917,
          "segment_index": 2,
          "static_traversability": "FEASIBLE"
        },
        "startid": 116
      },
      "type": "Feature"
    },
    {
      "geometry": {
        "coordinates": [
          [
            [
              0.5850000000000009,
              0.055000000000000604
            ],
            [
              0.7510909597074806,
              0.24185232967091566
            ]
          ]
        ],
        "type": "MultiLineString"
      },
      "properties": {
        "endid": 123,
        "id": 391,
        "metadata": {
          "bottleneck": true,
          "canonical_edge_id": 42,
          "length_m": 0.25,
          "min_clearance_m": 0.25,
          "segment_fraction_end": 0.0490249313255704,
          "segment_fraction_start": 0.0,
          "segment_index": 0,
          "static_traversability": "UNKNOWN"
        },
        "startid": 20
      },
      "type": "Feature"
    },
    {
      "geometry": {
        "coordinates": [
          [
            [
              0.7510909597074806,
              0.24185232967091566
            ],
            [
              0.9171819194149604,
              0.4287046593418307
            ]
          ]
        ],
        "type": "MultiLineString"
      },
      "properties": {
        "endid": 124,
        "id": 392,
        "metadata": {
          "bottleneck": true,
          "canonical_edge_id": 42,
          "length_m": 0.25,
          "min_clearance_m": 0.25,
          "segment_fraction_end": 0.0980498626511408,
          "segment_fraction_start": 0.0490249313255704,
          "segment_index": 1,
          "static_traversability": "UNKNOWN"
        },
        "startid": 123
      },
      "type": "Feature"
    },
    {
      "geometry": {
        "coordinates": [
          [
            [
              0.9171819194149604,
              0.4287046593418307
            ],
            [
              0.9850000000000003,
              0.6529202710603862
            ]
          ]
        ],
        "type": "MultiLineString"
      },
      "properties": {
        "endid": 125,
        "id": 393,
        "metadata": {
          "bottleneck": true,
          "canonical_edge_id": 42,
          "length_m": 0.25,
          "min_clearance_m": 0.25,
          "segment_fraction_end": 0.1470747939767112,
          "segment_fraction_start": 0.0980498626511408,
          "segment_index": 2,
          "static_traversability": "UNKNOWN"
        },
        "startid": 124
      },
      "type": "Feature"
    },
    {
      "geometry": {
        "coordinates": [
          [
            [
              0.9850000000000003,
              0.6529202710603862
            ],
            [
              0.9850000000000003,
              0.9029202710603862
            ]
          ]
        ],
        "type": "MultiLineString"
      },
      "properties": {
        "endid": 126,
        "id": 394,
        "metadata": {
          "bottleneck": true,
          "canonical_edge_id": 42,
          "length_m": 0.25,
          "min_clearance_m": 0.25,
          "segment_fraction_end": 0.1960997253022816,
          "segment_fraction_start": 0.1470747939767112,
          "segment_index": 3,
          "static_traversability": "UNKNOWN"
        },
        "startid": 125
      },
      "type": "Feature"
    },
    {
      "geometry": {
        "coordinates": [
          [
            [
              0.9850000000000003,
              0.9029202710603862
            ],
            [
              1.1125539271450104,
              1.1175898785750176
            ]
          ]
        ],
        "type": "MultiLineString"
      },
      "properties": {
        "endid": 127,
        "id": 395,
        "metadata": {
          "bottleneck": true,
          "canonical_edge_id": 42,
          "length_m": 0.25,
          "min_clearance_m": 0.25,
          "segment_fraction_end": 0.245124656627852,
          "segment_fraction_start": 0.1960997253022816,
          "segment_index": 4,
          "static_traversability": "UNKNOWN"
        },
        "startid": 126
      },
      "type": "Feature"
    },
    {
      "geometry": {
        "coordinates": [
          [
            [
              1.1125539271450104,
              1.1175898785750176
            ],
            [
              1.1350000000000007,
              1.3613726763181209
            ]
          ]
        ],
        "type": "MultiLineString"
      },
      "properties": {
        "endid": 128,
        "id": 396,
        "metadata": {
          "bottleneck": true,
          "canonical_edge_id": 42,
          "length_m": 0.25,
          "min_clearance_m": 0.25,
          "segment_fraction_end": 0.2941495879534224,
          "segment_fraction_start": 0.245124656627852,
          "segment_index": 5,
          "static_traversability": "UNKNOWN"
        },
        "startid": 127
      },
      "type": "Feature"
    },
    {
      "geometry": {
        "coordinates": [
          [
            [
              1.1350000000000007,
              1.3613726763181209
            ],
            [
              1.1350000000000007,
              1.6113726763181209
            ]
          ]
        ],
        "type": "MultiLineString"
      },
      "properties": {
        "endid": 129,
        "id": 397,
        "metadata": {
          "bottleneck": true,
          "canonical_edge_id": 42,
          "length_m": 0.25,
          "min_clearance_m": 0.25,
          "segment_fraction_end": 0.3431745192789928,
          "segment_fraction_start": 0.2941495879534224,
          "segment_index": 6,
          "static_traversability": "UNKNOWN"
        },
        "startid": 128
      },
      "type": "Feature"
    },
    {
      "geometry": {
        "coordinates": [
          [
            [
              1.1350000000000007,
              1.6113726763181209
            ],
            [
              1.1350000000000007,
              1.8613726763181209
            ]
          ]
        ],
        "type": "MultiLineString"
      },
      "properties": {
        "endid": 130,
        "id": 398,
        "metadata": {
          "bottleneck": true,
          "canonical_edge_id": 42,
          "length_m": 0.25,
          "min_clearance_m": 0.25,
          "segment_fraction_end": 0.3921994506045632,
          "segment_fraction_start": 0.3431745192789928,
          "segment_index": 7,
          "static_traversability": "UNKNOWN"
        },
        "startid": 129
      },
      "type": "Feature"
    },
    {
      "geometry": {
        "coordinates": [
          [
            [
              1.1350000000000007,
              1.8613726763181209
            ],
            [
              1.1350000000000007,
              2.111372676318121
            ]
          ]
        ],
        "type": "MultiLineString"
      },
      "properties": {
        "endid": 131,
        "id": 399,
        "metadata": {
          "bottleneck": true,
          "canonical_edge_id": 42,
          "length_m": 0.25,
          "min_clearance_m": 0.25,
          "segment_fraction_end": 0.4412243819301336,
          "segment_fraction_start": 0.3921994506045632,
          "segment_index": 8,
          "static_traversability": "UNKNOWN"
        },
        "startid": 130
      },
      "type": "Feature"
    },
    {
      "geometry": {
        "coordinates": [
          [
            [
              1.1350000000000007,
              2.111372676318121
            ],
            [
              1.1350000000000007,
              2.361372676318121
            ]
          ]
        ],
        "type": "MultiLineString"
      },
      "properties": {
        "endid": 132,
        "id": 400,
        "metadata": {
          "bottleneck": true,
          "canonical_edge_id": 42,
          "length_m": 0.25,
          "min_clearance_m": 0.25,
          "segment_fraction_end": 0.490249313255704,
          "segment_fraction_start": 0.4412243819301336,
          "segment_index": 9,
          "static_traversability": "UNKNOWN"
        },
        "startid": 131
      },
      "type": "Feature"
    },
    {
      "geometry": {
        "coordinates": [
          [
            [
              1.1350000000000007,
              2.361372676318121
            ],
            [
              1.1350000000000007,
              2.611372676318121
            ]
          ]
        ],
        "type": "MultiLineString"
      },
      "properties": {
        "endid": 133,
        "id": 401,
        "metadata": {
          "bottleneck": true,
          "canonical_edge_id": 42,
          "length_m": 0.25,
          "min_clearance_m": 0.25,
          "segment_fraction_end": 0.5392742445812744,
          "segment_fraction_start": 0.490249313255704,
          "segment_index": 10,
          "static_traversability": "UNKNOWN"
        },
        "startid": 132
      },
      "type": "Feature"
    },
    {
      "geometry": {
        "coordinates": [
          [
            [
              1.1350000000000007,
              2.611372676318121
            ],
            [
              1.087428692960821,
              2.85014261407836
            ]
          ]
        ],
        "type": "MultiLineString"
      },
      "properties": {
        "endid": 134,
        "id": 402,
        "metadata": {
          "bottleneck": true,
          "canonical_edge_id": 42,
          "length_m": 0.25,
          "min_clearance_m": 0.25,
          "segment_fraction_end": 0.5882991759068448,
          "segment_fraction_start": 0.5392742445812744,
          "segment_index": 11,
          "static_traversability": "UNKNOWN"
        },
        "startid": 133
      },
      "type": "Feature"
    },
    {
      "geometry": {
        "coordinates": [
          [
            [
              1.087428692960821,
              2.85014261407836
            ],
            [
              1.035000000000001,
              3.087765878568142
            ]
          ]
        ],
        "type": "MultiLineString"
      },
      "properties": {
        "endid": 135,
        "id": 403,
        "metadata": {
          "bottleneck": true,
          "canonical_edge_id": 42,
          "length_m": 0.25,
          "min_clearance_m": 0.25,
          "segment_fraction_end": 0.6373241072324152,
          "segment_fraction_start": 0.5882991759068448,
          "segment_index": 12,
          "static_traversability": "UNKNOWN"
        },
        "startid": 134
      },
      "type": "Feature"
    },
    {
      "geometry": {
        "coordinates": [
          [
            [
              1.035000000000001,
              3.087765878568142
            ],
            [
              1.1053657749097063,
              3.31758523985553
            ]
          ]
        ],
        "type": "MultiLineString"
      },
      "properties": {
        "endid": 136,
        "id": 404,
        "metadata": {
          "bottleneck": true,
          "canonical_edge_id": 42,
          "length_m": 0.25,
          "min_clearance_m": 0.25,
          "segment_fraction_end": 0.6863490385579856,
          "segment_fraction_start": 0.6373241072324152,
          "segment_index": 13,
          "static_traversability": "UNKNOWN"
        },
        "startid": 135
      },
      "type": "Feature"
    },
    {
      "geometry": {
        "coordinates": [
          [
            [
              1.1053657749097063,
              3.31758523985553
            ],
            [
              1.2378655099105016,
              3.5295848158568015
            ]
          ]
        ],
        "type": "MultiLineString"
      },
      "properties": {
        "endid": 137,
        "id": 405,
        "metadata": {
          "bottleneck": true,
          "canonical_edge_id": 42,
          "length_m": 0.25,
          "min_clearance_m": 0.25,
          "segment_fraction_end": 0.735373969883556,
          "segment_fraction_start": 0.6863490385579856,
          "segment_index": 14,
          "static_traversability": "UNKNOWN"
        },
        "startid": 136
      },
      "type": "Feature"
    },
    {
      "geometry": {
        "coordinates": [
          [
            [
              1.2378655099105016,
              3.5295848158568015
            ],
            [
              1.225181284052098,
              3.7545467898697575
            ]
          ]
        ],
        "type": "MultiLineString"
      },
      "properties": {
        "endid": 138,
        "id": 406,
        "metadata": {
          "bottleneck": true,
          "canonical_edge_id": 42,
          "length_m": 0.25,
          "min_clearance_m": 0.25,
          "segment_fraction_end": 0.7843989012091264,
          "segment_fraction_start": 0.735373969883556,
          "segment_index": 15,
          "static_traversability": "UNKNOWN"
        },
        "startid": 137
      },
      "type": "Feature"
    },
    {
      "geometry": {
        "coordinates": [
          [
            [
              1.225181284052098,
              3.7545467898697575
            ],
            [
              1.0927121984071066,
              3.9626691018583773
            ]
          ]
        ],
        "type": "MultiLineString"
      },
      "properties": {
        "endid": 139,
        "id": 407,
        "metadata": {
          "bottleneck": true,
          "canonical_edge_id": 42,
          "length_m": 0.25,
          "min_clearance_m": 0.25,
          "segment_fraction_end": 0.8334238325346968,
          "segment_fraction_start": 0.7843989012091264,
          "segment_index": 16,
          "static_traversability": "UNKNOWN"
        },
        "startid": 138
      },
      "type": "Feature"
    },
    {
      "geometry": {
        "coordinates": [
          [
            [
              1.0927121984071066,
              3.9626691018583773
            ],
            [
              0.930014355043115,
              4.152483252449701
            ]
          ]
        ],
        "type": "MultiLineString"
      },
      "properties": {
        "endid": 140,
        "id": 408,
        "metadata": {
          "bottleneck": true,
          "canonical_edge_id": 42,
          "length_m": 0.25,
          "min_clearance_m": 0.25,
          "segment_fraction_end": 0.8824487638602672,
          "segment_fraction_start": 0.8334238325346968,
          "segment_index": 17,
          "static_traversability": "UNKNOWN"
        },
        "startid": 139
      },
      "type": "Feature"
    },
    {
      "geometry": {
        "coordinates": [
          [
            [
              0.930014355043115,
              4.152483252449701
            ],
            [
              0.8850000000000007,
              4.385831358743942
            ]
          ]
        ],
        "type": "MultiLineString"
      },
      "properties": {
        "endid": 141,
        "id": 409,
        "metadata": {
          "bottleneck": true,
          "canonical_edge_id": 42,
          "length_m": 0.25,
          "min_clearance_m": 0.25,
          "segment_fraction_end": 0.9314736951858376,
          "segment_fraction_start": 0.8824487638602672,
          "segment_index": 18,
          "static_traversability": "UNKNOWN"
        },
        "startid": 140
      },
      "type": "Feature"
    },
    {
      "geometry": {
        "coordinates": [
          [
            [
              0.8850000000000007,
              4.385831358743942
            ],
            [
              0.8401628294435853,
              4.622255755834625
            ]
          ]
        ],
        "type": "MultiLineString"
      },
      "properties": {
        "endid": 142,
        "id": 410,
        "metadata": {
          "bottleneck": true,
          "canonical_edge_id": 42,
          "length_m": 0.25,
          "min_clearance_m": 0.25,
          "segment_fraction_end": 0.980498626511408,
          "segment_fraction_start": 0.9314736951858376,
          "segment_index": 19,
          "static_traversability": "UNKNOWN"
        },
        "startid": 141
      },
      "type": "Feature"
    },
    {
      "geometry": {
        "coordinates": [
          [
            [
              0.8401628294435853,
              4.622255755834625
            ],
            [
              0.7850000000000008,
              4.705000000000002
            ]
          ]
        ],
        "type": "MultiLineString"
      },
      "properties": {
        "endid": 21,
        "id": 411,
        "metadata": {
          "bottleneck": true,
          "canonical_edge_id": 42,
          "length_m": 0.09944620502925972,
          "min_clearance_m": 0.25,
          "segment_fraction_end": 1.0000000000000002,
          "segment_fraction_start": 0.980498626511408,
          "segment_index": 20,
          "static_traversability": "UNKNOWN"
        },
        "startid": 142
      },
      "type": "Feature"
    },
    {
      "geometry": {
        "coordinates": [
          [
            [
              0.5850000000000009,
              0.055000000000000604
            ],
            [
              0.823378791634707,
              0.00821122795809709
            ]
          ]
        ],
        "type": "MultiLineString"
      },
      "properties": {
        "endid": 143,
        "id": 412,
        "metadata": {
          "bottleneck": true,
          "canonical_edge_id": 43,
          "length_m": 0.25,
          "min_clearance_m": 0.25,
          "segment_fraction_end": 0.12367400024070302,
          "segment_fraction_start": 0.0,
          "segment_index": 0,
          "static_traversability": "UNKNOWN"
        },
        "startid": 20
      },
      "type": "Feature"
    },
    {
      "geometry": {
        "coordinates": [
          [
            [
              0.823378791634707,
              0.00821122795809709
            ],
            [
              1.0443257707214726,
              -0.10876070214666109
            ]
          ]
        ],
        "type": "MultiLineString"
      },
      "properties": {
        "endid": 144,
        "id": 413,
        "metadata": {
          "bottleneck": true,
          "canonical_edge_id": 43,
          "length_m": 0.25,
          "min_clearance_m": 0.25,
          "segment_fraction_end": 0.24734800048140604,
          "segment_fraction_start": 0.12367400024070302,
          "segment_index": 1,
          "static_traversability": "UNKNOWN"
        },
        "startid": 143
      },
      "type": "Feature"
    },
    {
      "geometry": {
        "coordinates": [
          [
            [
              1.0443257707214726,
              -0.10876070214666109
            ],
            [
              1.265272749808238,
              -0.2257326322514192
            ]
          ]
        ],
        "type": "MultiLineString"
      },
      "properties": {
        "endid": 145,
        "id": 414,
        "metadata": {
          "bottleneck": true,
          "canonical_edge_id": 43,
          "length_m": 0.25,
          "min_clearance_m": 0.25,
          "segment_fraction_end": 0.37102200072210906,
          "segment_fraction_start": 0.24734800048140604,
          "segment_index": 2,
          "static_traversability": "UNKNOWN"
        },
        "startid": 144
      },
      "type": "Feature"
    },
    {
      "geometry": {
        "coordinates": [
          [
            [
              1.265272749808238,
              -0.2257326322514192
            ],
            [
              1.4862197288950034,
              -0.3427045623561774
            ]
          ]
        ],
        "type": "MultiLineString"
      },
      "properties": {
        "endid": 146,
        "id": 415,
        "metadata": {
          "bottleneck": true,
          "canonical_edge_id": 43,
          "length_m": 0.25,
          "min_clearance_m": 0.25,
          "segment_fraction_end": 0.4946960009628121,
          "segment_fraction_start": 0.37102200072210906,
          "segment_index": 3,
          "static_traversability": "UNKNOWN"
        },
        "startid": 145
      },
      "type": "Feature"
    },
    {
      "geometry": {
        "coordinates": [
          [
            [
              1.4862197288950034,
              -0.3427045623561774
            ],
            [
              1.7232307969164338,
              -0.3949999999999996
            ]
          ]
        ],
        "type": "MultiLineString"
      },
      "properties": {
        "endid": 147,
        "id": 416,
        "metadata": {
          "bottleneck": true,
          "canonical_edge_id": 43,
          "length_m": 0.25,
          "min_clearance_m": 0.25,
          "segment_fraction_end": 0.6183700012035152,
          "segment_fraction_start": 0.4946960009628121,
          "segment_index": 4,
          "static_traversability": "UNKNOWN"
        },
        "startid": 146
      },
      "type": "Feature"
    },
    {
      "geometry": {
        "coordinates": [
          [
            [
              1.7232307969164338,
              -0.3949999999999996
            ],
            [
              1.9034546119870859,
              -0.5634546119870847
            ]
          ]
        ],
        "type": "MultiLineString"
      },
      "properties": {
        "endid": 148,
        "id": 417,
        "metadata": {
          "bottleneck": true,
          "canonical_edge_id": 43,
          "length_m": 0.25,
          "min_clearance_m": 0.25,
          "segment_fraction_end": 0.7420440014442181,
          "segment_fraction_start": 0.6183700012035152,
          "segment_index": 5,
          "static_traversability": "UNKNOWN"
        },
        "startid": 147
      },
      "type": "Feature"
    },
    {
      "geometry": {
        "coordinates": [
          [
            [
              1.9034546119870859,
              -0.5634546119870847
            ],
            [
              2.063606790512706,
              -0.7522135810254095
            ]
          ]
        ],
        "type": "MultiLineString"
      },
      "properties": {
        "endid": 149,
        "id": 418,
        "metadata": {
          "bottleneck": true,
          "canonical_edge_id": 43,
          "length_m": 0.25,
          "min_clearance_m": 0.25,
          "segment_fraction_end": 0.8657180016849212,
          "segment_fraction_start": 0.7420440014442181,
          "segment_index": 6,
          "static_traversability": "UNKNOWN"
        },
        "startid": 148
      },
      "type": "Feature"
    },
    {
      "geometry": {
        "coordinates": [
          [
            [
              2.063606790512706,
              -0.7522135810254095
            ],
            [
              2.175410189387695,
              -0.9758203787753885
            ]
          ]
        ],
        "type": "MultiLineString"
      },
      "properties": {
        "endid": 150,
        "id": 419,
        "metadata": {
          "bottleneck": true,
          "canonical_edge_id": 43,
          "length_m": 0.25,
          "min_clearance_m": 0.25,
          "segment_fraction_end": 0.9893920019256242,
          "segment_fraction_start": 0.8657180016849212,
          "segment_index": 7,
          "static_traversability": "UNKNOWN"
        },
        "startid": 149
      },
      "type": "Feature"
    },
    {
      "geometry": {
        "coordinates": [
          [
            [
              2.175410189387695,
              -0.9758203787753885
            ],
            [
              2.1850000000000005,
              -0.9949999999999994
            ]
          ]
        ],
        "type": "MultiLineString"
      },
      "properties": {
        "endid": 23,
        "id": 420,
        "metadata": {
          "bottleneck": true,
          "canonical_edge_id": 43,
          "length_m": 0.02144346842046385,
          "min_clearance_m": 0.25,
          "segment_fraction_end": 1.0,
          "segment_fraction_start": 0.9893920019256242,
          "segment_index": 8,
          "static_traversability": "UNKNOWN"
        },
        "startid": 150
      },
      "type": "Feature"
    },
    {
      "geometry": {
        "coordinates": [
          [
            [
              0.785000000000001,
              4.705000000000002
            ],
            [
              0.6708108881001872,
              4.743063037299939
            ]
          ]
        ],
        "type": "MultiLineString"
      },
      "properties": {
        "endid": 120,
        "id": 421,
        "metadata": {
          "bottleneck": false,
          "canonical_edge_id": 44,
          "length_m": 0.12036589253174945,
          "min_clearance_m": 0.8845903277397156,
          "segment_fraction_end": 0.19402403320487077,
          "segment_fraction_start": 0.0,
          "segment_index": 0,
          "static_traversability": "FEASIBLE"
        },
        "startid": 21
      },
      "type": "Feature"
    },
    {
      "geometry": {
        "coordinates": [
          [
            [
              0.6708108881001872,
              4.743063037299939
            ],
            [
              0.4315984809580363,
              4.796099746826341
            ]
          ]
        ],
        "type": "MultiLineString"
      },
      "properties": {
        "endid": 119,
        "id": 422,
        "metadata": {
          "bottleneck": false,
          "canonical_edge_id": 44,
          "length_m": 0.25,
          "min_clearance_m": 0.8845903277397156,
          "segment_fraction_end": 0.5970120166024354,
          "segment_fraction_start": 0.19402403320487077,
          "segment_index": 1,
          "static_traversability": "FEASIBLE"
        },
        "startid": 120
      },
      "type": "Feature"
    },
    {
      "geometry": {
        "coordinates": [
          [
            [
              0.4315984809580363,
              4.796099746826341
            ],
            [
              0.1850000000000005,
              4.755000000000001
            ]
          ]
        ],
        "type": "MultiLineString"
      },
      "properties": {
        "endid": 16,
        "id": 423,
        "metadata": {
          "bottleneck": false,
          "canonical_edge_id": 44,
          "length_m": 0.25,
          "min_clearance_m": 0.8845903277397156,
          "segment_fraction_end": 1.0,
          "segment_fraction_start": 0.5970120166024354,
          "segment_index": 2,
          "static_traversability": "FEASIBLE"
        },
        "startid": 119
      },
      "type": "Feature"
    },
    {
      "geometry": {
        "coordinates": [
          [
            [
              0.7850000000000008,
              4.705000000000002
            ],
            [
              0.8401628294435853,
              4.622255755834625
            ]
          ]
        ],
        "type": "MultiLineString"
      },
      "properties": {
        "endid": 142,
        "id": 424,
        "metadata": {
          "bottleneck": true,
          "canonical_edge_id": 45,
          "length_m": 0.09944620502925972,
          "min_clearance_m": 0.25,
          "segment_fraction_end": 0.019501373488592204,
          "segment_fraction_start": 0.0,
          "segment_index": 0,
          "static_traversability": "UNKNOWN"
        },
        "startid": 21
      },
      "type": "Feature"
    },
    {
      "geometry": {
        "coordinates": [
          [
            [
              0.8401628294435853,
              4.622255755834625
            ],
            [
              0.8850000000000007,
              4.385831358743942
            ]
          ]
        ],
        "type": "MultiLineString"
      },
      "properties": {
        "endid": 141,
        "id": 425,
        "metadata": {
          "bottleneck": true,
          "canonical_edge_id": 45,
          "length_m": 0.25,
          "min_clearance_m": 0.25,
          "segment_fraction_end": 0.06852630481416261,
          "segment_fraction_start": 0.019501373488592204,
          "segment_index": 1,
          "static_traversability": "UNKNOWN"
        },
        "startid": 142
      },
      "type": "Feature"
    },
    {
      "geometry": {
        "coordinates": [
          [
            [
              0.8850000000000007,
              4.385831358743942
            ],
            [
              0.930014355043115,
              4.152483252449701
            ]
          ]
        ],
        "type": "MultiLineString"
      },
      "properties": {
        "endid": 140,
        "id": 426,
        "metadata": {
          "bottleneck": true,
          "canonical_edge_id": 45,
          "length_m": 0.25,
          "min_clearance_m": 0.25,
          "segment_fraction_end": 0.117551236139733,
          "segment_fraction_start": 0.06852630481416261,
          "segment_index": 2,
          "static_traversability": "UNKNOWN"
        },
        "startid": 141
      },
      "type": "Feature"
    },
    {
      "geometry": {
        "coordinates": [
          [
            [
              0.930014355043115,
              4.152483252449701
            ],
            [
              1.0927121984071066,
              3.9626691018583773
            ]
          ]
        ],
        "type": "MultiLineString"
      },
      "properties": {
        "endid": 139,
        "id": 427,
        "metadata": {
          "bottleneck": true,
          "canonical_edge_id": 45,
          "length_m": 0.25,
          "min_clearance_m": 0.25,
          "segment_fraction_end": 0.1665761674653034,
          "segment_fraction_start": 0.117551236139733,
          "segment_index": 3,
          "static_traversability": "UNKNOWN"
        },
        "startid": 140
      },
      "type": "Feature"
    },
    {
      "geometry": {
        "coordinates": [
          [
            [
              1.0927121984071066,
              3.9626691018583773
            ],
            [
              1.225181284052098,
              3.7545467898697575
            ]
          ]
        ],
        "type": "MultiLineString"
      },
      "properties": {
        "endid": 138,
        "id": 428,
        "metadata": {
          "bottleneck": true,
          "canonical_edge_id": 45,
          "length_m": 0.25,
          "min_clearance_m": 0.25,
          "segment_fraction_end": 0.2156010987908738,
          "segment_fraction_start": 0.1665761674653034,
          "segment_index": 4,
          "static_traversability": "UNKNOWN"
        },
        "startid": 139
      },
      "type": "Feature"
    },
    {
      "geometry": {
        "coordinates": [
          [
            [
              1.225181284052098,
              3.7545467898697575
            ],
            [
              1.2378655099105016,
              3.5295848158568015
            ]
          ]
        ],
        "type": "MultiLineString"
      },
      "properties": {
        "endid": 137,
        "id": 429,
        "metadata": {
          "bottleneck": true,
          "canonical_edge_id": 45,
          "length_m": 0.25,
          "min_clearance_m": 0.25,
          "segment_fraction_end": 0.2646260301164442,
          "segment_fraction_start": 0.2156010987908738,
          "segment_index": 5,
          "static_traversability": "UNKNOWN"
        },
        "startid": 138
      },
      "type": "Feature"
    },
    {
      "geometry": {
        "coordinates": [
          [
            [
              1.2378655099105016,
              3.5295848158568015
            ],
            [
              1.1053657749097063,
              3.31758523985553
            ]
          ]
        ],
        "type": "MultiLineString"
      },
      "properties": {
        "endid": 136,
        "id": 430,
        "metadata": {
          "bottleneck": true,
          "canonical_edge_id": 45,
          "length_m": 0.25,
          "min_clearance_m": 0.25,
          "segment_fraction_end": 0.3136509614420146,
          "segment_fraction_start": 0.2646260301164442,
          "segment_index": 6,
          "static_traversability": "UNKNOWN"
        },
        "startid": 137
      },
      "type": "Feature"
    },
    {
      "geometry": {
        "coordinates": [
          [
            [
              1.1053657749097063,
              3.31758523985553
            ],
            [
              1.035000000000001,
              3.087765878568142
            ]
          ]
        ],
        "type": "MultiLineString"
      },
      "properties": {
        "endid": 135,
        "id": 431,
        "metadata": {
          "bottleneck": true,
          "canonical_edge_id": 45,
          "length_m": 0.25,
          "min_clearance_m": 0.25,
          "segment_fraction_end": 0.362675892767585,
          "segment_fraction_start": 0.3136509614420146,
          "segment_index": 7,
          "static_traversability": "UNKNOWN"
        },
        "startid": 136
      },
      "type": "Feature"
    },
    {
      "geometry": {
        "coordinates": [
          [
            [
              1.035000000000001,
              3.087765878568142
            ],
            [
              1.087428692960821,
              2.85014261407836
            ]
          ]
        ],
        "type": "MultiLineString"
      },
      "properties": {
        "endid": 134,
        "id": 432,
        "metadata": {
          "bottleneck": true,
          "canonical_edge_id": 45,
          "length_m": 0.25,
          "min_clearance_m": 0.25,
          "segment_fraction_end": 0.4117008240931554,
          "segment_fraction_start": 0.362675892767585,
          "segment_index": 8,
          "static_traversability": "UNKNOWN"
        },
        "startid": 135
      },
      "type": "Feature"
    },
    {
      "geometry": {
        "coordinates": [
          [
            [
              1.087428692960821,
              2.85014261407836
            ],
            [
              1.1350000000000007,
              2.611372676318121
            ]
          ]
        ],
        "type": "MultiLineString"
      },
      "properties": {
        "endid": 133,
        "id": 433,
        "metadata": {
          "bottleneck": true,
          "canonical_edge_id": 45,
          "length_m": 0.25,
          "min_clearance_m": 0.25,
          "segment_fraction_end": 0.4607257554187258,
          "segment_fraction_start": 0.4117008240931554,
          "segment_index": 9,
          "static_traversability": "UNKNOWN"
        },
        "startid": 134
      },
      "type": "Feature"
    },
    {
      "geometry": {
        "coordinates": [
          [
            [
              1.1350000000000007,
              2.611372676318121
            ],
            [
              1.1350000000000007,
              2.361372676318121
            ]
          ]
        ],
        "type": "MultiLineString"
      },
      "properties": {
        "endid": 132,
        "id": 434,
        "metadata": {
          "bottleneck": true,
          "canonical_edge_id": 45,
          "length_m": 0.25,
          "min_clearance_m": 0.25,
          "segment_fraction_end": 0.5097506867442962,
          "segment_fraction_start": 0.4607257554187258,
          "segment_index": 10,
          "static_traversability": "UNKNOWN"
        },
        "startid": 133
      },
      "type": "Feature"
    },
    {
      "geometry": {
        "coordinates": [
          [
            [
              1.1350000000000007,
              2.361372676318121
            ],
            [
              1.1350000000000007,
              2.111372676318121
            ]
          ]
        ],
        "type": "MultiLineString"
      },
      "properties": {
        "endid": 131,
        "id": 435,
        "metadata": {
          "bottleneck": true,
          "canonical_edge_id": 45,
          "length_m": 0.25,
          "min_clearance_m": 0.25,
          "segment_fraction_end": 0.5587756180698666,
          "segment_fraction_start": 0.5097506867442962,
          "segment_index": 11,
          "static_traversability": "UNKNOWN"
        },
        "startid": 132
      },
      "type": "Feature"
    },
    {
      "geometry": {
        "coordinates": [
          [
            [
              1.1350000000000007,
              2.111372676318121
            ],
            [
              1.1350000000000007,
              1.8613726763181209
            ]
          ]
        ],
        "type": "MultiLineString"
      },
      "properties": {
        "endid": 130,
        "id": 436,
        "metadata": {
          "bottleneck": true,
          "canonical_edge_id": 45,
          "length_m": 0.25,
          "min_clearance_m": 0.25,
          "segment_fraction_end": 0.607800549395437,
          "segment_fraction_start": 0.5587756180698666,
          "segment_index": 12,
          "static_traversability": "UNKNOWN"
        },
        "startid": 131
      },
      "type": "Feature"
    },
    {
      "geometry": {
        "coordinates": [
          [
            [
              1.1350000000000007,
              1.8613726763181209
            ],
            [
              1.1350000000000007,
              1.6113726763181209
            ]
          ]
        ],
        "type": "MultiLineString"
      },
      "properties": {
        "endid": 129,
        "id": 437,
        "metadata": {
          "bottleneck": true,
          "canonical_edge_id": 45,
          "length_m": 0.25,
          "min_clearance_m": 0.25,
          "segment_fraction_end": 0.6568254807210074,
          "segment_fraction_start": 0.607800549395437,
          "segment_index": 13,
          "static_traversability": "UNKNOWN"
        },
        "startid": 130
      },
      "type": "Feature"
    },
    {
      "geometry": {
        "coordinates": [
          [
            [
              1.1350000000000007,
              1.6113726763181209
            ],
            [
              1.1350000000000007,
              1.3613726763181209
            ]
          ]
        ],
        "type": "MultiLineString"
      },
      "properties": {
        "endid": 128,
        "id": 438,
        "metadata": {
          "bottleneck": true,
          "canonical_edge_id": 45,
          "length_m": 0.25,
          "min_clearance_m": 0.25,
          "segment_fraction_end": 0.7058504120465778,
          "segment_fraction_start": 0.6568254807210074,
          "segment_index": 14,
          "static_traversability": "UNKNOWN"
        },
        "startid": 129
      },
      "type": "Feature"
    },
    {
      "geometry": {
        "coordinates": [
          [
            [
              1.1350000000000007,
              1.3613726763181209
            ],
            [
              1.1125539271450104,
              1.1175898785750176
            ]
          ]
        ],
        "type": "MultiLineString"
      },
      "properties": {
        "endid": 127,
        "id": 439,
        "metadata": {
          "bottleneck": true,
          "canonical_edge_id": 45,
          "length_m": 0.25,
          "min_clearance_m": 0.25,
          "segment_fraction_end": 0.7548753433721482,
          "segment_fraction_start": 0.7058504120465778,
          "segment_index": 15,
          "static_traversability": "UNKNOWN"
        },
        "startid": 128
      },
      "type": "Feature"
    },
    {
      "geometry": {
        "coordinates": [
          [
            [
              1.1125539271450104,
              1.1175898785750176
            ],
            [
              0.9850000000000003,
              0.9029202710603862
            ]
          ]
        ],
        "type": "MultiLineString"
      },
      "properties": {
        "endid": 126,
        "id": 440,
        "metadata": {
          "bottleneck": true,
          "canonical_edge_id": 45,
          "length_m": 0.25,
          "min_clearance_m": 0.25,
          "segment_fraction_end": 0.8039002746977186,
          "segment_fraction_start": 0.7548753433721482,
          "segment_index": 16,
          "static_traversability": "UNKNOWN"
        },
        "startid": 127
      },
      "type": "Feature"
    },
    {
      "geometry": {
        "coordinates": [
          [
            [
              0.9850000000000003,
              0.9029202710603862
            ],
            [
              0.9850000000000003,
              0.6529202710603862
            ]
          ]
        ],
        "type": "MultiLineString"
      },
      "properties": {
        "endid": 125,
        "id": 441,
        "metadata": {
          "bottleneck": true,
          "canonical_edge_id": 45,
          "length_m": 0.25,
          "min_clearance_m": 0.25,
          "segment_fraction_end": 0.852925206023289,
          "segment_fraction_start": 0.8039002746977186,
          "segment_index": 17,
          "static_traversability": "UNKNOWN"
        },
        "startid": 126
      },
      "type": "Feature"
    },
    {
      "geometry": {
        "coordinates": [
          [
            [
              0.9850000000000003,
              0.6529202710603862
            ],
            [
              0.9171819194149604,
              0.4287046593418307
            ]
          ]
        ],
        "type": "MultiLineString"
      },
      "properties": {
        "endid": 124,
        "id": 442,
        "metadata": {
          "bottleneck": true,
          "canonical_edge_id": 45,
          "length_m": 0.25,
          "min_clearance_m": 0.25,
          "segment_fraction_end": 0.9019501373488594,
          "segment_fraction_start": 0.852925206023289,
          "segment_index": 18,
          "static_traversability": "UNKNOWN"
        },
        "startid": 125
      },
      "type": "Feature"
    },
    {
      "geometry": {
        "coordinates": [
          [
            [
              0.9171819194149604,
              0.4287046593418307
            ],
            [
              0.7510909597074806,
              0.24185232967091566
            ]
          ]
        ],
        "type": "MultiLineString"
      },
      "properties": {
        "endid": 123,
        "id": 443,
        "metadata": {
          "bottleneck": true,
          "canonical_edge_id": 45,
          "length_m": 0.25,
          "min_clearance_m": 0.25,
          "segment_fraction_end": 0.9509750686744298,
          "segment_fraction_start": 0.9019501373488594,
          "segment_index": 19,
          "static_traversability": "UNKNOWN"
        },
        "startid": 124
      },
      "type": "Feature"
    },
    {
      "geometry": {
        "coordinates": [
          [
            [
              0.7510909597074806,
              0.24185232967091566
            ],
            [
              0.5850000000000009,
              0.055000000000000604
            ]
          ]
        ],
        "type": "MultiLineString"
      },
      "properties": {
        "endid": 20,
        "id": 444,
        "metadata": {
          "bottleneck": true,
          "canonical_edge_id": 45,
          "length_m": 0.25,
          "min_clearance_m": 0.25,
          "segment_fraction_end": 1.0000000000000002,
          "segment_fraction_start": 0.9509750686744298,
          "segment_index": 20,
          "static_traversability": "UNKNOWN"
        },
        "startid": 123
      },
      "type": "Feature"
    },
    {
      "geometry": {
        "coordinates": [
          [
            [
              0.785000000000001,
              4.705000000000002
            ],
            [
              1.0134528871550654,
              4.806534616513364
            ]
          ]
        ],
        "type": "MultiLineString"
      },
      "properties": {
        "endid": 151,
        "id": 445,
        "metadata": {
          "bottleneck": false,
          "canonical_edge_id": 46,
          "length_m": 0.25,
          "min_clearance_m": 0.4000000059604645,
          "segment_fraction_end": 0.1934321445976068,
          "segment_fraction_start": 0.0,
          "segment_index": 0,
          "static_traversability": "FEASIBLE"
        },
        "startid": 21
      },
      "type": "Feature"
    },
    {
      "geometry": {
        "coordinates": [
          [
            [
              1.0134528871550654,
              4.806534616513364
            ],
            [
              1.242557109910196,
              4.905000000000001
            ]
          ]
        ],
        "type": "MultiLineString"
      },
      "properties": {
        "endid": 152,
        "id": 446,
        "metadata": {
          "bottleneck": false,
          "canonical_edge_id": 46,
          "length_m": 0.25,
          "min_clearance_m": 0.4000000059604645,
          "segment_fraction_end": 0.3868642891952136,
          "segment_fraction_start": 0.1934321445976068,
          "segment_index": 1,
          "static_traversability": "FEASIBLE"
        },
        "startid": 151
      },
      "type": "Feature"
    },
    {
      "geometry": {
        "coordinates": [
          [
            [
              1.242557109910196,
              4.905000000000001
            ],
            [
              1.492557109910196,
              4.905000000000001
            ]
          ]
        ],
        "type": "MultiLineString"
      },
      "properties": {
        "endid": 153,
        "id": 447,
        "metadata": {
          "bottleneck": false,
          "canonical_edge_id": 46,
          "length_m": 0.25,
          "min_clearance_m": 0.4000000059604645,
          "segment_fraction_end": 0.5802964337928204,
          "segment_fraction_start": 0.3868642891952136,
          "segment_index": 2,
          "static_traversability": "FEASIBLE"
        },
        "startid": 152
      },
      "type": "Feature"
    },
    {
      "geometry": {
        "coordinates": [
          [
            [
              1.492557109910196,
              4.905000000000001
            ],
            [
              1.742557109910196,
              4.905000000000001
            ]
          ]
        ],
        "type": "MultiLineString"
      },
      "properties": {
        "endid": 154,
        "id": 448,
        "metadata": {
          "bottleneck": false,
          "canonical_edge_id": 46,
          "length_m": 0.25,
          "min_clearance_m": 0.4000000059604645,
          "segment_fraction_end": 0.7737285783904272,
          "segment_fraction_start": 0.5802964337928204,
          "segment_index": 3,
          "static_traversability": "FEASIBLE"
        },
        "startid": 153
      },
      "type": "Feature"
    },
    {
      "geometry": {
        "coordinates": [
          [
            [
              1.742557109910196,
              4.905000000000001
            ],
            [
              1.992557109910196,
              4.905000000000001
            ]
          ]
        ],
        "type": "MultiLineString"
      },
      "properties": {
        "endid": 155,
        "id": 449,
        "metadata": {
          "bottleneck": false,
          "canonical_edge_id": 46,
          "length_m": 0.25,
          "min_clearance_m": 0.4000000059604645,
          "segment_fraction_end": 0.967160722988034,
          "segment_fraction_start": 0.7737285783904272,
          "segment_index": 4,
          "static_traversability": "FEASIBLE"
        },
        "startid": 154
      },
      "type": "Feature"
    },
    {
      "geometry": {
        "coordinates": [
          [
            [
              1.992557109910196,
              4.905000000000001
            ],
            [
              2.035000000000001,
              4.905000000000001
            ]
          ]
        ],
        "type": "MultiLineString"
      },
      "properties": {
        "endid": 22,
        "id": 450,
        "metadata": {
          "bottleneck": false,
          "canonical_edge_id": 46,
          "length_m": 0.04244289008980506,
          "min_clearance_m": 0.4000000059604645,
          "segment_fraction_end": 1.0,
          "segment_fraction_start": 0.967160722988034,
          "segment_index": 5,
          "static_traversability": "FEASIBLE"
        },
        "startid": 155
      },
      "type": "Feature"
    },
    {
      "geometry": {
        "coordinates": [
          [
            [
              2.035000000000001,
              4.905000000000001
            ],
            [
              1.992557109910196,
              4.905000000000001
            ]
          ]
        ],
        "type": "MultiLineString"
      },
      "properties": {
        "endid": 155,
        "id": 451,
        "metadata": {
          "bottleneck": false,
          "canonical_edge_id": 47,
          "length_m": 0.04244289008980506,
          "min_clearance_m": 0.4000000059604645,
          "segment_fraction_end": 0.03283927701196602,
          "segment_fraction_start": 0.0,
          "segment_index": 0,
          "static_traversability": "FEASIBLE"
        },
        "startid": 22
      },
      "type": "Feature"
    },
    {
      "geometry": {
        "coordinates": [
          [
            [
              1.992557109910196,
              4.905000000000001
            ],
            [
              1.742557109910196,
              4.905000000000001
            ]
          ]
        ],
        "type": "MultiLineString"
      },
      "properties": {
        "endid": 154,
        "id": 452,
        "metadata": {
          "bottleneck": false,
          "canonical_edge_id": 47,
          "length_m": 0.25,
          "min_clearance_m": 0.4000000059604645,
          "segment_fraction_end": 0.2262714216095728,
          "segment_fraction_start": 0.03283927701196602,
          "segment_index": 1,
          "static_traversability": "FEASIBLE"
        },
        "startid": 155
      },
      "type": "Feature"
    },
    {
      "geometry": {
        "coordinates": [
          [
            [
              1.742557109910196,
              4.905000000000001
            ],
            [
              1.492557109910196,
              4.905000000000001
            ]
          ]
        ],
        "type": "MultiLineString"
      },
      "properties": {
        "endid": 153,
        "id": 453,
        "metadata": {
          "bottleneck": false,
          "canonical_edge_id": 47,
          "length_m": 0.25,
          "min_clearance_m": 0.4000000059604645,
          "segment_fraction_end": 0.41970356620717963,
          "segment_fraction_start": 0.2262714216095728,
          "segment_index": 2,
          "static_traversability": "FEASIBLE"
        },
        "startid": 154
      },
      "type": "Feature"
    },
    {
      "geometry": {
        "coordinates": [
          [
            [
              1.492557109910196,
              4.905000000000001
            ],
            [
              1.242557109910196,
              4.905000000000001
            ]
          ]
        ],
        "type": "MultiLineString"
      },
      "properties": {
        "endid": 152,
        "id": 454,
        "metadata": {
          "bottleneck": false,
          "canonical_edge_id": 47,
          "length_m": 0.25,
          "min_clearance_m": 0.4000000059604645,
          "segment_fraction_end": 0.6131357108047865,
          "segment_fraction_start": 0.41970356620717963,
          "segment_index": 3,
          "static_traversability": "FEASIBLE"
        },
        "startid": 153
      },
      "type": "Feature"
    },
    {
      "geometry": {
        "coordinates": [
          [
            [
              1.242557109910196,
              4.905000000000001
            ],
            [
              1.0134528871550654,
              4.806534616513364
            ]
          ]
        ],
        "type": "MultiLineString"
      },
      "properties": {
        "endid": 151,
        "id": 455,
        "metadata": {
          "bottleneck": false,
          "canonical_edge_id": 47,
          "length_m": 0.25,
          "min_clearance_m": 0.4000000059604645,
          "segment_fraction_end": 0.8065678554023932,
          "segment_fraction_start": 0.6131357108047865,
          "segment_index": 4,
          "static_traversability": "FEASIBLE"
        },
        "startid": 152
      },
      "type": "Feature"
    },
    {
      "geometry": {
        "coordinates": [
          [
            [
              1.0134528871550654,
              4.806534616513364
            ],
            [
              0.785000000000001,
              4.705000000000002
            ]
          ]
        ],
        "type": "MultiLineString"
      },
      "properties": {
        "endid": 21,
        "id": 456,
        "metadata": {
          "bottleneck": false,
          "canonical_edge_id": 47,
          "length_m": 0.25,
          "min_clearance_m": 0.4000000059604645,
          "segment_fraction_end": 1.0,
          "segment_fraction_start": 0.8065678554023932,
          "segment_index": 5,
          "static_traversability": "FEASIBLE"
        },
        "startid": 151
      },
      "type": "Feature"
    },
    {
      "geometry": {
        "coordinates": [
          [
            [
              2.1850000000000005,
              -0.9949999999999994
            ],
            [
              2.175410189387695,
              -0.9758203787753885
            ]
          ]
        ],
        "type": "MultiLineString"
      },
      "properties": {
        "endid": 150,
        "id": 457,
        "metadata": {
          "bottleneck": true,
          "canonical_edge_id": 48,
          "length_m": 0.02144346842046385,
          "min_clearance_m": 0.25,
          "segment_fraction_end": 0.010607998074375817,
          "segment_fraction_start": 0.0,
          "segment_index": 0,
          "static_traversability": "UNKNOWN"
        },
        "startid": 23
      },
      "type": "Feature"
    },
    {
      "geometry": {
        "coordinates": [
          [
            [
              2.175410189387695,
              -0.9758203787753885
            ],
            [
              2.063606790512706,
              -0.7522135810254095
            ]
          ]
        ],
        "type": "MultiLineString"
      },
      "properties": {
        "endid": 149,
        "id": 458,
        "metadata": {
          "bottleneck": true,
          "canonical_edge_id": 48,
          "length_m": 0.25,
          "min_clearance_m": 0.25,
          "segment_fraction_end": 0.13428199831507884,
          "segment_fraction_start": 0.010607998074375817,
          "segment_index": 1,
          "static_traversability": "UNKNOWN"
        },
        "startid": 150
      },
      "type": "Feature"
    },
    {
      "geometry": {
        "coordinates": [
          [
            [
              2.063606790512706,
              -0.7522135810254095
            ],
            [
              1.9034546119870859,
              -0.5634546119870847
            ]
          ]
        ],
        "type": "MultiLineString"
      },
      "properties": {
        "endid": 148,
        "id": 459,
        "metadata": {
          "bottleneck": true,
          "canonical_edge_id": 48,
          "length_m": 0.25,
          "min_clearance_m": 0.25,
          "segment_fraction_end": 0.2579559985557819,
          "segment_fraction_start": 0.13428199831507884,
          "segment_index": 2,
          "static_traversability": "UNKNOWN"
        },
        "startid": 149
      },
      "type": "Feature"
    },
    {
      "geometry": {
        "coordinates": [
          [
            [
              1.9034546119870859,
              -0.5634546119870847
            ],
            [
              1.7232307969164338,
              -0.3949999999999996
            ]
          ]
        ],
        "type": "MultiLineString"
      },
      "properties": {
        "endid": 147,
        "id": 460,
        "metadata": {
          "bottleneck": true,
          "canonical_edge_id": 48,
          "length_m": 0.25,
          "min_clearance_m": 0.25,
          "segment_fraction_end": 0.3816299987964849,
          "segment_fraction_start": 0.2579559985557819,
          "segment_index": 3,
          "static_traversability": "UNKNOWN"
        },
        "startid": 148
      },
      "type": "Feature"
    },
    {
      "geometry": {
        "coordinates": [
          [
            [
              1.7232307969164338,
              -0.3949999999999996
            ],
            [
              1.4862197288950034,
              -0.3427045623561774
            ]
          ]
        ],
        "type": "MultiLineString"
      },
      "properties": {
        "endid": 146,
        "id": 461,
        "metadata": {
          "bottleneck": true,
          "canonical_edge_id": 48,
          "length_m": 0.25,
          "min_clearance_m": 0.25,
          "segment_fraction_end": 0.5053039990371879,
          "segment_fraction_start": 0.3816299987964849,
          "segment_index": 4,
          "static_traversability": "UNKNOWN"
        },
        "startid": 147
      },
      "type": "Feature"
    },
    {
      "geometry": {
        "coordinates": [
          [
            [
              1.4862197288950034,
              -0.3427045623561774
            ],
            [
              1.265272749808238,
              -0.2257326322514192
            ]
          ]
        ],
        "type": "MultiLineString"
      },
      "properties": {
        "endid": 145,
        "id": 462,
        "metadata": {
          "bottleneck": true,
          "canonical_edge_id": 48,
          "length_m": 0.25,
          "min_clearance_m": 0.25,
          "segment_fraction_end": 0.6289779992778909,
          "segment_fraction_start": 0.5053039990371879,
          "segment_index": 5,
          "static_traversability": "UNKNOWN"
        },
        "startid": 146
      },
      "type": "Feature"
    },
    {
      "geometry": {
        "coordinates": [
          [
            [
              1.265272749808238,
              -0.2257326322514192
            ],
            [
              1.0443257707214726,
              -0.10876070214666109
            ]
          ]
        ],
        "type": "MultiLineString"
      },
      "properties": {
        "endid": 144,
        "id": 463,
        "metadata": {
          "bottleneck": true,
          "canonical_edge_id": 48,
          "length_m": 0.25,
          "min_clearance_m": 0.25,
          "segment_fraction_end": 0.752651999518594,
          "segment_fraction_start": 0.6289779992778909,
          "segment_index": 6,
          "static_traversability": "UNKNOWN"
        },
        "startid": 145
      },
      "type": "Feature"
    },
    {
      "geometry": {
        "coordinates": [
          [
            [
              1.0443257707214726,
              -0.10876070214666109
            ],
            [
              0.823378791634707,
              0.00821122795809709
            ]
          ]
        ],
        "type": "MultiLineString"
      },
      "properties": {
        "endid": 143,
        "id": 464,
        "metadata": {
          "bottleneck": true,
          "canonical_edge_id": 48,
          "length_m": 0.25,
          "min_clearance_m": 0.25,
          "segment_fraction_end": 0.8763259997592969,
          "segment_fraction_start": 0.752651999518594,
          "segment_index": 7,
          "static_traversability": "UNKNOWN"
        },
        "startid": 144
      },
      "type": "Feature"
    },
    {
      "geometry": {
        "coordinates": [
          [
            [
              0.823378791634707,
              0.00821122795809709
            ],
            [
              0.5850000000000009,
              0.055000000000000604
            ]
          ]
        ],
        "type": "MultiLineString"
      },
      "properties": {
        "endid": 20,
        "id": 465,
        "metadata": {
          "bottleneck": true,
          "canonical_edge_id": 48,
          "length_m": 0.25,
          "min_clearance_m": 0.25,
          "segment_fraction_end": 1.0,
          "segment_fraction_start": 0.8763259997592969,
          "segment_index": 8,
          "static_traversability": "UNKNOWN"
        },
        "startid": 143
      },
      "type": "Feature"
    }
  ],
  "name": "v6_kujiale_isaacgen_v1:gvg_v1",
  "type": "FeatureCollection"
}
