{
  "crs": {
    "properties": {
      "name": "urn:ogc:def:crs:EPSG::3857"
    },
    "type": "name"
  },
  "features": [
    {
      "geometry": {
        "coordinates": [
          -4.315,
          1.005
        ],
        "type": "Point"
      },
      "properties": {
        "frame": "map",
        "id": 0
      },
      "type": "Feature"
    },
    {
      "geometry": {
        "coordinates": [
          -4.315,
          3.855
        ],
        "type": "Point"
      },
      "properties": {
        "frame": "map",
        "id": 1
      },
      "type": "Feature"
    },
    {
      "geometry": {
        "coordinates": [
          -4.165,
          -0.595
        ],
        "type": "Point"
      },
      "properties": {
        "frame": "map",
        "id": 2
      },
      "type": "Feature"
    },
    {
      "geometry": {
        "coordinates": [
          -3.565,
          -2.745
        ],
        "type": "Point"
      },
      "properties": {
        "frame": "map",
        "id": 3
      },
      "type": "Feature"
    },
    {
      "geometry": {
        "coordinates": [
          -3.065,
          -3.695
        ],
        "type": "Point"
      },
      "properties": {
        "frame": "map",
        "id": 4
      },
      "type": "Feature"
    },
    {
      "geometry": {
        "coordinates": [
          -2.315,
          -2.695
        ],
        "type": "Point"
      },
      "properties": {
        "frame": "map",
        "id": 5
      },
      "type": "Feature"
    },
    {
      "geometry": {
        "coordinates": [
          -2.265,
          1.355
        ],
        "type": "Point"
      },
      "properties": {
        "frame": "map",
        "id": 6
      },
      "type": "Feature"
    },
    {
      "geometry": {
        "coordinates": [
          -1.915,
          -0.395
        ],
        "type": "Point"
      },
      "properties": {
        "frame": "map",
        "id": 7
      },
      "type": "Feature"
    },
    {
      "geometry": {
        "coordinates": [
          -1.615,
          -0.745
        ],
        "type": "Point"
      },
      "properties": {
        "frame": "map",
        "id": 8
      },
      "type": "Feature"
    },
    {
      "geometry": {
        "coordinates": [
          -0.615,
          -0.745
        ],
        "type": "Point"
      },
      "properties": {
        "frame": "map",
        "id": 9
      },
      "type": "Feature"
    },
    {
      "geometry": {
        "coordinates": [
          -0.615,
          3.505
        ],
        "type": "Point"
      },
      "properties": {
        "frame": "map",
        "id": 10
      },
      "type": "Feature"
    },
    {
      "geometry": {
        "coordinates": [
          -0.615,
          5.105
        ],
        "type": "Point"
      },
      "properties": {
        "frame": "map",
        "id": 11
      },
      "type": "Feature"
    },
    {
      "geometry": {
        "coordinates": [
          -0.165,
          2.605
        ],
        "type": "Point"
      },
      "properties": {
        "frame": "map",
        "id": 12
      },
      "type": "Feature"
    },
    {
      "geometry": {
        "coordinates": [
          -0.015,
          -5.495
        ],
        "type": "Point"
      },
      "properties": {
        "frame": "map",
        "id": 13
      },
      "type": "Feature"
    },
    {
      "geometry": {
        "coordinates": [
          0.085,
          -4.595
        ],
        "type": "Point"
      },
      "properties": {
        "frame": "map",
        "id": 14
      },
      "type": "Feature"
    },
    {
      "geometry": {
        "coordinates": [
          0.085,
          -0.095
        ],
        "type": "Point"
      },
      "properties": {
        "frame": "map",
        "id": 15
      },
      "type": "Feature"
    },
    {
      "geometry": {
        "coordinates": [
          0.185,
          2.805
        ],
        "type": "Point"
      },
      "properties": {
        "frame": "map",
        "id": 16
      },
      "type": "Feature"
    },
    {
      "geometry": {
        "coordinates": [
          0.185,
          4.755
        ],
        "type": "Point"
      },
      "properties": {
        "frame": "map",
        "id": 17
      },
      "type": "Feature"
    },
    {
      "geometry": {
        "coordinates": [
          0.385,
          -5.345
        ],
        "type": "Point"
      },
      "properties": {
        "frame": "map",
        "id": 18
      },
      "type": "Feature"
    },
    {
      "geometry": {
        "coordinates": [
          0.385,
          -4.645
        ],
        "type": "Point"
      },
      "properties": {
        "frame": "map",
        "id": 19
      },
      "type": "Feature"
    },
    {
      "geometry": {
        "coordinates": [
          0.485,
          -5.395
        ],
        "type": "Point"
      },
      "properties": {
        "frame": "map",
        "id": 20
      },
      "type": "Feature"
    },
    {
      "geometry": {
        "coordinates": [
          0.785,
          4.705
        ],
        "type": "Point"
      },
      "properties": {
        "frame": "map",
        "id": 21
      },
      "type": "Feature"
    },
    {
      "geometry": {
        "coordinates": [
          0.985,
          3.055
        ],
        "type": "Point"
      },
      "properties": {
        "frame": "map",
        "id": 22
      },
      "type": "Feature"
    },
    {
      "geometry": {
        "coordinates": [
          2.035,
          4.905
        ],
        "type": "Point"
      },
      "properties": {
        "frame": "map",
        "id": 23
      },
      "type": "Feature"
    },
    {
      "geometry": {
        "coordinates": [
          2.185,
          -0.995
        ],
        "type": "Point"
      },
      "properties": {
        "frame": "map",
        "id": 24
      },
      "type": "Feature"
    },
    {
      "geometry": {
        "coordinates": [
          -4.173579,
          1.146421
        ],
        "type": "Point"
      },
      "properties": {
        "frame": "map",
        "id": 25
      },
      "type": "Feature"
    },
    {
      "geometry": {
        "coordinates": [
          -3.977326,
          1.146469
        ],
        "type": "Point"
      },
      "properties": {
        "frame": "map",
        "id": 26
      },
      "type": "Feature"
    },
    {
      "geometry": {
        "coordinates": [
          -3.777532,
          1.137388
        ],
        "type": "Point"
      },
      "properties": {
        "frame": "map",
        "id": 27
      },
      "type": "Feature"
    },
    {
      "geometry": {
        "coordinates": [
          -3.577738,
          1.128306
        ],
        "type": "Point"
      },
      "properties": {
        "frame": "map",
        "id": 28
      },
      "type": "Feature"
    },
    {
      "geometry": {
        "coordinates": [
          -3.377945,
          1.119225
        ],
        "type": "Point"
      },
      "properties": {
        "frame": "map",
        "id": 29
      },
      "type": "Feature"
    },
    {
      "geometry": {
        "coordinates": [
          -3.178151,
          1.110143
        ],
        "type": "Point"
      },
      "properties": {
        "frame": "map",
        "id": 30
      },
      "type": "Feature"
    },
    {
      "geometry": {
        "coordinates": [
          -2.98494,
          1.138359
        ],
        "type": "Point"
      },
      "properties": {
        "frame": "map",
        "id": 31
      },
      "type": "Feature"
    },
    {
      "geometry": {
        "coordinates": [
          -2.800324,
          1.215282
        ],
        "type": "Point"
      },
      "properties": {
        "frame": "map",
        "id": 32
      },
      "type": "Feature"
    },
    {
      "geometry": {
        "coordinates": [
          -2.615709,
          1.292205
        ],
        "type": "Point"
      },
      "properties": {
        "frame": "map",
        "id": 33
      },
      "type": "Feature"
    },
    {
      "geometry": {
        "coordinates": [
          -2.428268,
          1.355
        ],
        "type": "Point"
      },
      "properties": {
        "frame": "map",
        "id": 34
      },
      "type": "Feature"
    },
    {
      "geometry": {
        "coordinates": [
          -4.023579,
          -0.453579
        ],
        "type": "Point"
      },
      "properties": {
        "frame": "map",
        "id": 35
      },
      "type": "Feature"
    },
    {
      "geometry": {
        "coordinates": [
          -3.847843,
          -0.395
        ],
        "type": "Point"
      },
      "properties": {
        "frame": "map",
        "id": 36
      },
      "type": "Feature"
    },
    {
      "geometry": {
        "coordinates": [
          -3.659122,
          -0.432252
        ],
        "type": "Point"
      },
      "properties": {
        "frame": "map",
        "id": 37
      },
      "type": "Feature"
    },
    {
      "geometry": {
        "coordinates": [
          -3.47812,
          -0.495
        ],
        "type": "Point"
      },
      "properties": {
        "frame": "map",
        "id": 38
      },
      "type": "Feature"
    },
    {
      "geometry": {
        "coordinates": [
          -3.27812,
          -0.495
        ],
        "type": "Point"
      },
      "properties": {
        "frame": "map",
        "id": 39
      },
      "type": "Feature"
    },
    {
      "geometry": {
        "coordinates": [
          -3.07812,
          -0.495
        ],
        "type": "Point"
      },
      "properties": {
        "frame": "map",
        "id": 40
      },
      "type": "Feature"
    },
    {
      "geometry": {
        "coordinates": [
          -2.897627,
          -0.424576
        ],
        "type": "Point"
      },
      "properties": {
        "frame": "map",
        "id": 41
      },
      "type": "Feature"
    },
    {
      "geometry": {
        "coordinates": [
          -2.719746,
          -0.347662
        ],
        "type": "Point"
      },
      "properties": {
        "frame": "map",
        "id": 42
      },
      "type": "Feature"
    },
    {
      "geometry": {
        "coordinates": [
          -2.520091,
          -0.359406
        ],
        "type": "Point"
      },
      "properties": {
        "frame": "map",
        "id": 43
      },
      "type": "Feature"
    },
    {
      "geometry": {
        "coordinates": [
          -2.320436,
          -0.371151
        ],
        "type": "Point"
      },
      "properties": {
        "frame": "map",
        "id": 44
      },
      "type": "Feature"
    },
    {
      "geometry": {
        "coordinates": [
          -2.120781,
          -0.382895
        ],
        "type": "Point"
      },
      "properties": {
        "frame": "map",
        "id": 45
      },
      "type": "Feature"
    },
    {
      "geometry": {
        "coordinates": [
          -1.921127,
          -0.39464
        ],
        "type": "Point"
      },
      "properties": {
        "frame": "map",
        "id": 46
      },
      "type": "Feature"
    },
    {
      "geometry": {
        "coordinates": [
          -3.440061,
          -2.588826
        ],
        "type": "Point"
      },
      "properties": {
        "frame": "map",
        "id": 47
      },
      "type": "Feature"
    },
    {
      "geometry": {
        "coordinates": [
          -3.285156,
          -2.495
        ],
        "type": "Point"
      },
      "properties": {
        "frame": "map",
        "id": 48
      },
      "type": "Feature"
    },
    {
      "geometry": {
        "coordinates": [
          -3.085156,
          -2.495
        ],
        "type": "Point"
      },
      "properties": {
        "frame": "map",
        "id": 49
      },
      "type": "Feature"
    },
    {
      "geometry": {
        "coordinates": [
          -2.895676,
          -2.534614
        ],
        "type": "Point"
      },
      "properties": {
        "frame": "map",
        "id": 50
      },
      "type": "Feature"
    },
    {
      "geometry": {
        "coordinates": [
          -2.722028,
          -2.633841
        ],
        "type": "Point"
      },
      "properties": {
        "frame": "map",
        "id": 51
      },
      "type": "Feature"
    },
    {
      "geometry": {
        "coordinates": [
          -2.538269,
          -2.695
        ],
        "type": "Point"
      },
      "properties": {
        "frame": "map",
        "id": 52
      },
      "type": "Feature"
    },
    {
      "geometry": {
        "coordinates": [
          -2.338269,
          -2.695
        ],
        "type": "Point"
      },
      "properties": {
        "frame": "map",
        "id": 53
      },
      "type": "Feature"
    },
    {
      "geometry": {
        "coordinates": [
          -2.886115,
          -3.605557
        ],
        "type": "Point"
      },
      "properties": {
        "frame": "map",
        "id": 54
      },
      "type": "Feature"
    },
    {
      "geometry": {
        "coordinates": [
          -2.707229,
          -3.516115
        ],
        "type": "Point"
      },
      "properties": {
        "frame": "map",
        "id": 55
      },
      "type": "Feature"
    },
    {
      "geometry": {
        "coordinates": [
          -2.528344,
          -3.426672
        ],
        "type": "Point"
      },
      "properties": {
        "frame": "map",
        "id": 56
      },
      "type": "Feature"
    },
    {
      "geometry": {
        "coordinates": [
          -2.365761,
          -3.312301
        ],
        "type": "Point"
      },
      "properties": {
        "frame": "map",
        "id": 57
      },
      "type": "Feature"
    },
    {
      "geometry": {
        "coordinates": [
          -2.212117,
          -3.184264
        ],
        "type": "Point"
      },
      "properties": {
        "frame": "map",
        "id": 58
      },
      "type": "Feature"
    },
    {
      "geometry": {
        "coordinates": [
          -2.18461,
          -3.007727
        ],
        "type": "Point"
      },
      "properties": {
        "frame": "map",
        "id": 59
      },
      "type": "Feature"
    },
    {
      "geometry": {
        "coordinates": [
          -2.212895,
          -2.809737
        ],
        "type": "Point"
      },
      "properties": {
        "frame": "map",
        "id": 60
      },
      "type": "Feature"
    },
    {
      "geometry": {
        "coordinates": [
          -2.210181,
          -2.524668
        ],
        "type": "Point"
      },
      "properties": {
        "frame": "map",
        "id": 61
      },
      "type": "Feature"
    },
    {
      "geometry": {
        "coordinates": [
          -2.105361,
          -2.354337
        ],
        "type": "Point"
      },
      "properties": {
        "frame": "map",
        "id": 62
      },
      "type": "Feature"
    },
    {
      "geometry": {
        "coordinates": [
          -2.000542,
          -2.184005
        ],
        "type": "Point"
      },
      "properties": {
        "frame": "map",
        "id": 63
      },
      "type": "Feature"
    },
    {
      "geometry": {
        "coordinates": [
          -1.915,
          -2.008217
        ],
        "type": "Point"
      },
      "properties": {
        "frame": "map",
        "id": 64
      },
      "type": "Feature"
    },
    {
      "geometry": {
        "coordinates": [
          -1.915,
          -1.808217
        ],
        "type": "Point"
      },
      "properties": {
        "frame": "map",
        "id": 65
      },
      "type": "Feature"
    },
    {
      "geometry": {
        "coordinates": [
          -1.915,
          -1.608217
        ],
        "type": "Point"
      },
      "properties": {
        "frame": "map",
        "id": 66
      },
      "type": "Feature"
    },
    {
      "geometry": {
        "coordinates": [
          -1.915,
          -1.408217
        ],
        "type": "Point"
      },
      "properties": {
        "frame": "map",
        "id": 67
      },
      "type": "Feature"
    },
    {
      "geometry": {
        "coordinates": [
          -1.873444,
          -1.218813
        ],
        "type": "Point"
      },
      "properties": {
        "frame": "map",
        "id": 68
      },
      "type": "Feature"
    },
    {
      "geometry": {
        "coordinates": [
          -1.777673,
          -1.043234
        ],
        "type": "Point"
      },
      "properties": {
        "frame": "map",
        "id": 69
      },
      "type": "Feature"
    },
    {
      "geometry": {
        "coordinates": [
          -1.681903,
          -0.867655
        ],
        "type": "Point"
      },
      "properties": {
        "frame": "map",
        "id": 70
      },
      "type": "Feature"
    },
    {
      "geometry": {
        "coordinates": [
          -2.167871,
          1.180169
        ],
        "type": "Point"
      },
      "properties": {
        "frame": "map",
        "id": 71
      },
      "type": "Feature"
    },
    {
      "geometry": {
        "coordinates": [
          -2.070743,
          1.005337
        ],
        "type": "Point"
      },
      "properties": {
        "frame": "map",
        "id": 72
      },
      "type": "Feature"
    },
    {
      "geometry": {
        "coordinates": [
          -2.015,
          0.819782
        ],
        "type": "Point"
      },
      "properties": {
        "frame": "map",
        "id": 73
      },
      "type": "Feature"
    },
    {
      "geometry": {
        "coordinates": [
          -2.015,
          0.619782
        ],
        "type": "Point"
      },
      "properties": {
        "frame": "map",
        "id": 74
      },
      "type": "Feature"
    },
    {
      "geometry": {
        "coordinates": [
          -1.915,
          0.450059
        ],
        "type": "Point"
      },
      "properties": {
        "frame": "map",
        "id": 75
      },
      "type": "Feature"
    },
    {
      "geometry": {
        "coordinates": [
          -1.915,
          0.250059
        ],
        "type": "Point"
      },
      "properties": {
        "frame": "map",
        "id": 76
      },
      "type": "Feature"
    },
    {
      "geometry": {
        "coordinates": [
          -1.915,
          0.050059
        ],
        "type": "Point"
      },
      "properties": {
        "frame": "map",
        "id": 77
      },
      "type": "Feature"
    },
    {
      "geometry": {
        "coordinates": [
          -1.915,
          -0.149941
        ],
        "type": "Point"
      },
      "properties": {
        "frame": "map",
        "id": 78
      },
      "type": "Feature"
    },
    {
      "geometry": {
        "coordinates": [
          -1.915,
          -0.349941
        ],
        "type": "Point"
      },
      "properties": {
        "frame": "map",
        "id": 79
      },
      "type": "Feature"
    },
    {
      "geometry": {
        "coordinates": [
          -1.784842,
          -0.546851
        ],
        "type": "Point"
      },
      "properties": {
        "frame": "map",
        "id": 80
      },
      "type": "Feature"
    },
    {
      "geometry": {
        "coordinates": [
          -1.654683,
          -0.698703
        ],
        "type": "Point"
      },
      "properties": {
        "frame": "map",
        "id": 81
      },
      "type": "Feature"
    },
    {
      "geometry": {
        "coordinates": [
          -1.415,
          -0.745
        ],
        "type": "Point"
      },
      "properties": {
        "frame": "map",
        "id": 82
      },
      "type": "Feature"
    },
    {
      "geometry": {
        "coordinates": [
          -1.215,
          -0.745
        ],
        "type": "Point"
      },
      "properties": {
        "frame": "map",
        "id": 83
      },
      "type": "Feature"
    },
    {
      "geometry": {
        "coordinates": [
          -1.015,
          -0.745
        ],
        "type": "Point"
      },
      "properties": {
        "frame": "map",
        "id": 84
      },
      "type": "Feature"
    },
    {
      "geometry": {
        "coordinates": [
          -0.815,
          -0.745
        ],
        "type": "Point"
      },
      "properties": {
        "frame": "map",
        "id": 85
      },
      "type": "Feature"
    },
    {
      "geometry": {
        "coordinates": [
          -0.468441,
          -0.60891
        ],
        "type": "Point"
      },
      "properties": {
        "frame": "map",
        "id": 86
      },
      "type": "Feature"
    },
    {
      "geometry": {
        "coordinates": [
          -0.321883,
          -0.47282
        ],
        "type": "Point"
      },
      "properties": {
        "frame": "map",
        "id": 87
      },
      "type": "Feature"
    },
    {
      "geometry": {
        "coordinates": [
          -0.175324,
          -0.336729
        ],
        "type": "Point"
      },
      "properties": {
        "frame": "map",
        "id": 88
      },
      "type": "Feature"
    },
    {
      "geometry": {
        "coordinates": [
          -0.028765,
          -0.200639
        ],
        "type": "Point"
      },
      "properties": {
        "frame": "map",
        "id": 89
      },
      "type": "Feature"
    },
    {
      "geometry": {
        "coordinates": [
          -0.606674,
          -0.944827
        ],
        "type": "Point"
      },
      "properties": {
        "frame": "map",
        "id": 90
      },
      "type": "Feature"
    },
    {
      "geometry": {
        "coordinates": [
          -0.598348,
          -1.144653
        ],
        "type": "Point"
      },
      "properties": {
        "frame": "map",
        "id": 91
      },
      "type": "Feature"
    },
    {
      "geometry": {
        "coordinates": [
          -0.590022,
          -1.34448
        ],
        "type": "Point"
      },
      "properties": {
        "frame": "map",
        "id": 92
      },
      "type": "Feature"
    },
    {
      "geometry": {
        "coordinates": [
          -0.581696,
          -1.544306
        ],
        "type": "Point"
      },
      "properties": {
        "frame": "map",
        "id": 93
      },
      "type": "Feature"
    },
    {
      "geometry": {
        "coordinates": [
          -0.573369,
          -1.744133
        ],
        "type": "Point"
      },
      "properties": {
        "frame": "map",
        "id": 94
      },
      "type": "Feature"
    },
    {
      "geometry": {
        "coordinates": [
          -0.565043,
          -1.94396
        ],
        "type": "Point"
      },
      "properties": {
        "frame": "map",
        "id": 95
      },
      "type": "Feature"
    },
    {
      "geometry": {
        "coordinates": [
          -0.380271,
          -2.018891
        ],
        "type": "Point"
      },
      "properties": {
        "frame": "map",
        "id": 96
      },
      "type": "Feature"
    },
    {
      "geometry": {
        "coordinates": [
          -0.194576,
          -2.09317
        ],
        "type": "Point"
      },
      "properties": {
        "frame": "map",
        "id": 97
      },
      "type": "Feature"
    },
    {
      "geometry": {
        "coordinates": [
          -0.008881,
          -2.167448
        ],
        "type": "Point"
      },
      "properties": {
        "frame": "map",
        "id": 98
      },
      "type": "Feature"
    },
    {
      "geometry": {
        "coordinates": [
          0.176815,
          -2.241726
        ],
        "type": "Point"
      },
      "properties": {
        "frame": "map",
        "id": 99
      },
      "type": "Feature"
    },
    {
      "geometry": {
        "coordinates": [
          0.36251,
          -2.316004
        ],
        "type": "Point"
      },
      "properties": {
        "frame": "map",
        "id": 100
      },
      "type": "Feature"
    },
    {
      "geometry": {
        "coordinates": [
          0.508155,
          -2.442541
        ],
        "type": "Point"
      },
      "properties": {
        "frame": "map",
        "id": 101
      },
      "type": "Feature"
    },
    {
      "geometry": {
        "coordinates": [
          0.586997,
          -2.616898
        ],
        "type": "Point"
      },
      "properties": {
        "frame": "map",
        "id": 102
      },
      "type": "Feature"
    },
    {
      "geometry": {
        "coordinates": [
          0.592551,
          -2.816821
        ],
        "type": "Point"
      },
      "properties": {
        "frame": "map",
        "id": 103
      },
      "type": "Feature"
    },
    {
      "geometry": {
        "coordinates": [
          0.598104,
          -3.016744
        ],
        "type": "Point"
      },
      "properties": {
        "frame": "map",
        "id": 104
      },
      "type": "Feature"
    },
    {
      "geometry": {
        "coordinates": [
          0.603657,
          -3.216667
        ],
        "type": "Point"
      },
      "properties": {
        "frame": "map",
        "id": 105
      },
      "type": "Feature"
    },
    {
      "geometry": {
        "coordinates": [
          0.609211,
          -3.41659
        ],
        "type": "Point"
      },
      "properties": {
        "frame": "map",
        "id": 106
      },
      "type": "Feature"
    },
    {
      "geometry": {
        "coordinates": [
          0.614764,
          -3.616513
        ],
        "type": "Point"
      },
      "properties": {
        "frame": "map",
        "id": 107
      },
      "type": "Feature"
    },
    {
      "geometry": {
        "coordinates": [
          0.620318,
          -3.816435
        ],
        "type": "Point"
      },
      "properties": {
        "frame": "map",
        "id": 108
      },
      "type": "Feature"
    },
    {
      "geometry": {
        "coordinates": [
          0.625871,
          -4.016358
        ],
        "type": "Point"
      },
      "properties": {
        "frame": "map",
        "id": 109
      },
      "type": "Feature"
    },
    {
      "geometry": {
        "coordinates": [
          0.631424,
          -4.216281
        ],
        "type": "Point"
      },
      "properties": {
        "frame": "map",
        "id": 110
      },
      "type": "Feature"
    },
    {
      "geometry": {
        "coordinates": [
          0.589399,
          -4.399722
        ],
        "type": "Point"
      },
      "properties": {
        "frame": "map",
        "id": 111
      },
      "type": "Feature"
    },
    {
      "geometry": {
        "coordinates": [
          0.461362,
          -4.553366
        ],
        "type": "Point"
      },
      "properties": {
        "frame": "map",
        "id": 112
      },
      "type": "Feature"
    },
    {
      "geometry": {
        "coordinates": [
          -0.525557,
          3.326115
        ],
        "type": "Point"
      },
      "properties": {
        "frame": "map",
        "id": 113
      },
      "type": "Feature"
    },
    {
      "geometry": {
        "coordinates": [
          -0.436115,
          3.147229
        ],
        "type": "Point"
      },
      "properties": {
        "frame": "map",
        "id": 114
      },
      "type": "Feature"
    },
    {
      "geometry": {
        "coordinates": [
          -0.346672,
          2.968344
        ],
        "type": "Point"
      },
      "properties": {
        "frame": "map",
        "id": 115
      },
      "type": "Feature"
    },
    {
      "geometry": {
        "coordinates": [
          -0.257229,
          2.789458
        ],
        "type": "Point"
      },
      "properties": {
        "frame": "map",
        "id": 116
      },
      "type": "Feature"
    },
    {
      "geometry": {
        "coordinates": [
          -0.167786,
          2.610573
        ],
        "type": "Point"
      },
      "properties": {
        "frame": "map",
        "id": 117
      },
      "type": "Feature"
    },
    {
      "geometry": {
        "coordinates": [
          -0.47891,
          3.651559
        ],
        "type": "Point"
      },
      "properties": {
        "frame": "map",
        "id": 118
      },
      "type": "Feature"
    },
    {
      "geometry": {
        "coordinates": [
          -0.34282,
          3.798117
        ],
        "type": "Point"
      },
      "properties": {
        "frame": "map",
        "id": 119
      },
      "type": "Feature"
    },
    {
      "geometry": {
        "coordinates": [
          -0.206729,
          3.944676
        ],
        "type": "Point"
      },
      "properties": {
        "frame": "map",
        "id": 120
      },
      "type": "Feature"
    },
    {
      "geometry": {
        "coordinates": [
          -0.070639,
          4.091235
        ],
        "type": "Point"
      },
      "properties": {
        "frame": "map",
        "id": 121
      },
      "type": "Feature"
    },
    {
      "geometry": {
        "coordinates": [
          0.035,
          4.249751
        ],
        "type": "Point"
      },
      "properties": {
        "frame": "map",
        "id": 122
      },
      "type": "Feature"
    },
    {
      "geometry": {
        "coordinates": [
          0.035,
          4.449751
        ],
        "type": "Point"
      },
      "properties": {
        "frame": "map",
        "id": 123
      },
      "type": "Feature"
    },
    {
      "geometry": {
        "coordinates": [
          0.122095,
          4.629191
        ],
        "type": "Point"
      },
      "properties": {
        "frame": "map",
        "id": 124
      },
      "type": "Feature"
    },
    {
      "geometry": {
        "coordinates": [
          -0.431769,
          5.024836
        ],
        "type": "Point"
      },
      "properties": {
        "frame": "map",
        "id": 125
      },
      "type": "Feature"
    },
    {
      "geometry": {
        "coordinates": [
          -0.248537,
          4.944672
        ],
        "type": "Point"
      },
      "properties": {
        "frame": "map",
        "id": 126
      },
      "type": "Feature"
    },
    {
      "geometry": {
        "coordinates": [
          -0.065306,
          4.864509
        ],
        "type": "Point"
      },
      "properties": {
        "frame": "map",
        "id": 127
      },
      "type": "Feature"
    },
    {
      "geometry": {
        "coordinates": [
          0.117926,
          4.784345
        ],
        "type": "Point"
      },
      "properties": {
        "frame": "map",
        "id": 128
      },
      "type": "Feature"
    },
    {
      "geometry": {
        "coordinates": [
          -0.165,
          2.405
        ],
        "type": "Point"
      },
      "properties": {
        "frame": "map",
        "id": 129
      },
      "type": "Feature"
    },
    {
      "geometry": {
        "coordinates": [
          -0.165,
          2.205
        ],
        "type": "Point"
      },
      "properties": {
        "frame": "map",
        "id": 130
      },
      "type": "Feature"
    },
    {
      "geometry": {
        "coordinates": [
          -0.165,
          2.005
        ],
        "type": "Point"
      },
      "properties": {
        "frame": "map",
        "id": 131
      },
      "type": "Feature"
    },
    {
      "geometry": {
        "coordinates": [
          -0.187361,
          1.810279
        ],
        "type": "Point"
      },
      "properties": {
        "frame": "map",
        "id": 132
      },
      "type": "Feature"
    },
    {
      "geometry": {
        "coordinates": [
          -0.276803,
          1.631393
        ],
        "type": "Point"
      },
      "properties": {
        "frame": "map",
        "id": 133
      },
      "type": "Feature"
    },
    {
      "geometry": {
        "coordinates": [
          -0.364845,
          1.452218
        ],
        "type": "Point"
      },
      "properties": {
        "frame": "map",
        "id": 134
      },
      "type": "Feature"
    },
    {
      "geometry": {
        "coordinates": [
          -0.353751,
          1.252526
        ],
        "type": "Point"
      },
      "properties": {
        "frame": "map",
        "id": 135
      },
      "type": "Feature"
    },
    {
      "geometry": {
        "coordinates": [
          -0.342657,
          1.052834
        ],
        "type": "Point"
      },
      "properties": {
        "frame": "map",
        "id": 136
      },
      "type": "Feature"
    },
    {
      "geometry": {
        "coordinates": [
          -0.331563,
          0.853142
        ],
        "type": "Point"
      },
      "properties": {
        "frame": "map",
        "id": 137
      },
      "type": "Feature"
    },
    {
      "geometry": {
        "coordinates": [
          -0.320469,
          0.65345
        ],
        "type": "Point"
      },
      "properties": {
        "frame": "map",
        "id": 138
      },
      "type": "Feature"
    },
    {
      "geometry": {
        "coordinates": [
          -0.261857,
          0.468643
        ],
        "type": "Point"
      },
      "properties": {
        "frame": "map",
        "id": 139
      },
      "type": "Feature"
    },
    {
      "geometry": {
        "coordinates": [
          -0.157038,
          0.298311
        ],
        "type": "Point"
      },
      "properties": {
        "frame": "map",
        "id": 140
      },
      "type": "Feature"
    },
    {
      "geometry": {
        "coordinates": [
          -0.052218,
          0.12798
        ],
        "type": "Point"
      },
      "properties": {
        "frame": "map",
        "id": 141
      },
      "type": "Feature"
    },
    {
      "geometry": {
        "coordinates": [
          0.052601,
          -0.042352
        ],
        "type": "Point"
      },
      "properties": {
        "frame": "map",
        "id": 142
      },
      "type": "Feature"
    },
    {
      "geometry": {
        "coordinates": [
          0.008649,
          2.704228
        ],
        "type": "Point"
      },
      "properties": {
        "frame": "map",
        "id": 143
      },
      "type": "Feature"
    },
    {
      "geometry": {
        "coordinates": [
          0.182297,
          2.803456
        ],
        "type": "Point"
      },
      "properties": {
        "frame": "map",
        "id": 144
      },
      "type": "Feature"
    },
    {
      "geometry": {
        "coordinates": [
          0.177875,
          -5.469275
        ],
        "type": "Point"
      },
      "properties": {
        "frame": "map",
        "id": 145
      },
      "type": "Feature"
    },
    {
      "geometry": {
        "coordinates": [
          0.349373,
          -5.366376
        ],
        "type": "Point"
      },
      "properties": {
        "frame": "map",
        "id": 146
      },
      "type": "Feature"
    },
    {
      "geometry": {
        "coordinates": [
          0.282279,
          -4.62788
        ],
        "type": "Point"
      },
      "properties": {
        "frame": "map",
        "id": 147
      },
      "type": "Feature"
    },
    {
      "geometry": {
        "coordinates": [
          0.272266,
          -0.024775
        ],
        "type": "Point"
      },
      "properties": {
        "frame": "map",
        "id": 148
      },
      "type": "Feature"
    },
    {
      "geometry": {
        "coordinates": [
          0.459532,
          0.045449
        ],
        "type": "Point"
      },
      "properties": {
        "frame": "map",
        "id": 149
      },
      "type": "Feature"
    },
    {
      "geometry": {
        "coordinates": [
          0.6578,
          0.055
        ],
        "type": "Point"
      },
      "properties": {
        "frame": "map",
        "id": 150
      },
      "type": "Feature"
    },
    {
      "geometry": {
        "coordinates": [
          0.843529,
          -0.002457
        ],
        "type": "Point"
      },
      "properties": {
        "frame": "map",
        "id": 151
      },
      "type": "Feature"
    },
    {
      "geometry": {
        "coordinates": [
          1.020287,
          -0.096034
        ],
        "type": "Point"
      },
      "properties": {
        "frame": "map",
        "id": 152
      },
      "type": "Feature"
    },
    {
      "geometry": {
        "coordinates": [
          1.197044,
          -0.189612
        ],
        "type": "Point"
      },
      "properties": {
        "frame": "map",
        "id": 153
      },
      "type": "Feature"
    },
    {
      "geometry": {
        "coordinates": [
          1.373802,
          -0.283189
        ],
        "type": "Point"
      },
      "properties": {
        "frame": "map",
        "id": 154
      },
      "type": "Feature"
    },
    {
      "geometry": {
        "coordinates": [
          1.550559,
          -0.376767
        ],
        "type": "Point"
      },
      "properties": {
        "frame": "map",
        "id": 155
      },
      "type": "Feature"
    },
    {
      "geometry": {
        "coordinates": [
          1.7428,
          -0.4028
        ],
        "type": "Point"
      },
      "properties": {
        "frame": "map",
        "id": 156
      },
      "type": "Feature"
    },
    {
      "geometry": {
        "coordinates": [
          1.884221,
          -0.544221
        ],
        "type": "Point"
      },
      "properties": {
        "frame": "map",
        "id": 157
      },
      "type": "Feature"
    },
    {
      "geometry": {
        "coordinates": [
          2.025643,
          -0.685643
        ],
        "type": "Point"
      },
      "properties": {
        "frame": "map",
        "id": 158
      },
      "type": "Feature"
    },
    {
      "geometry": {
        "coordinates": [
          2.118525,
          -0.862049
        ],
        "type": "Point"
      },
      "properties": {
        "frame": "map",
        "id": 159
      },
      "type": "Feature"
    },
    {
      "geometry": {
        "coordinates": [
          0.382279,
          4.78788
        ],
        "type": "Point"
      },
      "properties": {
        "frame": "map",
        "id": 160
      },
      "type": "Feature"
    },
    {
      "geometry": {
        "coordinates": [
          0.575943,
          4.774686
        ],
        "type": "Point"
      },
      "properties": {
        "frame": "map",
        "id": 161
      },
      "type": "Feature"
    },
    {
      "geometry": {
        "coordinates": [
          0.765679,
          4.71144
        ],
        "type": "Point"
      },
      "properties": {
        "frame": "map",
        "id": 162
      },
      "type": "Feature"
    },
    {
      "geometry": {
        "coordinates": [
          0.385,
          -5.145
        ],
        "type": "Point"
      },
      "properties": {
        "frame": "map",
        "id": 163
      },
      "type": "Feature"
    },
    {
      "geometry": {
        "coordinates": [
          0.385,
          -4.945
        ],
        "type": "Point"
      },
      "properties": {
        "frame": "map",
        "id": 164
      },
      "type": "Feature"
    },
    {
      "geometry": {
        "coordinates": [
          0.385,
          -4.745
        ],
        "type": "Point"
      },
      "properties": {
        "frame": "map",
        "id": 165
      },
      "type": "Feature"
    },
    {
      "geometry": {
        "coordinates": [
          0.885,
          4.535278
        ],
        "type": "Point"
      },
      "properties": {
        "frame": "map",
        "id": 166
      },
      "type": "Feature"
    },
    {
      "geometry": {
        "coordinates": [
          0.885,
          4.335278
        ],
        "type": "Point"
      },
      "properties": {
        "frame": "map",
        "id": 167
      },
      "type": "Feature"
    },
    {
      "geometry": {
        "coordinates": [
          0.926009,
          4.148613
        ],
        "type": "Point"
      },
      "properties": {
        "frame": "map",
        "id": 168
      },
      "type": "Feature"
    },
    {
      "geometry": {
        "coordinates": [
          1.043643,
          3.986866
        ],
        "type": "Point"
      },
      "properties": {
        "frame": "map",
        "id": 169
      },
      "type": "Feature"
    },
    {
      "geometry": {
        "coordinates": [
          1.161277,
          3.825119
        ],
        "type": "Point"
      },
      "properties": {
        "frame": "map",
        "id": 170
      },
      "type": "Feature"
    },
    {
      "geometry": {
        "coordinates": [
          1.278912,
          3.663371
        ],
        "type": "Point"
      },
      "properties": {
        "frame": "map",
        "id": 171
      },
      "type": "Feature"
    },
    {
      "geometry": {
        "coordinates": [
          1.200186,
          3.485373
        ],
        "type": "Point"
      },
      "properties": {
        "frame": "map",
        "id": 172
      },
      "type": "Feature"
    },
    {
      "geometry": {
        "coordinates": [
          1.110744,
          3.306487
        ],
        "type": "Point"
      },
      "properties": {
        "frame": "map",
        "id": 173
      },
      "type": "Feature"
    },
    {
      "geometry": {
        "coordinates": [
          1.021301,
          3.127602
        ],
        "type": "Point"
      },
      "properties": {
        "frame": "map",
        "id": 174
      },
      "type": "Feature"
    },
    {
      "geometry": {
        "coordinates": [
          0.967762,
          4.786228
        ],
        "type": "Point"
      },
      "properties": {
        "frame": "map",
        "id": 175
      },
      "type": "Feature"
    },
    {
      "geometry": {
        "coordinates": [
          1.150525,
          4.867455
        ],
        "type": "Point"
      },
      "properties": {
        "frame": "map",
        "id": 176
      },
      "type": "Feature"
    },
    {
      "geometry": {
        "coordinates": [
          1.342557,
          4.905
        ],
        "type": "Point"
      },
      "properties": {
        "frame": "map",
        "id": 177
      },
      "type": "Feature"
    },
    {
      "geometry": {
        "coordinates": [
          1.542557,
          4.905
        ],
        "type": "Point"
      },
      "properties": {
        "frame": "map",
        "id": 178
      },
      "type": "Feature"
    },
    {
      "geometry": {
        "coordinates": [
          1.742557,
          4.905
        ],
        "type": "Point"
      },
      "properties": {
        "frame": "map",
        "id": 179
      },
      "type": "Feature"
    },
    {
      "geometry": {
        "coordinates": [
          1.942557,
          4.905
        ],
        "type": "Point"
      },
      "properties": {
        "frame": "map",
        "id": 180
      },
      "type": "Feature"
    },
    {
      "geometry": {
        "coordinates": [
          [
            [
              -4.314999999999999,
              1.005
            ],
            [
              -4.173578643762689,
              1.1464213562373098
            ]
          ]
        ],
        "type": "MultiLineString"
      },
      "properties": {
        "endid": 25,
        "id": 181,
        "metadata": {
          "bottleneck": true,
          "canonical_edge_id": 1,
          "length_m": 0.2,
          "min_clearance_m": 0.2692582309246063,
          "segment_fraction_end": 0.09245272310921307,
          "segment_fraction_start": 0.0,
          "segment_index": 0,
          "static_traversability": "UNKNOWN"
        },
        "startid": 0
      },
      "type": "Feature"
    },
    {
      "geometry": {
        "coordinates": [
          [
            [
              -4.173578643762689,
              1.1464213562373098
            ],
            [
              -3.977325812608298,
              1.1464693551185592
            ]
          ]
        ],
        "type": "MultiLineString"
      },
      "properties": {
        "endid": 26,
        "id": 182,
        "metadata": {
          "bottleneck": true,
          "canonical_edge_id": 1,
          "length_m": 0.2,
          "min_clearance_m": 0.2692582309246063,
          "segment_fraction_end": 0.18490544621842614,
          "segment_fraction_start": 0.09245272310921307,
          "segment_index": 1,
          "static_traversability": "UNKNOWN"
        },
        "startid": 25
      },
      "type": "Feature"
    },
    {
      "geometry": {
        "coordinates": [
          [
            [
              -3.977325812608298,
              1.1464693551185592
            ],
            [
              -3.777532104566238,
              1.137387822934829
            ]
          ]
        ],
        "type": "MultiLineString"
      },
      "properties": {
        "endid": 27,
        "id": 183,
        "metadata": {
          "bottleneck": true,
          "canonical_edge_id": 1,
          "length_m": 0.20000000000000007,
          "min_clearance_m": 0.2692582309246063,
          "segment_fraction_end": 0.27735816932763924,
          "segment_fraction_start": 0.18490544621842614,
          "segment_index": 2,
          "static_traversability": "UNKNOWN"
        },
        "startid": 26
      },
      "type": "Feature"
    },
    {
      "geometry": {
        "coordinates": [
          [
            [
              -3.777532104566238,
              1.137387822934829
            ],
            [
              -3.577738396524178,
              1.128306290751099
            ]
          ]
        ],
        "type": "MultiLineString"
      },
      "properties": {
        "endid": 28,
        "id": 184,
        "metadata": {
          "bottleneck": true,
          "canonical_edge_id": 1,
          "length_m": 0.19999999999999996,
          "min_clearance_m": 0.2692582309246063,
          "segment_fraction_end": 0.3698108924368523,
          "segment_fraction_start": 0.27735816932763924,
          "segment_index": 3,
          "static_traversability": "UNKNOWN"
        },
        "startid": 27
      },
      "type": "Feature"
    },
    {
      "geometry": {
        "coordinates": [
          [
            [
              -3.577738396524178,
              1.128306290751099
            ],
            [
              -3.3779446884821183,
              1.119224758567369
            ]
          ]
        ],
        "type": "MultiLineString"
      },
      "properties": {
        "endid": 29,
        "id": 185,
        "metadata": {
          "bottleneck": true,
          "canonical_edge_id": 1,
          "length_m": 0.19999999999999996,
          "min_clearance_m": 0.2692582309246063,
          "segment_fraction_end": 0.4622636155460653,
          "segment_fraction_start": 0.3698108924368523,
          "segment_index": 4,
          "static_traversability": "UNKNOWN"
        },
        "startid": 28
      },
      "type": "Feature"
    },
    {
      "geometry": {
        "coordinates": [
          [
            [
              -3.3779446884821183,
              1.119224758567369
            ],
            [
              -3.178150980440058,
              1.1101432263836386
            ]
          ]
        ],
        "type": "MultiLineString"
      },
      "properties": {
        "endid": 30,
        "id": 186,
        "metadata": {
          "bottleneck": true,
          "canonical_edge_id": 1,
          "length_m": 0.20000000000000018,
          "min_clearance_m": 0.2692582309246063,
          "segment_fraction_end": 0.5547163386552785,
          "segment_fraction_start": 0.4622636155460653,
          "segment_index": 5,
          "static_traversability": "UNKNOWN"
        },
        "startid": 29
      },
      "type": "Feature"
    },
    {
      "geometry": {
        "coordinates": [
          [
            [
              -3.178150980440058,
              1.1101432263836386
            ],
            [
              -2.9849395184306693,
              1.1383585339872202
            ]
          ]
        ],
        "type": "MultiLineString"
      },
      "properties": {
        "endid": 31,
        "id": 187,
        "metadata": {
          "bottleneck": true,
          "canonical_edge_id": 1,
          "length_m": 0.19999999999999996,
          "min_clearance_m": 0.2692582309246063,
          "segment_fraction_end": 0.6471690617644915,
          "segment_fraction_start": 0.5547163386552785,
          "segment_index": 6,
          "static_traversability": "UNKNOWN"
        },
        "startid": 30
      },
      "type": "Feature"
    },
    {
      "geometry": {
        "coordinates": [
          [
            [
              -2.9849395184306693,
              1.1383585339872202
            ],
            [
              -2.8003241338152844,
              1.215281610910297
            ]
          ]
        ],
        "type": "MultiLineString"
      },
      "properties": {
        "endid": 32,
        "id": 188,
        "metadata": {
          "bottleneck": true,
          "canonical_edge_id": 1,
          "length_m": 0.19999999999999996,
          "min_clearance_m": 0.2692582309246063,
          "segment_fraction_end": 0.7396217848737046,
          "segment_fraction_start": 0.6471690617644915,
          "segment_index": 7,
          "static_traversability": "UNKNOWN"
        },
        "startid": 31
      },
      "type": "Feature"
    },
    {
      "geometry": {
        "coordinates": [
          [
            [
              -2.8003241338152844,
              1.215281610910297
            ],
            [
              -2.6157087491999,
              1.292204687833374
            ]
          ]
        ],
        "type": "MultiLineString"
      },
      "properties": {
        "endid": 33,
        "id": 189,
        "metadata": {
          "bottleneck": true,
          "canonical_edge_id": 1,
          "length_m": 0.19999999999999996,
          "min_clearance_m": 0.2692582309246063,
          "segment_fraction_end": 0.8320745079829176,
          "segment_fraction_start": 0.7396217848737046,
          "segment_index": 8,
          "static_traversability": "UNKNOWN"
        },
        "startid": 32
      },
      "type": "Feature"
    },
    {
      "geometry": {
        "coordinates": [
          [
            [
              -2.6157087491999,
              1.292204687833374
            ],
            [
              -2.428267811633225,
              1.3549999999999995
            ]
          ]
        ],
        "type": "MultiLineString"
      },
      "properties": {
        "endid": 34,
        "id": 190,
        "metadata": {
          "bottleneck": true,
          "canonical_edge_id": 1,
          "length_m": 0.19999999999999996,
          "min_clearance_m": 0.2692582309246063,
          "segment_fraction_end": 0.9245272310921306,
          "segment_fraction_start": 0.8320745079829176,
          "segment_index": 9,
          "static_traversability": "UNKNOWN"
        },
        "startid": 33
      },
      "type": "Feature"
    },
    {
      "geometry": {
        "coordinates": [
          [
            [
              -2.428267811633225,
              1.3549999999999995
            ],
            [
              -2.264999999999999,
              1.3549999999999995
            ]
          ]
        ],
        "type": "MultiLineString"
      },
      "properties": {
        "endid": 6,
        "id": 191,
        "metadata": {
          "bottleneck": true,
          "canonical_edge_id": 1,
          "length_m": 0.16326781163322623,
          "min_clearance_m": 0.2692582309246063,
          "segment_fraction_end": 0.9999999999999998,
          "segment_fraction_start": 0.9245272310921306,
          "segment_index": 10,
          "static_traversability": "UNKNOWN"
        },
        "startid": 34
      },
      "type": "Feature"
    },
    {
      "geometry": {
        "coordinates": [
          [
            [
              -4.164999999999999,
              -0.5949999999999998
            ],
            [
              -4.023578643762689,
              -0.4535786437626905
            ]
          ]
        ],
        "type": "MultiLineString"
      },
      "properties": {
        "endid": 35,
        "id": 192,
        "metadata": {
          "bottleneck": true,
          "canonical_edge_id": 3,
          "length_m": 0.2,
          "min_clearance_m": 0.2692582309246063,
          "segment_fraction_end": 0.08312078001641907,
          "segment_fraction_start": 0.0,
          "segment_index": 0,
          "static_traversability": "UNKNOWN"
        },
        "startid": 2
      },
      "type": "Feature"
    },
    {
      "geometry": {
        "coordinates": [
          [
            [
              -4.023578643762689,
              -0.4535786437626905
            ],
            [
              -3.8478427124746175,
              -0.39500000000000046
            ]
          ]
        ],
        "type": "MultiLineString"
      },
      "properties": {
        "endid": 36,
        "id": 193,
        "metadata": {
          "bottleneck": true,
          "canonical_edge_id": 3,
          "length_m": 0.2,
          "min_clearance_m": 0.2692582309246063,
          "segment_fraction_end": 0.16624156003283813,
          "segment_fraction_start": 0.08312078001641907,
          "segment_index": 1,
          "static_traversability": "UNKNOWN"
        },
        "startid": 35
      },
      "type": "Feature"
    },
    {
      "geometry": {
        "coordinates": [
          [
            [
              -3.8478427124746175,
              -0.39500000000000046
            ],
            [
              -3.659121759147574,
              -0.4322521605682835
            ]
          ]
        ],
        "type": "MultiLineString"
      },
      "properties": {
        "endid": 37,
        "id": 194,
        "metadata": {
          "bottleneck": true,
          "canonical_edge_id": 3,
          "length_m": 0.20000000000000007,
          "min_clearance_m": 0.2692582309246063,
          "segment_fraction_end": 0.24936234004925723,
          "segment_fraction_start": 0.16624156003283813,
          "segment_index": 2,
          "static_traversability": "UNKNOWN"
        },
        "startid": 36
      },
      "type": "Feature"
    },
    {
      "geometry": {
        "coordinates": [
          [
            [
              -3.659121759147574,
              -0.4322521605682835
            ],
            [
              -3.4781202762478167,
              -0.4950000000000001
            ]
          ]
        ],
        "type": "MultiLineString"
      },
      "properties": {
        "endid": 38,
        "id": 195,
        "metadata": {
          "bottleneck": true,
          "canonical_edge_id": 3,
          "length_m": 0.19999999999999996,
          "min_clearance_m": 0.2692582309246063,
          "segment_fraction_end": 0.33248312006567626,
          "segment_fraction_start": 0.24936234004925723,
          "segment_index": 3,
          "static_traversability": "UNKNOWN"
        },
        "startid": 37
      },
      "type": "Feature"
    },
    {
      "geometry": {
        "coordinates": [
          [
            [
              -3.4781202762478167,
              -0.4950000000000001
            ],
            [
              -3.278120276247817,
              -0.4950000000000001
            ]
          ]
        ],
        "type": "MultiLineString"
      },
      "properties": {
        "endid": 39,
        "id": 196,
        "metadata": {
          "bottleneck": true,
          "canonical_edge_id": 3,
          "length_m": 0.19999999999999996,
          "min_clearance_m": 0.2692582309246063,
          "segment_fraction_end": 0.4156039000820953,
          "segment_fraction_start": 0.33248312006567626,
          "segment_index": 4,
          "static_traversability": "UNKNOWN"
        },
        "startid": 38
      },
      "type": "Feature"
    },
    {
      "geometry": {
        "coordinates": [
          [
            [
              -3.278120276247817,
              -0.4950000000000001
            ],
            [
              -3.078120276247817,
              -0.4950000000000001
            ]
          ]
        ],
        "type": "MultiLineString"
      },
      "properties": {
        "endid": 40,
        "id": 197,
        "metadata": {
          "bottleneck": true,
          "canonical_edge_id": 3,
          "length_m": 0.20000000000000018,
          "min_clearance_m": 0.2692582309246063,
          "segment_fraction_end": 0.49872468009851445,
          "segment_fraction_start": 0.4156039000820953,
          "segment_index": 5,
          "static_traversability": "UNKNOWN"
        },
        "startid": 39
      },
      "type": "Feature"
    },
    {
      "geometry": {
        "coordinates": [
          [
            [
              -3.078120276247817,
              -0.4950000000000001
            ],
            [
              -2.8976266052090156,
              -0.42457596312541
            ]
          ]
        ],
        "type": "MultiLineString"
      },
      "properties": {
        "endid": 41,
        "id": 198,
        "metadata": {
          "bottleneck": true,
          "canonical_edge_id": 3,
          "length_m": 0.19999999999999996,
          "min_clearance_m": 0.2692582309246063,
          "segment_fraction_end": 0.5818454601149335,
          "segment_fraction_start": 0.49872468009851445,
          "segment_index": 6,
          "static_traversability": "UNKNOWN"
        },
        "startid": 40
      },
      "type": "Feature"
    },
    {
      "geometry": {
        "coordinates": [
          [
            [
              -2.8976266052090156,
              -0.42457596312541
            ],
            [
              -2.719746097327936,
              -0.347661994274827
            ]
          ]
        ],
        "type": "MultiLineString"
      },
      "properties": {
        "endid": 42,
        "id": 199,
        "metadata": {
          "bottleneck": true,
          "canonical_edge_id": 3,
          "length_m": 0.19999999999999996,
          "min_clearance_m": 0.2692582309246063,
          "segment_fraction_end": 0.6649662401313525,
          "segment_fraction_start": 0.5818454601149335,
          "segment_index": 7,
          "static_traversability": "UNKNOWN"
        },
        "startid": 41
      },
      "type": "Feature"
    },
    {
      "geometry": {
        "coordinates": [
          [
            [
              -2.719746097327936,
              -0.347661994274827
            ],
            [
              -2.520091222692937,
              -0.35940639866512125
            ]
          ]
        ],
        "type": "MultiLineString"
      },
      "properties": {
        "endid": 43,
        "id": 200,
        "metadata": {
          "bottleneck": true,
          "canonical_edge_id": 3,
          "length_m": 0.19999999999999996,
          "min_clearance_m": 0.2692582309246063,
          "segment_fraction_end": 0.7480870201477716,
          "segment_fraction_start": 0.6649662401313525,
          "segment_index": 8,
          "static_traversability": "UNKNOWN"
        },
        "startid": 42
      },
      "type": "Feature"
    },
    {
      "geometry": {
        "coordinates": [
          [
            [
              -2.520091222692937,
              -0.35940639866512125
            ],
            [
              -2.320436348057938,
              -0.3711508030554155
            ]
          ]
        ],
        "type": "MultiLineString"
      },
      "properties": {
        "endid": 44,
        "id": 201,
        "metadata": {
          "bottleneck": true,
          "canonical_edge_id": 3,
          "length_m": 0.19999999999999996,
          "min_clearance_m": 0.2692582309246063,
          "segment_fraction_end": 0.8312078001641906,
          "segment_fraction_start": 0.7480870201477716,
          "segment_index": 9,
          "static_traversability": "UNKNOWN"
        },
        "startid": 43
      },
      "type": "Feature"
    },
    {
      "geometry": {
        "coordinates": [
          [
            [
              -2.320436348057938,
              -0.3711508030554155
            ],
            [
              -2.1207814734229387,
              -0.3828952074457097
            ]
          ]
        ],
        "type": "MultiLineString"
      },
      "properties": {
        "endid": 45,
        "id": 202,
        "metadata": {
          "bottleneck": true,
          "canonical_edge_id": 3,
          "length_m": 0.20000000000000018,
          "min_clearance_m": 0.2692582309246063,
          "segment_fraction_end": 0.9143285801806098,
          "segment_fraction_start": 0.8312078001641906,
          "segment_index": 10,
          "static_traversability": "UNKNOWN"
        },
        "startid": 44
      },
      "type": "Feature"
    },
    {
      "geometry": {
        "coordinates": [
          [
            [
              -2.1207814734229387,
              -0.3828952074457097
            ],
            [
              -1.9211265987879393,
              -0.39463961183600393
            ]
          ]
        ],
        "type": "MultiLineString"
      },
      "properties": {
        "endid": 46,
        "id": 203,
        "metadata": {
          "bottleneck": true,
          "canonical_edge_id": 3,
          "length_m": 0.20000000000000018,
          "min_clearance_m": 0.2692582309246063,
          "segment_fraction_end": 0.9974493601970289,
          "segment_fraction_start": 0.9143285801806098,
          "segment_index": 11,
          "static_traversability": "UNKNOWN"
        },
        "startid": 45
      },
      "type": "Feature"
    },
    {
      "geometry": {
        "coordinates": [
          [
            [
              -1.9211265987879393,
              -0.39463961183600393
            ],
            [
              -1.9149999999999987,
              -0.39500000000000046
            ]
          ]
        ],
        "type": "MultiLineString"
      },
      "properties": {
        "endid": 7,
        "id": 204,
        "metadata": {
          "bottleneck": true,
          "canonical_edge_id": 3,
          "length_m": 0.006137189286403277,
          "min_clearance_m": 0.2692582309246063,
          "segment_fraction_end": 1.0000000000000002,
          "segment_fraction_start": 0.9974493601970289,
          "segment_index": 12,
          "static_traversability": "UNKNOWN"
        },
        "startid": 46
      },
      "type": "Feature"
    },
    {
      "geometry": {
        "coordinates": [
          [
            [
              -3.5649999999999986,
              -2.745
            ],
            [
              -3.4400609904891137,
              -2.5888262381113942
            ]
          ]
        ],
        "type": "MultiLineString"
      },
      "properties": {
        "endid": 47,
        "id": 205,
        "metadata": {
          "bottleneck": true,
          "canonical_edge_id": 4,
          "length_m": 0.2,
          "min_clearance_m": 0.22360680997371674,
          "segment_fraction_end": 0.1405215641232233,
          "segment_fraction_start": 0.0,
          "segment_index": 0,
          "static_traversability": "UNKNOWN"
        },
        "startid": 3
      },
      "type": "Feature"
    },
    {
      "geometry": {
        "coordinates": [
          [
            [
              -3.4400609904891137,
              -2.5888262381113942
            ],
            [
              -3.285156211871641,
              -2.495
            ]
          ]
        ],
        "type": "MultiLineString"
      },
      "properties": {
        "endid": 48,
        "id": 206,
        "metadata": {
          "bottleneck": true,
          "canonical_edge_id": 4,
          "length_m": 0.2,
          "min_clearance_m": 0.22360680997371674,
          "segment_fraction_end": 0.2810431282464466,
          "segment_fraction_start": 0.1405215641232233,
          "segment_index": 1,
          "static_traversability": "UNKNOWN"
        },
        "startid": 47
      },
      "type": "Feature"
    },
    {
      "geometry": {
        "coordinates": [
          [
            [
              -3.285156211871641,
              -2.495
            ],
            [
              -3.0851562118716407,
              -2.495
            ]
          ]
        ],
        "type": "MultiLineString"
      },
      "properties": {
        "endid": 49,
        "id": 207,
        "metadata": {
          "bottleneck": true,
          "canonical_edge_id": 4,
          "length_m": 0.20000000000000007,
          "min_clearance_m": 0.22360680997371674,
          "segment_fraction_end": 0.4215646923696699,
          "segment_fraction_start": 0.2810431282464466,
          "segment_index": 2,
          "static_traversability": "UNKNOWN"
        },
        "startid": 48
      },
      "type": "Feature"
    },
    {
      "geometry": {
        "coordinates": [
          [
            [
              -3.0851562118716407,
              -2.495
            ],
            [
              -2.8956761785163136,
              -2.5346136122763916
            ]
          ]
        ],
        "type": "MultiLineString"
      },
      "properties": {
        "endid": 50,
        "id": 208,
        "metadata": {
          "bottleneck": true,
          "canonical_edge_id": 4,
          "length_m": 0.19999999999999996,
          "min_clearance_m": 0.22360680997371674,
          "segment_fraction_end": 0.5620862564928932,
          "segment_fraction_start": 0.4215646923696699,
          "segment_index": 3,
          "static_traversability": "UNKNOWN"
        },
        "startid": 49
      },
      "type": "Feature"
    },
    {
      "geometry": {
        "coordinates": [
          [
            [
              -2.8956761785163136,
              -2.5346136122763916
            ],
            [
              -2.722027550091422,
              -2.6338413999477583
            ]
          ]
        ],
        "type": "MultiLineString"
      },
      "properties": {
        "endid": 51,
        "id": 209,
        "metadata": {
          "bottleneck": true,
          "canonical_edge_id": 4,
          "length_m": 0.19999999999999996,
          "min_clearance_m": 0.22360680997371674,
          "segment_fraction_end": 0.7026078206161165,
          "segment_fraction_start": 0.5620862564928932,
          "segment_index": 4,
          "static_traversability": "UNKNOWN"
        },
        "startid": 50
      },
      "type": "Feature"
    },
    {
      "geometry": {
        "coordinates": [
          [
            [
              -2.722027550091422,
              -2.6338413999477583
            ],
            [
              -2.5382690992865684,
              -2.6950000000000003
            ]
          ]
        ],
        "type": "MultiLineString"
      },
      "properties": {
        "endid": 52,
        "id": 210,
        "metadata": {
          "bottleneck": true,
          "canonical_edge_id": 4,
          "length_m": 0.20000000000000018,
          "min_clearance_m": 0.22360680997371674,
          "segment_fraction_end": 0.8431293847393398,
          "segment_fraction_start": 0.7026078206161165,
          "segment_index": 5,
          "static_traversability": "UNKNOWN"
        },
        "startid": 51
      },
      "type": "Feature"
    },
    {
      "geometry": {
        "coordinates": [
          [
            [
              -2.5382690992865684,
              -2.6950000000000003
            ],
            [
              -2.3382690992865687,
              -2.6950000000000003
            ]
          ]
        ],
        "type": "MultiLineString"
      },
      "properties": {
        "endid": 53,
        "id": 211,
        "metadata": {
          "bottleneck": true,
          "canonical_edge_id": 4,
          "length_m": 0.19999999999999996,
          "min_clearance_m": 0.22360680997371674,
          "segment_fraction_end": 0.9836509488625631,
          "segment_fraction_start": 0.8431293847393398,
          "segment_index": 6,
          "static_traversability": "UNKNOWN"
        },
        "startid": 52
      },
      "type": "Feature"
    },
    {
      "geometry": {
        "coordinates": [
          [
            [
              -2.3382690992865687,
              -2.6950000000000003
            ],
            [
              -2.3149999999999986,
              -2.6950000000000003
            ]
          ]
        ],
        "type": "MultiLineString"
      },
      "properties": {
        "endid": 5,
        "id": 212,
        "metadata": {
          "bottleneck": true,
          "canonical_edge_id": 4,
          "length_m": 0.02326909928656984,
          "min_clearance_m": 0.22360680997371674,
          "segment_fraction_end": 1.0,
          "segment_fraction_start": 0.9836509488625631,
          "segment_index": 7,
          "static_traversability": "UNKNOWN"
        },
        "startid": 53
      },
      "type": "Feature"
    },
    {
      "geometry": {
        "coordinates": [
          [
            [
              -3.0649999999999986,
              -3.6950000000000003
            ],
            [
              -2.8861145618000155,
              -3.6055572809000087
            ]
          ]
        ],
        "type": "MultiLineString"
      },
      "properties": {
        "endid": 54,
        "id": 213,
        "metadata": {
          "bottleneck": true,
          "canonical_edge_id": 5,
          "length_m": 0.2,
          "min_clearance_m": 0.25,
          "segment_fraction_end": 0.1285092978609954,
          "segment_fraction_start": 0.0,
          "segment_index": 0,
          "static_traversability": "UNKNOWN"
        },
        "startid": 4
      },
      "type": "Feature"
    },
    {
      "geometry": {
        "coordinates": [
          [
            [
              -2.8861145618000155,
              -3.6055572809000087
            ],
            [
              -2.7072291236000323,
              -3.516114561800017
            ]
          ]
        ],
        "type": "MultiLineString"
      },
      "properties": {
        "endid": 55,
        "id": 214,
        "metadata": {
          "bottleneck": true,
          "canonical_edge_id": 5,
          "length_m": 0.2,
          "min_clearance_m": 0.25,
          "segment_fraction_end": 0.2570185957219908,
          "segment_fraction_start": 0.1285092978609954,
          "segment_index": 1,
          "static_traversability": "UNKNOWN"
        },
        "startid": 54
      },
      "type": "Feature"
    },
    {
      "geometry": {
        "coordinates": [
          [
            [
              -2.7072291236000323,
              -3.516114561800017
            ],
            [
              -2.528343685400049,
              -3.4266718427000256
            ]
          ]
        ],
        "type": "MultiLineString"
      },
      "properties": {
        "endid": 56,
        "id": 215,
        "metadata": {
          "bottleneck": true,
          "canonical_edge_id": 5,
          "length_m": 0.20000000000000007,
          "min_clearance_m": 0.25,
          "segment_fraction_end": 0.3855278935829863,
          "segment_fraction_start": 0.2570185957219908,
          "segment_index": 2,
          "static_traversability": "UNKNOWN"
        },
        "startid": 55
      },
      "type": "Feature"
    },
    {
      "geometry": {
        "coordinates": [
          [
            [
              -2.528343685400049,
              -3.4266718427000256
            ],
            [
              -2.3657614772045794,
              -3.3123012310038176
            ]
          ]
        ],
        "type": "MultiLineString"
      },
      "properties": {
        "endid": 57,
        "id": 216,
        "metadata": {
          "bottleneck": true,
          "canonical_edge_id": 5,
          "length_m": 0.19999999999999996,
          "min_clearance_m": 0.25,
          "segment_fraction_end": 0.5140371914439816,
          "segment_fraction_start": 0.3855278935829863,
          "segment_index": 3,
          "static_traversability": "UNKNOWN"
        },
        "startid": 56
      },
      "type": "Feature"
    },
    {
      "geometry": {
        "coordinates": [
          [
            [
              -2.3657614772045794,
              -3.3123012310038176
            ],
            [
              -2.212117221285104,
              -3.184264351070922
            ]
          ]
        ],
        "type": "MultiLineString"
      },
      "properties": {
        "endid": 58,
        "id": 217,
        "metadata": {
          "bottleneck": true,
          "canonical_edge_id": 5,
          "length_m": 0.19999999999999996,
          "min_clearance_m": 0.25,
          "segment_fraction_end": 0.642546489304977,
          "segment_fraction_start": 0.5140371914439816,
          "segment_index": 4,
          "static_traversability": "UNKNOWN"
        },
        "startid": 57
      },
      "type": "Feature"
    },
    {
      "geometry": {
        "coordinates": [
          [
            [
              -2.212117221285104,
              -3.184264351070922
            ],
            [
              -2.1846104925937824,
              -3.007726551843514
            ]
          ]
        ],
        "type": "MultiLineString"
      },
      "properties": {
        "endid": 59,
        "id": 218,
        "metadata": {
          "bottleneck": true,
          "canonical_edge_id": 5,
          "length_m": 0.20000000000000018,
          "min_clearance_m": 0.25,
          "segment_fraction_end": 0.7710557871659726,
          "segment_fraction_start": 0.642546489304977,
          "segment_index": 5,
          "static_traversability": "UNKNOWN"
        },
        "startid": 58
      },
      "type": "Feature"
    },
    {
      "geometry": {
        "coordinates": [
          [
            [
              -2.1846104925937824,
              -3.007726551843514
            ],
            [
              -2.2128947638412444,
              -2.8097366531112806
            ]
          ]
        ],
        "type": "MultiLineString"
      },
      "properties": {
        "endid": 60,
        "id": 219,
        "metadata": {
          "bottleneck": true,
          "canonical_edge_id": 5,
          "length_m": 0.19999999999999996,
          "min_clearance_m": 0.25,
          "segment_fraction_end": 0.8995650850269679,
          "segment_fraction_start": 0.7710557871659726,
          "segment_index": 6,
          "static_traversability": "UNKNOWN"
        },
        "startid": 59
      },
      "type": "Feature"
    },
    {
      "geometry": {
        "coordinates": [
          [
            [
              -2.2128947638412444,
              -2.8097366531112806
            ],
            [
              -2.3149999999999986,
              -2.6950000000000003
            ]
          ]
        ],
        "type": "MultiLineString"
      },
      "properties": {
        "endid": 5,
        "id": 220,
        "metadata": {
          "bottleneck": true,
          "canonical_edge_id": 5,
          "length_m": 0.15630762387585295,
          "min_clearance_m": 0.25,
          "segment_fraction_end": 1.0,
          "segment_fraction_start": 0.8995650850269679,
          "segment_index": 7,
          "static_traversability": "UNKNOWN"
        },
        "startid": 60
      },
      "type": "Feature"
    },
    {
      "geometry": {
        "coordinates": [
          [
            [
              -2.3149999999999986,
              -2.6950000000000003
            ],
            [
              -2.3382690992865687,
              -2.6950000000000003
            ]
          ]
        ],
        "type": "MultiLineString"
      },
      "properties": {
        "endid": 53,
        "id": 221,
        "metadata": {
          "bottleneck": true,
          "canonical_edge_id": 6,
          "length_m": 0.02326909928656984,
          "min_clearance_m": 0.22360680997371674,
          "segment_fraction_end": 0.016349051137436864,
          "segment_fraction_start": 0.0,
          "segment_index": 0,
          "static_traversability": "UNKNOWN"
        },
        "startid": 5
      },
      "type": "Feature"
    },
    {
      "geometry": {
        "coordinates": [
          [
            [
              -2.3382690992865687,
              -2.6950000000000003
            ],
            [
              -2.5382690992865684,
              -2.6950000000000003
            ]
          ]
        ],
        "type": "MultiLineString"
      },
      "properties": {
        "endid": 52,
        "id": 222,
        "metadata": {
          "bottleneck": true,
          "canonical_edge_id": 6,
          "length_m": 0.19999999999999996,
          "min_clearance_m": 0.22360680997371674,
          "segment_fraction_end": 0.15687061526066012,
          "segment_fraction_start": 0.016349051137436864,
          "segment_index": 1,
          "static_traversability": "UNKNOWN"
        },
        "startid": 53
      },
      "type": "Feature"
    },
    {
      "geometry": {
        "coordinates": [
          [
            [
              -2.5382690992865684,
              -2.6950000000000003
            ],
            [
              -2.722027550091422,
              -2.6338413999477583
            ]
          ]
        ],
        "type": "MultiLineString"
      },
      "properties": {
        "endid": 51,
        "id": 223,
        "metadata": {
          "bottleneck": true,
          "canonical_edge_id": 6,
          "length_m": 0.20000000000000018,
          "min_clearance_m": 0.22360680997371674,
          "segment_fraction_end": 0.2973921793838835,
          "segment_fraction_start": 0.15687061526066012,
          "segment_index": 2,
          "static_traversability": "UNKNOWN"
        },
        "startid": 52
      },
      "type": "Feature"
    },
    {
      "geometry": {
        "coordinates": [
          [
            [
              -2.722027550091422,
              -2.6338413999477583
            ],
            [
              -2.8956761785163136,
              -2.5346136122763916
            ]
          ]
        ],
        "type": "MultiLineString"
      },
      "properties": {
        "endid": 50,
        "id": 224,
        "metadata": {
          "bottleneck": true,
          "canonical_edge_id": 6,
          "length_m": 0.19999999999999996,
          "min_clearance_m": 0.22360680997371674,
          "segment_fraction_end": 0.4379137435071068,
          "segment_fraction_start": 0.2973921793838835,
          "segment_index": 3,
          "static_traversability": "UNKNOWN"
        },
        "startid": 51
      },
      "type": "Feature"
    },
    {
      "geometry": {
        "coordinates": [
          [
            [
              -2.8956761785163136,
              -2.5346136122763916
            ],
            [
              -3.0851562118716407,
              -2.495
            ]
          ]
        ],
        "type": "MultiLineString"
      },
      "properties": {
        "endid": 49,
        "id": 225,
        "metadata": {
          "bottleneck": true,
          "canonical_edge_id": 6,
          "length_m": 0.19999999999999996,
          "min_clearance_m": 0.22360680997371674,
          "segment_fraction_end": 0.57843530763033,
          "segment_fraction_start": 0.4379137435071068,
          "segment_index": 4,
          "static_traversability": "UNKNOWN"
        },
        "startid": 50
      },
      "type": "Feature"
    },
    {
      "geometry": {
        "coordinates": [
          [
            [
              -3.0851562118716407,
              -2.495
            ],
            [
              -3.285156211871641,
              -2.495
            ]
          ]
        ],
        "type": "MultiLineString"
      },
      "properties": {
        "endid": 48,
        "id": 226,
        "metadata": {
          "bottleneck": true,
          "canonical_edge_id": 6,
          "length_m": 0.20000000000000018,
          "min_clearance_m": 0.22360680997371674,
          "segment_fraction_end": 0.7189568717535535,
          "segment_fraction_start": 0.57843530763033,
          "segment_index": 5,
          "static_traversability": "UNKNOWN"
        },
        "startid": 49
      },
      "type": "Feature"
    },
    {
      "geometry": {
        "coordinates": [
          [
            [
              -3.285156211871641,
              -2.495
            ],
            [
              -3.4400609904891137,
              -2.5888262381113942
            ]
          ]
        ],
        "type": "MultiLineString"
      },
      "properties": {
        "endid": 47,
        "id": 227,
        "metadata": {
          "bottleneck": true,
          "canonical_edge_id": 6,
          "length_m": 0.19999999999999996,
          "min_clearance_m": 0.22360680997371674,
          "segment_fraction_end": 0.8594784358767767,
          "segment_fraction_start": 0.7189568717535535,
          "segment_index": 6,
          "static_traversability": "UNKNOWN"
        },
        "startid": 48
      },
      "type": "Feature"
    },
    {
      "geometry": {
        "coordinates": [
          [
            [
              -3.4400609904891137,
              -2.5888262381113942
            ],
            [
              -3.5649999999999986,
              -2.745
            ]
          ]
        ],
        "type": "MultiLineString"
      },
      "properties": {
        "endid": 3,
        "id": 228,
        "metadata": {
          "bottleneck": true,
          "canonical_edge_id": 6,
          "length_m": 0.19999999999999996,
          "min_clearance_m": 0.22360680997371674,
          "segment_fraction_end": 1.0,
          "segment_fraction_start": 0.8594784358767767,
          "segment_index": 7,
          "static_traversability": "UNKNOWN"
        },
        "startid": 47
      },
      "type": "Feature"
    },
    {
      "geometry": {
        "coordinates": [
          [
            [
              -2.3149999999999986,
              -2.6950000000000003
            ],
            [
              -2.2128947638412444,
              -2.8097366531112806
            ]
          ]
        ],
        "type": "MultiLineString"
      },
      "properties": {
        "endid": 60,
        "id": 229,
        "metadata": {
          "bottleneck": true,
          "canonical_edge_id": 7,
          "length_m": 0.15630762387585295,
          "min_clearance_m": 0.25,
          "segment_fraction_end": 0.10043491497303211,
          "segment_fraction_start": 0.0,
          "segment_index": 0,
          "static_traversability": "UNKNOWN"
        },
        "startid": 5
      },
      "type": "Feature"
    },
    {
      "geometry": {
        "coordinates": [
          [
            [
              -2.2128947638412444,
              -2.8097366531112806
            ],
            [
              -2.1846104925937824,
              -3.007726551843514
            ]
          ]
        ],
        "type": "MultiLineString"
      },
      "properties": {
        "endid": 59,
        "id": 230,
        "metadata": {
          "bottleneck": true,
          "canonical_edge_id": 7,
          "length_m": 0.19999999999999996,
          "min_clearance_m": 0.25,
          "segment_fraction_end": 0.2289442128340275,
          "segment_fraction_start": 0.10043491497303211,
          "segment_index": 1,
          "static_traversability": "UNKNOWN"
        },
        "startid": 60
      },
      "type": "Feature"
    },
    {
      "geometry": {
        "coordinates": [
          [
            [
              -2.1846104925937824,
              -3.007726551843514
            ],
            [
              -2.212117221285104,
              -3.184264351070922
            ]
          ]
        ],
        "type": "MultiLineString"
      },
      "properties": {
        "endid": 58,
        "id": 231,
        "metadata": {
          "bottleneck": true,
          "canonical_edge_id": 7,
          "length_m": 0.20000000000000018,
          "min_clearance_m": 0.25,
          "segment_fraction_end": 0.357453510695023,
          "segment_fraction_start": 0.2289442128340275,
          "segment_index": 2,
          "static_traversability": "UNKNOWN"
        },
        "startid": 59
      },
      "type": "Feature"
    },
    {
      "geometry": {
        "coordinates": [
          [
            [
              -2.212117221285104,
              -3.184264351070922
            ],
            [
              -2.3657614772045794,
              -3.3123012310038176
            ]
          ]
        ],
        "type": "MultiLineString"
      },
      "properties": {
        "endid": 57,
        "id": 232,
        "metadata": {
          "bottleneck": true,
          "canonical_edge_id": 7,
          "length_m": 0.19999999999999996,
          "min_clearance_m": 0.25,
          "segment_fraction_end": 0.48596280855601837,
          "segment_fraction_start": 0.357453510695023,
          "segment_index": 3,
          "static_traversability": "UNKNOWN"
        },
        "startid": 58
      },
      "type": "Feature"
    },
    {
      "geometry": {
        "coordinates": [
          [
            [
              -2.3657614772045794,
              -3.3123012310038176
            ],
            [
              -2.528343685400049,
              -3.4266718427000256
            ]
          ]
        ],
        "type": "MultiLineString"
      },
      "properties": {
        "endid": 56,
        "id": 233,
        "metadata": {
          "bottleneck": true,
          "canonical_edge_id": 7,
          "length_m": 0.19999999999999996,
          "min_clearance_m": 0.25,
          "segment_fraction_end": 0.6144721064170138,
          "segment_fraction_start": 0.48596280855601837,
          "segment_index": 4,
          "static_traversability": "UNKNOWN"
        },
        "startid": 57
      },
      "type": "Feature"
    },
    {
      "geometry": {
        "coordinates": [
          [
            [
              -2.528343685400049,
              -3.4266718427000256
            ],
            [
              -2.7072291236000323,
              -3.516114561800017
            ]
          ]
        ],
        "type": "MultiLineString"
      },
      "properties": {
        "endid": 55,
        "id": 234,
        "metadata": {
          "bottleneck": true,
          "canonical_edge_id": 7,
          "length_m": 0.20000000000000018,
          "min_clearance_m": 0.25,
          "segment_fraction_end": 0.7429814042780093,
          "segment_fraction_start": 0.6144721064170138,
          "segment_index": 5,
          "static_traversability": "UNKNOWN"
        },
        "startid": 56
      },
      "type": "Feature"
    },
    {
      "geometry": {
        "coordinates": [
          [
            [
              -2.7072291236000323,
              -3.516114561800017
            ],
            [
              -2.8861145618000155,
              -3.6055572809000087
            ]
          ]
        ],
        "type": "MultiLineString"
      },
      "properties": {
        "endid": 54,
        "id": 235,
        "metadata": {
          "bottleneck": true,
          "canonical_edge_id": 7,
          "length_m": 0.19999999999999996,
          "min_clearance_m": 0.25,
          "segment_fraction_end": 0.8714907021390046,
          "segment_fraction_start": 0.7429814042780093,
          "segment_index": 6,
          "static_traversability": "UNKNOWN"
        },
        "startid": 55
      },
      "type": "Feature"
    },
    {
      "geometry": {
        "coordinates": [
          [
            [
              -2.8861145618000155,
              -3.6055572809000087
            ],
            [
              -3.0649999999999986,
              -3.6950000000000003
            ]
          ]
        ],
        "type": "MultiLineString"
      },
      "properties": {
        "endid": 4,
        "id": 236,
        "metadata": {
          "bottleneck": true,
          "canonical_edge_id": 7,
          "length_m": 0.19999999999999996,
          "min_clearance_m": 0.25,
          "segment_fraction_end": 1.0,
          "segment_fraction_start": 0.8714907021390046,
          "segment_index": 7,
          "static_traversability": "UNKNOWN"
        },
        "startid": 54
      },
      "type": "Feature"
    },
    {
      "geometry": {
        "coordinates": [
          [
            [
              -2.3149999999999986,
              -2.6950000000000003
            ],
            [
              -2.210180514867132,
              -2.5246683366590914
            ]
          ]
        ],
        "type": "MultiLineString"
      },
      "properties": {
        "endid": 61,
        "id": 237,
        "metadata": {
          "bottleneck": false,
          "canonical_edge_id": 8,
          "length_m": 0.2,
          "min_clearance_m": 0.4000000059604645,
          "segment_fraction_end": 0.09347038857142403,
          "segment_fraction_start": 0.0,
          "segment_index": 0,
          "static_traversability": "FEASIBLE"
        },
        "startid": 5
      },
      "type": "Feature"
    },
    {
      "geometry": {
        "coordinates": [
          [
            [
              -2.210180514867132,
              -2.5246683366590914
            ],
            [
              -2.105361029734265,
              -2.3543366733181825
            ]
          ]
        ],
        "type": "MultiLineString"
      },
      "properties": {
        "endid": 62,
        "id": 238,
        "metadata": {
          "bottleneck": false,
          "canonical_edge_id": 8,
          "length_m": 0.2,
          "min_clearance_m": 0.4000000059604645,
          "segment_fraction_end": 0.18694077714284807,
          "segment_fraction_start": 0.09347038857142403,
          "segment_index": 1,
          "static_traversability": "FEASIBLE"
        },
        "startid": 61
      },
      "type": "Feature"
    },
    {
      "geometry": {
        "coordinates": [
          [
            [
              -2.105361029734265,
              -2.3543366733181825
            ],
            [
              -2.000541544601398,
              -2.1840050099772736
            ]
          ]
        ],
        "type": "MultiLineString"
      },
      "properties": {
        "endid": 63,
        "id": 239,
        "metadata": {
          "bottleneck": false,
          "canonical_edge_id": 8,
          "length_m": 0.20000000000000007,
          "min_clearance_m": 0.4000000059604645,
          "segment_fraction_end": 0.2804111657142721,
          "segment_fraction_start": 0.18694077714284807,
          "segment_index": 2,
          "static_traversability": "FEASIBLE"
        },
        "startid": 62
      },
      "type": "Feature"
    },
    {
      "geometry": {
        "coordinates": [
          [
            [
              -2.000541544601398,
              -2.1840050099772736
            ],
            [
              -1.9149999999999987,
              -2.0082168761236874
            ]
          ]
        ],
        "type": "MultiLineString"
      },
      "properties": {
        "endid": 64,
        "id": 240,
        "metadata": {
          "bottleneck": false,
          "canonical_edge_id": 8,
          "length_m": 0.19999999999999996,
          "min_clearance_m": 0.4000000059604645,
          "segment_fraction_end": 0.37388155428569614,
          "segment_fraction_start": 0.2804111657142721,
          "segment_index": 3,
          "static_traversability": "FEASIBLE"
        },
        "startid": 63
      },
      "type": "Feature"
    },
    {
      "geometry": {
        "coordinates": [
          [
            [
              -1.9149999999999987,
              -2.0082168761236874
            ],
            [
              -1.9149999999999987,
              -1.8082168761236876
            ]
          ]
        ],
        "type": "MultiLineString"
      },
      "properties": {
        "endid": 65,
        "id": 241,
        "metadata": {
          "bottleneck": false,
          "canonical_edge_id": 8,
          "length_m": 0.19999999999999996,
          "min_clearance_m": 0.4000000059604645,
          "segment_fraction_end": 0.4673519428571201,
          "segment_fraction_start": 0.37388155428569614,
          "segment_index": 4,
          "static_traversability": "FEASIBLE"
        },
        "startid": 64
      },
      "type": "Feature"
    },
    {
      "geometry": {
        "coordinates": [
          [
            [
              -1.9149999999999987,
              -1.8082168761236876
            ],
            [
              -1.9149999999999987,
              -1.6082168761236875
            ]
          ]
        ],
        "type": "MultiLineString"
      },
      "properties": {
        "endid": 66,
        "id": 242,
        "metadata": {
          "bottleneck": false,
          "canonical_edge_id": 8,
          "length_m": 0.20000000000000018,
          "min_clearance_m": 0.4000000059604645,
          "segment_fraction_end": 0.5608223314285442,
          "segment_fraction_start": 0.4673519428571201,
          "segment_index": 5,
          "static_traversability": "FEASIBLE"
        },
        "startid": 65
      },
      "type": "Feature"
    },
    {
      "geometry": {
        "coordinates": [
          [
            [
              -1.9149999999999987,
              -1.6082168761236875
            ],
            [
              -1.9149999999999987,
              -1.4082168761236875
            ]
          ]
        ],
        "type": "MultiLineString"
      },
      "properties": {
        "endid": 67,
        "id": 243,
        "metadata": {
          "bottleneck": false,
          "canonical_edge_id": 8,
          "length_m": 0.19999999999999996,
          "min_clearance_m": 0.4000000059604645,
          "segment_fraction_end": 0.6542927199999683,
          "segment_fraction_start": 0.5608223314285442,
          "segment_index": 6,
          "static_traversability": "FEASIBLE"
        },
        "startid": 66
      },
      "type": "Feature"
    },
    {
      "geometry": {
        "coordinates": [
          [
            [
              -1.9149999999999987,
              -1.4082168761236875
            ],
            [
              -1.8734437162247104,
              -1.2188134797453047
            ]
          ]
        ],
        "type": "MultiLineString"
      },
      "properties": {
        "endid": 68,
        "id": 244,
        "metadata": {
          "bottleneck": false,
          "canonical_edge_id": 8,
          "length_m": 0.19999999999999996,
          "min_clearance_m": 0.4000000059604645,
          "segment_fraction_end": 0.7477631085713923,
          "segment_fraction_start": 0.6542927199999683,
          "segment_index": 7,
          "static_traversability": "FEASIBLE"
        },
        "startid": 67
      },
      "type": "Feature"
    },
    {
      "geometry": {
        "coordinates": [
          [
            [
              -1.8734437162247104,
              -1.2188134797453047
            ],
            [
              -1.7776732900885956,
              -1.0432343651624278
            ]
          ]
        ],
        "type": "MultiLineString"
      },
      "properties": {
        "endid": 69,
        "id": 245,
        "metadata": {
          "bottleneck": false,
          "canonical_edge_id": 8,
          "length_m": 0.19999999999999996,
          "min_clearance_m": 0.4000000059604645,
          "segment_fraction_end": 0.8412334971428163,
          "segment_fraction_start": 0.7477631085713923,
          "segment_index": 8,
          "static_traversability": "FEASIBLE"
        },
        "startid": 68
      },
      "type": "Feature"
    },
    {
      "geometry": {
        "coordinates": [
          [
            [
              -1.7776732900885956,
              -1.0432343651624278
            ],
            [
              -1.681902863952481,
              -0.8676552505795512
            ]
          ]
        ],
        "type": "MultiLineString"
      },
      "properties": {
        "endid": 70,
        "id": 246,
        "metadata": {
          "bottleneck": false,
          "canonical_edge_id": 8,
          "length_m": 0.19999999999999996,
          "min_clearance_m": 0.4000000059604645,
          "segment_fraction_end": 0.9347038857142402,
          "segment_fraction_start": 0.8412334971428163,
          "segment_index": 9,
          "static_traversability": "FEASIBLE"
        },
        "startid": 69
      },
      "type": "Feature"
    },
    {
      "geometry": {
        "coordinates": [
          [
            [
              -1.681902863952481,
              -0.8676552505795512
            ],
            [
              -1.6149999999999984,
              -0.745
            ]
          ]
        ],
        "type": "MultiLineString"
      },
      "properties": {
        "endid": 8,
        "id": 247,
        "metadata": {
          "bottleneck": false,
          "canonical_edge_id": 8,
          "length_m": 0.1397150804307712,
          "min_clearance_m": 0.4000000059604645,
          "segment_fraction_end": 1.0,
          "segment_fraction_start": 0.9347038857142402,
          "segment_index": 10,
          "static_traversability": "FEASIBLE"
        },
        "startid": 70
      },
      "type": "Feature"
    },
    {
      "geometry": {
        "coordinates": [
          [
            [
              -2.264999999999999,
              1.3549999999999995
            ],
            [
              -2.428267811633225,
              1.3549999999999995
            ]
          ]
        ],
        "type": "MultiLineString"
      },
      "properties": {
        "endid": 34,
        "id": 248,
        "metadata": {
          "bottleneck": true,
          "canonical_edge_id": 9,
          "length_m": 0.16326781163322623,
          "min_clearance_m": 0.2692582309246063,
          "segment_fraction_end": 0.07547276890786911,
          "segment_fraction_start": 0.0,
          "segment_index": 0,
          "static_traversability": "UNKNOWN"
        },
        "startid": 6
      },
      "type": "Feature"
    },
    {
      "geometry": {
        "coordinates": [
          [
            [
              -2.428267811633225,
              1.3549999999999995
            ],
            [
              -2.6157087491999,
              1.292204687833374
            ]
          ]
        ],
        "type": "MultiLineString"
      },
      "properties": {
        "endid": 33,
        "id": 249,
        "metadata": {
          "bottleneck": true,
          "canonical_edge_id": 9,
          "length_m": 0.19999999999999996,
          "min_clearance_m": 0.2692582309246063,
          "segment_fraction_end": 0.16792549201708215,
          "segment_fraction_start": 0.07547276890786911,
          "segment_index": 1,
          "static_traversability": "UNKNOWN"
        },
        "startid": 34
      },
      "type": "Feature"
    },
    {
      "geometry": {
        "coordinates": [
          [
            [
              -2.6157087491999,
              1.292204687833374
            ],
            [
              -2.8003241338152844,
              1.215281610910297
            ]
          ]
        ],
        "type": "MultiLineString"
      },
      "properties": {
        "endid": 32,
        "id": 250,
        "metadata": {
          "bottleneck": true,
          "canonical_edge_id": 9,
          "length_m": 0.19999999999999996,
          "min_clearance_m": 0.2692582309246063,
          "segment_fraction_end": 0.2603782151262952,
          "segment_fraction_start": 0.16792549201708215,
          "segment_index": 2,
          "static_traversability": "UNKNOWN"
        },
        "startid": 33
      },
      "type": "Feature"
    },
    {
      "geometry": {
        "coordinates": [
          [
            [
              -2.8003241338152844,
              1.215281610910297
            ],
            [
              -2.9849395184306693,
              1.1383585339872202
            ]
          ]
        ],
        "type": "MultiLineString"
      },
      "properties": {
        "endid": 31,
        "id": 251,
        "metadata": {
          "bottleneck": true,
          "canonical_edge_id": 9,
          "length_m": 0.19999999999999996,
          "min_clearance_m": 0.2692582309246063,
          "segment_fraction_end": 0.35283093823550826,
          "segment_fraction_start": 0.2603782151262952,
          "segment_index": 3,
          "static_traversability": "UNKNOWN"
        },
        "startid": 32
      },
      "type": "Feature"
    },
    {
      "geometry": {
        "coordinates": [
          [
            [
              -2.9849395184306693,
              1.1383585339872202
            ],
            [
              -3.178150980440058,
              1.1101432263836386
            ]
          ]
        ],
        "type": "MultiLineString"
      },
      "properties": {
        "endid": 30,
        "id": 252,
        "metadata": {
          "bottleneck": true,
          "canonical_edge_id": 9,
          "length_m": 0.19999999999999996,
          "min_clearance_m": 0.2692582309246063,
          "segment_fraction_end": 0.4452836613447213,
          "segment_fraction_start": 0.35283093823550826,
          "segment_index": 4,
          "static_traversability": "UNKNOWN"
        },
        "startid": 31
      },
      "type": "Feature"
    },
    {
      "geometry": {
        "coordinates": [
          [
            [
              -3.178150980440058,
              1.1101432263836386
            ],
            [
              -3.3779446884821183,
              1.119224758567369
            ]
          ]
        ],
        "type": "MultiLineString"
      },
      "properties": {
        "endid": 29,
        "id": 253,
        "metadata": {
          "bottleneck": true,
          "canonical_edge_id": 9,
          "length_m": 0.20000000000000018,
          "min_clearance_m": 0.2692582309246063,
          "segment_fraction_end": 0.5377363844539345,
          "segment_fraction_start": 0.4452836613447213,
          "segment_index": 5,
          "static_traversability": "UNKNOWN"
        },
        "startid": 30
      },
      "type": "Feature"
    },
    {
      "geometry": {
        "coordinates": [
          [
            [
              -3.3779446884821183,
              1.119224758567369
            ],
            [
              -3.577738396524178,
              1.128306290751099
            ]
          ]
        ],
        "type": "MultiLineString"
      },
      "properties": {
        "endid": 28,
        "id": 254,
        "metadata": {
          "bottleneck": true,
          "canonical_edge_id": 9,
          "length_m": 0.19999999999999996,
          "min_clearance_m": 0.2692582309246063,
          "segment_fraction_end": 0.6301891075631475,
          "segment_fraction_start": 0.5377363844539345,
          "segment_index": 6,
          "static_traversability": "UNKNOWN"
        },
        "startid": 29
      },
      "type": "Feature"
    },
    {
      "geometry": {
        "coordinates": [
          [
            [
              -3.577738396524178,
              1.128306290751099
            ],
            [
              -3.777532104566238,
              1.137387822934829
            ]
          ]
        ],
        "type": "MultiLineString"
      },
      "properties": {
        "endid": 27,
        "id": 255,
        "metadata": {
          "bottleneck": true,
          "canonical_edge_id": 9,
          "length_m": 0.19999999999999996,
          "min_clearance_m": 0.2692582309246063,
          "segment_fraction_end": 0.7226418306723605,
          "segment_fraction_start": 0.6301891075631475,
          "segment_index": 7,
          "static_traversability": "UNKNOWN"
        },
        "startid": 28
      },
      "type": "Feature"
    },
    {
      "geometry": {
        "coordinates": [
          [
            [
              -3.777532104566238,
              1.137387822934829
            ],
            [
              -3.977325812608298,
              1.1464693551185592
            ]
          ]
        ],
        "type": "MultiLineString"
      },
      "properties": {
        "endid": 26,
        "id": 256,
        "metadata": {
          "bottleneck": true,
          "canonical_edge_id": 9,
          "length_m": 0.20000000000000018,
          "min_clearance_m": 0.2692582309246063,
          "segment_fraction_end": 0.8150945537815737,
          "segment_fraction_start": 0.7226418306723605,
          "segment_index": 8,
          "static_traversability": "UNKNOWN"
        },
        "startid": 27
      },
      "type": "Feature"
    },
    {
      "geometry": {
        "coordinates": [
          [
            [
              -3.977325812608298,
              1.1464693551185592
            ],
            [
              -4.173578643762689,
              1.1464213562373098
            ]
          ]
        ],
        "type": "MultiLineString"
      },
      "properties": {
        "endid": 25,
        "id": 257,
        "metadata": {
          "bottleneck": true,
          "canonical_edge_id": 9,
          "length_m": 0.19999999999999996,
          "min_clearance_m": 0.2692582309246063,
          "segment_fraction_end": 0.9075472768907867,
          "segment_fraction_start": 0.8150945537815737,
          "segment_index": 9,
          "static_traversability": "UNKNOWN"
        },
        "startid": 26
      },
      "type": "Feature"
    },
    {
      "geometry": {
        "coordinates": [
          [
            [
              -4.173578643762689,
              1.1464213562373098
            ],
            [
              -4.314999999999999,
              1.005
            ]
          ]
        ],
        "type": "MultiLineString"
      },
      "properties": {
        "endid": 0,
        "id": 258,
        "metadata": {
          "bottleneck": true,
          "canonical_edge_id": 9,
          "length_m": 0.19999999999999996,
          "min_clearance_m": 0.2692582309246063,
          "segment_fraction_end": 0.9999999999999998,
          "segment_fraction_start": 0.9075472768907867,
          "segment_index": 10,
          "static_traversability": "UNKNOWN"
        },
        "startid": 25
      },
      "type": "Feature"
    },
    {
      "geometry": {
        "coordinates": [
          [
            [
              -2.264999999999999,
              1.3549999999999995
            ],
            [
              -2.167871413764272,
              1.180168544775692
            ]
          ]
        ],
        "type": "MultiLineString"
      },
      "properties": {
        "endid": 71,
        "id": 259,
        "metadata": {
          "bottleneck": false,
          "canonical_edge_id": 11,
          "length_m": 0.2,
          "min_clearance_m": 0.4000000059604645,
          "segment_fraction_end": 0.10839761347631954,
          "segment_fraction_start": 0.0,
          "segment_index": 0,
          "static_traversability": "FEASIBLE"
        },
        "startid": 6
      },
      "type": "Feature"
    },
    {
      "geometry": {
        "coordinates": [
          [
            [
              -2.167871413764272,
              1.180168544775692
            ],
            [
              -2.0707428275285458,
              1.0053370895513845
            ]
          ]
        ],
        "type": "MultiLineString"
      },
      "properties": {
        "endid": 72,
        "id": 260,
        "metadata": {
          "bottleneck": false,
          "canonical_edge_id": 11,
          "length_m": 0.2,
          "min_clearance_m": 0.4000000059604645,
          "segment_fraction_end": 0.2167952269526391,
          "segment_fraction_start": 0.10839761347631954,
          "segment_index": 1,
          "static_traversability": "FEASIBLE"
        },
        "startid": 71
      },
      "type": "Feature"
    },
    {
      "geometry": {
        "coordinates": [
          [
            [
              -2.0707428275285458,
              1.0053370895513845
            ],
            [
              -2.014999999999999,
              0.8197815070493495
            ]
          ]
        ],
        "type": "MultiLineString"
      },
      "properties": {
        "endid": 73,
        "id": 261,
        "metadata": {
          "bottleneck": false,
          "canonical_edge_id": 11,
          "length_m": 0.20000000000000007,
          "min_clearance_m": 0.4000000059604645,
          "segment_fraction_end": 0.32519284042895863,
          "segment_fraction_start": 0.2167952269526391,
          "segment_index": 2,
          "static_traversability": "FEASIBLE"
        },
        "startid": 72
      },
      "type": "Feature"
    },
    {
      "geometry": {
        "coordinates": [
          [
            [
              -2.014999999999999,
              0.8197815070493495
            ],
            [
              -2.014999999999999,
              0.6197815070493495
            ]
          ]
        ],
        "type": "MultiLineString"
      },
      "properties": {
        "endid": 74,
        "id": 262,
        "metadata": {
          "bottleneck": false,
          "canonical_edge_id": 11,
          "length_m": 0.19999999999999996,
          "min_clearance_m": 0.4000000059604645,
          "segment_fraction_end": 0.4335904539052782,
          "segment_fraction_start": 0.32519284042895863,
          "segment_index": 3,
          "static_traversability": "FEASIBLE"
        },
        "startid": 73
      },
      "type": "Feature"
    },
    {
      "geometry": {
        "coordinates": [
          [
            [
              -2.014999999999999,
              0.6197815070493495
            ],
            [
              -1.9149999999999987,
              0.45005907082254915
            ]
          ]
        ],
        "type": "MultiLineString"
      },
      "properties": {
        "endid": 75,
        "id": 263,
        "metadata": {
          "bottleneck": false,
          "canonical_edge_id": 11,
          "length_m": 0.19999999999999996,
          "min_clearance_m": 0.4000000059604645,
          "segment_fraction_end": 0.5419880673815977,
          "segment_fraction_start": 0.4335904539052782,
          "segment_index": 4,
          "static_traversability": "FEASIBLE"
        },
        "startid": 74
      },
      "type": "Feature"
    },
    {
      "geometry": {
        "coordinates": [
          [
            [
              -1.9149999999999987,
              0.45005907082254915
            ],
            [
              -1.9149999999999987,
              0.25005907082254897
            ]
          ]
        ],
        "type": "MultiLineString"
      },
      "properties": {
        "endid": 76,
        "id": 264,
        "metadata": {
          "bottleneck": false,
          "canonical_edge_id": 11,
          "length_m": 0.20000000000000018,
          "min_clearance_m": 0.4000000059604645,
          "segment_fraction_end": 0.6503856808579173,
          "segment_fraction_start": 0.5419880673815977,
          "segment_index": 5,
          "static_traversability": "FEASIBLE"
        },
        "startid": 75
      },
      "type": "Feature"
    },
    {
      "geometry": {
        "coordinates": [
          [
            [
              -1.9149999999999987,
              0.25005907082254897
            ],
            [
              -1.9149999999999987,
              0.05005907082254901
            ]
          ]
        ],
        "type": "MultiLineString"
      },
      "properties": {
        "endid": 77,
        "id": 265,
        "metadata": {
          "bottleneck": false,
          "canonical_edge_id": 11,
          "length_m": 0.19999999999999996,
          "min_clearance_m": 0.4000000059604645,
          "segment_fraction_end": 0.7587832943342369,
          "segment_fraction_start": 0.6503856808579173,
          "segment_index": 6,
          "static_traversability": "FEASIBLE"
        },
        "startid": 76
      },
      "type": "Feature"
    },
    {
      "geometry": {
        "coordinates": [
          [
            [
              -1.9149999999999987,
              0.05005907082254901
            ],
            [
              -1.9149999999999987,
              -0.14994092917745094
            ]
          ]
        ],
        "type": "MultiLineString"
      },
      "properties": {
        "endid": 78,
        "id": 266,
        "metadata": {
          "bottleneck": false,
          "canonical_edge_id": 11,
          "length_m": 0.19999999999999996,
          "min_clearance_m": 0.4000000059604645,
          "segment_fraction_end": 0.8671809078105563,
          "segment_fraction_start": 0.7587832943342369,
          "segment_index": 7,
          "static_traversability": "FEASIBLE"
        },
        "startid": 77
      },
      "type": "Feature"
    },
    {
      "geometry": {
        "coordinates": [
          [
            [
              -1.9149999999999987,
              -0.14994092917745094
            ],
            [
              -1.9149999999999987,
              -0.3499409291774509
            ]
          ]
        ],
        "type": "MultiLineString"
      },
      "properties": {
        "endid": 79,
        "id": 267,
        "metadata": {
          "bottleneck": false,
          "canonical_edge_id": 11,
          "length_m": 0.19999999999999996,
          "min_clearance_m": 0.4000000059604645,
          "segment_fraction_end": 0.9755785212868758,
          "segment_fraction_start": 0.8671809078105563,
          "segment_index": 8,
          "static_traversability": "FEASIBLE"
        },
        "startid": 78
      },
      "type": "Feature"
    },
    {
      "geometry": {
        "coordinates": [
          [
            [
              -1.9149999999999987,
              -0.3499409291774509
            ],
            [
              -1.9149999999999987,
              -0.39500000000000046
            ]
          ]
        ],
        "type": "MultiLineString"
      },
      "properties": {
        "endid": 7,
        "id": 268,
        "metadata": {
          "bottleneck": false,
          "canonical_edge_id": 11,
          "length_m": 0.04505907082254956,
          "min_clearance_m": 0.4000000059604645,
          "segment_fraction_end": 1.0,
          "segment_fraction_start": 0.9755785212868758,
          "segment_index": 9,
          "static_traversability": "FEASIBLE"
        },
        "startid": 79
      },
      "type": "Feature"
    },
    {
      "geometry": {
        "coordinates": [
          [
            [
              -1.9149999999999987,
              -0.39500000000000046
            ],
            [
              -1.9211265987879393,
              -0.39463961183600393
            ]
          ]
        ],
        "type": "MultiLineString"
      },
      "properties": {
        "endid": 46,
        "id": 269,
        "metadata": {
          "bottleneck": true,
          "canonical_edge_id": 12,
          "length_m": 0.006137189286403277,
          "min_clearance_m": 0.2692582309246063,
          "segment_fraction_end": 0.0025506398029712537,
          "segment_fraction_start": 0.0,
          "segment_index": 0,
          "static_traversability": "UNKNOWN"
        },
        "startid": 7
      },
      "type": "Feature"
    },
    {
      "geometry": {
        "coordinates": [
          [
            [
              -1.9211265987879393,
              -0.39463961183600393
            ],
            [
              -2.1207814734229387,
              -0.3828952074457097
            ]
          ]
        ],
        "type": "MultiLineString"
      },
      "properties": {
        "endid": 45,
        "id": 270,
        "metadata": {
          "bottleneck": true,
          "canonical_edge_id": 12,
          "length_m": 0.20000000000000018,
          "min_clearance_m": 0.2692582309246063,
          "segment_fraction_end": 0.08567141981939039,
          "segment_fraction_start": 0.0025506398029712537,
          "segment_index": 1,
          "static_traversability": "UNKNOWN"
        },
        "startid": 46
      },
      "type": "Feature"
    },
    {
      "geometry": {
        "coordinates": [
          [
            [
              -2.1207814734229387,
              -0.3828952074457097
            ],
            [
              -2.320436348057938,
              -0.3711508030554155
            ]
          ]
        ],
        "type": "MultiLineString"
      },
      "properties": {
        "endid": 44,
        "id": 271,
        "metadata": {
          "bottleneck": true,
          "canonical_edge_id": 12,
          "length_m": 0.20000000000000018,
          "min_clearance_m": 0.2692582309246063,
          "segment_fraction_end": 0.16879219983580954,
          "segment_fraction_start": 0.08567141981939039,
          "segment_index": 2,
          "static_traversability": "UNKNOWN"
        },
        "startid": 45
      },
      "type": "Feature"
    },
    {
      "geometry": {
        "coordinates": [
          [
            [
              -2.320436348057938,
              -0.3711508030554155
            ],
            [
              -2.520091222692937,
              -0.35940639866512125
            ]
          ]
        ],
        "type": "MultiLineString"
      },
      "properties": {
        "endid": 43,
        "id": 272,
        "metadata": {
          "bottleneck": true,
          "canonical_edge_id": 12,
          "length_m": 0.19999999999999996,
          "min_clearance_m": 0.2692582309246063,
          "segment_fraction_end": 0.2519129798522286,
          "segment_fraction_start": 0.16879219983580954,
          "segment_index": 3,
          "static_traversability": "UNKNOWN"
        },
        "startid": 44
      },
      "type": "Feature"
    },
    {
      "geometry": {
        "coordinates": [
          [
            [
              -2.520091222692937,
              -0.35940639866512125
            ],
            [
              -2.719746097327936,
              -0.347661994274827
            ]
          ]
        ],
        "type": "MultiLineString"
      },
      "properties": {
        "endid": 42,
        "id": 273,
        "metadata": {
          "bottleneck": true,
          "canonical_edge_id": 12,
          "length_m": 0.19999999999999996,
          "min_clearance_m": 0.2692582309246063,
          "segment_fraction_end": 0.33503375986864764,
          "segment_fraction_start": 0.2519129798522286,
          "segment_index": 4,
          "static_traversability": "UNKNOWN"
        },
        "startid": 43
      },
      "type": "Feature"
    },
    {
      "geometry": {
        "coordinates": [
          [
            [
              -2.719746097327936,
              -0.347661994274827
            ],
            [
              -2.8976266052090156,
              -0.42457596312541
            ]
          ]
        ],
        "type": "MultiLineString"
      },
      "properties": {
        "endid": 41,
        "id": 274,
        "metadata": {
          "bottleneck": true,
          "canonical_edge_id": 12,
          "length_m": 0.19999999999999996,
          "min_clearance_m": 0.2692582309246063,
          "segment_fraction_end": 0.4181545398850667,
          "segment_fraction_start": 0.33503375986864764,
          "segment_index": 5,
          "static_traversability": "UNKNOWN"
        },
        "startid": 42
      },
      "type": "Feature"
    },
    {
      "geometry": {
        "coordinates": [
          [
            [
              -2.8976266052090156,
              -0.42457596312541
            ],
            [
              -3.078120276247817,
              -0.4950000000000001
            ]
          ]
        ],
        "type": "MultiLineString"
      },
      "properties": {
        "endid": 40,
        "id": 275,
        "metadata": {
          "bottleneck": true,
          "canonical_edge_id": 12,
          "length_m": 0.19999999999999996,
          "min_clearance_m": 0.2692582309246063,
          "segment_fraction_end": 0.5012753199014858,
          "segment_fraction_start": 0.4181545398850667,
          "segment_index": 6,
          "static_traversability": "UNKNOWN"
        },
        "startid": 41
      },
      "type": "Feature"
    },
    {
      "geometry": {
        "coordinates": [
          [
            [
              -3.078120276247817,
              -0.4950000000000001
            ],
            [
              -3.278120276247817,
              -0.4950000000000001
            ]
          ]
        ],
        "type": "MultiLineString"
      },
      "properties": {
        "endid": 39,
        "id": 276,
        "metadata": {
          "bottleneck": true,
          "canonical_edge_id": 12,
          "length_m": 0.20000000000000018,
          "min_clearance_m": 0.2692582309246063,
          "segment_fraction_end": 0.5843960999179049,
          "segment_fraction_start": 0.5012753199014858,
          "segment_index": 7,
          "static_traversability": "UNKNOWN"
        },
        "startid": 40
      },
      "type": "Feature"
    },
    {
      "geometry": {
        "coordinates": [
          [
            [
              -3.278120276247817,
              -0.4950000000000001
            ],
            [
              -3.4781202762478167,
              -0.4950000000000001
            ]
          ]
        ],
        "type": "MultiLineString"
      },
      "properties": {
        "endid": 38,
        "id": 277,
        "metadata": {
          "bottleneck": true,
          "canonical_edge_id": 12,
          "length_m": 0.19999999999999996,
          "min_clearance_m": 0.2692582309246063,
          "segment_fraction_end": 0.667516879934324,
          "segment_fraction_start": 0.5843960999179049,
          "segment_index": 8,
          "static_traversability": "UNKNOWN"
        },
        "startid": 39
      },
      "type": "Feature"
    },
    {
      "geometry": {
        "coordinates": [
          [
            [
              -3.4781202762478167,
              -0.4950000000000001
            ],
            [
              -3.659121759147574,
              -0.4322521605682835
            ]
          ]
        ],
        "type": "MultiLineString"
      },
      "properties": {
        "endid": 37,
        "id": 278,
        "metadata": {
          "bottleneck": true,
          "canonical_edge_id": 12,
          "length_m": 0.19999999999999996,
          "min_clearance_m": 0.2692582309246063,
          "segment_fraction_end": 0.7506376599507429,
          "segment_fraction_start": 0.667516879934324,
          "segment_index": 9,
          "static_traversability": "UNKNOWN"
        },
        "startid": 38
      },
      "type": "Feature"
    },
    {
      "geometry": {
        "coordinates": [
          [
            [
              -3.659121759147574,
              -0.4322521605682835
            ],
            [
              -3.8478427124746175,
              -0.39500000000000046
            ]
          ]
        ],
        "type": "MultiLineString"
      },
      "properties": {
        "endid": 36,
        "id": 279,
        "metadata": {
          "bottleneck": true,
          "canonical_edge_id": 12,
          "length_m": 0.20000000000000018,
          "min_clearance_m": 0.2692582309246063,
          "segment_fraction_end": 0.8337584399671621,
          "segment_fraction_start": 0.7506376599507429,
          "segment_index": 10,
          "static_traversability": "UNKNOWN"
        },
        "startid": 37
      },
      "type": "Feature"
    },
    {
      "geometry": {
        "coordinates": [
          [
            [
              -3.8478427124746175,
              -0.39500000000000046
            ],
            [
              -4.023578643762689,
              -0.4535786437626905
            ]
          ]
        ],
        "type": "MultiLineString"
      },
      "properties": {
        "endid": 35,
        "id": 280,
        "metadata": {
          "bottleneck": true,
          "canonical_edge_id": 12,
          "length_m": 0.19999999999999973,
          "min_clearance_m": 0.2692582309246063,
          "segment_fraction_end": 0.916879219983581,
          "segment_fraction_start": 0.8337584399671621,
          "segment_index": 11,
          "static_traversability": "UNKNOWN"
        },
        "startid": 36
      },
      "type": "Feature"
    },
    {
      "geometry": {
        "coordinates": [
          [
            [
              -4.023578643762689,
              -0.4535786437626905
            ],
            [
              -4.164999999999999,
              -0.5949999999999998
            ]
          ]
        ],
        "type": "MultiLineString"
      },
      "properties": {
        "endid": 2,
        "id": 281,
        "metadata": {
          "bottleneck": true,
          "canonical_edge_id": 12,
          "length_m": 0.20000000000000018,
          "min_clearance_m": 0.2692582309246063,
          "segment_fraction_end": 1.0000000000000002,
          "segment_fraction_start": 0.916879219983581,
          "segment_index": 12,
          "static_traversability": "UNKNOWN"
        },
        "startid": 35
      },
      "type": "Feature"
    },
    {
      "geometry": {
        "coordinates": [
          [
            [
              -1.9149999999999987,
              -0.39500000000000046
            ],
            [
              -1.9149999999999987,
              -0.3499409291774509
            ]
          ]
        ],
        "type": "MultiLineString"
      },
      "properties": {
        "endid": 79,
        "id": 282,
        "metadata": {
          "bottleneck": false,
          "canonical_edge_id": 13,
          "length_m": 0.04505907082254956,
          "min_clearance_m": 0.4000000059604645,
          "segment_fraction_end": 0.024421478713124174,
          "segment_fraction_start": 0.0,
          "segment_index": 0,
          "static_traversability": "FEASIBLE"
        },
        "startid": 7
      },
      "type": "Feature"
    },
    {
      "geometry": {
        "coordinates": [
          [
            [
              -1.9149999999999987,
              -0.3499409291774509
            ],
            [
              -1.9149999999999987,
              -0.14994092917745094
            ]
          ]
        ],
        "type": "MultiLineString"
      },
      "properties": {
        "endid": 78,
        "id": 283,
        "metadata": {
          "bottleneck": false,
          "canonical_edge_id": 13,
          "length_m": 0.19999999999999996,
          "min_clearance_m": 0.4000000059604645,
          "segment_fraction_end": 0.13281909218944368,
          "segment_fraction_start": 0.024421478713124174,
          "segment_index": 1,
          "static_traversability": "FEASIBLE"
        },
        "startid": 79
      },
      "type": "Feature"
    },
    {
      "geometry": {
        "coordinates": [
          [
            [
              -1.9149999999999987,
              -0.14994092917745094
            ],
            [
              -1.9149999999999987,
              0.05005907082254901
            ]
          ]
        ],
        "type": "MultiLineString"
      },
      "properties": {
        "endid": 77,
        "id": 284,
        "metadata": {
          "bottleneck": false,
          "canonical_edge_id": 13,
          "length_m": 0.19999999999999996,
          "min_clearance_m": 0.4000000059604645,
          "segment_fraction_end": 0.2412167056657632,
          "segment_fraction_start": 0.13281909218944368,
          "segment_index": 2,
          "static_traversability": "FEASIBLE"
        },
        "startid": 78
      },
      "type": "Feature"
    },
    {
      "geometry": {
        "coordinates": [
          [
            [
              -1.9149999999999987,
              0.05005907082254901
            ],
            [
              -1.9149999999999987,
              0.25005907082254897
            ]
          ]
        ],
        "type": "MultiLineString"
      },
      "properties": {
        "endid": 76,
        "id": 285,
        "metadata": {
          "bottleneck": false,
          "canonical_edge_id": 13,
          "length_m": 0.19999999999999996,
          "min_clearance_m": 0.4000000059604645,
          "segment_fraction_end": 0.3496143191420827,
          "segment_fraction_start": 0.2412167056657632,
          "segment_index": 3,
          "static_traversability": "FEASIBLE"
        },
        "startid": 77
      },
      "type": "Feature"
    },
    {
      "geometry": {
        "coordinates": [
          [
            [
              -1.9149999999999987,
              0.25005907082254897
            ],
            [
              -1.9149999999999987,
              0.45005907082254915
            ]
          ]
        ],
        "type": "MultiLineString"
      },
      "properties": {
        "endid": 75,
        "id": 286,
        "metadata": {
          "bottleneck": false,
          "canonical_edge_id": 13,
          "length_m": 0.20000000000000018,
          "min_clearance_m": 0.4000000059604645,
          "segment_fraction_end": 0.45801193261840234,
          "segment_fraction_start": 0.3496143191420827,
          "segment_index": 4,
          "static_traversability": "FEASIBLE"
        },
        "startid": 76
      },
      "type": "Feature"
    },
    {
      "geometry": {
        "coordinates": [
          [
            [
              -1.9149999999999987,
              0.45005907082254915
            ],
            [
              -2.014999999999999,
              0.6197815070493495
            ]
          ]
        ],
        "type": "MultiLineString"
      },
      "properties": {
        "endid": 74,
        "id": 287,
        "metadata": {
          "bottleneck": false,
          "canonical_edge_id": 13,
          "length_m": 0.19999999999999996,
          "min_clearance_m": 0.4000000059604645,
          "segment_fraction_end": 0.5664095460947218,
          "segment_fraction_start": 0.45801193261840234,
          "segment_index": 5,
          "static_traversability": "FEASIBLE"
        },
        "startid": 75
      },
      "type": "Feature"
    },
    {
      "geometry": {
        "coordinates": [
          [
            [
              -2.014999999999999,
              0.6197815070493495
            ],
            [
              -2.014999999999999,
              0.8197815070493495
            ]
          ]
        ],
        "type": "MultiLineString"
      },
      "properties": {
        "endid": 73,
        "id": 288,
        "metadata": {
          "bottleneck": false,
          "canonical_edge_id": 13,
          "length_m": 0.19999999999999996,
          "min_clearance_m": 0.4000000059604645,
          "segment_fraction_end": 0.6748071595710413,
          "segment_fraction_start": 0.5664095460947218,
          "segment_index": 6,
          "static_traversability": "FEASIBLE"
        },
        "startid": 74
      },
      "type": "Feature"
    },
    {
      "geometry": {
        "coordinates": [
          [
            [
              -2.014999999999999,
              0.8197815070493495
            ],
            [
              -2.0707428275285458,
              1.0053370895513845
            ]
          ]
        ],
        "type": "MultiLineString"
      },
      "properties": {
        "endid": 72,
        "id": 289,
        "metadata": {
          "bottleneck": false,
          "canonical_edge_id": 13,
          "length_m": 0.20000000000000018,
          "min_clearance_m": 0.4000000059604645,
          "segment_fraction_end": 0.783204773047361,
          "segment_fraction_start": 0.6748071595710413,
          "segment_index": 7,
          "static_traversability": "FEASIBLE"
        },
        "startid": 73
      },
      "type": "Feature"
    },
    {
      "geometry": {
        "coordinates": [
          [
            [
              -2.0707428275285458,
              1.0053370895513845
            ],
            [
              -2.167871413764272,
              1.180168544775692
            ]
          ]
        ],
        "type": "MultiLineString"
      },
      "properties": {
        "endid": 71,
        "id": 290,
        "metadata": {
          "bottleneck": false,
          "canonical_edge_id": 13,
          "length_m": 0.19999999999999996,
          "min_clearance_m": 0.4000000059604645,
          "segment_fraction_end": 0.8916023865236805,
          "segment_fraction_start": 0.783204773047361,
          "segment_index": 8,
          "static_traversability": "FEASIBLE"
        },
        "startid": 72
      },
      "type": "Feature"
    },
    {
      "geometry": {
        "coordinates": [
          [
            [
              -2.167871413764272,
              1.180168544775692
            ],
            [
              -2.264999999999999,
              1.3549999999999995
            ]
          ]
        ],
        "type": "MultiLineString"
      },
      "properties": {
        "endid": 6,
        "id": 291,
        "metadata": {
          "bottleneck": false,
          "canonical_edge_id": 13,
          "length_m": 0.19999999999999996,
          "min_clearance_m": 0.4000000059604645,
          "segment_fraction_end": 1.0,
          "segment_fraction_start": 0.8916023865236805,
          "segment_index": 9,
          "static_traversability": "FEASIBLE"
        },
        "startid": 71
      },
      "type": "Feature"
    },
    {
      "geometry": {
        "coordinates": [
          [
            [
              -1.9149999999999987,
              -0.39500000000000046
            ],
            [
              -1.784841725308805,
              -0.5468513204730596
            ]
          ]
        ],
        "type": "MultiLineString"
      },
      "properties": {
        "endid": 80,
        "id": 292,
        "metadata": {
          "bottleneck": false,
          "canonical_edge_id": 14,
          "length_m": 0.2,
          "min_clearance_m": 0.6020797491073608,
          "segment_fraction_end": 0.43386091563731244,
          "segment_fraction_start": 0.0,
          "segment_index": 0,
          "static_traversability": "FEASIBLE"
        },
        "startid": 7
      },
      "type": "Feature"
    },
    {
      "geometry": {
        "coordinates": [
          [
            [
              -1.784841725308805,
              -0.5468513204730596
            ],
            [
              -1.6546834506176111,
              -0.6987026409461188
            ]
          ]
        ],
        "type": "MultiLineString"
      },
      "properties": {
        "endid": 81,
        "id": 293,
        "metadata": {
          "bottleneck": false,
          "canonical_edge_id": 14,
          "length_m": 0.2,
          "min_clearance_m": 0.6020797491073608,
          "segment_fraction_end": 0.8677218312746249,
          "segment_fraction_start": 0.43386091563731244,
          "segment_index": 1,
          "static_traversability": "FEASIBLE"
        },
        "startid": 80
      },
      "type": "Feature"
    },
    {
      "geometry": {
        "coordinates": [
          [
            [
              -1.6546834506176111,
              -0.6987026409461188
            ],
            [
              -1.6149999999999984,
              -0.7450000000000001
            ]
          ]
        ],
        "type": "MultiLineString"
      },
      "properties": {
        "endid": 8,
        "id": 294,
        "metadata": {
          "bottleneck": false,
          "canonical_edge_id": 14,
          "length_m": 0.06097722286464424,
          "min_clearance_m": 0.6020797491073608,
          "segment_fraction_end": 1.0,
          "segment_fraction_start": 0.8677218312746249,
          "segment_index": 2,
          "static_traversability": "FEASIBLE"
        },
        "startid": 81
      },
      "type": "Feature"
    },
    {
      "geometry": {
        "coordinates": [
          [
            [
              -1.6149999999999984,
              -0.745
            ],
            [
              -1.681902863952481,
              -0.8676552505795512
            ]
          ]
        ],
        "type": "MultiLineString"
      },
      "properties": {
        "endid": 70,
        "id": 295,
        "metadata": {
          "bottleneck": false,
          "canonical_edge_id": 15,
          "length_m": 0.1397150804307712,
          "min_clearance_m": 0.4000000059604645,
          "segment_fraction_end": 0.06529611428575972,
          "segment_fraction_start": 0.0,
          "segment_index": 0,
          "static_traversability": "FEASIBLE"
        },
        "startid": 8
      },
      "type": "Feature"
    },
    {
      "geometry": {
        "coordinates": [
          [
            [
              -1.681902863952481,
              -0.8676552505795512
            ],
            [
              -1.7776732900885956,
              -1.0432343651624278
            ]
          ]
        ],
        "type": "MultiLineString"
      },
      "properties": {
        "endid": 69,
        "id": 296,
        "metadata": {
          "bottleneck": false,
          "canonical_edge_id": 15,
          "length_m": 0.19999999999999996,
          "min_clearance_m": 0.4000000059604645,
          "segment_fraction_end": 0.15876650285718372,
          "segment_fraction_start": 0.06529611428575972,
          "segment_index": 1,
          "static_traversability": "FEASIBLE"
        },
        "startid": 70
      },
      "type": "Feature"
    },
    {
      "geometry": {
        "coordinates": [
          [
            [
              -1.7776732900885956,
              -1.0432343651624278
            ],
            [
              -1.8734437162247104,
              -1.2188134797453047
            ]
          ]
        ],
        "type": "MultiLineString"
      },
      "properties": {
        "endid": 68,
        "id": 297,
        "metadata": {
          "bottleneck": false,
          "canonical_edge_id": 15,
          "length_m": 0.19999999999999996,
          "min_clearance_m": 0.4000000059604645,
          "segment_fraction_end": 0.2522368914286077,
          "segment_fraction_start": 0.15876650285718372,
          "segment_index": 2,
          "static_traversability": "FEASIBLE"
        },
        "startid": 69
      },
      "type": "Feature"
    },
    {
      "geometry": {
        "coordinates": [
          [
            [
              -1.8734437162247104,
              -1.2188134797453047
            ],
            [
              -1.9149999999999987,
              -1.4082168761236875
            ]
          ]
        ],
        "type": "MultiLineString"
      },
      "properties": {
        "endid": 67,
        "id": 298,
        "metadata": {
          "bottleneck": false,
          "canonical_edge_id": 15,
          "length_m": 0.19999999999999996,
          "min_clearance_m": 0.4000000059604645,
          "segment_fraction_end": 0.34570728000003176,
          "segment_fraction_start": 0.2522368914286077,
          "segment_index": 3,
          "static_traversability": "FEASIBLE"
        },
        "startid": 68
      },
      "type": "Feature"
    },
    {
      "geometry": {
        "coordinates": [
          [
            [
              -1.9149999999999987,
              -1.4082168761236875
            ],
            [
              -1.9149999999999987,
              -1.6082168761236875
            ]
          ]
        ],
        "type": "MultiLineString"
      },
      "properties": {
        "endid": 66,
        "id": 299,
        "metadata": {
          "bottleneck": false,
          "canonical_edge_id": 15,
          "length_m": 0.19999999999999996,
          "min_clearance_m": 0.4000000059604645,
          "segment_fraction_end": 0.43917766857145574,
          "segment_fraction_start": 0.34570728000003176,
          "segment_index": 4,
          "static_traversability": "FEASIBLE"
        },
        "startid": 67
      },
      "type": "Feature"
    },
    {
      "geometry": {
        "coordinates": [
          [
            [
              -1.9149999999999987,
              -1.6082168761236875
            ],
            [
              -1.9149999999999987,
              -1.8082168761236876
            ]
          ]
        ],
        "type": "MultiLineString"
      },
      "properties": {
        "endid": 65,
        "id": 300,
        "metadata": {
          "bottleneck": false,
          "canonical_edge_id": 15,
          "length_m": 0.20000000000000018,
          "min_clearance_m": 0.4000000059604645,
          "segment_fraction_end": 0.5326480571428799,
          "segment_fraction_start": 0.43917766857145574,
          "segment_index": 5,
          "static_traversability": "FEASIBLE"
        },
        "startid": 66
      },
      "type": "Feature"
    },
    {
      "geometry": {
        "coordinates": [
          [
            [
              -1.9149999999999987,
              -1.8082168761236876
            ],
            [
              -1.9149999999999987,
              -2.0082168761236874
            ]
          ]
        ],
        "type": "MultiLineString"
      },
      "properties": {
        "endid": 64,
        "id": 301,
        "metadata": {
          "bottleneck": false,
          "canonical_edge_id": 15,
          "length_m": 0.19999999999999996,
          "min_clearance_m": 0.4000000059604645,
          "segment_fraction_end": 0.6261184457143039,
          "segment_fraction_start": 0.5326480571428799,
          "segment_index": 6,
          "static_traversability": "FEASIBLE"
        },
        "startid": 65
      },
      "type": "Feature"
    },
    {
      "geometry": {
        "coordinates": [
          [
            [
              -1.9149999999999987,
              -2.0082168761236874
            ],
            [
              -2.000541544601398,
              -2.1840050099772736
            ]
          ]
        ],
        "type": "MultiLineString"
      },
      "properties": {
        "endid": 63,
        "id": 302,
        "metadata": {
          "bottleneck": false,
          "canonical_edge_id": 15,
          "length_m": 0.19999999999999996,
          "min_clearance_m": 0.4000000059604645,
          "segment_fraction_end": 0.7195888342857278,
          "segment_fraction_start": 0.6261184457143039,
          "segment_index": 7,
          "static_traversability": "FEASIBLE"
        },
        "startid": 64
      },
      "type": "Feature"
    },
    {
      "geometry": {
        "coordinates": [
          [
            [
              -2.000541544601398,
              -2.1840050099772736
            ],
            [
              -2.105361029734265,
              -2.3543366733181825
            ]
          ]
        ],
        "type": "MultiLineString"
      },
      "properties": {
        "endid": 62,
        "id": 303,
        "metadata": {
          "bottleneck": false,
          "canonical_edge_id": 15,
          "length_m": 0.20000000000000018,
          "min_clearance_m": 0.4000000059604645,
          "segment_fraction_end": 0.8130592228571519,
          "segment_fraction_start": 0.7195888342857278,
          "segment_index": 8,
          "static_traversability": "FEASIBLE"
        },
        "startid": 63
      },
      "type": "Feature"
    },
    {
      "geometry": {
        "coordinates": [
          [
            [
              -2.105361029734265,
              -2.3543366733181825
            ],
            [
              -2.210180514867132,
              -2.5246683366590914
            ]
          ]
        ],
        "type": "MultiLineString"
      },
      "properties": {
        "endid": 61,
        "id": 304,
        "metadata": {
          "bottleneck": false,
          "canonical_edge_id": 15,
          "length_m": 0.19999999999999996,
          "min_clearance_m": 0.4000000059604645,
          "segment_fraction_end": 0.906529611428576,
          "segment_fraction_start": 0.8130592228571519,
          "segment_index": 9,
          "static_traversability": "FEASIBLE"
        },
        "startid": 62
      },
      "type": "Feature"
    },
    {
      "geometry": {
        "coordinates": [
          [
            [
              -2.210180514867132,
              -2.5246683366590914
            ],
            [
              -2.3149999999999986,
              -2.6950000000000003
            ]
          ]
        ],
        "type": "MultiLineString"
      },
      "properties": {
        "endid": 5,
        "id": 305,
        "metadata": {
          "bottleneck": false,
          "canonical_edge_id": 15,
          "length_m": 0.19999999999999996,
          "min_clearance_m": 0.4000000059604645,
          "segment_fraction_end": 1.0,
          "segment_fraction_start": 0.906529611428576,
          "segment_index": 10,
          "static_traversability": "FEASIBLE"
        },
        "startid": 61
      },
      "type": "Feature"
    },
    {
      "geometry": {
        "coordinates": [
          [
            [
              -1.6149999999999984,
              -0.7450000000000001
            ],
            [
              -1.6546834506176111,
              -0.6987026409461188
            ]
          ]
        ],
        "type": "MultiLineString"
      },
      "properties": {
        "endid": 81,
        "id": 306,
        "metadata": {
          "bottleneck": false,
          "canonical_edge_id": 16,
          "length_m": 0.06097722286464424,
          "min_clearance_m": 0.6020797491073608,
          "segment_fraction_end": 0.13227816872537507,
          "segment_fraction_start": 0.0,
          "segment_index": 0,
          "static_traversability": "FEASIBLE"
        },
        "startid": 8
      },
      "type": "Feature"
    },
    {
      "geometry": {
        "coordinates": [
          [
            [
              -1.6546834506176111,
              -0.6987026409461188
            ],
            [
              -1.784841725308805,
              -0.5468513204730596
            ]
          ]
        ],
        "type": "MultiLineString"
      },
      "properties": {
        "endid": 80,
        "id": 307,
        "metadata": {
          "bottleneck": false,
          "canonical_edge_id": 16,
          "length_m": 0.2,
          "min_clearance_m": 0.6020797491073608,
          "segment_fraction_end": 0.5661390843626876,
          "segment_fraction_start": 0.13227816872537507,
          "segment_index": 1,
          "static_traversability": "FEASIBLE"
        },
        "startid": 81
      },
      "type": "Feature"
    },
    {
      "geometry": {
        "coordinates": [
          [
            [
              -1.784841725308805,
              -0.5468513204730596
            ],
            [
              -1.9149999999999987,
              -0.39500000000000046
            ]
          ]
        ],
        "type": "MultiLineString"
      },
      "properties": {
        "endid": 7,
        "id": 308,
        "metadata": {
          "bottleneck": false,
          "canonical_edge_id": 16,
          "length_m": 0.2,
          "min_clearance_m": 0.6020797491073608,
          "segment_fraction_end": 1.0,
          "segment_fraction_start": 0.5661390843626876,
          "segment_index": 2,
          "static_traversability": "FEASIBLE"
        },
        "startid": 80
      },
      "type": "Feature"
    },
    {
      "geometry": {
        "coordinates": [
          [
            [
              -1.6149999999999984,
              -0.7450000000000001
            ],
            [
              -1.4149999999999985,
              -0.7450000000000001
            ]
          ]
        ],
        "type": "MultiLineString"
      },
      "properties": {
        "endid": 82,
        "id": 309,
        "metadata": {
          "bottleneck": false,
          "canonical_edge_id": 17,
          "length_m": 0.2,
          "min_clearance_m": 0.800000011920929,
          "segment_fraction_end": 0.2,
          "segment_fraction_start": 0.0,
          "segment_index": 0,
          "static_traversability": "FEASIBLE"
        },
        "startid": 8
      },
      "type": "Feature"
    },
    {
      "geometry": {
        "coordinates": [
          [
            [
              -1.4149999999999985,
              -0.7450000000000001
            ],
            [
              -1.2149999999999985,
              -0.7450000000000001
            ]
          ]
        ],
        "type": "MultiLineString"
      },
      "properties": {
        "endid": 83,
        "id": 310,
        "metadata": {
          "bottleneck": false,
          "canonical_edge_id": 17,
          "length_m": 0.2,
          "min_clearance_m": 0.800000011920929,
          "segment_fraction_end": 0.4,
          "segment_fraction_start": 0.2,
          "segment_index": 1,
          "static_traversability": "FEASIBLE"
        },
        "startid": 82
      },
      "type": "Feature"
    },
    {
      "geometry": {
        "coordinates": [
          [
            [
              -1.2149999999999985,
              -0.7450000000000001
            ],
            [
              -1.0149999999999983,
              -0.7450000000000001
            ]
          ]
        ],
        "type": "MultiLineString"
      },
      "properties": {
        "endid": 84,
        "id": 311,
        "metadata": {
          "bottleneck": false,
          "canonical_edge_id": 17,
          "length_m": 0.20000000000000007,
          "min_clearance_m": 0.800000011920929,
          "segment_fraction_end": 0.6000000000000001,
          "segment_fraction_start": 0.4,
          "segment_index": 2,
          "static_traversability": "FEASIBLE"
        },
        "startid": 83
      },
      "type": "Feature"
    },
    {
      "geometry": {
        "coordinates": [
          [
            [
              -1.0149999999999983,
              -0.7450000000000001
            ],
            [
              -0.8149999999999984,
              -0.7450000000000001
            ]
          ]
        ],
        "type": "MultiLineString"
      },
      "properties": {
        "endid": 85,
        "id": 312,
        "metadata": {
          "bottleneck": false,
          "canonical_edge_id": 17,
          "length_m": 0.19999999999999996,
          "min_clearance_m": 0.800000011920929,
          "segment_fraction_end": 0.8,
          "segment_fraction_start": 0.6000000000000001,
          "segment_index": 3,
          "static_traversability": "FEASIBLE"
        },
        "startid": 84
      },
      "type": "Feature"
    },
    {
      "geometry": {
        "coordinates": [
          [
            [
              -0.8149999999999984,
              -0.7450000000000001
            ],
            [
              -0.6149999999999984,
              -0.7450000000000001
            ]
          ]
        ],
        "type": "MultiLineString"
      },
      "properties": {
        "endid": 9,
        "id": 313,
        "metadata": {
          "bottleneck": false,
          "canonical_edge_id": 17,
          "length_m": 0.19999999999999996,
          "min_clearance_m": 0.800000011920929,
          "segment_fraction_end": 1.0,
          "segment_fraction_start": 0.8,
          "segment_index": 4,
          "static_traversability": "FEASIBLE"
        },
        "startid": 85
      },
      "type": "Feature"
    },
    {
      "geometry": {
        "coordinates": [
          [
            [
              -0.6149999999999984,
              -0.7450000000000001
            ],
            [
              -0.8149999999999984,
              -0.7450000000000001
            ]
          ]
        ],
        "type": "MultiLineString"
      },
      "properties": {
        "endid": 85,
        "id": 314,
        "metadata": {
          "bottleneck": false,
          "canonical_edge_id": 18,
          "length_m": 0.19999999999999996,
          "min_clearance_m": 0.800000011920929,
          "segment_fraction_end": 0.19999999999999996,
          "segment_fraction_start": 0.0,
          "segment_index": 0,
          "static_traversability": "FEASIBLE"
        },
        "startid": 9
      },
      "type": "Feature"
    },
    {
      "geometry": {
        "coordinates": [
          [
            [
              -0.8149999999999984,
              -0.7450000000000001
            ],
            [
              -1.0149999999999983,
              -0.7450000000000001
            ]
          ]
        ],
        "type": "MultiLineString"
      },
      "properties": {
        "endid": 84,
        "id": 315,
        "metadata": {
          "bottleneck": false,
          "canonical_edge_id": 18,
          "length_m": 0.19999999999999996,
          "min_clearance_m": 0.800000011920929,
          "segment_fraction_end": 0.3999999999999999,
          "segment_fraction_start": 0.19999999999999996,
          "segment_index": 1,
          "static_traversability": "FEASIBLE"
        },
        "startid": 85
      },
      "type": "Feature"
    },
    {
      "geometry": {
        "coordinates": [
          [
            [
              -1.0149999999999983,
              -0.7450000000000001
            ],
            [
              -1.2149999999999985,
              -0.7450000000000001
            ]
          ]
        ],
        "type": "MultiLineString"
      },
      "properties": {
        "endid": 83,
        "id": 316,
        "metadata": {
          "bottleneck": false,
          "canonical_edge_id": 18,
          "length_m": 0.20000000000000007,
          "min_clearance_m": 0.800000011920929,
          "segment_fraction_end": 0.6,
          "segment_fraction_start": 0.3999999999999999,
          "segment_index": 2,
          "static_traversability": "FEASIBLE"
        },
        "startid": 84
      },
      "type": "Feature"
    },
    {
      "geometry": {
        "coordinates": [
          [
            [
              -1.2149999999999985,
              -0.7450000000000001
            ],
            [
              -1.4149999999999985,
              -0.7450000000000001
            ]
          ]
        ],
        "type": "MultiLineString"
      },
      "properties": {
        "endid": 82,
        "id": 317,
        "metadata": {
          "bottleneck": false,
          "canonical_edge_id": 18,
          "length_m": 0.20000000000000007,
          "min_clearance_m": 0.800000011920929,
          "segment_fraction_end": 0.8,
          "segment_fraction_start": 0.6,
          "segment_index": 3,
          "static_traversability": "FEASIBLE"
        },
        "startid": 83
      },
      "type": "Feature"
    },
    {
      "geometry": {
        "coordinates": [
          [
            [
              -1.4149999999999985,
              -0.7450000000000001
            ],
            [
              -1.6149999999999984,
              -0.7450000000000001
            ]
          ]
        ],
        "type": "MultiLineString"
      },
      "properties": {
        "endid": 8,
        "id": 318,
        "metadata": {
          "bottleneck": false,
          "canonical_edge_id": 18,
          "length_m": 0.19999999999999996,
          "min_clearance_m": 0.800000011920929,
          "segment_fraction_end": 1.0,
          "segment_fraction_start": 0.8,
          "segment_index": 4,
          "static_traversability": "FEASIBLE"
        },
        "startid": 82
      },
      "type": "Feature"
    },
    {
      "geometry": {
        "coordinates": [
          [
            [
              -0.6149999999999984,
              -0.7450000000000001
            ],
            [
              -0.46844130167473863,
              -0.6089097801265445
            ]
          ]
        ],
        "type": "MultiLineString"
      },
      "properties": {
        "endid": 86,
        "id": 319,
        "metadata": {
          "bottleneck": false,
          "canonical_edge_id": 19,
          "length_m": 0.2,
          "min_clearance_m": 1.0307763814926147,
          "segment_fraction_end": 0.20936956903608542,
          "segment_fraction_start": 0.0,
          "segment_index": 0,
          "static_traversability": "FEASIBLE"
        },
        "startid": 9
      },
      "type": "Feature"
    },
    {
      "geometry": {
        "coordinates": [
          [
            [
              -0.46844130167473863,
              -0.6089097801265445
            ],
            [
              -0.32188260334947877,
              -0.4728195602530889
            ]
          ]
        ],
        "type": "MultiLineString"
      },
      "properties": {
        "endid": 87,
        "id": 320,
        "metadata": {
          "bottleneck": false,
          "canonical_edge_id": 19,
          "length_m": 0.2,
          "min_clearance_m": 1.0307763814926147,
          "segment_fraction_end": 0.41873913807217084,
          "segment_fraction_start": 0.20936956903608542,
          "segment_index": 1,
          "static_traversability": "FEASIBLE"
        },
        "startid": 86
      },
      "type": "Feature"
    },
    {
      "geometry": {
        "coordinates": [
          [
            [
              -0.32188260334947877,
              -0.4728195602530889
            ],
            [
              -0.1753239050242189,
              -0.3367293403796333
            ]
          ]
        ],
        "type": "MultiLineString"
      },
      "properties": {
        "endid": 88,
        "id": 321,
        "metadata": {
          "bottleneck": false,
          "canonical_edge_id": 19,
          "length_m": 0.20000000000000007,
          "min_clearance_m": 1.0307763814926147,
          "segment_fraction_end": 0.6281087071082563,
          "segment_fraction_start": 0.41873913807217084,
          "segment_index": 2,
          "static_traversability": "FEASIBLE"
        },
        "startid": 87
      },
      "type": "Feature"
    },
    {
      "geometry": {
        "coordinates": [
          [
            [
              -0.1753239050242189,
              -0.3367293403796333
            ],
            [
              -0.0287652066989591,
              -0.20063912050617771
            ]
          ]
        ],
        "type": "MultiLineString"
      },
      "properties": {
        "endid": 89,
        "id": 322,
        "metadata": {
          "bottleneck": false,
          "canonical_edge_id": 19,
          "length_m": 0.19999999999999996,
          "min_clearance_m": 1.0307763814926147,
          "segment_fraction_end": 0.8374782761443417,
          "segment_fraction_start": 0.6281087071082563,
          "segment_index": 3,
          "static_traversability": "FEASIBLE"
        },
        "startid": 88
      },
      "type": "Feature"
    },
    {
      "geometry": {
        "coordinates": [
          [
            [
              -0.0287652066989591,
              -0.20063912050617771
            ],
            [
              0.08500000000000174,
              -0.09499999999999975
            ]
          ]
        ],
        "type": "MultiLineString"
      },
      "properties": {
        "endid": 15,
        "id": 323,
        "metadata": {
          "bottleneck": false,
          "canonical_edge_id": 19,
          "length_m": 0.15524865872714033,
          "min_clearance_m": 1.0307763814926147,
          "segment_fraction_end": 1.0,
          "segment_fraction_start": 0.8374782761443417,
          "segment_index": 4,
          "static_traversability": "FEASIBLE"
        },
        "startid": 89
      },
      "type": "Feature"
    },
    {
      "geometry": {
        "coordinates": [
          [
            [
              -0.6149999999999984,
              -0.7450000000000001
            ],
            [
              -0.6066738910575622,
              -0.9448266146184705
            ]
          ]
        ],
        "type": "MultiLineString"
      },
      "properties": {
        "endid": 90,
        "id": 324,
        "metadata": {
          "bottleneck": false,
          "canonical_edge_id": 20,
          "length_m": 0.2,
          "min_clearance_m": 0.4000000059604645,
          "segment_fraction_end": 0.04237933728495469,
          "segment_fraction_start": 0.0,
          "segment_index": 0,
          "static_traversability": "FEASIBLE"
        },
        "startid": 9
      },
      "type": "Feature"
    },
    {
      "geometry": {
        "coordinates": [
          [
            [
              -0.6066738910575622,
              -0.9448266146184705
            ],
            [
              -0.598347782115126,
              -1.144653229236941
            ]
          ]
        ],
        "type": "MultiLineString"
      },
      "properties": {
        "endid": 91,
        "id": 325,
        "metadata": {
          "bottleneck": false,
          "canonical_edge_id": 20,
          "length_m": 0.2,
          "min_clearance_m": 0.4000000059604645,
          "segment_fraction_end": 0.08475867456990938,
          "segment_fraction_start": 0.04237933728495469,
          "segment_index": 1,
          "static_traversability": "FEASIBLE"
        },
        "startid": 90
      },
      "type": "Feature"
    },
    {
      "geometry": {
        "coordinates": [
          [
            [
              -0.598347782115126,
              -1.144653229236941
            ],
            [
              -0.5900216731726897,
              -1.3444798438554113
            ]
          ]
        ],
        "type": "MultiLineString"
      },
      "properties": {
        "endid": 92,
        "id": 326,
        "metadata": {
          "bottleneck": false,
          "canonical_edge_id": 20,
          "length_m": 0.20000000000000007,
          "min_clearance_m": 0.4000000059604645,
          "segment_fraction_end": 0.1271380118548641,
          "segment_fraction_start": 0.08475867456990938,
          "segment_index": 2,
          "static_traversability": "FEASIBLE"
        },
        "startid": 91
      },
      "type": "Feature"
    },
    {
      "geometry": {
        "coordinates": [
          [
            [
              -0.5900216731726897,
              -1.3444798438554113
            ],
            [
              -0.5816955642302535,
              -1.5443064584738817
            ]
          ]
        ],
        "type": "MultiLineString"
      },
      "properties": {
        "endid": 93,
        "id": 327,
        "metadata": {
          "bottleneck": false,
          "canonical_edge_id": 20,
          "length_m": 0.19999999999999996,
          "min_clearance_m": 0.4000000059604645,
          "segment_fraction_end": 0.16951734913981875,
          "segment_fraction_start": 0.1271380118548641,
          "segment_index": 3,
          "static_traversability": "FEASIBLE"
        },
        "startid": 92
      },
      "type": "Feature"
    },
    {
      "geometry": {
        "coordinates": [
          [
            [
              -0.5816955642302535,
              -1.5443064584738817
            ],
            [
              -0.5733694552878172,
              -1.7441330730923519
            ]
          ]
        ],
        "type": "MultiLineString"
      },
      "properties": {
        "endid": 94,
        "id": 328,
        "metadata": {
          "bottleneck": false,
          "canonical_edge_id": 20,
          "length_m": 0.19999999999999996,
          "min_clearance_m": 0.4000000059604645,
          "segment_fraction_end": 0.21189668642477344,
          "segment_fraction_start": 0.16951734913981875,
          "segment_index": 4,
          "static_traversability": "FEASIBLE"
        },
        "startid": 93
      },
      "type": "Feature"
    },
    {
      "geometry": {
        "coordinates": [
          [
            [
              -0.5733694552878172,
              -1.7441330730923519
            ],
            [
              -0.565043346345381,
              -1.9439596877108225
            ]
          ]
        ],
        "type": "MultiLineString"
      },
      "properties": {
        "endid": 95,
        "id": 329,
        "metadata": {
          "bottleneck": false,
          "canonical_edge_id": 20,
          "length_m": 0.20000000000000018,
          "min_clearance_m": 0.4000000059604645,
          "segment_fraction_end": 0.2542760237097282,
          "segment_fraction_start": 0.21189668642477344,
          "segment_index": 5,
          "static_traversability": "FEASIBLE"
        },
        "startid": 94
      },
      "type": "Feature"
    },
    {
      "geometry": {
        "coordinates": [
          [
            [
              -0.565043346345381,
              -1.9439596877108225
            ],
            [
              -0.3802714056309097,
              -2.018891437747636
            ]
          ]
        ],
        "type": "MultiLineString"
      },
      "properties": {
        "endid": 96,
        "id": 330,
        "metadata": {
          "bottleneck": false,
          "canonical_edge_id": 20,
          "length_m": 0.19999999999999996,
          "min_clearance_m": 0.4000000059604645,
          "segment_fraction_end": 0.29665536099468287,
          "segment_fraction_start": 0.2542760237097282,
          "segment_index": 6,
          "static_traversability": "FEASIBLE"
        },
        "startid": 95
      },
      "type": "Feature"
    },
    {
      "geometry": {
        "coordinates": [
          [
            [
              -0.3802714056309097,
              -2.018891437747636
            ],
            [
              -0.19457606745385791,
              -2.0931695730184567
            ]
          ]
        ],
        "type": "MultiLineString"
      },
      "properties": {
        "endid": 97,
        "id": 331,
        "metadata": {
          "bottleneck": false,
          "canonical_edge_id": 20,
          "length_m": 0.19999999999999996,
          "min_clearance_m": 0.4000000059604645,
          "segment_fraction_end": 0.3390346982796375,
          "segment_fraction_start": 0.29665536099468287,
          "segment_index": 7,
          "static_traversability": "FEASIBLE"
        },
        "startid": 96
      },
      "type": "Feature"
    },
    {
      "geometry": {
        "coordinates": [
          [
            [
              -0.19457606745385791,
              -2.0931695730184567
            ],
            [
              -0.008880729276806165,
              -2.1674477082892776
            ]
          ]
        ],
        "type": "MultiLineString"
      },
      "properties": {
        "endid": 98,
        "id": 332,
        "metadata": {
          "bottleneck": false,
          "canonical_edge_id": 20,
          "length_m": 0.19999999999999996,
          "min_clearance_m": 0.4000000059604645,
          "segment_fraction_end": 0.3814140355645922,
          "segment_fraction_start": 0.3390346982796375,
          "segment_index": 8,
          "static_traversability": "FEASIBLE"
        },
        "startid": 97
      },
      "type": "Feature"
    },
    {
      "geometry": {
        "coordinates": [
          [
            [
              -0.008880729276806165,
              -2.1674477082892776
            ],
            [
              0.1768146089002457,
              -2.2417258435600984
            ]
          ]
        ],
        "type": "MultiLineString"
      },
      "properties": {
        "endid": 99,
        "id": 333,
        "metadata": {
          "bottleneck": false,
          "canonical_edge_id": 20,
          "length_m": 0.19999999999999996,
          "min_clearance_m": 0.4000000059604645,
          "segment_fraction_end": 0.4237933728495469,
          "segment_fraction_start": 0.3814140355645922,
          "segment_index": 9,
          "static_traversability": "FEASIBLE"
        },
        "startid": 98
      },
      "type": "Feature"
    },
    {
      "geometry": {
        "coordinates": [
          [
            [
              0.1768146089002457,
              -2.2417258435600984
            ],
            [
              0.36250994707729767,
              -2.3160039788309192
            ]
          ]
        ],
        "type": "MultiLineString"
      },
      "properties": {
        "endid": 100,
        "id": 334,
        "metadata": {
          "bottleneck": false,
          "canonical_edge_id": 20,
          "length_m": 0.20000000000000018,
          "min_clearance_m": 0.4000000059604645,
          "segment_fraction_end": 0.4661727101345016,
          "segment_fraction_start": 0.4237933728495469,
          "segment_index": 10,
          "static_traversability": "FEASIBLE"
        },
        "startid": 99
      },
      "type": "Feature"
    },
    {
      "geometry": {
        "coordinates": [
          [
            [
              0.36250994707729767,
              -2.3160039788309192
            ],
            [
              0.5081554941760023,
              -2.4425406589013345
            ]
          ]
        ],
        "type": "MultiLineString"
      },
      "properties": {
        "endid": 101,
        "id": 335,
        "metadata": {
          "bottleneck": false,
          "canonical_edge_id": 20,
          "length_m": 0.20000000000000018,
          "min_clearance_m": 0.4000000059604645,
          "segment_fraction_end": 0.5085520474194564,
          "segment_fraction_start": 0.4661727101345016,
          "segment_index": 11,
          "static_traversability": "FEASIBLE"
        },
        "startid": 100
      },
      "type": "Feature"
    },
    {
      "geometry": {
        "coordinates": [
          [
            [
              0.5081554941760023,
              -2.4425406589013345
            ],
            [
              0.5869971691809612,
              -2.616898090514541
            ]
          ]
        ],
        "type": "MultiLineString"
      },
      "properties": {
        "endid": 102,
        "id": 336,
        "metadata": {
          "bottleneck": false,
          "canonical_edge_id": 20,
          "length_m": 0.19999999999999973,
          "min_clearance_m": 0.4000000059604645,
          "segment_fraction_end": 0.5509313847044109,
          "segment_fraction_start": 0.5085520474194564,
          "segment_index": 12,
          "static_traversability": "FEASIBLE"
        },
        "startid": 101
      },
      "type": "Feature"
    },
    {
      "geometry": {
        "coordinates": [
          [
            [
              0.5869971691809612,
              -2.616898090514541
            ],
            [
              0.5925505826290318,
              -2.816820974645085
            ]
          ]
        ],
        "type": "MultiLineString"
      },
      "properties": {
        "endid": 103,
        "id": 337,
        "metadata": {
          "bottleneck": false,
          "canonical_edge_id": 20,
          "length_m": 0.20000000000000018,
          "min_clearance_m": 0.4000000059604645,
          "segment_fraction_end": 0.5933107219893657,
          "segment_fraction_start": 0.5509313847044109,
          "segment_index": 13,
          "static_traversability": "FEASIBLE"
        },
        "startid": 102
      },
      "type": "Feature"
    },
    {
      "geometry": {
        "coordinates": [
          [
            [
              0.5925505826290318,
              -2.816820974645085
            ],
            [
              0.5981039960771025,
              -3.0167438587756283
            ]
          ]
        ],
        "type": "MultiLineString"
      },
      "properties": {
        "endid": 104,
        "id": 338,
        "metadata": {
          "bottleneck": false,
          "canonical_edge_id": 20,
          "length_m": 0.19999999999999973,
          "min_clearance_m": 0.4000000059604645,
          "segment_fraction_end": 0.6356900592743203,
          "segment_fraction_start": 0.5933107219893657,
          "segment_index": 14,
          "static_traversability": "FEASIBLE"
        },
        "startid": 103
      },
      "type": "Feature"
    },
    {
      "geometry": {
        "coordinates": [
          [
            [
              0.5981039960771025,
              -3.0167438587756283
            ],
            [
              0.6036574095251731,
              -3.216666742906172
            ]
          ]
        ],
        "type": "MultiLineString"
      },
      "properties": {
        "endid": 105,
        "id": 339,
        "metadata": {
          "bottleneck": false,
          "canonical_edge_id": 20,
          "length_m": 0.20000000000000018,
          "min_clearance_m": 0.4000000059604645,
          "segment_fraction_end": 0.678069396559275,
          "segment_fraction_start": 0.6356900592743203,
          "segment_index": 15,
          "static_traversability": "FEASIBLE"
        },
        "startid": 104
      },
      "type": "Feature"
    },
    {
      "geometry": {
        "coordinates": [
          [
            [
              0.6036574095251731,
              -3.216666742906172
            ],
            [
              0.6092108229732438,
              -3.416589627036716
            ]
          ]
        ],
        "type": "MultiLineString"
      },
      "properties": {
        "endid": 106,
        "id": 340,
        "metadata": {
          "bottleneck": false,
          "canonical_edge_id": 20,
          "length_m": 0.20000000000000018,
          "min_clearance_m": 0.4000000059604645,
          "segment_fraction_end": 0.7204487338442298,
          "segment_fraction_start": 0.678069396559275,
          "segment_index": 16,
          "static_traversability": "FEASIBLE"
        },
        "startid": 105
      },
      "type": "Feature"
    },
    {
      "geometry": {
        "coordinates": [
          [
            [
              0.6092108229732438,
              -3.416589627036716
            ],
            [
              0.6147642364213144,
              -3.61651251116726
            ]
          ]
        ],
        "type": "MultiLineString"
      },
      "properties": {
        "endid": 107,
        "id": 341,
        "metadata": {
          "bottleneck": false,
          "canonical_edge_id": 20,
          "length_m": 0.19999999999999973,
          "min_clearance_m": 0.4000000059604645,
          "segment_fraction_end": 0.7628280711291844,
          "segment_fraction_start": 0.7204487338442298,
          "segment_index": 17,
          "static_traversability": "FEASIBLE"
        },
        "startid": 106
      },
      "type": "Feature"
    },
    {
      "geometry": {
        "coordinates": [
          [
            [
              0.6147642364213144,
              -3.61651251116726
            ],
            [
              0.620317649869385,
              -3.8164353952978036
            ]
          ]
        ],
        "type": "MultiLineString"
      },
      "properties": {
        "endid": 108,
        "id": 342,
        "metadata": {
          "bottleneck": false,
          "canonical_edge_id": 20,
          "length_m": 0.20000000000000018,
          "min_clearance_m": 0.4000000059604645,
          "segment_fraction_end": 0.8052074084141392,
          "segment_fraction_start": 0.7628280711291844,
          "segment_index": 18,
          "static_traversability": "FEASIBLE"
        },
        "startid": 107
      },
      "type": "Feature"
    },
    {
      "geometry": {
        "coordinates": [
          [
            [
              0.620317649869385,
              -3.8164353952978036
            ],
            [
              0.6258710633174557,
              -4.0163582794283474
            ]
          ]
        ],
        "type": "MultiLineString"
      },
      "properties": {
        "endid": 109,
        "id": 343,
        "metadata": {
          "bottleneck": false,
          "canonical_edge_id": 20,
          "length_m": 0.19999999999999973,
          "min_clearance_m": 0.4000000059604645,
          "segment_fraction_end": 0.8475867456990938,
          "segment_fraction_start": 0.8052074084141392,
          "segment_index": 19,
          "static_traversability": "FEASIBLE"
        },
        "startid": 108
      },
      "type": "Feature"
    },
    {
      "geometry": {
        "coordinates": [
          [
            [
              0.6258710633174557,
              -4.0163582794283474
            ],
            [
              0.6314244767655263,
              -4.216281163558891
            ]
          ]
        ],
        "type": "MultiLineString"
      },
      "properties": {
        "endid": 110,
        "id": 344,
        "metadata": {
          "bottleneck": false,
          "canonical_edge_id": 20,
          "length_m": 0.20000000000000018,
          "min_clearance_m": 0.4000000059604645,
          "segment_fraction_end": 0.8899660829840484,
          "segment_fraction_start": 0.8475867456990938,
          "segment_index": 20,
          "static_traversability": "FEASIBLE"
        },
        "startid": 109
      },
      "type": "Feature"
    },
    {
      "geometry": {
        "coordinates": [
          [
            [
              0.6314244767655263,
              -4.216281163558891
            ],
            [
              0.5893986965554432,
              -4.39972156413347
            ]
          ]
        ],
        "type": "MultiLineString"
      },
      "properties": {
        "endid": 111,
        "id": 345,
        "metadata": {
          "bottleneck": false,
          "canonical_edge_id": 20,
          "length_m": 0.20000000000000018,
          "min_clearance_m": 0.4000000059604645,
          "segment_fraction_end": 0.9323454202690032,
          "segment_fraction_start": 0.8899660829840484,
          "segment_index": 21,
          "static_traversability": "FEASIBLE"
        },
        "startid": 110
      },
      "type": "Feature"
    },
    {
      "geometry": {
        "coordinates": [
          [
            [
              0.5893986965554432,
              -4.39972156413347
            ],
            [
              0.4613618166225471,
              -4.553365820052946
            ]
          ]
        ],
        "type": "MultiLineString"
      },
      "properties": {
        "endid": 112,
        "id": 346,
        "metadata": {
          "bottleneck": false,
          "canonical_edge_id": 20,
          "length_m": 0.20000000000000018,
          "min_clearance_m": 0.4000000059604645,
          "segment_fraction_end": 0.9747247575539579,
          "segment_fraction_start": 0.9323454202690032,
          "segment_index": 22,
          "static_traversability": "FEASIBLE"
        },
        "startid": 111
      },
      "type": "Feature"
    },
    {
      "geometry": {
        "coordinates": [
          [
            [
              0.4613618166225471,
              -4.553365820052946
            ],
            [
              0.3850000000000014,
              -4.6450000000000005
            ]
          ]
        ],
        "type": "MultiLineString"
      },
      "properties": {
        "endid": 19,
        "id": 347,
        "metadata": {
          "bottleneck": false,
          "canonical_edge_id": 20,
          "length_m": 0.1192809707055762,
          "min_clearance_m": 0.4000000059604645,
          "segment_fraction_end": 1.0,
          "segment_fraction_start": 0.9747247575539579,
          "segment_index": 23,
          "static_traversability": "FEASIBLE"
        },
        "startid": 112
      },
      "type": "Feature"
    },
    {
      "geometry": {
        "coordinates": [
          [
            [
              -0.6149999999999984,
              3.505
            ],
            [
              -0.5255572809000069,
              3.3261145618000167
            ]
          ]
        ],
        "type": "MultiLineString"
      },
      "properties": {
        "endid": 113,
        "id": 348,
        "metadata": {
          "bottleneck": true,
          "canonical_edge_id": 21,
          "length_m": 0.2,
          "min_clearance_m": 0.3354102075099945,
          "segment_fraction_end": 0.19876159799998125,
          "segment_fraction_start": 0.0,
          "segment_index": 0,
          "static_traversability": "FEASIBLE"
        },
        "startid": 10
      },
      "type": "Feature"
    },
    {
      "geometry": {
        "coordinates": [
          [
            [
              -0.5255572809000069,
              3.3261145618000167
            ],
            [
              -0.43611456180001523,
              3.1472291236000336
            ]
          ]
        ],
        "type": "MultiLineString"
      },
      "properties": {
        "endid": 114,
        "id": 349,
        "metadata": {
          "bottleneck": true,
          "canonical_edge_id": 21,
          "length_m": 0.2,
          "min_clearance_m": 0.3354102075099945,
          "segment_fraction_end": 0.3975231959999625,
          "segment_fraction_start": 0.19876159799998125,
          "segment_index": 1,
          "static_traversability": "FEASIBLE"
        },
        "startid": 113
      },
      "type": "Feature"
    },
    {
      "geometry": {
        "coordinates": [
          [
            [
              -0.43611456180001523,
              3.1472291236000336
            ],
            [
              -0.34667184270002366,
              2.9683436854000504
            ]
          ]
        ],
        "type": "MultiLineString"
      },
      "properties": {
        "endid": 115,
        "id": 350,
        "metadata": {
          "bottleneck": true,
          "canonical_edge_id": 21,
          "length_m": 0.20000000000000007,
          "min_clearance_m": 0.3354102075099945,
          "segment_fraction_end": 0.5962847939999437,
          "segment_fraction_start": 0.3975231959999625,
          "segment_index": 2,
          "static_traversability": "FEASIBLE"
        },
        "startid": 114
      },
      "type": "Feature"
    },
    {
      "geometry": {
        "coordinates": [
          [
            [
              -0.34667184270002366,
              2.9683436854000504
            ],
            [
              -0.25722912360003203,
              2.7894582472000673
            ]
          ]
        ],
        "type": "MultiLineString"
      },
      "properties": {
        "endid": 116,
        "id": 351,
        "metadata": {
          "bottleneck": true,
          "canonical_edge_id": 21,
          "length_m": 0.19999999999999996,
          "min_clearance_m": 0.3354102075099945,
          "segment_fraction_end": 0.795046391999925,
          "segment_fraction_start": 0.5962847939999437,
          "segment_index": 3,
          "static_traversability": "FEASIBLE"
        },
        "startid": 115
      },
      "type": "Feature"
    },
    {
      "geometry": {
        "coordinates": [
          [
            [
              -0.25722912360003203,
              2.7894582472000673
            ],
            [
              -0.1677864045000405,
              2.610572809000084
            ]
          ]
        ],
        "type": "MultiLineString"
      },
      "properties": {
        "endid": 117,
        "id": 352,
        "metadata": {
          "bottleneck": true,
          "canonical_edge_id": 21,
          "length_m": 0.19999999999999996,
          "min_clearance_m": 0.3354102075099945,
          "segment_fraction_end": 0.9938079899999062,
          "segment_fraction_start": 0.795046391999925,
          "segment_index": 4,
          "static_traversability": "FEASIBLE"
        },
        "startid": 116
      },
      "type": "Feature"
    },
    {
      "geometry": {
        "coordinates": [
          [
            [
              -0.1677864045000405,
              2.610572809000084
            ],
            [
              -0.16499999999999826,
              2.6049999999999995
            ]
          ]
        ],
        "type": "MultiLineString"
      },
      "properties": {
        "endid": 12,
        "id": 353,
        "metadata": {
          "bottleneck": true,
          "canonical_edge_id": 21,
          "length_m": 0.0062305898749057675,
          "min_clearance_m": 0.3354102075099945,
          "segment_fraction_end": 1.0,
          "segment_fraction_start": 0.9938079899999062,
          "segment_index": 5,
          "static_traversability": "FEASIBLE"
        },
        "startid": 117
      },
      "type": "Feature"
    },
    {
      "geometry": {
        "coordinates": [
          [
            [
              -0.6149999999999984,
              3.505
            ],
            [
              -0.47890978012654295,
              3.65155869832526
            ]
          ]
        ],
        "type": "MultiLineString"
      },
      "properties": {
        "endid": 118,
        "id": 354,
        "metadata": {
          "bottleneck": true,
          "canonical_edge_id": 22,
          "length_m": 0.2,
          "min_clearance_m": 0.3201562166213989,
          "segment_fraction_end": 0.12981459153349767,
          "segment_fraction_start": 0.0,
          "segment_index": 0,
          "static_traversability": "FEASIBLE"
        },
        "startid": 10
      },
      "type": "Feature"
    },
    {
      "geometry": {
        "coordinates": [
          [
            [
              -0.47890978012654295,
              3.65155869832526
            ],
            [
              -0.3428195602530874,
              3.79811739665052
            ]
          ]
        ],
        "type": "MultiLineString"
      },
      "properties": {
        "endid": 119,
        "id": 355,
        "metadata": {
          "bottleneck": true,
          "canonical_edge_id": 22,
          "length_m": 0.2,
          "min_clearance_m": 0.3201562166213989,
          "segment_fraction_end": 0.25962918306699534,
          "segment_fraction_start": 0.12981459153349767,
          "segment_index": 1,
          "static_traversability": "FEASIBLE"
        },
        "startid": 118
      },
      "type": "Feature"
    },
    {
      "geometry": {
        "coordinates": [
          [
            [
              -0.3428195602530874,
              3.79811739665052
            ],
            [
              -0.20672934037963192,
              3.9446760949757795
            ]
          ]
        ],
        "type": "MultiLineString"
      },
      "properties": {
        "endid": 120,
        "id": 356,
        "metadata": {
          "bottleneck": true,
          "canonical_edge_id": 22,
          "length_m": 0.20000000000000007,
          "min_clearance_m": 0.3201562166213989,
          "segment_fraction_end": 0.38944377460049306,
          "segment_fraction_start": 0.25962918306699534,
          "segment_index": 2,
          "static_traversability": "FEASIBLE"
        },
        "startid": 119
      },
      "type": "Feature"
    },
    {
      "geometry": {
        "coordinates": [
          [
            [
              -0.20672934037963192,
              3.9446760949757795
            ],
            [
              -0.07063912050617638,
              4.091234793301039
            ]
          ]
        ],
        "type": "MultiLineString"
      },
      "properties": {
        "endid": 121,
        "id": 357,
        "metadata": {
          "bottleneck": true,
          "canonical_edge_id": 22,
          "length_m": 0.19999999999999996,
          "min_clearance_m": 0.3201562166213989,
          "segment_fraction_end": 0.5192583661339907,
          "segment_fraction_start": 0.38944377460049306,
          "segment_index": 3,
          "static_traversability": "FEASIBLE"
        },
        "startid": 120
      },
      "type": "Feature"
    },
    {
      "geometry": {
        "coordinates": [
          [
            [
              -0.07063912050617638,
              4.091234793301039
            ],
            [
              0.03500000000000192,
              4.24975134127286
            ]
          ]
        ],
        "type": "MultiLineString"
      },
      "properties": {
        "endid": 122,
        "id": 358,
        "metadata": {
          "bottleneck": true,
          "canonical_edge_id": 22,
          "length_m": 0.19999999999999996,
          "min_clearance_m": 0.3201562166213989,
          "segment_fraction_end": 0.6490729576674883,
          "segment_fraction_start": 0.5192583661339907,
          "segment_index": 4,
          "static_traversability": "FEASIBLE"
        },
        "startid": 121
      },
      "type": "Feature"
    },
    {
      "geometry": {
        "coordinates": [
          [
            [
              0.03500000000000192,
              4.24975134127286
            ],
            [
              0.03500000000000192,
              4.44975134127286
            ]
          ]
        ],
        "type": "MultiLineString"
      },
      "properties": {
        "endid": 123,
        "id": 359,
        "metadata": {
          "bottleneck": true,
          "canonical_edge_id": 22,
          "length_m": 0.20000000000000018,
          "min_clearance_m": 0.3201562166213989,
          "segment_fraction_end": 0.7788875492009861,
          "segment_fraction_start": 0.6490729576674883,
          "segment_index": 5,
          "static_traversability": "FEASIBLE"
        },
        "startid": 122
      },
      "type": "Feature"
    },
    {
      "geometry": {
        "coordinates": [
          [
            [
              0.03500000000000192,
              4.44975134127286
            ],
            [
              0.12209544755907664,
              4.629190895118151
            ]
          ]
        ],
        "type": "MultiLineString"
      },
      "properties": {
        "endid": 124,
        "id": 360,
        "metadata": {
          "bottleneck": true,
          "canonical_edge_id": 22,
          "length_m": 0.19999999999999996,
          "min_clearance_m": 0.3201562166213989,
          "segment_fraction_end": 0.9087021407344837,
          "segment_fraction_start": 0.7788875492009861,
          "segment_index": 6,
          "static_traversability": "FEASIBLE"
        },
        "startid": 123
      },
      "type": "Feature"
    },
    {
      "geometry": {
        "coordinates": [
          [
            [
              0.12209544755907664,
              4.629190895118151
            ],
            [
              0.18500000000000136,
              4.755
            ]
          ]
        ],
        "type": "MultiLineString"
      },
      "properties": {
        "endid": 17,
        "id": 361,
        "metadata": {
          "bottleneck": true,
          "canonical_edge_id": 22,
          "length_m": 0.14065885535210798,
          "min_clearance_m": 0.3201562166213989,
          "segment_fraction_end": 0.9999999999999999,
          "segment_fraction_start": 0.9087021407344837,
          "segment_index": 7,
          "static_traversability": "FEASIBLE"
        },
        "startid": 124
      },
      "type": "Feature"
    },
    {
      "geometry": {
        "coordinates": [
          [
            [
              -0.6149999999999984,
              5.1049999999999995
            ],
            [
              -0.43176853301956053,
              5.024836233196058
            ]
          ]
        ],
        "type": "MultiLineString"
      },
      "properties": {
        "endid": 125,
        "id": 362,
        "metadata": {
          "bottleneck": false,
          "canonical_edge_id": 23,
          "length_m": 0.2,
          "min_clearance_m": 0.6000000238418579,
          "segment_fraction_end": 0.22903933372554738,
          "segment_fraction_start": 0.0,
          "segment_index": 0,
          "static_traversability": "FEASIBLE"
        },
        "startid": 11
      },
      "type": "Feature"
    },
    {
      "geometry": {
        "coordinates": [
          [
            [
              -0.43176853301956053,
              5.024836233196058
            ],
            [
              -0.24853706603912268,
              4.944672466392117
            ]
          ]
        ],
        "type": "MultiLineString"
      },
      "properties": {
        "endid": 126,
        "id": 363,
        "metadata": {
          "bottleneck": false,
          "canonical_edge_id": 23,
          "length_m": 0.2,
          "min_clearance_m": 0.6000000238418579,
          "segment_fraction_end": 0.45807866745109477,
          "segment_fraction_start": 0.22903933372554738,
          "segment_index": 1,
          "static_traversability": "FEASIBLE"
        },
        "startid": 125
      },
      "type": "Feature"
    },
    {
      "geometry": {
        "coordinates": [
          [
            [
              -0.24853706603912268,
              4.944672466392117
            ],
            [
              -0.06530559905868472,
              4.864508699588175
            ]
          ]
        ],
        "type": "MultiLineString"
      },
      "properties": {
        "endid": 127,
        "id": 364,
        "metadata": {
          "bottleneck": false,
          "canonical_edge_id": 23,
          "length_m": 0.20000000000000007,
          "min_clearance_m": 0.6000000238418579,
          "segment_fraction_end": 0.6871180011766422,
          "segment_fraction_start": 0.45807866745109477,
          "segment_index": 2,
          "static_traversability": "FEASIBLE"
        },
        "startid": 126
      },
      "type": "Feature"
    },
    {
      "geometry": {
        "coordinates": [
          [
            [
              -0.06530559905868472,
              4.864508699588175
            ],
            [
              0.11792586792175308,
              4.784344932784234
            ]
          ]
        ],
        "type": "MultiLineString"
      },
      "properties": {
        "endid": 128,
        "id": 365,
        "metadata": {
          "bottleneck": false,
          "canonical_edge_id": 23,
          "length_m": 0.19999999999999996,
          "min_clearance_m": 0.6000000238418579,
          "segment_fraction_end": 0.9161573349021895,
          "segment_fraction_start": 0.6871180011766422,
          "segment_index": 3,
          "static_traversability": "FEASIBLE"
        },
        "startid": 127
      },
      "type": "Feature"
    },
    {
      "geometry": {
        "coordinates": [
          [
            [
              0.11792586792175308,
              4.784344932784234
            ],
            [
              0.18500000000000139,
              4.755
            ]
          ]
        ],
        "type": "MultiLineString"
      },
      "properties": {
        "endid": 17,
        "id": 366,
        "metadata": {
          "bottleneck": false,
          "canonical_edge_id": 23,
          "length_m": 0.07321245982864866,
          "min_clearance_m": 0.6000000238418579,
          "segment_fraction_end": 1.0,
          "segment_fraction_start": 0.9161573349021895,
          "segment_index": 4,
          "static_traversability": "FEASIBLE"
        },
        "startid": 128
      },
      "type": "Feature"
    },
    {
      "geometry": {
        "coordinates": [
          [
            [
              -0.16499999999999826,
              2.6049999999999995
            ],
            [
              -0.1677864045000405,
              2.610572809000084
            ]
          ]
        ],
        "type": "MultiLineString"
      },
      "properties": {
        "endid": 117,
        "id": 367,
        "metadata": {
          "bottleneck": true,
          "canonical_edge_id": 24,
          "length_m": 0.0062305898749057675,
          "min_clearance_m": 0.3354102075099945,
          "segment_fraction_end": 0.006192010000093867,
          "segment_fraction_start": 0.0,
          "segment_index": 0,
          "static_traversability": "FEASIBLE"
        },
        "startid": 12
      },
      "type": "Feature"
    },
    {
      "geometry": {
        "coordinates": [
          [
            [
              -0.1677864045000405,
              2.610572809000084
            ],
            [
              -0.25722912360003203,
              2.7894582472000673
            ]
          ]
        ],
        "type": "MultiLineString"
      },
      "properties": {
        "endid": 116,
        "id": 368,
        "metadata": {
          "bottleneck": true,
          "canonical_edge_id": 24,
          "length_m": 0.19999999999999996,
          "min_clearance_m": 0.3354102075099945,
          "segment_fraction_end": 0.20495360800007506,
          "segment_fraction_start": 0.006192010000093867,
          "segment_index": 1,
          "static_traversability": "FEASIBLE"
        },
        "startid": 117
      },
      "type": "Feature"
    },
    {
      "geometry": {
        "coordinates": [
          [
            [
              -0.25722912360003203,
              2.7894582472000673
            ],
            [
              -0.34667184270002366,
              2.9683436854000504
            ]
          ]
        ],
        "type": "MultiLineString"
      },
      "properties": {
        "endid": 115,
        "id": 369,
        "metadata": {
          "bottleneck": true,
          "canonical_edge_id": 24,
          "length_m": 0.19999999999999996,
          "min_clearance_m": 0.3354102075099945,
          "segment_fraction_end": 0.4037152060000562,
          "segment_fraction_start": 0.20495360800007506,
          "segment_index": 2,
          "static_traversability": "FEASIBLE"
        },
        "startid": 116
      },
      "type": "Feature"
    },
    {
      "geometry": {
        "coordinates": [
          [
            [
              -0.34667184270002366,
              2.9683436854000504
            ],
            [
              -0.43611456180001523,
              3.1472291236000336
            ]
          ]
        ],
        "type": "MultiLineString"
      },
      "properties": {
        "endid": 114,
        "id": 370,
        "metadata": {
          "bottleneck": true,
          "canonical_edge_id": 24,
          "length_m": 0.20000000000000007,
          "min_clearance_m": 0.3354102075099945,
          "segment_fraction_end": 0.6024768040000376,
          "segment_fraction_start": 0.4037152060000562,
          "segment_index": 3,
          "static_traversability": "FEASIBLE"
        },
        "startid": 115
      },
      "type": "Feature"
    },
    {
      "geometry": {
        "coordinates": [
          [
            [
              -0.43611456180001523,
              3.1472291236000336
            ],
            [
              -0.5255572809000069,
              3.3261145618000167
            ]
          ]
        ],
        "type": "MultiLineString"
      },
      "properties": {
        "endid": 113,
        "id": 371,
        "metadata": {
          "bottleneck": true,
          "canonical_edge_id": 24,
          "length_m": 0.20000000000000007,
          "min_clearance_m": 0.3354102075099945,
          "segment_fraction_end": 0.8012384020000188,
          "segment_fraction_start": 0.6024768040000376,
          "segment_index": 4,
          "static_traversability": "FEASIBLE"
        },
        "startid": 114
      },
      "type": "Feature"
    },
    {
      "geometry": {
        "coordinates": [
          [
            [
              -0.5255572809000069,
              3.3261145618000167
            ],
            [
              -0.6149999999999984,
              3.505
            ]
          ]
        ],
        "type": "MultiLineString"
      },
      "properties": {
        "endid": 10,
        "id": 372,
        "metadata": {
          "bottleneck": true,
          "canonical_edge_id": 24,
          "length_m": 0.19999999999999996,
          "min_clearance_m": 0.3354102075099945,
          "segment_fraction_end": 1.0,
          "segment_fraction_start": 0.8012384020000188,
          "segment_index": 5,
          "static_traversability": "FEASIBLE"
        },
        "startid": 113
      },
      "type": "Feature"
    },
    {
      "geometry": {
        "coordinates": [
          [
            [
              -0.16499999999999826,
              2.6049999999999995
            ],
            [
              -0.16499999999999826,
              2.4049999999999994
            ]
          ]
        ],
        "type": "MultiLineString"
      },
      "properties": {
        "endid": 129,
        "id": 373,
        "metadata": {
          "bottleneck": true,
          "canonical_edge_id": 25,
          "length_m": 0.2,
          "min_clearance_m": 0.36400550603866577,
          "segment_fraction_end": 0.06988563902349686,
          "segment_fraction_start": 0.0,
          "segment_index": 0,
          "static_traversability": "FEASIBLE"
        },
        "startid": 12
      },
      "type": "Feature"
    },
    {
      "geometry": {
        "coordinates": [
          [
            [
              -0.16499999999999826,
              2.4049999999999994
            ],
            [
              -0.16499999999999826,
              2.2049999999999996
            ]
          ]
        ],
        "type": "MultiLineString"
      },
      "properties": {
        "endid": 130,
        "id": 374,
        "metadata": {
          "bottleneck": true,
          "canonical_edge_id": 25,
          "length_m": 0.2,
          "min_clearance_m": 0.36400550603866577,
          "segment_fraction_end": 0.1397712780469937,
          "segment_fraction_start": 0.06988563902349686,
          "segment_index": 1,
          "static_traversability": "FEASIBLE"
        },
        "startid": 129
      },
      "type": "Feature"
    },
    {
      "geometry": {
        "coordinates": [
          [
            [
              -0.16499999999999826,
              2.2049999999999996
            ],
            [
              -0.16499999999999826,
              2.0049999999999994
            ]
          ]
        ],
        "type": "MultiLineString"
      },
      "properties": {
        "endid": 131,
        "id": 375,
        "metadata": {
          "bottleneck": true,
          "canonical_edge_id": 25,
          "length_m": 0.20000000000000007,
          "min_clearance_m": 0.36400550603866577,
          "segment_fraction_end": 0.20965691707049058,
          "segment_fraction_start": 0.1397712780469937,
          "segment_index": 2,
          "static_traversability": "FEASIBLE"
        },
        "startid": 130
      },
      "type": "Feature"
    },
    {
      "geometry": {
        "coordinates": [
          [
            [
              -0.16499999999999826,
              2.0049999999999994
            ],
            [
              -0.1873606797749962,
              1.8102786404500038
            ]
          ]
        ],
        "type": "MultiLineString"
      },
      "properties": {
        "endid": 132,
        "id": 376,
        "metadata": {
          "bottleneck": true,
          "canonical_edge_id": 25,
          "length_m": 0.19999999999999996,
          "min_clearance_m": 0.36400550603866577,
          "segment_fraction_end": 0.2795425560939874,
          "segment_fraction_start": 0.20965691707049058,
          "segment_index": 3,
          "static_traversability": "FEASIBLE"
        },
        "startid": 131
      },
      "type": "Feature"
    },
    {
      "geometry": {
        "coordinates": [
          [
            [
              -0.1873606797749962,
              1.8102786404500038
            ],
            [
              -0.27680339887498795,
              1.6313932022500206
            ]
          ]
        ],
        "type": "MultiLineString"
      },
      "properties": {
        "endid": 133,
        "id": 377,
        "metadata": {
          "bottleneck": true,
          "canonical_edge_id": 25,
          "length_m": 0.19999999999999996,
          "min_clearance_m": 0.36400550603866577,
          "segment_fraction_end": 0.34942819511748424,
          "segment_fraction_start": 0.2795425560939874,
          "segment_index": 4,
          "static_traversability": "FEASIBLE"
        },
        "startid": 132
      },
      "type": "Feature"
    },
    {
      "geometry": {
        "coordinates": [
          [
            [
              -0.27680339887498795,
              1.6313932022500206
            ],
            [
              -0.36484543808770475,
              1.4522178855787142
            ]
          ]
        ],
        "type": "MultiLineString"
      },
      "properties": {
        "endid": 134,
        "id": 378,
        "metadata": {
          "bottleneck": true,
          "canonical_edge_id": 25,
          "length_m": 0.20000000000000018,
          "min_clearance_m": 0.36400550603866577,
          "segment_fraction_end": 0.41931383414098117,
          "segment_fraction_start": 0.34942819511748424,
          "segment_index": 5,
          "static_traversability": "FEASIBLE"
        },
        "startid": 133
      },
      "type": "Feature"
    },
    {
      "geometry": {
        "coordinates": [
          [
            [
              -0.36484543808770475,
              1.4522178855787142
            ],
            [
              -0.35375143416320026,
              1.2525258149376317
            ]
          ]
        ],
        "type": "MultiLineString"
      },
      "properties": {
        "endid": 135,
        "id": 379,
        "metadata": {
          "bottleneck": true,
          "canonical_edge_id": 25,
          "length_m": 0.19999999999999996,
          "min_clearance_m": 0.36400550603866577,
          "segment_fraction_end": 0.489199473164478,
          "segment_fraction_start": 0.41931383414098117,
          "segment_index": 6,
          "static_traversability": "FEASIBLE"
        },
        "startid": 134
      },
      "type": "Feature"
    },
    {
      "geometry": {
        "coordinates": [
          [
            [
              -0.35375143416320026,
              1.2525258149376317
            ],
            [
              -0.3426574302386957,
              1.0528337442965494
            ]
          ]
        ],
        "type": "MultiLineString"
      },
      "properties": {
        "endid": 136,
        "id": 380,
        "metadata": {
          "bottleneck": true,
          "canonical_edge_id": 25,
          "length_m": 0.19999999999999996,
          "min_clearance_m": 0.36400550603866577,
          "segment_fraction_end": 0.5590851121879749,
          "segment_fraction_start": 0.489199473164478,
          "segment_index": 7,
          "static_traversability": "FEASIBLE"
        },
        "startid": 135
      },
      "type": "Feature"
    },
    {
      "geometry": {
        "coordinates": [
          [
            [
              -0.3426574302386957,
              1.0528337442965494
            ],
            [
              -0.33156342631419117,
              0.8531416736554669
            ]
          ]
        ],
        "type": "MultiLineString"
      },
      "properties": {
        "endid": 137,
        "id": 381,
        "metadata": {
          "bottleneck": true,
          "canonical_edge_id": 25,
          "length_m": 0.19999999999999996,
          "min_clearance_m": 0.36400550603866577,
          "segment_fraction_end": 0.6289707512114716,
          "segment_fraction_start": 0.5590851121879749,
          "segment_index": 8,
          "static_traversability": "FEASIBLE"
        },
        "startid": 136
      },
      "type": "Feature"
    },
    {
      "geometry": {
        "coordinates": [
          [
            [
              -0.33156342631419117,
              0.8531416736554669
            ],
            [
              -0.3204694223896866,
              0.6534496030143845
            ]
          ]
        ],
        "type": "MultiLineString"
      },
      "properties": {
        "endid": 138,
        "id": 382,
        "metadata": {
          "bottleneck": true,
          "canonical_edge_id": 25,
          "length_m": 0.19999999999999996,
          "min_clearance_m": 0.36400550603866577,
          "segment_fraction_end": 0.6988563902349685,
          "segment_fraction_start": 0.6289707512114716,
          "segment_index": 9,
          "static_traversability": "FEASIBLE"
        },
        "startid": 137
      },
      "type": "Feature"
    },
    {
      "geometry": {
        "coordinates": [
          [
            [
              -0.3204694223896866,
              0.6534496030143845
            ],
            [
              -0.261857262303191,
              0.4686430512426875
            ]
          ]
        ],
        "type": "MultiLineString"
      },
      "properties": {
        "endid": 139,
        "id": 383,
        "metadata": {
          "bottleneck": true,
          "canonical_edge_id": 25,
          "length_m": 0.20000000000000018,
          "min_clearance_m": 0.36400550603866577,
          "segment_fraction_end": 0.7687420292584654,
          "segment_fraction_start": 0.6988563902349685,
          "segment_index": 10,
          "static_traversability": "FEASIBLE"
        },
        "startid": 138
      },
      "type": "Feature"
    },
    {
      "geometry": {
        "coordinates": [
          [
            [
              -0.261857262303191,
              0.4686430512426875
            ],
            [
              -0.15703777717032388,
              0.2983113879017787
            ]
          ]
        ],
        "type": "MultiLineString"
      },
      "properties": {
        "endid": 140,
        "id": 384,
        "metadata": {
          "bottleneck": true,
          "canonical_edge_id": 25,
          "length_m": 0.20000000000000018,
          "min_clearance_m": 0.36400550603866577,
          "segment_fraction_end": 0.8386276682819623,
          "segment_fraction_start": 0.7687420292584654,
          "segment_index": 11,
          "static_traversability": "FEASIBLE"
        },
        "startid": 139
      },
      "type": "Feature"
    },
    {
      "geometry": {
        "coordinates": [
          [
            [
              -0.15703777717032388,
              0.2983113879017787
            ],
            [
              -0.052218292037456926,
              0.1279797245608702
            ]
          ]
        ],
        "type": "MultiLineString"
      },
      "properties": {
        "endid": 141,
        "id": 385,
        "metadata": {
          "bottleneck": true,
          "canonical_edge_id": 25,
          "length_m": 0.19999999999999973,
          "min_clearance_m": 0.36400550603866577,
          "segment_fraction_end": 0.9085133073054591,
          "segment_fraction_start": 0.8386276682819623,
          "segment_index": 12,
          "static_traversability": "FEASIBLE"
        },
        "startid": 140
      },
      "type": "Feature"
    },
    {
      "geometry": {
        "coordinates": [
          [
            [
              -0.052218292037456926,
              0.1279797245608702
            ],
            [
              0.052601193095410226,
              -0.04235193878003862
            ]
          ]
        ],
        "type": "MultiLineString"
      },
      "properties": {
        "endid": 142,
        "id": 386,
        "metadata": {
          "bottleneck": true,
          "canonical_edge_id": 25,
          "length_m": 0.20000000000000018,
          "min_clearance_m": 0.36400550603866577,
          "segment_fraction_end": 0.978398946328956,
          "segment_fraction_start": 0.9085133073054591,
          "segment_index": 13,
          "static_traversability": "FEASIBLE"
        },
        "startid": 141
      },
      "type": "Feature"
    },
    {
      "geometry": {
        "coordinates": [
          [
            [
              0.052601193095410226,
              -0.04235193878003862
            ],
            [
              0.08500000000000185,
              -0.09499999999999986
            ]
          ]
        ],
        "type": "MultiLineString"
      },
      "properties": {
        "endid": 15,
        "id": 387,
        "metadata": {
          "bottleneck": true,
          "canonical_edge_id": 25,
          "length_m": 0.06181829048964227,
          "min_clearance_m": 0.36400550603866577,
          "segment_fraction_end": 1.0,
          "segment_fraction_start": 0.978398946328956,
          "segment_index": 14,
          "static_traversability": "FEASIBLE"
        },
        "startid": 142
      },
      "type": "Feature"
    },
    {
      "geometry": {
        "coordinates": [
          [
            [
              -0.16499999999999826,
              2.6049999999999995
            ],
            [
              0.008648628424893334,
              2.7042277876713667
            ]
          ]
        ],
        "type": "MultiLineString"
      },
      "properties": {
        "endid": 143,
        "id": 388,
        "metadata": {
          "bottleneck": true,
          "canonical_edge_id": 26,
          "length_m": 0.2,
          "min_clearance_m": 0.22360680997371674,
          "segment_fraction_end": 0.4961389383568336,
          "segment_fraction_start": 0.0,
          "segment_index": 0,
          "static_traversability": "UNKNOWN"
        },
        "startid": 12
      },
      "type": "Feature"
    },
    {
      "geometry": {
        "coordinates": [
          [
            [
              0.008648628424893334,
              2.7042277876713667
            ],
            [
              0.18229725684978493,
              2.803455575342734
            ]
          ]
        ],
        "type": "MultiLineString"
      },
      "properties": {
        "endid": 144,
        "id": 389,
        "metadata": {
          "bottleneck": true,
          "canonical_edge_id": 26,
          "length_m": 0.2,
          "min_clearance_m": 0.22360680997371674,
          "segment_fraction_end": 0.9922778767136672,
          "segment_fraction_start": 0.4961389383568336,
          "segment_index": 1,
          "static_traversability": "UNKNOWN"
        },
        "startid": 143
      },
      "type": "Feature"
    },
    {
      "geometry": {
        "coordinates": [
          [
            [
              0.18229725684978493,
              2.803455575342734
            ],
            [
              0.18500000000000139,
              2.8050000000000006
            ]
          ]
        ],
        "type": "MultiLineString"
      },
      "properties": {
        "endid": 16,
        "id": 390,
        "metadata": {
          "bottleneck": true,
          "canonical_edge_id": 26,
          "length_m": 0.0031128874149276564,
          "min_clearance_m": 0.22360680997371674,
          "segment_fraction_end": 1.0,
          "segment_fraction_start": 0.9922778767136672,
          "segment_index": 2,
          "static_traversability": "UNKNOWN"
        },
        "startid": 144
      },
      "type": "Feature"
    },
    {
      "geometry": {
        "coordinates": [
          [
            [
              -0.014999999999998792,
              -5.495
            ],
            [
              0.17787464628562852,
              -5.469275212228624
            ]
          ]
        ],
        "type": "MultiLineString"
      },
      "properties": {
        "endid": 145,
        "id": 391,
        "metadata": {
          "bottleneck": false,
          "canonical_edge_id": 27,
          "length_m": 0.2,
          "min_clearance_m": 0.5522680282592773,
          "segment_fraction_end": 0.452952303175248,
          "segment_fraction_start": 0.0,
          "segment_index": 0,
          "static_traversability": "FEASIBLE"
        },
        "startid": 13
      },
      "type": "Feature"
    },
    {
      "geometry": {
        "coordinates": [
          [
            [
              0.17787464628562852,
              -5.469275212228624
            ],
            [
              0.3493732314281375,
              -5.366376061143119
            ]
          ]
        ],
        "type": "MultiLineString"
      },
      "properties": {
        "endid": 146,
        "id": 392,
        "metadata": {
          "bottleneck": false,
          "canonical_edge_id": 27,
          "length_m": 0.2,
          "min_clearance_m": 0.5522680282592773,
          "segment_fraction_end": 0.905904606350496,
          "segment_fraction_start": 0.452952303175248,
          "segment_index": 1,
          "static_traversability": "FEASIBLE"
        },
        "startid": 145
      },
      "type": "Feature"
    },
    {
      "geometry": {
        "coordinates": [
          [
            [
              0.3493732314281375,
              -5.366376061143119
            ],
            [
              0.38500000000000156,
              -5.345000000000001
            ]
          ]
        ],
        "type": "MultiLineString"
      },
      "properties": {
        "endid": 18,
        "id": 393,
        "metadata": {
          "bottleneck": false,
          "canonical_edge_id": 27,
          "length_m": 0.041547594742265104,
          "min_clearance_m": 0.5522680282592773,
          "segment_fraction_end": 1.0,
          "segment_fraction_start": 0.905904606350496,
          "segment_index": 2,
          "static_traversability": "FEASIBLE"
        },
        "startid": 146
      },
      "type": "Feature"
    },
    {
      "geometry": {
        "coordinates": [
          [
            [
              0.08500000000000174,
              -4.595000000000001
            ],
            [
              0.28227878476643053,
              -4.627879797461072
            ]
          ]
        ],
        "type": "MultiLineString"
      },
      "properties": {
        "endid": 147,
        "id": 394,
        "metadata": {
          "bottleneck": true,
          "canonical_edge_id": 28,
          "length_m": 0.2,
          "min_clearance_m": 0.22360680997371674,
          "segment_fraction_end": 0.6575959492214296,
          "segment_fraction_start": 0.0,
          "segment_index": 0,
          "static_traversability": "UNKNOWN"
        },
        "startid": 14
      },
      "type": "Feature"
    },
    {
      "geometry": {
        "coordinates": [
          [
            [
              0.28227878476643053,
              -4.627879797461072
            ],
            [
              0.38500000000000156,
              -4.6450000000000005
            ]
          ]
        ],
        "type": "MultiLineString"
      },
      "properties": {
        "endid": 19,
        "id": 395,
        "metadata": {
          "bottleneck": true,
          "canonical_edge_id": 28,
          "length_m": 0.10413812651491078,
          "min_clearance_m": 0.22360680997371674,
          "segment_fraction_end": 1.0,
          "segment_fraction_start": 0.6575959492214296,
          "segment_index": 1,
          "static_traversability": "UNKNOWN"
        },
        "startid": 147
      },
      "type": "Feature"
    },
    {
      "geometry": {
        "coordinates": [
          [
            [
              0.08500000000000174,
              -0.09499999999999975
            ],
            [
              -0.0287652066989591,
              -0.20063912050617771
            ]
          ]
        ],
        "type": "MultiLineString"
      },
      "properties": {
        "endid": 89,
        "id": 396,
        "metadata": {
          "bottleneck": false,
          "canonical_edge_id": 29,
          "length_m": 0.15524865872714033,
          "min_clearance_m": 1.0307763814926147,
          "segment_fraction_end": 0.16252172385565836,
          "segment_fraction_start": 0.0,
          "segment_index": 0,
          "static_traversability": "FEASIBLE"
        },
        "startid": 15
      },
      "type": "Feature"
    },
    {
      "geometry": {
        "coordinates": [
          [
            [
              -0.0287652066989591,
              -0.20063912050617771
            ],
            [
              -0.1753239050242189,
              -0.3367293403796333
            ]
          ]
        ],
        "type": "MultiLineString"
      },
      "properties": {
        "endid": 88,
        "id": 397,
        "metadata": {
          "bottleneck": false,
          "canonical_edge_id": 29,
          "length_m": 0.19999999999999996,
          "min_clearance_m": 1.0307763814926147,
          "segment_fraction_end": 0.3718912928917437,
          "segment_fraction_start": 0.16252172385565836,
          "segment_index": 1,
          "static_traversability": "FEASIBLE"
        },
        "startid": 89
      },
      "type": "Feature"
    },
    {
      "geometry": {
        "coordinates": [
          [
            [
              -0.1753239050242189,
              -0.3367293403796333
            ],
            [
              -0.32188260334947877,
              -0.4728195602530889
            ]
          ]
        ],
        "type": "MultiLineString"
      },
      "properties": {
        "endid": 87,
        "id": 398,
        "metadata": {
          "bottleneck": false,
          "canonical_edge_id": 29,
          "length_m": 0.20000000000000007,
          "min_clearance_m": 1.0307763814926147,
          "segment_fraction_end": 0.5812608619278292,
          "segment_fraction_start": 0.3718912928917437,
          "segment_index": 2,
          "static_traversability": "FEASIBLE"
        },
        "startid": 88
      },
      "type": "Feature"
    },
    {
      "geometry": {
        "coordinates": [
          [
            [
              -0.32188260334947877,
              -0.4728195602530889
            ],
            [
              -0.46844130167473863,
              -0.6089097801265445
            ]
          ]
        ],
        "type": "MultiLineString"
      },
      "properties": {
        "endid": 86,
        "id": 399,
        "metadata": {
          "bottleneck": false,
          "canonical_edge_id": 29,
          "length_m": 0.19999999999999996,
          "min_clearance_m": 1.0307763814926147,
          "segment_fraction_end": 0.7906304309639145,
          "segment_fraction_start": 0.5812608619278292,
          "segment_index": 3,
          "static_traversability": "FEASIBLE"
        },
        "startid": 87
      },
      "type": "Feature"
    },
    {
      "geometry": {
        "coordinates": [
          [
            [
              -0.46844130167473863,
              -0.6089097801265445
            ],
            [
              -0.6149999999999984,
              -0.7450000000000001
            ]
          ]
        ],
        "type": "MultiLineString"
      },
      "properties": {
        "endid": 9,
        "id": 400,
        "metadata": {
          "bottleneck": false,
          "canonical_edge_id": 29,
          "length_m": 0.20000000000000007,
          "min_clearance_m": 1.0307763814926147,
          "segment_fraction_end": 1.0,
          "segment_fraction_start": 0.7906304309639145,
          "segment_index": 4,
          "static_traversability": "FEASIBLE"
        },
        "startid": 86
      },
      "type": "Feature"
    },
    {
      "geometry": {
        "coordinates": [
          [
            [
              0.08500000000000185,
              -0.09499999999999986
            ],
            [
              0.052601193095410226,
              -0.04235193878003862
            ]
          ]
        ],
        "type": "MultiLineString"
      },
      "properties": {
        "endid": 142,
        "id": 401,
        "metadata": {
          "bottleneck": true,
          "canonical_edge_id": 30,
          "length_m": 0.06181829048964227,
          "min_clearance_m": 0.36400550603866577,
          "segment_fraction_end": 0.02160105367104404,
          "segment_fraction_start": 0.0,
          "segment_index": 0,
          "static_traversability": "FEASIBLE"
        },
        "startid": 15
      },
      "type": "Feature"
    },
    {
      "geometry": {
        "coordinates": [
          [
            [
              0.052601193095410226,
              -0.04235193878003862
            ],
            [
              -0.052218292037456926,
              0.1279797245608702
            ]
          ]
        ],
        "type": "MultiLineString"
      },
      "properties": {
        "endid": 141,
        "id": 402,
        "metadata": {
          "bottleneck": true,
          "canonical_edge_id": 30,
          "length_m": 0.20000000000000018,
          "min_clearance_m": 0.36400550603866577,
          "segment_fraction_end": 0.09148669269454095,
          "segment_fraction_start": 0.02160105367104404,
          "segment_index": 1,
          "static_traversability": "FEASIBLE"
        },
        "startid": 142
      },
      "type": "Feature"
    },
    {
      "geometry": {
        "coordinates": [
          [
            [
              -0.052218292037456926,
              0.1279797245608702
            ],
            [
              -0.15703777717032388,
              0.2983113879017787
            ]
          ]
        ],
        "type": "MultiLineString"
      },
      "properties": {
        "endid": 140,
        "id": 403,
        "metadata": {
          "bottleneck": true,
          "canonical_edge_id": 30,
          "length_m": 0.19999999999999973,
          "min_clearance_m": 0.36400550603866577,
          "segment_fraction_end": 0.1613723317180377,
          "segment_fraction_start": 0.09148669269454095,
          "segment_index": 2,
          "static_traversability": "FEASIBLE"
        },
        "startid": 141
      },
      "type": "Feature"
    },
    {
      "geometry": {
        "coordinates": [
          [
            [
              -0.15703777717032388,
              0.2983113879017787
            ],
            [
              -0.261857262303191,
              0.4686430512426875
            ]
          ]
        ],
        "type": "MultiLineString"
      },
      "properties": {
        "endid": 139,
        "id": 404,
        "metadata": {
          "bottleneck": true,
          "canonical_edge_id": 30,
          "length_m": 0.20000000000000018,
          "min_clearance_m": 0.36400550603866577,
          "segment_fraction_end": 0.23125797074153462,
          "segment_fraction_start": 0.1613723317180377,
          "segment_index": 3,
          "static_traversability": "FEASIBLE"
        },
        "startid": 140
      },
      "type": "Feature"
    },
    {
      "geometry": {
        "coordinates": [
          [
            [
              -0.261857262303191,
              0.4686430512426875
            ],
            [
              -0.3204694223896866,
              0.6534496030143845
            ]
          ]
        ],
        "type": "MultiLineString"
      },
      "properties": {
        "endid": 138,
        "id": 405,
        "metadata": {
          "bottleneck": true,
          "canonical_edge_id": 30,
          "length_m": 0.20000000000000018,
          "min_clearance_m": 0.36400550603866577,
          "segment_fraction_end": 0.3011436097650315,
          "segment_fraction_start": 0.23125797074153462,
          "segment_index": 4,
          "static_traversability": "FEASIBLE"
        },
        "startid": 139
      },
      "type": "Feature"
    },
    {
      "geometry": {
        "coordinates": [
          [
            [
              -0.3204694223896866,
              0.6534496030143845
            ],
            [
              -0.33156342631419117,
              0.8531416736554669
            ]
          ]
        ],
        "type": "MultiLineString"
      },
      "properties": {
        "endid": 137,
        "id": 406,
        "metadata": {
          "bottleneck": true,
          "canonical_edge_id": 30,
          "length_m": 0.19999999999999996,
          "min_clearance_m": 0.36400550603866577,
          "segment_fraction_end": 0.37102924878852833,
          "segment_fraction_start": 0.3011436097650315,
          "segment_index": 5,
          "static_traversability": "FEASIBLE"
        },
        "startid": 138
      },
      "type": "Feature"
    },
    {
      "geometry": {
        "coordinates": [
          [
            [
              -0.33156342631419117,
              0.8531416736554669
            ],
            [
              -0.3426574302386957,
              1.0528337442965494
            ]
          ]
        ],
        "type": "MultiLineString"
      },
      "properties": {
        "endid": 136,
        "id": 407,
        "metadata": {
          "bottleneck": true,
          "canonical_edge_id": 30,
          "length_m": 0.19999999999999996,
          "min_clearance_m": 0.36400550603866577,
          "segment_fraction_end": 0.4409148878120252,
          "segment_fraction_start": 0.37102924878852833,
          "segment_index": 6,
          "static_traversability": "FEASIBLE"
        },
        "startid": 137
      },
      "type": "Feature"
    },
    {
      "geometry": {
        "coordinates": [
          [
            [
              -0.3426574302386957,
              1.0528337442965494
            ],
            [
              -0.35375143416320026,
              1.2525258149376317
            ]
          ]
        ],
        "type": "MultiLineString"
      },
      "properties": {
        "endid": 135,
        "id": 408,
        "metadata": {
          "bottleneck": true,
          "canonical_edge_id": 30,
          "length_m": 0.19999999999999996,
          "min_clearance_m": 0.36400550603866577,
          "segment_fraction_end": 0.510800526835522,
          "segment_fraction_start": 0.4409148878120252,
          "segment_index": 7,
          "static_traversability": "FEASIBLE"
        },
        "startid": 136
      },
      "type": "Feature"
    },
    {
      "geometry": {
        "coordinates": [
          [
            [
              -0.35375143416320026,
              1.2525258149376317
            ],
            [
              -0.36484543808770475,
              1.4522178855787142
            ]
          ]
        ],
        "type": "MultiLineString"
      },
      "properties": {
        "endid": 134,
        "id": 409,
        "metadata": {
          "bottleneck": true,
          "canonical_edge_id": 30,
          "length_m": 0.19999999999999996,
          "min_clearance_m": 0.36400550603866577,
          "segment_fraction_end": 0.5806861658590189,
          "segment_fraction_start": 0.510800526835522,
          "segment_index": 8,
          "static_traversability": "FEASIBLE"
        },
        "startid": 135
      },
      "type": "Feature"
    },
    {
      "geometry": {
        "coordinates": [
          [
            [
              -0.36484543808770475,
              1.4522178855787142
            ],
            [
              -0.27680339887498795,
              1.6313932022500206
            ]
          ]
        ],
        "type": "MultiLineString"
      },
      "properties": {
        "endid": 133,
        "id": 410,
        "metadata": {
          "bottleneck": true,
          "canonical_edge_id": 30,
          "length_m": 0.20000000000000018,
          "min_clearance_m": 0.36400550603866577,
          "segment_fraction_end": 0.6505718048825158,
          "segment_fraction_start": 0.5806861658590189,
          "segment_index": 9,
          "static_traversability": "FEASIBLE"
        },
        "startid": 134
      },
      "type": "Feature"
    },
    {
      "geometry": {
        "coordinates": [
          [
            [
              -0.27680339887498795,
              1.6313932022500206
            ],
            [
              -0.1873606797749962,
              1.8102786404500038
            ]
          ]
        ],
        "type": "MultiLineString"
      },
      "properties": {
        "endid": 132,
        "id": 411,
        "metadata": {
          "bottleneck": true,
          "canonical_edge_id": 30,
          "length_m": 0.20000000000000018,
          "min_clearance_m": 0.36400550603866577,
          "segment_fraction_end": 0.7204574439060126,
          "segment_fraction_start": 0.6505718048825158,
          "segment_index": 10,
          "static_traversability": "FEASIBLE"
        },
        "startid": 133
      },
      "type": "Feature"
    },
    {
      "geometry": {
        "coordinates": [
          [
            [
              -0.1873606797749962,
              1.8102786404500038
            ],
            [
              -0.16499999999999826,
              2.0049999999999994
            ]
          ]
        ],
        "type": "MultiLineString"
      },
      "properties": {
        "endid": 131,
        "id": 412,
        "metadata": {
          "bottleneck": true,
          "canonical_edge_id": 30,
          "length_m": 0.19999999999999973,
          "min_clearance_m": 0.36400550603866577,
          "segment_fraction_end": 0.7903430829295094,
          "segment_fraction_start": 0.7204574439060126,
          "segment_index": 11,
          "static_traversability": "FEASIBLE"
        },
        "startid": 132
      },
      "type": "Feature"
    },
    {
      "geometry": {
        "coordinates": [
          [
            [
              -0.16499999999999826,
              2.0049999999999994
            ],
            [
              -0.16499999999999826,
              2.2049999999999996
            ]
          ]
        ],
        "type": "MultiLineString"
      },
      "properties": {
        "endid": 130,
        "id": 413,
        "metadata": {
          "bottleneck": true,
          "canonical_edge_id": 30,
          "length_m": 0.20000000000000018,
          "min_clearance_m": 0.36400550603866577,
          "segment_fraction_end": 0.8602287219530064,
          "segment_fraction_start": 0.7903430829295094,
          "segment_index": 12,
          "static_traversability": "FEASIBLE"
        },
        "startid": 131
      },
      "type": "Feature"
    },
    {
      "geometry": {
        "coordinates": [
          [
            [
              -0.16499999999999826,
              2.2049999999999996
            ],
            [
              -0.16499999999999826,
              2.4049999999999994
            ]
          ]
        ],
        "type": "MultiLineString"
      },
      "properties": {
        "endid": 129,
        "id": 414,
        "metadata": {
          "bottleneck": true,
          "canonical_edge_id": 30,
          "length_m": 0.19999999999999973,
          "min_clearance_m": 0.36400550603866577,
          "segment_fraction_end": 0.9301143609765031,
          "segment_fraction_start": 0.8602287219530064,
          "segment_index": 13,
          "static_traversability": "FEASIBLE"
        },
        "startid": 130
      },
      "type": "Feature"
    },
    {
      "geometry": {
        "coordinates": [
          [
            [
              -0.16499999999999826,
              2.4049999999999994
            ],
            [
              -0.16499999999999826,
              2.6049999999999995
            ]
          ]
        ],
        "type": "MultiLineString"
      },
      "properties": {
        "endid": 12,
        "id": 415,
        "metadata": {
          "bottleneck": true,
          "canonical_edge_id": 30,
          "length_m": 0.20000000000000018,
          "min_clearance_m": 0.36400550603866577,
          "segment_fraction_end": 1.0,
          "segment_fraction_start": 0.9301143609765031,
          "segment_index": 14,
          "static_traversability": "FEASIBLE"
        },
        "startid": 129
      },
      "type": "Feature"
    },
    {
      "geometry": {
        "coordinates": [
          [
            [
              0.08500000000000174,
              -0.09499999999999975
            ],
            [
              0.2722658355138107,
              -0.024775311682321555
            ]
          ]
        ],
        "type": "MultiLineString"
      },
      "properties": {
        "endid": 148,
        "id": 416,
        "metadata": {
          "bottleneck": true,
          "canonical_edge_id": 31,
          "length_m": 0.2,
          "min_clearance_m": 0.25,
          "segment_fraction_end": 0.07847311237637133,
          "segment_fraction_start": 0.0,
          "segment_index": 0,
          "static_traversability": "UNKNOWN"
        },
        "startid": 15
      },
      "type": "Feature"
    },
    {
      "geometry": {
        "coordinates": [
          [
            [
              0.2722658355138107,
              -0.024775311682321555
            ],
            [
              0.45953167102761966,
              0.04544937663535664
            ]
          ]
        ],
        "type": "MultiLineString"
      },
      "properties": {
        "endid": 149,
        "id": 417,
        "metadata": {
          "bottleneck": true,
          "canonical_edge_id": 31,
          "length_m": 0.2,
          "min_clearance_m": 0.25,
          "segment_fraction_end": 0.15694622475274267,
          "segment_fraction_start": 0.07847311237637133,
          "segment_index": 1,
          "static_traversability": "UNKNOWN"
        },
        "startid": 148
      },
      "type": "Feature"
    },
    {
      "geometry": {
        "coordinates": [
          [
            [
              0.45953167102761966,
              0.04544937663535664
            ],
            [
              0.6577998127341254,
              0.054999999999999716
            ]
          ]
        ],
        "type": "MultiLineString"
      },
      "properties": {
        "endid": 150,
        "id": 418,
        "metadata": {
          "bottleneck": true,
          "canonical_edge_id": 31,
          "length_m": 0.20000000000000007,
          "min_clearance_m": 0.25,
          "segment_fraction_end": 0.23541933712911403,
          "segment_fraction_start": 0.15694622475274267,
          "segment_index": 2,
          "static_traversability": "UNKNOWN"
        },
        "startid": 149
      },
      "type": "Feature"
    },
    {
      "geometry": {
        "coordinates": [
          [
            [
              0.6577998127341254,
              0.054999999999999716
            ],
            [
              0.8435289906241021,
              -0.0024565244480537138
            ]
          ]
        ],
        "type": "MultiLineString"
      },
      "properties": {
        "endid": 151,
        "id": 419,
        "metadata": {
          "bottleneck": true,
          "canonical_edge_id": 31,
          "length_m": 0.19999999999999996,
          "min_clearance_m": 0.25,
          "segment_fraction_end": 0.31389244950548534,
          "segment_fraction_start": 0.23541933712911403,
          "segment_index": 3,
          "static_traversability": "UNKNOWN"
        },
        "startid": 150
      },
      "type": "Feature"
    },
    {
      "geometry": {
        "coordinates": [
          [
            [
              0.8435289906241021,
              -0.0024565244480537138
            ],
            [
              1.0202865738935145,
              -0.09603406853186022
            ]
          ]
        ],
        "type": "MultiLineString"
      },
      "properties": {
        "endid": 152,
        "id": 420,
        "metadata": {
          "bottleneck": true,
          "canonical_edge_id": 31,
          "length_m": 0.19999999999999996,
          "min_clearance_m": 0.25,
          "segment_fraction_end": 0.3923655618818566,
          "segment_fraction_start": 0.31389244950548534,
          "segment_index": 4,
          "static_traversability": "UNKNOWN"
        },
        "startid": 151
      },
      "type": "Feature"
    },
    {
      "geometry": {
        "coordinates": [
          [
            [
              1.0202865738935145,
              -0.09603406853186022
            ],
            [
              1.1970441571629271,
              -0.18961161261566686
            ]
          ]
        ],
        "type": "MultiLineString"
      },
      "properties": {
        "endid": 153,
        "id": 421,
        "metadata": {
          "bottleneck": true,
          "canonical_edge_id": 31,
          "length_m": 0.20000000000000018,
          "min_clearance_m": 0.25,
          "segment_fraction_end": 0.47083867425822806,
          "segment_fraction_start": 0.3923655618818566,
          "segment_index": 5,
          "static_traversability": "UNKNOWN"
        },
        "startid": 152
      },
      "type": "Feature"
    },
    {
      "geometry": {
        "coordinates": [
          [
            [
              1.1970441571629271,
              -0.18961161261566686
            ],
            [
              1.3738017404323393,
              -0.2831891566994733
            ]
          ]
        ],
        "type": "MultiLineString"
      },
      "properties": {
        "endid": 154,
        "id": 422,
        "metadata": {
          "bottleneck": true,
          "canonical_edge_id": 31,
          "length_m": 0.19999999999999996,
          "min_clearance_m": 0.25,
          "segment_fraction_end": 0.5493117866345993,
          "segment_fraction_start": 0.47083867425822806,
          "segment_index": 6,
          "static_traversability": "UNKNOWN"
        },
        "startid": 153
      },
      "type": "Feature"
    },
    {
      "geometry": {
        "coordinates": [
          [
            [
              1.3738017404323393,
              -0.2831891566994733
            ],
            [
              1.5505593237017519,
              -0.37676670078327984
            ]
          ]
        ],
        "type": "MultiLineString"
      },
      "properties": {
        "endid": 155,
        "id": 423,
        "metadata": {
          "bottleneck": true,
          "canonical_edge_id": 31,
          "length_m": 0.19999999999999996,
          "min_clearance_m": 0.25,
          "segment_fraction_end": 0.6277848990109707,
          "segment_fraction_start": 0.5493117866345993,
          "segment_index": 7,
          "static_traversability": "UNKNOWN"
        },
        "startid": 154
      },
      "type": "Feature"
    },
    {
      "geometry": {
        "coordinates": [
          [
            [
              1.5505593237017519,
              -0.37676670078327984
            ],
            [
              1.7427998188845317,
              -0.4027998188845309
            ]
          ]
        ],
        "type": "MultiLineString"
      },
      "properties": {
        "endid": 156,
        "id": 424,
        "metadata": {
          "bottleneck": true,
          "canonical_edge_id": 31,
          "length_m": 0.19999999999999996,
          "min_clearance_m": 0.25,
          "segment_fraction_end": 0.706258011387342,
          "segment_fraction_start": 0.6277848990109707,
          "segment_index": 8,
          "static_traversability": "UNKNOWN"
        },
        "startid": 155
      },
      "type": "Feature"
    },
    {
      "geometry": {
        "coordinates": [
          [
            [
              1.7427998188845317,
              -0.4027998188845309
            ],
            [
              1.8842211751218414,
              -0.5442211751218402
            ]
          ]
        ],
        "type": "MultiLineString"
      },
      "properties": {
        "endid": 157,
        "id": 425,
        "metadata": {
          "bottleneck": true,
          "canonical_edge_id": 31,
          "length_m": 0.19999999999999996,
          "min_clearance_m": 0.25,
          "segment_fraction_end": 0.7847311237637132,
          "segment_fraction_start": 0.706258011387342,
          "segment_index": 9,
          "static_traversability": "UNKNOWN"
        },
        "startid": 156
      },
      "type": "Feature"
    },
    {
      "geometry": {
        "coordinates": [
          [
            [
              1.8842211751218414,
              -0.5442211751218402
            ],
            [
              2.0256425313591513,
              -0.6856425313591497
            ]
          ]
        ],
        "type": "MultiLineString"
      },
      "properties": {
        "endid": 158,
        "id": 426,
        "metadata": {
          "bottleneck": true,
          "canonical_edge_id": 31,
          "length_m": 0.20000000000000018,
          "min_clearance_m": 0.25,
          "segment_fraction_end": 0.8632042361400847,
          "segment_fraction_start": 0.7847311237637132,
          "segment_index": 10,
          "static_traversability": "UNKNOWN"
        },
        "startid": 157
      },
      "type": "Feature"
    },
    {
      "geometry": {
        "coordinates": [
          [
            [
              2.0256425313591513,
              -0.6856425313591497
            ],
            [
              2.118524536292256,
              -0.8620490725845082
            ]
          ]
        ],
        "type": "MultiLineString"
      },
      "properties": {
        "endid": 159,
        "id": 427,
        "metadata": {
          "bottleneck": true,
          "canonical_edge_id": 31,
          "length_m": 0.20000000000000018,
          "min_clearance_m": 0.25,
          "segment_fraction_end": 0.9416773485164561,
          "segment_fraction_start": 0.8632042361400847,
          "segment_index": 11,
          "static_traversability": "UNKNOWN"
        },
        "startid": 158
      },
      "type": "Feature"
    },
    {
      "geometry": {
        "coordinates": [
          [
            [
              2.118524536292256,
              -0.8620490725845082
            ],
            [
              2.1850000000000014,
              -0.9949999999999999
            ]
          ]
        ],
        "type": "MultiLineString"
      },
      "properties": {
        "endid": 24,
        "id": 428,
        "metadata": {
          "bottleneck": true,
          "canonical_edge_id": 31,
          "length_m": 0.14864365568633975,
          "min_clearance_m": 0.25,
          "segment_fraction_end": 1.0,
          "segment_fraction_start": 0.9416773485164561,
          "segment_index": 12,
          "static_traversability": "UNKNOWN"
        },
        "startid": 159
      },
      "type": "Feature"
    },
    {
      "geometry": {
        "coordinates": [
          [
            [
              0.18500000000000139,
              2.8050000000000006
            ],
            [
              0.18229725684978493,
              2.803455575342734
            ]
          ]
        ],
        "type": "MultiLineString"
      },
      "properties": {
        "endid": 144,
        "id": 429,
        "metadata": {
          "bottleneck": true,
          "canonical_edge_id": 32,
          "length_m": 0.0031128874149276564,
          "min_clearance_m": 0.22360680997371674,
          "segment_fraction_end": 0.007722123286332778,
          "segment_fraction_start": 0.0,
          "segment_index": 0,
          "static_traversability": "UNKNOWN"
        },
        "startid": 16
      },
      "type": "Feature"
    },
    {
      "geometry": {
        "coordinates": [
          [
            [
              0.18229725684978493,
              2.803455575342734
            ],
            [
              0.008648628424893334,
              2.7042277876713667
            ]
          ]
        ],
        "type": "MultiLineString"
      },
      "properties": {
        "endid": 143,
        "id": 430,
        "metadata": {
          "bottleneck": true,
          "canonical_edge_id": 32,
          "length_m": 0.2,
          "min_clearance_m": 0.22360680997371674,
          "segment_fraction_end": 0.5038610616431664,
          "segment_fraction_start": 0.007722123286332778,
          "segment_index": 1,
          "static_traversability": "UNKNOWN"
        },
        "startid": 144
      },
      "type": "Feature"
    },
    {
      "geometry": {
        "coordinates": [
          [
            [
              0.008648628424893334,
              2.7042277876713667
            ],
            [
              -0.16499999999999826,
              2.6049999999999995
            ]
          ]
        ],
        "type": "MultiLineString"
      },
      "properties": {
        "endid": 12,
        "id": 431,
        "metadata": {
          "bottleneck": true,
          "canonical_edge_id": 32,
          "length_m": 0.2,
          "min_clearance_m": 0.22360680997371674,
          "segment_fraction_end": 1.0,
          "segment_fraction_start": 0.5038610616431664,
          "segment_index": 2,
          "static_traversability": "UNKNOWN"
        },
        "startid": 143
      },
      "type": "Feature"
    },
    {
      "geometry": {
        "coordinates": [
          [
            [
              0.18500000000000136,
              4.755
            ],
            [
              0.12209544755907664,
              4.629190895118151
            ]
          ]
        ],
        "type": "MultiLineString"
      },
      "properties": {
        "endid": 124,
        "id": 432,
        "metadata": {
          "bottleneck": true,
          "canonical_edge_id": 33,
          "length_m": 0.14065885535210798,
          "min_clearance_m": 0.3201562166213989,
          "segment_fraction_end": 0.09129785926551615,
          "segment_fraction_start": 0.0,
          "segment_index": 0,
          "static_traversability": "FEASIBLE"
        },
        "startid": 17
      },
      "type": "Feature"
    },
    {
      "geometry": {
        "coordinates": [
          [
            [
              0.12209544755907664,
              4.629190895118151
            ],
            [
              0.03500000000000192,
              4.44975134127286
            ]
          ]
        ],
        "type": "MultiLineString"
      },
      "properties": {
        "endid": 123,
        "id": 433,
        "metadata": {
          "bottleneck": true,
          "canonical_edge_id": 33,
          "length_m": 0.19999999999999996,
          "min_clearance_m": 0.3201562166213989,
          "segment_fraction_end": 0.2211124507990138,
          "segment_fraction_start": 0.09129785926551615,
          "segment_index": 1,
          "static_traversability": "FEASIBLE"
        },
        "startid": 124
      },
      "type": "Feature"
    },
    {
      "geometry": {
        "coordinates": [
          [
            [
              0.03500000000000192,
              4.44975134127286
            ],
            [
              0.03500000000000192,
              4.24975134127286
            ]
          ]
        ],
        "type": "MultiLineString"
      },
      "properties": {
        "endid": 122,
        "id": 434,
        "metadata": {
          "bottleneck": true,
          "canonical_edge_id": 33,
          "length_m": 0.20000000000000018,
          "min_clearance_m": 0.3201562166213989,
          "segment_fraction_end": 0.35092704233251154,
          "segment_fraction_start": 0.2211124507990138,
          "segment_index": 2,
          "static_traversability": "FEASIBLE"
        },
        "startid": 123
      },
      "type": "Feature"
    },
    {
      "geometry": {
        "coordinates": [
          [
            [
              0.03500000000000192,
              4.24975134127286
            ],
            [
              -0.07063912050617638,
              4.091234793301039
            ]
          ]
        ],
        "type": "MultiLineString"
      },
      "properties": {
        "endid": 121,
        "id": 435,
        "metadata": {
          "bottleneck": true,
          "canonical_edge_id": 33,
          "length_m": 0.19999999999999996,
          "min_clearance_m": 0.3201562166213989,
          "segment_fraction_end": 0.4807416338660092,
          "segment_fraction_start": 0.35092704233251154,
          "segment_index": 3,
          "static_traversability": "FEASIBLE"
        },
        "startid": 122
      },
      "type": "Feature"
    },
    {
      "geometry": {
        "coordinates": [
          [
            [
              -0.07063912050617638,
              4.091234793301039
            ],
            [
              -0.20672934037963192,
              3.9446760949757795
            ]
          ]
        ],
        "type": "MultiLineString"
      },
      "properties": {
        "endid": 120,
        "id": 436,
        "metadata": {
          "bottleneck": true,
          "canonical_edge_id": 33,
          "length_m": 0.19999999999999996,
          "min_clearance_m": 0.3201562166213989,
          "segment_fraction_end": 0.6105562253995068,
          "segment_fraction_start": 0.4807416338660092,
          "segment_index": 4,
          "static_traversability": "FEASIBLE"
        },
        "startid": 121
      },
      "type": "Feature"
    },
    {
      "geometry": {
        "coordinates": [
          [
            [
              -0.20672934037963192,
              3.9446760949757795
            ],
            [
              -0.3428195602530874,
              3.79811739665052
            ]
          ]
        ],
        "type": "MultiLineString"
      },
      "properties": {
        "endid": 119,
        "id": 437,
        "metadata": {
          "bottleneck": true,
          "canonical_edge_id": 33,
          "length_m": 0.19999999999999996,
          "min_clearance_m": 0.3201562166213989,
          "segment_fraction_end": 0.7403708169330044,
          "segment_fraction_start": 0.6105562253995068,
          "segment_index": 5,
          "static_traversability": "FEASIBLE"
        },
        "startid": 120
      },
      "type": "Feature"
    },
    {
      "geometry": {
        "coordinates": [
          [
            [
              -0.3428195602530874,
              3.79811739665052
            ],
            [
              -0.47890978012654295,
              3.65155869832526
            ]
          ]
        ],
        "type": "MultiLineString"
      },
      "properties": {
        "endid": 118,
        "id": 438,
        "metadata": {
          "bottleneck": true,
          "canonical_edge_id": 33,
          "length_m": 0.20000000000000018,
          "min_clearance_m": 0.3201562166213989,
          "segment_fraction_end": 0.8701854084665023,
          "segment_fraction_start": 0.7403708169330044,
          "segment_index": 6,
          "static_traversability": "FEASIBLE"
        },
        "startid": 119
      },
      "type": "Feature"
    },
    {
      "geometry": {
        "coordinates": [
          [
            [
              -0.47890978012654295,
              3.65155869832526
            ],
            [
              -0.6149999999999984,
              3.505
            ]
          ]
        ],
        "type": "MultiLineString"
      },
      "properties": {
        "endid": 10,
        "id": 439,
        "metadata": {
          "bottleneck": true,
          "canonical_edge_id": 33,
          "length_m": 0.19999999999999996,
          "min_clearance_m": 0.3201562166213989,
          "segment_fraction_end": 0.9999999999999999,
          "segment_fraction_start": 0.8701854084665023,
          "segment_index": 7,
          "static_traversability": "FEASIBLE"
        },
        "startid": 118
      },
      "type": "Feature"
    },
    {
      "geometry": {
        "coordinates": [
          [
            [
              0.18500000000000139,
              4.755
            ],
            [
              0.11792586792175308,
              4.784344932784234
            ]
          ]
        ],
        "type": "MultiLineString"
      },
      "properties": {
        "endid": 128,
        "id": 440,
        "metadata": {
          "bottleneck": false,
          "canonical_edge_id": 34,
          "length_m": 0.07321245982864866,
          "min_clearance_m": 0.6000000238418579,
          "segment_fraction_end": 0.08384266509781045,
          "segment_fraction_start": 0.0,
          "segment_index": 0,
          "static_traversability": "FEASIBLE"
        },
        "startid": 17
      },
      "type": "Feature"
    },
    {
      "geometry": {
        "coordinates": [
          [
            [
              0.11792586792175308,
              4.784344932784234
            ],
            [
              -0.06530559905868472,
              4.864508699588175
            ]
          ]
        ],
        "type": "MultiLineString"
      },
      "properties": {
        "endid": 127,
        "id": 441,
        "metadata": {
          "bottleneck": false,
          "canonical_edge_id": 34,
          "length_m": 0.19999999999999996,
          "min_clearance_m": 0.6000000238418579,
          "segment_fraction_end": 0.31288199882335777,
          "segment_fraction_start": 0.08384266509781045,
          "segment_index": 1,
          "static_traversability": "FEASIBLE"
        },
        "startid": 128
      },
      "type": "Feature"
    },
    {
      "geometry": {
        "coordinates": [
          [
            [
              -0.06530559905868472,
              4.864508699588175
            ],
            [
              -0.24853706603912268,
              4.944672466392117
            ]
          ]
        ],
        "type": "MultiLineString"
      },
      "properties": {
        "endid": 126,
        "id": 442,
        "metadata": {
          "bottleneck": false,
          "canonical_edge_id": 34,
          "length_m": 0.20000000000000007,
          "min_clearance_m": 0.6000000238418579,
          "segment_fraction_end": 0.5419213325489052,
          "segment_fraction_start": 0.31288199882335777,
          "segment_index": 2,
          "static_traversability": "FEASIBLE"
        },
        "startid": 127
      },
      "type": "Feature"
    },
    {
      "geometry": {
        "coordinates": [
          [
            [
              -0.24853706603912268,
              4.944672466392117
            ],
            [
              -0.43176853301956053,
              5.024836233196058
            ]
          ]
        ],
        "type": "MultiLineString"
      },
      "properties": {
        "endid": 125,
        "id": 443,
        "metadata": {
          "bottleneck": false,
          "canonical_edge_id": 34,
          "length_m": 0.19999999999999996,
          "min_clearance_m": 0.6000000238418579,
          "segment_fraction_end": 0.7709606662744526,
          "segment_fraction_start": 0.5419213325489052,
          "segment_index": 3,
          "static_traversability": "FEASIBLE"
        },
        "startid": 126
      },
      "type": "Feature"
    },
    {
      "geometry": {
        "coordinates": [
          [
            [
              -0.43176853301956053,
              5.024836233196058
            ],
            [
              -0.6149999999999984,
              5.1049999999999995
            ]
          ]
        ],
        "type": "MultiLineString"
      },
      "properties": {
        "endid": 11,
        "id": 444,
        "metadata": {
          "bottleneck": false,
          "canonical_edge_id": 34,
          "length_m": 0.20000000000000007,
          "min_clearance_m": 0.6000000238418579,
          "segment_fraction_end": 1.0,
          "segment_fraction_start": 0.7709606662744526,
          "segment_index": 4,
          "static_traversability": "FEASIBLE"
        },
        "startid": 125
      },
      "type": "Feature"
    },
    {
      "geometry": {
        "coordinates": [
          [
            [
              0.18500000000000139,
              4.755
            ],
            [
              0.38227878476643007,
              4.787879797461072
            ]
          ]
        ],
        "type": "MultiLineString"
      },
      "properties": {
        "endid": 160,
        "id": 445,
        "metadata": {
          "bottleneck": false,
          "canonical_edge_id": 35,
          "length_m": 0.2,
          "min_clearance_m": 0.8845903277397156,
          "segment_fraction_end": 0.3223903867180517,
          "segment_fraction_start": 0.0,
          "segment_index": 0,
          "static_traversability": "FEASIBLE"
        },
        "startid": 17
      },
      "type": "Feature"
    },
    {
      "geometry": {
        "coordinates": [
          [
            [
              0.38227878476643007,
              4.787879797461072
            ],
            [
              0.5759425582951366,
              4.774685813901622
            ]
          ]
        ],
        "type": "MultiLineString"
      },
      "properties": {
        "endid": 161,
        "id": 446,
        "metadata": {
          "bottleneck": false,
          "canonical_edge_id": 35,
          "length_m": 0.2,
          "min_clearance_m": 0.8845903277397156,
          "segment_fraction_end": 0.6447807734361034,
          "segment_fraction_start": 0.3223903867180517,
          "segment_index": 1,
          "static_traversability": "FEASIBLE"
        },
        "startid": 160
      },
      "type": "Feature"
    },
    {
      "geometry": {
        "coordinates": [
          [
            [
              0.5759425582951366,
              4.774685813901622
            ],
            [
              0.7656792179052396,
              4.711440260698255
            ]
          ]
        ],
        "type": "MultiLineString"
      },
      "properties": {
        "endid": 162,
        "id": 447,
        "metadata": {
          "bottleneck": false,
          "canonical_edge_id": 35,
          "length_m": 0.20000000000000007,
          "min_clearance_m": 0.8845903277397156,
          "segment_fraction_end": 0.9671711601541552,
          "segment_fraction_start": 0.6447807734361034,
          "segment_index": 2,
          "static_traversability": "FEASIBLE"
        },
        "startid": 161
      },
      "type": "Feature"
    },
    {
      "geometry": {
        "coordinates": [
          [
            [
              0.7656792179052396,
              4.711440260698255
            ],
            [
              0.7850000000000019,
              4.705000000000001
            ]
          ]
        ],
        "type": "MultiLineString"
      },
      "properties": {
        "endid": 21,
        "id": 448,
        "metadata": {
          "bottleneck": false,
          "canonical_edge_id": 35,
          "length_m": 0.020365892531749363,
          "min_clearance_m": 0.8845903277397156,
          "segment_fraction_end": 1.0,
          "segment_fraction_start": 0.9671711601541552,
          "segment_index": 3,
          "static_traversability": "FEASIBLE"
        },
        "startid": 162
      },
      "type": "Feature"
    },
    {
      "geometry": {
        "coordinates": [
          [
            [
              0.38500000000000156,
              -5.345000000000001
            ],
            [
              0.3493732314281375,
              -5.366376061143119
            ]
          ]
        ],
        "type": "MultiLineString"
      },
      "properties": {
        "endid": 146,
        "id": 449,
        "metadata": {
          "bottleneck": false,
          "canonical_edge_id": 36,
          "length_m": 0.041547594742265104,
          "min_clearance_m": 0.5522680282592773,
          "segment_fraction_end": 0.094095393649504,
          "segment_fraction_start": 0.0,
          "segment_index": 0,
          "static_traversability": "FEASIBLE"
        },
        "startid": 18
      },
      "type": "Feature"
    },
    {
      "geometry": {
        "coordinates": [
          [
            [
              0.3493732314281375,
              -5.366376061143119
            ],
            [
              0.17787464628562852,
              -5.469275212228624
            ]
          ]
        ],
        "type": "MultiLineString"
      },
      "properties": {
        "endid": 145,
        "id": 450,
        "metadata": {
          "bottleneck": false,
          "canonical_edge_id": 36,
          "length_m": 0.2,
          "min_clearance_m": 0.5522680282592773,
          "segment_fraction_end": 0.547047696824752,
          "segment_fraction_start": 0.094095393649504,
          "segment_index": 1,
          "static_traversability": "FEASIBLE"
        },
        "startid": 146
      },
      "type": "Feature"
    },
    {
      "geometry": {
        "coordinates": [
          [
            [
              0.17787464628562852,
              -5.469275212228624
            ],
            [
              -0.014999999999998792,
              -5.495
            ]
          ]
        ],
        "type": "MultiLineString"
      },
      "properties": {
        "endid": 13,
        "id": 451,
        "metadata": {
          "bottleneck": false,
          "canonical_edge_id": 36,
          "length_m": 0.2,
          "min_clearance_m": 0.5522680282592773,
          "segment_fraction_end": 1.0,
          "segment_fraction_start": 0.547047696824752,
          "segment_index": 2,
          "static_traversability": "FEASIBLE"
        },
        "startid": 145
      },
      "type": "Feature"
    },
    {
      "geometry": {
        "coordinates": [
          [
            [
              0.38500000000000156,
              -5.345000000000001
            ],
            [
              0.38500000000000156,
              -5.1450000000000005
            ]
          ]
        ],
        "type": "MultiLineString"
      },
      "properties": {
        "endid": 163,
        "id": 452,
        "metadata": {
          "bottleneck": false,
          "canonical_edge_id": 37,
          "length_m": 0.2,
          "min_clearance_m": 0.4000000059604645,
          "segment_fraction_end": 0.28571428571428564,
          "segment_fraction_start": 0.0,
          "segment_index": 0,
          "static_traversability": "FEASIBLE"
        },
        "startid": 18
      },
      "type": "Feature"
    },
    {
      "geometry": {
        "coordinates": [
          [
            [
              0.38500000000000156,
              -5.1450000000000005
            ],
            [
              0.38500000000000156,
              -4.945
            ]
          ]
        ],
        "type": "MultiLineString"
      },
      "properties": {
        "endid": 164,
        "id": 453,
        "metadata": {
          "bottleneck": false,
          "canonical_edge_id": 37,
          "length_m": 0.2,
          "min_clearance_m": 0.4000000059604645,
          "segment_fraction_end": 0.5714285714285713,
          "segment_fraction_start": 0.28571428571428564,
          "segment_index": 1,
          "static_traversability": "FEASIBLE"
        },
        "startid": 163
      },
      "type": "Feature"
    },
    {
      "geometry": {
        "coordinates": [
          [
            [
              0.38500000000000156,
              -4.945
            ],
            [
              0.38500000000000156,
              -4.745000000000001
            ]
          ]
        ],
        "type": "MultiLineString"
      },
      "properties": {
        "endid": 165,
        "id": 454,
        "metadata": {
          "bottleneck": false,
          "canonical_edge_id": 37,
          "length_m": 0.20000000000000007,
          "min_clearance_m": 0.4000000059604645,
          "segment_fraction_end": 0.8571428571428571,
          "segment_fraction_start": 0.5714285714285713,
          "segment_index": 2,
          "static_traversability": "FEASIBLE"
        },
        "startid": 164
      },
      "type": "Feature"
    },
    {
      "geometry": {
        "coordinates": [
          [
            [
              0.38500000000000156,
              -4.745000000000001
            ],
            [
              0.38500000000000156,
              -4.6450000000000005
            ]
          ]
        ],
        "type": "MultiLineString"
      },
      "properties": {
        "endid": 19,
        "id": 455,
        "metadata": {
          "bottleneck": false,
          "canonical_edge_id": 37,
          "length_m": 0.10000000000000009,
          "min_clearance_m": 0.4000000059604645,
          "segment_fraction_end": 1.0,
          "segment_fraction_start": 0.8571428571428571,
          "segment_index": 3,
          "static_traversability": "FEASIBLE"
        },
        "startid": 165
      },
      "type": "Feature"
    },
    {
      "geometry": {
        "coordinates": [
          [
            [
              0.38500000000000156,
              -5.345000000000001
            ],
            [
              0.4850000000000012,
              -5.3950000000000005
            ]
          ]
        ],
        "type": "MultiLineString"
      },
      "properties": {
        "endid": 20,
        "id": 456,
        "metadata": {
          "bottleneck": false,
          "canonical_edge_id": 38,
          "length_m": 0.11180339887498908,
          "min_clearance_m": 0.5408326983451843,
          "segment_fraction_end": 1.0,
          "segment_fraction_start": 0.0,
          "segment_index": 0,
          "static_traversability": "FEASIBLE"
        },
        "startid": 18
      },
      "type": "Feature"
    },
    {
      "geometry": {
        "coordinates": [
          [
            [
              0.3850000000000014,
              -4.6450000000000005
            ],
            [
              0.4613618166225471,
              -4.553365820052946
            ]
          ]
        ],
        "type": "MultiLineString"
      },
      "properties": {
        "endid": 112,
        "id": 457,
        "metadata": {
          "bottleneck": false,
          "canonical_edge_id": 39,
          "length_m": 0.1192809707055762,
          "min_clearance_m": 0.4000000059604645,
          "segment_fraction_end": 0.025275242446042064,
          "segment_fraction_start": 0.0,
          "segment_index": 0,
          "static_traversability": "FEASIBLE"
        },
        "startid": 19
      },
      "type": "Feature"
    },
    {
      "geometry": {
        "coordinates": [
          [
            [
              0.4613618166225471,
              -4.553365820052946
            ],
            [
              0.5893986965554432,
              -4.39972156413347
            ]
          ]
        ],
        "type": "MultiLineString"
      },
      "properties": {
        "endid": 111,
        "id": 458,
        "metadata": {
          "bottleneck": false,
          "canonical_edge_id": 39,
          "length_m": 0.20000000000000018,
          "min_clearance_m": 0.4000000059604645,
          "segment_fraction_end": 0.0676545797309968,
          "segment_fraction_start": 0.025275242446042064,
          "segment_index": 1,
          "static_traversability": "FEASIBLE"
        },
        "startid": 112
      },
      "type": "Feature"
    },
    {
      "geometry": {
        "coordinates": [
          [
            [
              0.5893986965554432,
              -4.39972156413347
            ],
            [
              0.6314244767655263,
              -4.216281163558891
            ]
          ]
        ],
        "type": "MultiLineString"
      },
      "properties": {
        "endid": 110,
        "id": 459,
        "metadata": {
          "bottleneck": false,
          "canonical_edge_id": 39,
          "length_m": 0.20000000000000018,
          "min_clearance_m": 0.4000000059604645,
          "segment_fraction_end": 0.11003391701595151,
          "segment_fraction_start": 0.0676545797309968,
          "segment_index": 2,
          "static_traversability": "FEASIBLE"
        },
        "startid": 111
      },
      "type": "Feature"
    },
    {
      "geometry": {
        "coordinates": [
          [
            [
              0.6314244767655263,
              -4.216281163558891
            ],
            [
              0.6258710633174557,
              -4.0163582794283474
            ]
          ]
        ],
        "type": "MultiLineString"
      },
      "properties": {
        "endid": 109,
        "id": 460,
        "metadata": {
          "bottleneck": false,
          "canonical_edge_id": 39,
          "length_m": 0.20000000000000018,
          "min_clearance_m": 0.4000000059604645,
          "segment_fraction_end": 0.15241325430090624,
          "segment_fraction_start": 0.11003391701595151,
          "segment_index": 3,
          "static_traversability": "FEASIBLE"
        },
        "startid": 110
      },
      "type": "Feature"
    },
    {
      "geometry": {
        "coordinates": [
          [
            [
              0.6258710633174557,
              -4.0163582794283474
            ],
            [
              0.620317649869385,
              -3.8164353952978036
            ]
          ]
        ],
        "type": "MultiLineString"
      },
      "properties": {
        "endid": 108,
        "id": 461,
        "metadata": {
          "bottleneck": false,
          "canonical_edge_id": 39,
          "length_m": 0.19999999999999973,
          "min_clearance_m": 0.4000000059604645,
          "segment_fraction_end": 0.19479259158586087,
          "segment_fraction_start": 0.15241325430090624,
          "segment_index": 4,
          "static_traversability": "FEASIBLE"
        },
        "startid": 109
      },
      "type": "Feature"
    },
    {
      "geometry": {
        "coordinates": [
          [
            [
              0.620317649869385,
              -3.8164353952978036
            ],
            [
              0.6147642364213144,
              -3.61651251116726
            ]
          ]
        ],
        "type": "MultiLineString"
      },
      "properties": {
        "endid": 107,
        "id": 462,
        "metadata": {
          "bottleneck": false,
          "canonical_edge_id": 39,
          "length_m": 0.20000000000000018,
          "min_clearance_m": 0.4000000059604645,
          "segment_fraction_end": 0.2371719288708156,
          "segment_fraction_start": 0.19479259158586087,
          "segment_index": 5,
          "static_traversability": "FEASIBLE"
        },
        "startid": 108
      },
      "type": "Feature"
    },
    {
      "geometry": {
        "coordinates": [
          [
            [
              0.6147642364213144,
              -3.61651251116726
            ],
            [
              0.6092108229732438,
              -3.416589627036716
            ]
          ]
        ],
        "type": "MultiLineString"
      },
      "properties": {
        "endid": 106,
        "id": 463,
        "metadata": {
          "bottleneck": false,
          "canonical_edge_id": 39,
          "length_m": 0.19999999999999973,
          "min_clearance_m": 0.4000000059604645,
          "segment_fraction_end": 0.27955126615577025,
          "segment_fraction_start": 0.2371719288708156,
          "segment_index": 6,
          "static_traversability": "FEASIBLE"
        },
        "startid": 107
      },
      "type": "Feature"
    },
    {
      "geometry": {
        "coordinates": [
          [
            [
              0.6092108229732438,
              -3.416589627036716
            ],
            [
              0.6036574095251731,
              -3.216666742906172
            ]
          ]
        ],
        "type": "MultiLineString"
      },
      "properties": {
        "endid": 105,
        "id": 464,
        "metadata": {
          "bottleneck": false,
          "canonical_edge_id": 39,
          "length_m": 0.20000000000000018,
          "min_clearance_m": 0.4000000059604645,
          "segment_fraction_end": 0.32193060344072494,
          "segment_fraction_start": 0.27955126615577025,
          "segment_index": 7,
          "static_traversability": "FEASIBLE"
        },
        "startid": 106
      },
      "type": "Feature"
    },
    {
      "geometry": {
        "coordinates": [
          [
            [
              0.6036574095251731,
              -3.216666742906172
            ],
            [
              0.5981039960771025,
              -3.0167438587756283
            ]
          ]
        ],
        "type": "MultiLineString"
      },
      "properties": {
        "endid": 104,
        "id": 465,
        "metadata": {
          "bottleneck": false,
          "canonical_edge_id": 39,
          "length_m": 0.20000000000000018,
          "min_clearance_m": 0.4000000059604645,
          "segment_fraction_end": 0.3643099407256797,
          "segment_fraction_start": 0.32193060344072494,
          "segment_index": 8,
          "static_traversability": "FEASIBLE"
        },
        "startid": 105
      },
      "type": "Feature"
    },
    {
      "geometry": {
        "coordinates": [
          [
            [
              0.5981039960771025,
              -3.0167438587756283
            ],
            [
              0.5925505826290318,
              -2.816820974645085
            ]
          ]
        ],
        "type": "MultiLineString"
      },
      "properties": {
        "endid": 103,
        "id": 466,
        "metadata": {
          "bottleneck": false,
          "canonical_edge_id": 39,
          "length_m": 0.19999999999999973,
          "min_clearance_m": 0.4000000059604645,
          "segment_fraction_end": 0.4066892780106343,
          "segment_fraction_start": 0.3643099407256797,
          "segment_index": 9,
          "static_traversability": "FEASIBLE"
        },
        "startid": 104
      },
      "type": "Feature"
    },
    {
      "geometry": {
        "coordinates": [
          [
            [
              0.5925505826290318,
              -2.816820974645085
            ],
            [
              0.5869971691809612,
              -2.616898090514541
            ]
          ]
        ],
        "type": "MultiLineString"
      },
      "properties": {
        "endid": 102,
        "id": 467,
        "metadata": {
          "bottleneck": false,
          "canonical_edge_id": 39,
          "length_m": 0.20000000000000018,
          "min_clearance_m": 0.4000000059604645,
          "segment_fraction_end": 0.44906861529558906,
          "segment_fraction_start": 0.4066892780106343,
          "segment_index": 10,
          "static_traversability": "FEASIBLE"
        },
        "startid": 103
      },
      "type": "Feature"
    },
    {
      "geometry": {
        "coordinates": [
          [
            [
              0.5869971691809612,
              -2.616898090514541
            ],
            [
              0.5081554941760023,
              -2.4425406589013345
            ]
          ]
        ],
        "type": "MultiLineString"
      },
      "properties": {
        "endid": 101,
        "id": 468,
        "metadata": {
          "bottleneck": false,
          "canonical_edge_id": 39,
          "length_m": 0.19999999999999973,
          "min_clearance_m": 0.4000000059604645,
          "segment_fraction_end": 0.4914479525805437,
          "segment_fraction_start": 0.44906861529558906,
          "segment_index": 11,
          "static_traversability": "FEASIBLE"
        },
        "startid": 102
      },
      "type": "Feature"
    },
    {
      "geometry": {
        "coordinates": [
          [
            [
              0.5081554941760023,
              -2.4425406589013345
            ],
            [
              0.36250994707729767,
              -2.3160039788309192
            ]
          ]
        ],
        "type": "MultiLineString"
      },
      "properties": {
        "endid": 100,
        "id": 469,
        "metadata": {
          "bottleneck": false,
          "canonical_edge_id": 39,
          "length_m": 0.20000000000000018,
          "min_clearance_m": 0.4000000059604645,
          "segment_fraction_end": 0.5338272898654984,
          "segment_fraction_start": 0.4914479525805437,
          "segment_index": 12,
          "static_traversability": "FEASIBLE"
        },
        "startid": 101
      },
      "type": "Feature"
    },
    {
      "geometry": {
        "coordinates": [
          [
            [
              0.36250994707729767,
              -2.3160039788309192
            ],
            [
              0.1768146089002457,
              -2.2417258435600984
            ]
          ]
        ],
        "type": "MultiLineString"
      },
      "properties": {
        "endid": 99,
        "id": 470,
        "metadata": {
          "bottleneck": false,
          "canonical_edge_id": 39,
          "length_m": 0.20000000000000018,
          "min_clearance_m": 0.4000000059604645,
          "segment_fraction_end": 0.5762066271504531,
          "segment_fraction_start": 0.5338272898654984,
          "segment_index": 13,
          "static_traversability": "FEASIBLE"
        },
        "startid": 100
      },
      "type": "Feature"
    },
    {
      "geometry": {
        "coordinates": [
          [
            [
              0.1768146089002457,
              -2.2417258435600984
            ],
            [
              -0.008880729276806165,
              -2.1674477082892776
            ]
          ]
        ],
        "type": "MultiLineString"
      },
      "properties": {
        "endid": 98,
        "id": 471,
        "metadata": {
          "bottleneck": false,
          "canonical_edge_id": 39,
          "length_m": 0.20000000000000018,
          "min_clearance_m": 0.4000000059604645,
          "segment_fraction_end": 0.6185859644354078,
          "segment_fraction_start": 0.5762066271504531,
          "segment_index": 14,
          "static_traversability": "FEASIBLE"
        },
        "startid": 99
      },
      "type": "Feature"
    },
    {
      "geometry": {
        "coordinates": [
          [
            [
              -0.008880729276806165,
              -2.1674477082892776
            ],
            [
              -0.19457606745385791,
              -2.0931695730184567
            ]
          ]
        ],
        "type": "MultiLineString"
      },
      "properties": {
        "endid": 97,
        "id": 472,
        "metadata": {
          "bottleneck": false,
          "canonical_edge_id": 39,
          "length_m": 0.19999999999999973,
          "min_clearance_m": 0.4000000059604645,
          "segment_fraction_end": 0.6609653017203625,
          "segment_fraction_start": 0.6185859644354078,
          "segment_index": 15,
          "static_traversability": "FEASIBLE"
        },
        "startid": 98
      },
      "type": "Feature"
    },
    {
      "geometry": {
        "coordinates": [
          [
            [
              -0.19457606745385791,
              -2.0931695730184567
            ],
            [
              -0.3802714056309097,
              -2.018891437747636
            ]
          ]
        ],
        "type": "MultiLineString"
      },
      "properties": {
        "endid": 96,
        "id": 473,
        "metadata": {
          "bottleneck": false,
          "canonical_edge_id": 39,
          "length_m": 0.19999999999999973,
          "min_clearance_m": 0.4000000059604645,
          "segment_fraction_end": 0.7033446390053171,
          "segment_fraction_start": 0.6609653017203625,
          "segment_index": 16,
          "static_traversability": "FEASIBLE"
        },
        "startid": 97
      },
      "type": "Feature"
    },
    {
      "geometry": {
        "coordinates": [
          [
            [
              -0.3802714056309097,
              -2.018891437747636
            ],
            [
              -0.565043346345381,
              -1.9439596877108225
            ]
          ]
        ],
        "type": "MultiLineString"
      },
      "properties": {
        "endid": 95,
        "id": 474,
        "metadata": {
          "bottleneck": false,
          "canonical_edge_id": 39,
          "length_m": 0.20000000000000018,
          "min_clearance_m": 0.4000000059604645,
          "segment_fraction_end": 0.7457239762902719,
          "segment_fraction_start": 0.7033446390053171,
          "segment_index": 17,
          "static_traversability": "FEASIBLE"
        },
        "startid": 96
      },
      "type": "Feature"
    },
    {
      "geometry": {
        "coordinates": [
          [
            [
              -0.565043346345381,
              -1.9439596877108225
            ],
            [
              -0.5733694552878172,
              -1.7441330730923519
            ]
          ]
        ],
        "type": "MultiLineString"
      },
      "properties": {
        "endid": 94,
        "id": 475,
        "metadata": {
          "bottleneck": false,
          "canonical_edge_id": 39,
          "length_m": 0.20000000000000018,
          "min_clearance_m": 0.4000000059604645,
          "segment_fraction_end": 0.7881033135752266,
          "segment_fraction_start": 0.7457239762902719,
          "segment_index": 18,
          "static_traversability": "FEASIBLE"
        },
        "startid": 95
      },
      "type": "Feature"
    },
    {
      "geometry": {
        "coordinates": [
          [
            [
              -0.5733694552878172,
              -1.7441330730923519
            ],
            [
              -0.5816955642302535,
              -1.5443064584738817
            ]
          ]
        ],
        "type": "MultiLineString"
      },
      "properties": {
        "endid": 93,
        "id": 476,
        "metadata": {
          "bottleneck": false,
          "canonical_edge_id": 39,
          "length_m": 0.20000000000000018,
          "min_clearance_m": 0.4000000059604645,
          "segment_fraction_end": 0.8304826508601812,
          "segment_fraction_start": 0.7881033135752266,
          "segment_index": 19,
          "static_traversability": "FEASIBLE"
        },
        "startid": 94
      },
      "type": "Feature"
    },
    {
      "geometry": {
        "coordinates": [
          [
            [
              -0.5816955642302535,
              -1.5443064584738817
            ],
            [
              -0.5900216731726897,
              -1.3444798438554113
            ]
          ]
        ],
        "type": "MultiLineString"
      },
      "properties": {
        "endid": 92,
        "id": 477,
        "metadata": {
          "bottleneck": false,
          "canonical_edge_id": 39,
          "length_m": 0.1999999999999993,
          "min_clearance_m": 0.4000000059604645,
          "segment_fraction_end": 0.8728619881451358,
          "segment_fraction_start": 0.8304826508601812,
          "segment_index": 20,
          "static_traversability": "FEASIBLE"
        },
        "startid": 93
      },
      "type": "Feature"
    },
    {
      "geometry": {
        "coordinates": [
          [
            [
              -0.5900216731726897,
              -1.3444798438554113
            ],
            [
              -0.598347782115126,
              -1.144653229236941
            ]
          ]
        ],
        "type": "MultiLineString"
      },
      "properties": {
        "endid": 91,
        "id": 478,
        "metadata": {
          "bottleneck": false,
          "canonical_edge_id": 39,
          "length_m": 0.20000000000000018,
          "min_clearance_m": 0.4000000059604645,
          "segment_fraction_end": 0.9152413254300905,
          "segment_fraction_start": 0.8728619881451358,
          "segment_index": 21,
          "static_traversability": "FEASIBLE"
        },
        "startid": 92
      },
      "type": "Feature"
    },
    {
      "geometry": {
        "coordinates": [
          [
            [
              -0.598347782115126,
              -1.144653229236941
            ],
            [
              -0.6066738910575622,
              -0.9448266146184705
            ]
          ]
        ],
        "type": "MultiLineString"
      },
      "properties": {
        "endid": 90,
        "id": 479,
        "metadata": {
          "bottleneck": false,
          "canonical_edge_id": 39,
          "length_m": 0.20000000000000018,
          "min_clearance_m": 0.4000000059604645,
          "segment_fraction_end": 0.9576206627150453,
          "segment_fraction_start": 0.9152413254300905,
          "segment_index": 22,
          "static_traversability": "FEASIBLE"
        },
        "startid": 91
      },
      "type": "Feature"
    },
    {
      "geometry": {
        "coordinates": [
          [
            [
              -0.6066738910575622,
              -0.9448266146184705
            ],
            [
              -0.6149999999999984,
              -0.7450000000000001
            ]
          ]
        ],
        "type": "MultiLineString"
      },
      "properties": {
        "endid": 9,
        "id": 480,
        "metadata": {
          "bottleneck": false,
          "canonical_edge_id": 39,
          "length_m": 0.20000000000000018,
          "min_clearance_m": 0.4000000059604645,
          "segment_fraction_end": 1.0,
          "segment_fraction_start": 0.9576206627150453,
          "segment_index": 23,
          "static_traversability": "FEASIBLE"
        },
        "startid": 90
      },
      "type": "Feature"
    },
    {
      "geometry": {
        "coordinates": [
          [
            [
              0.38500000000000156,
              -4.6450000000000005
            ],
            [
              0.28227878476643053,
              -4.627879797461072
            ]
          ]
        ],
        "type": "MultiLineString"
      },
      "properties": {
        "endid": 147,
        "id": 481,
        "metadata": {
          "bottleneck": true,
          "canonical_edge_id": 40,
          "length_m": 0.10413812651491078,
          "min_clearance_m": 0.22360680997371674,
          "segment_fraction_end": 0.3424040507785704,
          "segment_fraction_start": 0.0,
          "segment_index": 0,
          "static_traversability": "UNKNOWN"
        },
        "startid": 19
      },
      "type": "Feature"
    },
    {
      "geometry": {
        "coordinates": [
          [
            [
              0.28227878476643053,
              -4.627879797461072
            ],
            [
              0.08500000000000174,
              -4.595000000000001
            ]
          ]
        ],
        "type": "MultiLineString"
      },
      "properties": {
        "endid": 14,
        "id": 482,
        "metadata": {
          "bottleneck": true,
          "canonical_edge_id": 40,
          "length_m": 0.2,
          "min_clearance_m": 0.22360680997371674,
          "segment_fraction_end": 1.0,
          "segment_fraction_start": 0.3424040507785704,
          "segment_index": 1,
          "static_traversability": "UNKNOWN"
        },
        "startid": 147
      },
      "type": "Feature"
    },
    {
      "geometry": {
        "coordinates": [
          [
            [
              0.38500000000000156,
              -4.6450000000000005
            ],
            [
              0.38500000000000156,
              -4.745000000000001
            ]
          ]
        ],
        "type": "MultiLineString"
      },
      "properties": {
        "endid": 165,
        "id": 483,
        "metadata": {
          "bottleneck": false,
          "canonical_edge_id": 41,
          "length_m": 0.10000000000000009,
          "min_clearance_m": 0.4000000059604645,
          "segment_fraction_end": 0.14285714285714296,
          "segment_fraction_start": 0.0,
          "segment_index": 0,
          "static_traversability": "FEASIBLE"
        },
        "startid": 19
      },
      "type": "Feature"
    },
    {
      "geometry": {
        "coordinates": [
          [
            [
              0.38500000000000156,
              -4.745000000000001
            ],
            [
              0.38500000000000156,
              -4.945
            ]
          ]
        ],
        "type": "MultiLineString"
      },
      "properties": {
        "endid": 164,
        "id": 484,
        "metadata": {
          "bottleneck": false,
          "canonical_edge_id": 41,
          "length_m": 0.20000000000000007,
          "min_clearance_m": 0.4000000059604645,
          "segment_fraction_end": 0.42857142857142866,
          "segment_fraction_start": 0.14285714285714296,
          "segment_index": 1,
          "static_traversability": "FEASIBLE"
        },
        "startid": 165
      },
      "type": "Feature"
    },
    {
      "geometry": {
        "coordinates": [
          [
            [
              0.38500000000000156,
              -4.945
            ],
            [
              0.38500000000000156,
              -5.1450000000000005
            ]
          ]
        ],
        "type": "MultiLineString"
      },
      "properties": {
        "endid": 163,
        "id": 485,
        "metadata": {
          "bottleneck": false,
          "canonical_edge_id": 41,
          "length_m": 0.20000000000000007,
          "min_clearance_m": 0.4000000059604645,
          "segment_fraction_end": 0.7142857142857144,
          "segment_fraction_start": 0.42857142857142866,
          "segment_index": 2,
          "static_traversability": "FEASIBLE"
        },
        "startid": 164
      },
      "type": "Feature"
    },
    {
      "geometry": {
        "coordinates": [
          [
            [
              0.38500000000000156,
              -5.1450000000000005
            ],
            [
              0.38500000000000156,
              -5.345000000000001
            ]
          ]
        ],
        "type": "MultiLineString"
      },
      "properties": {
        "endid": 18,
        "id": 486,
        "metadata": {
          "bottleneck": false,
          "canonical_edge_id": 41,
          "length_m": 0.19999999999999996,
          "min_clearance_m": 0.4000000059604645,
          "segment_fraction_end": 1.0,
          "segment_fraction_start": 0.7142857142857144,
          "segment_index": 3,
          "static_traversability": "FEASIBLE"
        },
        "startid": 163
      },
      "type": "Feature"
    },
    {
      "geometry": {
        "coordinates": [
          [
            [
              0.4850000000000012,
              -5.3950000000000005
            ],
            [
              0.38500000000000156,
              -5.345000000000001
            ]
          ]
        ],
        "type": "MultiLineString"
      },
      "properties": {
        "endid": 18,
        "id": 487,
        "metadata": {
          "bottleneck": false,
          "canonical_edge_id": 42,
          "length_m": 0.11180339887498908,
          "min_clearance_m": 0.5408326983451843,
          "segment_fraction_end": 1.0,
          "segment_fraction_start": 0.0,
          "segment_index": 0,
          "static_traversability": "FEASIBLE"
        },
        "startid": 20
      },
      "type": "Feature"
    },
    {
      "geometry": {
        "coordinates": [
          [
            [
              0.7850000000000019,
              4.705000000000001
            ],
            [
              0.7656792179052396,
              4.711440260698255
            ]
          ]
        ],
        "type": "MultiLineString"
      },
      "properties": {
        "endid": 162,
        "id": 488,
        "metadata": {
          "bottleneck": false,
          "canonical_edge_id": 43,
          "length_m": 0.020365892531749363,
          "min_clearance_m": 0.8845903277397156,
          "segment_fraction_end": 0.03282883984584479,
          "segment_fraction_start": 0.0,
          "segment_index": 0,
          "static_traversability": "FEASIBLE"
        },
        "startid": 21
      },
      "type": "Feature"
    },
    {
      "geometry": {
        "coordinates": [
          [
            [
              0.7656792179052396,
              4.711440260698255
            ],
            [
              0.5759425582951366,
              4.774685813901622
            ]
          ]
        ],
        "type": "MultiLineString"
      },
      "properties": {
        "endid": 161,
        "id": 489,
        "metadata": {
          "bottleneck": false,
          "canonical_edge_id": 43,
          "length_m": 0.20000000000000007,
          "min_clearance_m": 0.8845903277397156,
          "segment_fraction_end": 0.3552192265638966,
          "segment_fraction_start": 0.03282883984584479,
          "segment_index": 1,
          "static_traversability": "FEASIBLE"
        },
        "startid": 162
      },
      "type": "Feature"
    },
    {
      "geometry": {
        "coordinates": [
          [
            [
              0.5759425582951366,
              4.774685813901622
            ],
            [
              0.38227878476643007,
              4.787879797461072
            ]
          ]
        ],
        "type": "MultiLineString"
      },
      "properties": {
        "endid": 160,
        "id": 490,
        "metadata": {
          "bottleneck": false,
          "canonical_edge_id": 43,
          "length_m": 0.2,
          "min_clearance_m": 0.8845903277397156,
          "segment_fraction_end": 0.6776096132819482,
          "segment_fraction_start": 0.3552192265638966,
          "segment_index": 2,
          "static_traversability": "FEASIBLE"
        },
        "startid": 161
      },
      "type": "Feature"
    },
    {
      "geometry": {
        "coordinates": [
          [
            [
              0.38227878476643007,
              4.787879797461072
            ],
            [
              0.18500000000000139,
              4.755
            ]
          ]
        ],
        "type": "MultiLineString"
      },
      "properties": {
        "endid": 17,
        "id": 491,
        "metadata": {
          "bottleneck": false,
          "canonical_edge_id": 43,
          "length_m": 0.2,
          "min_clearance_m": 0.8845903277397156,
          "segment_fraction_end": 1.0,
          "segment_fraction_start": 0.6776096132819482,
          "segment_index": 3,
          "static_traversability": "FEASIBLE"
        },
        "startid": 160
      },
      "type": "Feature"
    },
    {
      "geometry": {
        "coordinates": [
          [
            [
              0.7850000000000019,
              4.705000000000001
            ],
            [
              0.8850000000000016,
              4.5352775637732
            ]
          ]
        ],
        "type": "MultiLineString"
      },
      "properties": {
        "endid": 166,
        "id": 492,
        "metadata": {
          "bottleneck": true,
          "canonical_edge_id": 44,
          "length_m": 0.2,
          "min_clearance_m": 0.3162277638912201,
          "segment_fraction_end": 0.1063167296893479,
          "segment_fraction_start": 0.0,
          "segment_index": 0,
          "static_traversability": "UNKNOWN"
        },
        "startid": 21
      },
      "type": "Feature"
    },
    {
      "geometry": {
        "coordinates": [
          [
            [
              0.8850000000000016,
              4.5352775637732
            ],
            [
              0.8850000000000016,
              4.3352775637732
            ]
          ]
        ],
        "type": "MultiLineString"
      },
      "properties": {
        "endid": 167,
        "id": 493,
        "metadata": {
          "bottleneck": true,
          "canonical_edge_id": 44,
          "length_m": 0.2,
          "min_clearance_m": 0.3162277638912201,
          "segment_fraction_end": 0.2126334593786958,
          "segment_fraction_start": 0.1063167296893479,
          "segment_index": 1,
          "static_traversability": "UNKNOWN"
        },
        "startid": 166
      },
      "type": "Feature"
    },
    {
      "geometry": {
        "coordinates": [
          [
            [
              0.8850000000000016,
              4.3352775637732
            ],
            [
              0.9260087636815592,
              4.148612949937859
            ]
          ]
        ],
        "type": "MultiLineString"
      },
      "properties": {
        "endid": 168,
        "id": 494,
        "metadata": {
          "bottleneck": true,
          "canonical_edge_id": 44,
          "length_m": 0.20000000000000007,
          "min_clearance_m": 0.3162277638912201,
          "segment_fraction_end": 0.31895018906804373,
          "segment_fraction_start": 0.2126334593786958,
          "segment_index": 2,
          "static_traversability": "UNKNOWN"
        },
        "startid": 167
      },
      "type": "Feature"
    },
    {
      "geometry": {
        "coordinates": [
          [
            [
              0.9260087636815592,
              4.148612949937859
            ],
            [
              1.0436431032165683,
              3.9868657330772215
            ]
          ]
        ],
        "type": "MultiLineString"
      },
      "properties": {
        "endid": 169,
        "id": 495,
        "metadata": {
          "bottleneck": true,
          "canonical_edge_id": 44,
          "length_m": 0.19999999999999996,
          "min_clearance_m": 0.3162277638912201,
          "segment_fraction_end": 0.4252669187573916,
          "segment_fraction_start": 0.31895018906804373,
          "segment_index": 3,
          "static_traversability": "UNKNOWN"
        },
        "startid": 168
      },
      "type": "Feature"
    },
    {
      "geometry": {
        "coordinates": [
          [
            [
              1.0436431032165683,
              3.9868657330772215
            ],
            [
              1.1612774427515775,
              3.825118516216584
            ]
          ]
        ],
        "type": "MultiLineString"
      },
      "properties": {
        "endid": 170,
        "id": 496,
        "metadata": {
          "bottleneck": true,
          "canonical_edge_id": 44,
          "length_m": 0.19999999999999996,
          "min_clearance_m": 0.3162277638912201,
          "segment_fraction_end": 0.5315836484467394,
          "segment_fraction_start": 0.4252669187573916,
          "segment_index": 4,
          "static_traversability": "UNKNOWN"
        },
        "startid": 169
      },
      "type": "Feature"
    },
    {
      "geometry": {
        "coordinates": [
          [
            [
              1.1612774427515775,
              3.825118516216584
            ],
            [
              1.278911782286587,
              3.663371299355946
            ]
          ]
        ],
        "type": "MultiLineString"
      },
      "properties": {
        "endid": 171,
        "id": 497,
        "metadata": {
          "bottleneck": true,
          "canonical_edge_id": 44,
          "length_m": 0.20000000000000018,
          "min_clearance_m": 0.3162277638912201,
          "segment_fraction_end": 0.6379003781360875,
          "segment_fraction_start": 0.5315836484467394,
          "segment_index": 5,
          "static_traversability": "UNKNOWN"
        },
        "startid": 170
      },
      "type": "Feature"
    },
    {
      "geometry": {
        "coordinates": [
          [
            [
              1.278911782286587,
              3.663371299355946
            ],
            [
              1.2001864287229425,
              3.4853728574458818
            ]
          ]
        ],
        "type": "MultiLineString"
      },
      "properties": {
        "endid": 172,
        "id": 498,
        "metadata": {
          "bottleneck": true,
          "canonical_edge_id": 44,
          "length_m": 0.19999999999999996,
          "min_clearance_m": 0.3162277638912201,
          "segment_fraction_end": 0.7442171078254353,
          "segment_fraction_start": 0.6379003781360875,
          "segment_index": 6,
          "static_traversability": "UNKNOWN"
        },
        "startid": 171
      },
      "type": "Feature"
    },
    {
      "geometry": {
        "coordinates": [
          [
            [
              1.2001864287229425,
              3.4853728574458818
            ],
            [
              1.1107437096229507,
              3.306487419245899
            ]
          ]
        ],
        "type": "MultiLineString"
      },
      "properties": {
        "endid": 173,
        "id": 499,
        "metadata": {
          "bottleneck": true,
          "canonical_edge_id": 44,
          "length_m": 0.19999999999999996,
          "min_clearance_m": 0.3162277638912201,
          "segment_fraction_end": 0.8505338375147832,
          "segment_fraction_start": 0.7442171078254353,
          "segment_index": 7,
          "static_traversability": "UNKNOWN"
        },
        "startid": 172
      },
      "type": "Feature"
    },
    {
      "geometry": {
        "coordinates": [
          [
            [
              1.1107437096229507,
              3.306487419245899
            ],
            [
              1.0213009905229589,
              3.127601981045916
            ]
          ]
        ],
        "type": "MultiLineString"
      },
      "properties": {
        "endid": 174,
        "id": 500,
        "metadata": {
          "bottleneck": true,
          "canonical_edge_id": 44,
          "length_m": 0.19999999999999996,
          "min_clearance_m": 0.3162277638912201,
          "segment_fraction_end": 0.9568505672041311,
          "segment_fraction_start": 0.8505338375147832,
          "segment_index": 8,
          "static_traversability": "UNKNOWN"
        },
        "startid": 173
      },
      "type": "Feature"
    },
    {
      "geometry": {
        "coordinates": [
          [
            [
              1.0213009905229589,
              3.127601981045916
            ],
            [
              0.9850000000000012,
              3.0550000000000006
            ]
          ]
        ],
        "type": "MultiLineString"
      },
      "properties": {
        "endid": 22,
        "id": 501,
        "metadata": {
          "bottleneck": true,
          "canonical_edge_id": 44,
          "length_m": 0.08117148245990902,
          "min_clearance_m": 0.3162277638912201,
          "segment_fraction_end": 1.0,
          "segment_fraction_start": 0.9568505672041311,
          "segment_index": 9,
          "static_traversability": "UNKNOWN"
        },
        "startid": 174
      },
      "type": "Feature"
    },
    {
      "geometry": {
        "coordinates": [
          [
            [
              0.7850000000000019,
              4.705000000000001
            ],
            [
              0.9677623097240534,
              4.78622769321069
            ]
          ]
        ],
        "type": "MultiLineString"
      },
      "properties": {
        "endid": 175,
        "id": 502,
        "metadata": {
          "bottleneck": false,
          "canonical_edge_id": 45,
          "length_m": 0.2,
          "min_clearance_m": 0.4000000059604645,
          "segment_fraction_end": 0.15474571567808545,
          "segment_fraction_start": 0.0,
          "segment_index": 0,
          "static_traversability": "FEASIBLE"
        },
        "startid": 21
      },
      "type": "Feature"
    },
    {
      "geometry": {
        "coordinates": [
          [
            [
              0.9677623097240534,
              4.78622769321069
            ],
            [
              1.150524619448105,
              4.86745538642138
            ]
          ]
        ],
        "type": "MultiLineString"
      },
      "properties": {
        "endid": 176,
        "id": 503,
        "metadata": {
          "bottleneck": false,
          "canonical_edge_id": 45,
          "length_m": 0.2,
          "min_clearance_m": 0.4000000059604645,
          "segment_fraction_end": 0.3094914313561709,
          "segment_fraction_start": 0.15474571567808545,
          "segment_index": 1,
          "static_traversability": "FEASIBLE"
        },
        "startid": 175
      },
      "type": "Feature"
    },
    {
      "geometry": {
        "coordinates": [
          [
            [
              1.150524619448105,
              4.86745538642138
            ],
            [
              1.342557109910197,
              4.905
            ]
          ]
        ],
        "type": "MultiLineString"
      },
      "properties": {
        "endid": 177,
        "id": 504,
        "metadata": {
          "bottleneck": false,
          "canonical_edge_id": 45,
          "length_m": 0.20000000000000007,
          "min_clearance_m": 0.4000000059604645,
          "segment_fraction_end": 0.4642371470342564,
          "segment_fraction_start": 0.3094914313561709,
          "segment_index": 2,
          "static_traversability": "FEASIBLE"
        },
        "startid": 176
      },
      "type": "Feature"
    },
    {
      "geometry": {
        "coordinates": [
          [
            [
              1.342557109910197,
              4.905
            ],
            [
              1.542557109910197,
              4.905
            ]
          ]
        ],
        "type": "MultiLineString"
      },
      "properties": {
        "endid": 178,
        "id": 505,
        "metadata": {
          "bottleneck": false,
          "canonical_edge_id": 45,
          "length_m": 0.19999999999999996,
          "min_clearance_m": 0.4000000059604645,
          "segment_fraction_end": 0.6189828627123418,
          "segment_fraction_start": 0.4642371470342564,
          "segment_index": 3,
          "static_traversability": "FEASIBLE"
        },
        "startid": 177
      },
      "type": "Feature"
    },
    {
      "geometry": {
        "coordinates": [
          [
            [
              1.542557109910197,
              4.905
            ],
            [
              1.7425571099101969,
              4.905
            ]
          ]
        ],
        "type": "MultiLineString"
      },
      "properties": {
        "endid": 179,
        "id": 506,
        "metadata": {
          "bottleneck": false,
          "canonical_edge_id": 45,
          "length_m": 0.19999999999999996,
          "min_clearance_m": 0.4000000059604645,
          "segment_fraction_end": 0.7737285783904272,
          "segment_fraction_start": 0.6189828627123418,
          "segment_index": 4,
          "static_traversability": "FEASIBLE"
        },
        "startid": 178
      },
      "type": "Feature"
    },
    {
      "geometry": {
        "coordinates": [
          [
            [
              1.7425571099101969,
              4.905
            ],
            [
              1.942557109910197,
              4.905
            ]
          ]
        ],
        "type": "MultiLineString"
      },
      "properties": {
        "endid": 180,
        "id": 507,
        "metadata": {
          "bottleneck": false,
          "canonical_edge_id": 45,
          "length_m": 0.20000000000000018,
          "min_clearance_m": 0.4000000059604645,
          "segment_fraction_end": 0.9284742940685128,
          "segment_fraction_start": 0.7737285783904272,
          "segment_index": 5,
          "static_traversability": "FEASIBLE"
        },
        "startid": 179
      },
      "type": "Feature"
    },
    {
      "geometry": {
        "coordinates": [
          [
            [
              1.942557109910197,
              4.905
            ],
            [
              2.035000000000002,
              4.905
            ]
          ]
        ],
        "type": "MultiLineString"
      },
      "properties": {
        "endid": 23,
        "id": 508,
        "metadata": {
          "bottleneck": false,
          "canonical_edge_id": 45,
          "length_m": 0.09244289008980489,
          "min_clearance_m": 0.4000000059604645,
          "segment_fraction_end": 1.0,
          "segment_fraction_start": 0.9284742940685128,
          "segment_index": 6,
          "static_traversability": "FEASIBLE"
        },
        "startid": 180
      },
      "type": "Feature"
    },
    {
      "geometry": {
        "coordinates": [
          [
            [
              0.9850000000000012,
              3.0550000000000006
            ],
            [
              1.0213009905229589,
              3.127601981045916
            ]
          ]
        ],
        "type": "MultiLineString"
      },
      "properties": {
        "endid": 174,
        "id": 509,
        "metadata": {
          "bottleneck": true,
          "canonical_edge_id": 46,
          "length_m": 0.08117148245990902,
          "min_clearance_m": 0.3162277638912201,
          "segment_fraction_end": 0.043149432795868956,
          "segment_fraction_start": 0.0,
          "segment_index": 0,
          "static_traversability": "UNKNOWN"
        },
        "startid": 22
      },
      "type": "Feature"
    },
    {
      "geometry": {
        "coordinates": [
          [
            [
              1.0213009905229589,
              3.127601981045916
            ],
            [
              1.1107437096229507,
              3.306487419245899
            ]
          ]
        ],
        "type": "MultiLineString"
      },
      "properties": {
        "endid": 173,
        "id": 510,
        "metadata": {
          "bottleneck": true,
          "canonical_edge_id": 46,
          "length_m": 0.19999999999999996,
          "min_clearance_m": 0.3162277638912201,
          "segment_fraction_end": 0.14946616248521682,
          "segment_fraction_start": 0.043149432795868956,
          "segment_index": 1,
          "static_traversability": "UNKNOWN"
        },
        "startid": 174
      },
      "type": "Feature"
    },
    {
      "geometry": {
        "coordinates": [
          [
            [
              1.1107437096229507,
              3.306487419245899
            ],
            [
              1.2001864287229425,
              3.4853728574458818
            ]
          ]
        ],
        "type": "MultiLineString"
      },
      "properties": {
        "endid": 172,
        "id": 511,
        "metadata": {
          "bottleneck": true,
          "canonical_edge_id": 46,
          "length_m": 0.19999999999999996,
          "min_clearance_m": 0.3162277638912201,
          "segment_fraction_end": 0.2557828921745647,
          "segment_fraction_start": 0.14946616248521682,
          "segment_index": 2,
          "static_traversability": "UNKNOWN"
        },
        "startid": 173
      },
      "type": "Feature"
    },
    {
      "geometry": {
        "coordinates": [
          [
            [
              1.2001864287229425,
              3.4853728574458818
            ],
            [
              1.278911782286587,
              3.663371299355946
            ]
          ]
        ],
        "type": "MultiLineString"
      },
      "properties": {
        "endid": 171,
        "id": 512,
        "metadata": {
          "bottleneck": true,
          "canonical_edge_id": 46,
          "length_m": 0.19999999999999996,
          "min_clearance_m": 0.3162277638912201,
          "segment_fraction_end": 0.36209962186391254,
          "segment_fraction_start": 0.2557828921745647,
          "segment_index": 3,
          "static_traversability": "UNKNOWN"
        },
        "startid": 172
      },
      "type": "Feature"
    },
    {
      "geometry": {
        "coordinates": [
          [
            [
              1.278911782286587,
              3.663371299355946
            ],
            [
              1.1612774427515775,
              3.825118516216584
            ]
          ]
        ],
        "type": "MultiLineString"
      },
      "properties": {
        "endid": 170,
        "id": 513,
        "metadata": {
          "bottleneck": true,
          "canonical_edge_id": 46,
          "length_m": 0.20000000000000018,
          "min_clearance_m": 0.3162277638912201,
          "segment_fraction_end": 0.46841635155326056,
          "segment_fraction_start": 0.36209962186391254,
          "segment_index": 4,
          "static_traversability": "UNKNOWN"
        },
        "startid": 171
      },
      "type": "Feature"
    },
    {
      "geometry": {
        "coordinates": [
          [
            [
              1.1612774427515775,
              3.825118516216584
            ],
            [
              1.0436431032165683,
              3.9868657330772215
            ]
          ]
        ],
        "type": "MultiLineString"
      },
      "properties": {
        "endid": 169,
        "id": 514,
        "metadata": {
          "bottleneck": true,
          "canonical_edge_id": 46,
          "length_m": 0.19999999999999996,
          "min_clearance_m": 0.3162277638912201,
          "segment_fraction_end": 0.5747330812426084,
          "segment_fraction_start": 0.46841635155326056,
          "segment_index": 5,
          "static_traversability": "UNKNOWN"
        },
        "startid": 170
      },
      "type": "Feature"
    },
    {
      "geometry": {
        "coordinates": [
          [
            [
              1.0436431032165683,
              3.9868657330772215
            ],
            [
              0.9260087636815592,
              4.148612949937859
            ]
          ]
        ],
        "type": "MultiLineString"
      },
      "properties": {
        "endid": 168,
        "id": 515,
        "metadata": {
          "bottleneck": true,
          "canonical_edge_id": 46,
          "length_m": 0.19999999999999996,
          "min_clearance_m": 0.3162277638912201,
          "segment_fraction_end": 0.6810498109319563,
          "segment_fraction_start": 0.5747330812426084,
          "segment_index": 6,
          "static_traversability": "UNKNOWN"
        },
        "startid": 169
      },
      "type": "Feature"
    },
    {
      "geometry": {
        "coordinates": [
          [
            [
              0.9260087636815592,
              4.148612949937859
            ],
            [
              0.8850000000000016,
              4.3352775637732
            ]
          ]
        ],
        "type": "MultiLineString"
      },
      "properties": {
        "endid": 167,
        "id": 516,
        "metadata": {
          "bottleneck": true,
          "canonical_edge_id": 46,
          "length_m": 0.20000000000000018,
          "min_clearance_m": 0.3162277638912201,
          "segment_fraction_end": 0.7873665406213043,
          "segment_fraction_start": 0.6810498109319563,
          "segment_index": 7,
          "static_traversability": "UNKNOWN"
        },
        "startid": 168
      },
      "type": "Feature"
    },
    {
      "geometry": {
        "coordinates": [
          [
            [
              0.8850000000000016,
              4.3352775637732
            ],
            [
              0.8850000000000016,
              4.5352775637732
            ]
          ]
        ],
        "type": "MultiLineString"
      },
      "properties": {
        "endid": 166,
        "id": 517,
        "metadata": {
          "bottleneck": true,
          "canonical_edge_id": 46,
          "length_m": 0.19999999999999996,
          "min_clearance_m": 0.3162277638912201,
          "segment_fraction_end": 0.8936832703106521,
          "segment_fraction_start": 0.7873665406213043,
          "segment_index": 8,
          "static_traversability": "UNKNOWN"
        },
        "startid": 167
      },
      "type": "Feature"
    },
    {
      "geometry": {
        "coordinates": [
          [
            [
              0.8850000000000016,
              4.5352775637732
            ],
            [
              0.7850000000000019,
              4.705000000000001
            ]
          ]
        ],
        "type": "MultiLineString"
      },
      "properties": {
        "endid": 21,
        "id": 518,
        "metadata": {
          "bottleneck": true,
          "canonical_edge_id": 46,
          "length_m": 0.19999999999999996,
          "min_clearance_m": 0.3162277638912201,
          "segment_fraction_end": 1.0,
          "segment_fraction_start": 0.8936832703106521,
          "segment_index": 9,
          "static_traversability": "UNKNOWN"
        },
        "startid": 166
      },
      "type": "Feature"
    },
    {
      "geometry": {
        "coordinates": [
          [
            [
              2.035000000000002,
              4.905
            ],
            [
              1.942557109910197,
              4.905
            ]
          ]
        ],
        "type": "MultiLineString"
      },
      "properties": {
        "endid": 180,
        "id": 519,
        "metadata": {
          "bottleneck": false,
          "canonical_edge_id": 47,
          "length_m": 0.09244289008980489,
          "min_clearance_m": 0.4000000059604645,
          "segment_fraction_end": 0.07152570593148724,
          "segment_fraction_start": 0.0,
          "segment_index": 0,
          "static_traversability": "FEASIBLE"
        },
        "startid": 23
      },
      "type": "Feature"
    },
    {
      "geometry": {
        "coordinates": [
          [
            [
              1.942557109910197,
              4.905
            ],
            [
              1.7425571099101969,
              4.905
            ]
          ]
        ],
        "type": "MultiLineString"
      },
      "properties": {
        "endid": 179,
        "id": 520,
        "metadata": {
          "bottleneck": false,
          "canonical_edge_id": 47,
          "length_m": 0.20000000000000018,
          "min_clearance_m": 0.4000000059604645,
          "segment_fraction_end": 0.2262714216095728,
          "segment_fraction_start": 0.07152570593148724,
          "segment_index": 1,
          "static_traversability": "FEASIBLE"
        },
        "startid": 180
      },
      "type": "Feature"
    },
    {
      "geometry": {
        "coordinates": [
          [
            [
              1.7425571099101969,
              4.905
            ],
            [
              1.542557109910197,
              4.905
            ]
          ]
        ],
        "type": "MultiLineString"
      },
      "properties": {
        "endid": 178,
        "id": 521,
        "metadata": {
          "bottleneck": false,
          "canonical_edge_id": 47,
          "length_m": 0.19999999999999996,
          "min_clearance_m": 0.4000000059604645,
          "segment_fraction_end": 0.38101713728765824,
          "segment_fraction_start": 0.2262714216095728,
          "segment_index": 2,
          "static_traversability": "FEASIBLE"
        },
        "startid": 179
      },
      "type": "Feature"
    },
    {
      "geometry": {
        "coordinates": [
          [
            [
              1.542557109910197,
              4.905
            ],
            [
              1.342557109910197,
              4.905
            ]
          ]
        ],
        "type": "MultiLineString"
      },
      "properties": {
        "endid": 177,
        "id": 522,
        "metadata": {
          "bottleneck": false,
          "canonical_edge_id": 47,
          "length_m": 0.19999999999999996,
          "min_clearance_m": 0.4000000059604645,
          "segment_fraction_end": 0.5357628529657437,
          "segment_fraction_start": 0.38101713728765824,
          "segment_index": 3,
          "static_traversability": "FEASIBLE"
        },
        "startid": 178
      },
      "type": "Feature"
    },
    {
      "geometry": {
        "coordinates": [
          [
            [
              1.342557109910197,
              4.905
            ],
            [
              1.150524619448105,
              4.86745538642138
            ]
          ]
        ],
        "type": "MultiLineString"
      },
      "properties": {
        "endid": 176,
        "id": 523,
        "metadata": {
          "bottleneck": false,
          "canonical_edge_id": 47,
          "length_m": 0.20000000000000007,
          "min_clearance_m": 0.4000000059604645,
          "segment_fraction_end": 0.6905085686438291,
          "segment_fraction_start": 0.5357628529657437,
          "segment_index": 4,
          "static_traversability": "FEASIBLE"
        },
        "startid": 177
      },
      "type": "Feature"
    },
    {
      "geometry": {
        "coordinates": [
          [
            [
              1.150524619448105,
              4.86745538642138
            ],
            [
              0.9677623097240534,
              4.78622769321069
            ]
          ]
        ],
        "type": "MultiLineString"
      },
      "properties": {
        "endid": 175,
        "id": 524,
        "metadata": {
          "bottleneck": false,
          "canonical_edge_id": 47,
          "length_m": 0.20000000000000007,
          "min_clearance_m": 0.4000000059604645,
          "segment_fraction_end": 0.8452542843219146,
          "segment_fraction_start": 0.6905085686438291,
          "segment_index": 5,
          "static_traversability": "FEASIBLE"
        },
        "startid": 176
      },
      "type": "Feature"
    },
    {
      "geometry": {
        "coordinates": [
          [
            [
              0.9677623097240534,
              4.78622769321069
            ],
            [
              0.7850000000000019,
              4.705000000000001
            ]
          ]
        ],
        "type": "MultiLineString"
      },
      "properties": {
        "endid": 21,
        "id": 525,
        "metadata": {
          "bottleneck": false,
          "canonical_edge_id": 47,
          "length_m": 0.19999999999999996,
          "min_clearance_m": 0.4000000059604645,
          "segment_fraction_end": 1.0,
          "segment_fraction_start": 0.8452542843219146,
          "segment_index": 6,
          "static_traversability": "FEASIBLE"
        },
        "startid": 175
      },
      "type": "Feature"
    },
    {
      "geometry": {
        "coordinates": [
          [
            [
              2.1850000000000014,
              -0.9949999999999999
            ],
            [
              2.118524536292256,
              -0.8620490725845082
            ]
          ]
        ],
        "type": "MultiLineString"
      },
      "properties": {
        "endid": 159,
        "id": 526,
        "metadata": {
          "bottleneck": true,
          "canonical_edge_id": 48,
          "length_m": 0.14864365568633975,
          "min_clearance_m": 0.25,
          "segment_fraction_end": 0.05832265148354393,
          "segment_fraction_start": 0.0,
          "segment_index": 0,
          "static_traversability": "UNKNOWN"
        },
        "startid": 24
      },
      "type": "Feature"
    },
    {
      "geometry": {
        "coordinates": [
          [
            [
              2.118524536292256,
              -0.8620490725845082
            ],
            [
              2.0256425313591513,
              -0.6856425313591497
            ]
          ]
        ],
        "type": "MultiLineString"
      },
      "properties": {
        "endid": 158,
        "id": 527,
        "metadata": {
          "bottleneck": true,
          "canonical_edge_id": 48,
          "length_m": 0.20000000000000018,
          "min_clearance_m": 0.25,
          "segment_fraction_end": 0.13679576385991532,
          "segment_fraction_start": 0.05832265148354393,
          "segment_index": 1,
          "static_traversability": "UNKNOWN"
        },
        "startid": 159
      },
      "type": "Feature"
    },
    {
      "geometry": {
        "coordinates": [
          [
            [
              2.0256425313591513,
              -0.6856425313591497
            ],
            [
              1.8842211751218414,
              -0.5442211751218402
            ]
          ]
        ],
        "type": "MultiLineString"
      },
      "properties": {
        "endid": 157,
        "id": 528,
        "metadata": {
          "bottleneck": true,
          "canonical_edge_id": 48,
          "length_m": 0.20000000000000018,
          "min_clearance_m": 0.25,
          "segment_fraction_end": 0.21526887623628674,
          "segment_fraction_start": 0.13679576385991532,
          "segment_index": 2,
          "static_traversability": "UNKNOWN"
        },
        "startid": 158
      },
      "type": "Feature"
    },
    {
      "geometry": {
        "coordinates": [
          [
            [
              1.8842211751218414,
              -0.5442211751218402
            ],
            [
              1.7427998188845317,
              -0.4027998188845309
            ]
          ]
        ],
        "type": "MultiLineString"
      },
      "properties": {
        "endid": 156,
        "id": 529,
        "metadata": {
          "bottleneck": true,
          "canonical_edge_id": 48,
          "length_m": 0.19999999999999996,
          "min_clearance_m": 0.25,
          "segment_fraction_end": 0.29374198861265804,
          "segment_fraction_start": 0.21526887623628674,
          "segment_index": 3,
          "static_traversability": "UNKNOWN"
        },
        "startid": 157
      },
      "type": "Feature"
    },
    {
      "geometry": {
        "coordinates": [
          [
            [
              1.7427998188845317,
              -0.4027998188845309
            ],
            [
              1.5505593237017519,
              -0.37676670078327984
            ]
          ]
        ],
        "type": "MultiLineString"
      },
      "properties": {
        "endid": 155,
        "id": 530,
        "metadata": {
          "bottleneck": true,
          "canonical_edge_id": 48,
          "length_m": 0.19999999999999996,
          "min_clearance_m": 0.25,
          "segment_fraction_end": 0.3722151009890293,
          "segment_fraction_start": 0.29374198861265804,
          "segment_index": 4,
          "static_traversability": "UNKNOWN"
        },
        "startid": 156
      },
      "type": "Feature"
    },
    {
      "geometry": {
        "coordinates": [
          [
            [
              1.5505593237017519,
              -0.37676670078327984
            ],
            [
              1.3738017404323393,
              -0.2831891566994733
            ]
          ]
        ],
        "type": "MultiLineString"
      },
      "properties": {
        "endid": 154,
        "id": 531,
        "metadata": {
          "bottleneck": true,
          "canonical_edge_id": 48,
          "length_m": 0.19999999999999996,
          "min_clearance_m": 0.25,
          "segment_fraction_end": 0.45068821336540066,
          "segment_fraction_start": 0.3722151009890293,
          "segment_index": 5,
          "static_traversability": "UNKNOWN"
        },
        "startid": 155
      },
      "type": "Feature"
    },
    {
      "geometry": {
        "coordinates": [
          [
            [
              1.3738017404323393,
              -0.2831891566994733
            ],
            [
              1.1970441571629271,
              -0.18961161261566686
            ]
          ]
        ],
        "type": "MultiLineString"
      },
      "properties": {
        "endid": 153,
        "id": 532,
        "metadata": {
          "bottleneck": true,
          "canonical_edge_id": 48,
          "length_m": 0.19999999999999996,
          "min_clearance_m": 0.25,
          "segment_fraction_end": 0.529161325741772,
          "segment_fraction_start": 0.45068821336540066,
          "segment_index": 6,
          "static_traversability": "UNKNOWN"
        },
        "startid": 154
      },
      "type": "Feature"
    },
    {
      "geometry": {
        "coordinates": [
          [
            [
              1.1970441571629271,
              -0.18961161261566686
            ],
            [
              1.0202865738935145,
              -0.09603406853186022
            ]
          ]
        ],
        "type": "MultiLineString"
      },
      "properties": {
        "endid": 152,
        "id": 533,
        "metadata": {
          "bottleneck": true,
          "canonical_edge_id": 48,
          "length_m": 0.20000000000000018,
          "min_clearance_m": 0.25,
          "segment_fraction_end": 0.6076344381181433,
          "segment_fraction_start": 0.529161325741772,
          "segment_index": 7,
          "static_traversability": "UNKNOWN"
        },
        "startid": 153
      },
      "type": "Feature"
    },
    {
      "geometry": {
        "coordinates": [
          [
            [
              1.0202865738935145,
              -0.09603406853186022
            ],
            [
              0.8435289906241021,
              -0.0024565244480537138
            ]
          ]
        ],
        "type": "MultiLineString"
      },
      "properties": {
        "endid": 151,
        "id": 534,
        "metadata": {
          "bottleneck": true,
          "canonical_edge_id": 48,
          "length_m": 0.19999999999999996,
          "min_clearance_m": 0.25,
          "segment_fraction_end": 0.6861075504945147,
          "segment_fraction_start": 0.6076344381181433,
          "segment_index": 8,
          "static_traversability": "UNKNOWN"
        },
        "startid": 152
      },
      "type": "Feature"
    },
    {
      "geometry": {
        "coordinates": [
          [
            [
              0.8435289906241021,
              -0.0024565244480537138
            ],
            [
              0.6577998127341254,
              0.054999999999999716
            ]
          ]
        ],
        "type": "MultiLineString"
      },
      "properties": {
        "endid": 150,
        "id": 535,
        "metadata": {
          "bottleneck": true,
          "canonical_edge_id": 48,
          "length_m": 0.19999999999999996,
          "min_clearance_m": 0.25,
          "segment_fraction_end": 0.764580662870886,
          "segment_fraction_start": 0.6861075504945147,
          "segment_index": 9,
          "static_traversability": "UNKNOWN"
        },
        "startid": 151
      },
      "type": "Feature"
    },
    {
      "geometry": {
        "coordinates": [
          [
            [
              0.6577998127341254,
              0.054999999999999716
            ],
            [
              0.45953167102761966,
              0.04544937663535664
            ]
          ]
        ],
        "type": "MultiLineString"
      },
      "properties": {
        "endid": 149,
        "id": 536,
        "metadata": {
          "bottleneck": true,
          "canonical_edge_id": 48,
          "length_m": 0.20000000000000018,
          "min_clearance_m": 0.25,
          "segment_fraction_end": 0.8430537752472573,
          "segment_fraction_start": 0.764580662870886,
          "segment_index": 10,
          "static_traversability": "UNKNOWN"
        },
        "startid": 150
      },
      "type": "Feature"
    },
    {
      "geometry": {
        "coordinates": [
          [
            [
              0.45953167102761966,
              0.04544937663535664
            ],
            [
              0.2722658355138107,
              -0.024775311682321555
            ]
          ]
        ],
        "type": "MultiLineString"
      },
      "properties": {
        "endid": 148,
        "id": 537,
        "metadata": {
          "bottleneck": true,
          "canonical_edge_id": 48,
          "length_m": 0.19999999999999973,
          "min_clearance_m": 0.25,
          "segment_fraction_end": 0.9215268876236286,
          "segment_fraction_start": 0.8430537752472573,
          "segment_index": 11,
          "static_traversability": "UNKNOWN"
        },
        "startid": 149
      },
      "type": "Feature"
    },
    {
      "geometry": {
        "coordinates": [
          [
            [
              0.2722658355138107,
              -0.024775311682321555
            ],
            [
              0.08500000000000174,
              -0.09499999999999975
            ]
          ]
        ],
        "type": "MultiLineString"
      },
      "properties": {
        "endid": 15,
        "id": 538,
        "metadata": {
          "bottleneck": true,
          "canonical_edge_id": 48,
          "length_m": 0.20000000000000018,
          "min_clearance_m": 0.25,
          "segment_fraction_end": 1.0,
          "segment_fraction_start": 0.9215268876236286,
          "segment_index": 12,
          "static_traversability": "UNKNOWN"
        },
        "startid": 148
      },
      "type": "Feature"
    }
  ],
  "name": "v6_kujiale_clearance_r1:gvg_v1",
  "type": "FeatureCollection"
}
