{
  "crs": {
    "properties": {
      "name": "urn:ogc:def:crs:EPSG::3857"
    },
    "type": "name"
  },
  "features": [
    {
      "geometry": {
        "coordinates": [
          -4.415,
          3.805
        ],
        "type": "Point"
      },
      "properties": {
        "frame": "map",
        "id": 0
      },
      "type": "Feature"
    },
    {
      "geometry": {
        "coordinates": [
          -4.365,
          1.205
        ],
        "type": "Point"
      },
      "properties": {
        "frame": "map",
        "id": 1
      },
      "type": "Feature"
    },
    {
      "geometry": {
        "coordinates": [
          -4.065,
          -0.545
        ],
        "type": "Point"
      },
      "properties": {
        "frame": "map",
        "id": 2
      },
      "type": "Feature"
    },
    {
      "geometry": {
        "coordinates": [
          -3.515,
          -3.595
        ],
        "type": "Point"
      },
      "properties": {
        "frame": "map",
        "id": 3
      },
      "type": "Feature"
    },
    {
      "geometry": {
        "coordinates": [
          -2.965,
          -3.595
        ],
        "type": "Point"
      },
      "properties": {
        "frame": "map",
        "id": 4
      },
      "type": "Feature"
    },
    {
      "geometry": {
        "coordinates": [
          -2.215,
          -2.695
        ],
        "type": "Point"
      },
      "properties": {
        "frame": "map",
        "id": 5
      },
      "type": "Feature"
    },
    {
      "geometry": {
        "coordinates": [
          -2.215,
          1.405
        ],
        "type": "Point"
      },
      "properties": {
        "frame": "map",
        "id": 6
      },
      "type": "Feature"
    },
    {
      "geometry": {
        "coordinates": [
          -2.115,
          -3.045
        ],
        "type": "Point"
      },
      "properties": {
        "frame": "map",
        "id": 7
      },
      "type": "Feature"
    },
    {
      "geometry": {
        "coordinates": [
          -1.865,
          -0.345
        ],
        "type": "Point"
      },
      "properties": {
        "frame": "map",
        "id": 8
      },
      "type": "Feature"
    },
    {
      "geometry": {
        "coordinates": [
          -1.665,
          -3.495
        ],
        "type": "Point"
      },
      "properties": {
        "frame": "map",
        "id": 9
      },
      "type": "Feature"
    },
    {
      "geometry": {
        "coordinates": [
          -1.515,
          -0.695
        ],
        "type": "Point"
      },
      "properties": {
        "frame": "map",
        "id": 10
      },
      "type": "Feature"
    },
    {
      "geometry": {
        "coordinates": [
          -0.965,
          0.955
        ],
        "type": "Point"
      },
      "properties": {
        "frame": "map",
        "id": 11
      },
      "type": "Feature"
    },
    {
      "geometry": {
        "coordinates": [
          -0.965,
          3.255
        ],
        "type": "Point"
      },
      "properties": {
        "frame": "map",
        "id": 12
      },
      "type": "Feature"
    },
    {
      "geometry": {
        "coordinates": [
          -0.965,
          3.905
        ],
        "type": "Point"
      },
      "properties": {
        "frame": "map",
        "id": 13
      },
      "type": "Feature"
    },
    {
      "geometry": {
        "coordinates": [
          -0.565,
          3.555
        ],
        "type": "Point"
      },
      "properties": {
        "frame": "map",
        "id": 14
      },
      "type": "Feature"
    },
    {
      "geometry": {
        "coordinates": [
          -0.515,
          5.155
        ],
        "type": "Point"
      },
      "properties": {
        "frame": "map",
        "id": 15
      },
      "type": "Feature"
    },
    {
      "geometry": {
        "coordinates": [
          -0.465,
          -1.945
        ],
        "type": "Point"
      },
      "properties": {
        "frame": "map",
        "id": 16
      },
      "type": "Feature"
    },
    {
      "geometry": {
        "coordinates": [
          -0.365,
          0.605
        ],
        "type": "Point"
      },
      "properties": {
        "frame": "map",
        "id": 17
      },
      "type": "Feature"
    },
    {
      "geometry": {
        "coordinates": [
          -0.315,
          -0.495
        ],
        "type": "Point"
      },
      "properties": {
        "frame": "map",
        "id": 18
      },
      "type": "Feature"
    },
    {
      "geometry": {
        "coordinates": [
          -0.265,
          2.955
        ],
        "type": "Point"
      },
      "properties": {
        "frame": "map",
        "id": 19
      },
      "type": "Feature"
    },
    {
      "geometry": {
        "coordinates": [
          -0.015,
          -5.445
        ],
        "type": "Point"
      },
      "properties": {
        "frame": "map",
        "id": 20
      },
      "type": "Feature"
    },
    {
      "geometry": {
        "coordinates": [
          0.035,
          -0.095
        ],
        "type": "Point"
      },
      "properties": {
        "frame": "map",
        "id": 21
      },
      "type": "Feature"
    },
    {
      "geometry": {
        "coordinates": [
          0.135,
          -4.545
        ],
        "type": "Point"
      },
      "properties": {
        "frame": "map",
        "id": 22
      },
      "type": "Feature"
    },
    {
      "geometry": {
        "coordinates": [
          0.235,
          4.805
        ],
        "type": "Point"
      },
      "properties": {
        "frame": "map",
        "id": 23
      },
      "type": "Feature"
    },
    {
      "geometry": {
        "coordinates": [
          0.385,
          -1.245
        ],
        "type": "Point"
      },
      "properties": {
        "frame": "map",
        "id": 24
      },
      "type": "Feature"
    },
    {
      "geometry": {
        "coordinates": [
          0.435,
          -5.295
        ],
        "type": "Point"
      },
      "properties": {
        "frame": "map",
        "id": 25
      },
      "type": "Feature"
    },
    {
      "geometry": {
        "coordinates": [
          0.435,
          -4.595
        ],
        "type": "Point"
      },
      "properties": {
        "frame": "map",
        "id": 26
      },
      "type": "Feature"
    },
    {
      "geometry": {
        "coordinates": [
          0.485,
          1.705
        ],
        "type": "Point"
      },
      "properties": {
        "frame": "map",
        "id": 27
      },
      "type": "Feature"
    },
    {
      "geometry": {
        "coordinates": [
          0.485,
          2.005
        ],
        "type": "Point"
      },
      "properties": {
        "frame": "map",
        "id": 28
      },
      "type": "Feature"
    },
    {
      "geometry": {
        "coordinates": [
          0.635,
          0.105
        ],
        "type": "Point"
      },
      "properties": {
        "frame": "map",
        "id": 29
      },
      "type": "Feature"
    },
    {
      "geometry": {
        "coordinates": [
          0.885,
          4.705
        ],
        "type": "Point"
      },
      "properties": {
        "frame": "map",
        "id": 30
      },
      "type": "Feature"
    },
    {
      "geometry": {
        "coordinates": [
          1.085,
          0.555
        ],
        "type": "Point"
      },
      "properties": {
        "frame": "map",
        "id": 31
      },
      "type": "Feature"
    },
    {
      "geometry": {
        "coordinates": [
          1.285,
          3.755
        ],
        "type": "Point"
      },
      "properties": {
        "frame": "map",
        "id": 32
      },
      "type": "Feature"
    },
    {
      "geometry": {
        "coordinates": [
          1.485,
          0.605
        ],
        "type": "Point"
      },
      "properties": {
        "frame": "map",
        "id": 33
      },
      "type": "Feature"
    },
    {
      "geometry": {
        "coordinates": [
          1.585,
          3.555
        ],
        "type": "Point"
      },
      "properties": {
        "frame": "map",
        "id": 34
      },
      "type": "Feature"
    },
    {
      "geometry": {
        "coordinates": [
          1.585,
          3.855
        ],
        "type": "Point"
      },
      "properties": {
        "frame": "map",
        "id": 35
      },
      "type": "Feature"
    },
    {
      "geometry": {
        "coordinates": [
          1.735,
          -0.345
        ],
        "type": "Point"
      },
      "properties": {
        "frame": "map",
        "id": 36
      },
      "type": "Feature"
    },
    {
      "geometry": {
        "coordinates": [
          2.035,
          0.205
        ],
        "type": "Point"
      },
      "properties": {
        "frame": "map",
        "id": 37
      },
      "type": "Feature"
    },
    {
      "geometry": {
        "coordinates": [
          2.085,
          4.905
        ],
        "type": "Point"
      },
      "properties": {
        "frame": "map",
        "id": 38
      },
      "type": "Feature"
    },
    {
      "geometry": {
        "coordinates": [
          2.185,
          -0.895
        ],
        "type": "Point"
      },
      "properties": {
        "frame": "map",
        "id": 39
      },
      "type": "Feature"
    },
    {
      "geometry": {
        "coordinates": [
          -4.174619,
          3.87368
        ],
        "type": "Point"
      },
      "properties": {
        "frame": "map",
        "id": 40
      },
      "type": "Feature"
    },
    {
      "geometry": {
        "coordinates": [
          -3.929175,
          3.911791
        ],
        "type": "Point"
      },
      "properties": {
        "frame": "map",
        "id": 41
      },
      "type": "Feature"
    },
    {
      "geometry": {
        "coordinates": [
          -3.679487,
          3.924276
        ],
        "type": "Point"
      },
      "properties": {
        "frame": "map",
        "id": 42
      },
      "type": "Feature"
    },
    {
      "geometry": {
        "coordinates": [
          -3.429799,
          3.93676
        ],
        "type": "Point"
      },
      "properties": {
        "frame": "map",
        "id": 43
      },
      "type": "Feature"
    },
    {
      "geometry": {
        "coordinates": [
          -3.180111,
          3.949244
        ],
        "type": "Point"
      },
      "properties": {
        "frame": "map",
        "id": 44
      },
      "type": "Feature"
    },
    {
      "geometry": {
        "coordinates": [
          -2.939892,
          3.904957
        ],
        "type": "Point"
      },
      "properties": {
        "frame": "map",
        "id": 45
      },
      "type": "Feature"
    },
    {
      "geometry": {
        "coordinates": [
          -2.707773,
          3.812109
        ],
        "type": "Point"
      },
      "properties": {
        "frame": "map",
        "id": 46
      },
      "type": "Feature"
    },
    {
      "geometry": {
        "coordinates": [
          -2.493078,
          3.691069
        ],
        "type": "Point"
      },
      "properties": {
        "frame": "map",
        "id": 47
      },
      "type": "Feature"
    },
    {
      "geometry": {
        "coordinates": [
          -2.306225,
          3.524978
        ],
        "type": "Point"
      },
      "properties": {
        "frame": "map",
        "id": 48
      },
      "type": "Feature"
    },
    {
      "geometry": {
        "coordinates": [
          -2.119373,
          3.358887
        ],
        "type": "Point"
      },
      "properties": {
        "frame": "map",
        "id": 49
      },
      "type": "Feature"
    },
    {
      "geometry": {
        "coordinates": [
          -2.115,
          3.110851
        ],
        "type": "Point"
      },
      "properties": {
        "frame": "map",
        "id": 50
      },
      "type": "Feature"
    },
    {
      "geometry": {
        "coordinates": [
          -2.115,
          2.860851
        ],
        "type": "Point"
      },
      "properties": {
        "frame": "map",
        "id": 51
      },
      "type": "Feature"
    },
    {
      "geometry": {
        "coordinates": [
          -2.115,
          2.610851
        ],
        "type": "Point"
      },
      "properties": {
        "frame": "map",
        "id": 52
      },
      "type": "Feature"
    },
    {
      "geometry": {
        "coordinates": [
          -2.115,
          2.360851
        ],
        "type": "Point"
      },
      "properties": {
        "frame": "map",
        "id": 53
      },
      "type": "Feature"
    },
    {
      "geometry": {
        "coordinates": [
          -2.115,
          2.110851
        ],
        "type": "Point"
      },
      "properties": {
        "frame": "map",
        "id": 54
      },
      "type": "Feature"
    },
    {
      "geometry": {
        "coordinates": [
          -2.115,
          1.860851
        ],
        "type": "Point"
      },
      "properties": {
        "frame": "map",
        "id": 55
      },
      "type": "Feature"
    },
    {
      "geometry": {
        "coordinates": [
          -2.115,
          1.610851
        ],
        "type": "Point"
      },
      "properties": {
        "frame": "map",
        "id": 56
      },
      "type": "Feature"
    },
    {
      "geometry": {
        "coordinates": [
          -4.115,
          1.205
        ],
        "type": "Point"
      },
      "properties": {
        "frame": "map",
        "id": 57
      },
      "type": "Feature"
    },
    {
      "geometry": {
        "coordinates": [
          -3.865,
          1.205
        ],
        "type": "Point"
      },
      "properties": {
        "frame": "map",
        "id": 58
      },
      "type": "Feature"
    },
    {
      "geometry": {
        "coordinates": [
          -3.615,
          1.205
        ],
        "type": "Point"
      },
      "properties": {
        "frame": "map",
        "id": 59
      },
      "type": "Feature"
    },
    {
      "geometry": {
        "coordinates": [
          -3.365,
          1.205
        ],
        "type": "Point"
      },
      "properties": {
        "frame": "map",
        "id": 60
      },
      "type": "Feature"
    },
    {
      "geometry": {
        "coordinates": [
          -3.115,
          1.205
        ],
        "type": "Point"
      },
      "properties": {
        "frame": "map",
        "id": 61
      },
      "type": "Feature"
    },
    {
      "geometry": {
        "coordinates": [
          -2.865,
          1.205
        ],
        "type": "Point"
      },
      "properties": {
        "frame": "map",
        "id": 62
      },
      "type": "Feature"
    },
    {
      "geometry": {
        "coordinates": [
          -2.641393,
          1.316803
        ],
        "type": "Point"
      },
      "properties": {
        "frame": "map",
        "id": 63
      },
      "type": "Feature"
    },
    {
      "geometry": {
        "coordinates": [
          -2.412214,
          1.405
        ],
        "type": "Point"
      },
      "properties": {
        "frame": "map",
        "id": 64
      },
      "type": "Feature"
    },
    {
      "geometry": {
        "coordinates": [
          -3.908826,
          -0.349783
        ],
        "type": "Point"
      },
      "properties": {
        "frame": "map",
        "id": 65
      },
      "type": "Feature"
    },
    {
      "geometry": {
        "coordinates": [
          -3.696607,
          -0.358147
        ],
        "type": "Point"
      },
      "properties": {
        "frame": "map",
        "id": 66
      },
      "type": "Feature"
    },
    {
      "geometry": {
        "coordinates": [
          -3.462356,
          -0.445
        ],
        "type": "Point"
      },
      "properties": {
        "frame": "map",
        "id": 67
      },
      "type": "Feature"
    },
    {
      "geometry": {
        "coordinates": [
          -3.212356,
          -0.445
        ],
        "type": "Point"
      },
      "properties": {
        "frame": "map",
        "id": 68
      },
      "type": "Feature"
    },
    {
      "geometry": {
        "coordinates": [
          -2.962635,
          -0.443818
        ],
        "type": "Point"
      },
      "properties": {
        "frame": "map",
        "id": 69
      },
      "type": "Feature"
    },
    {
      "geometry": {
        "coordinates": [
          -2.739029,
          -0.332014
        ],
        "type": "Point"
      },
      "properties": {
        "frame": "map",
        "id": 70
      },
      "type": "Feature"
    },
    {
      "geometry": {
        "coordinates": [
          -2.510127,
          -0.252839
        ],
        "type": "Point"
      },
      "properties": {
        "frame": "map",
        "id": 71
      },
      "type": "Feature"
    },
    {
      "geometry": {
        "coordinates": [
          -2.26264,
          -0.288194
        ],
        "type": "Point"
      },
      "properties": {
        "frame": "map",
        "id": 72
      },
      "type": "Feature"
    },
    {
      "geometry": {
        "coordinates": [
          -2.015152,
          -0.32355
        ],
        "type": "Point"
      },
      "properties": {
        "frame": "map",
        "id": 73
      },
      "type": "Feature"
    },
    {
      "geometry": {
        "coordinates": [
          -3.744786,
          -3.49652
        ],
        "type": "Point"
      },
      "properties": {
        "frame": "map",
        "id": 74
      },
      "type": "Feature"
    },
    {
      "geometry": {
        "coordinates": [
          -3.884598,
          -3.327411
        ],
        "type": "Point"
      },
      "properties": {
        "frame": "map",
        "id": 75
      },
      "type": "Feature"
    },
    {
      "geometry": {
        "coordinates": [
          -3.892151,
          -3.08407
        ],
        "type": "Point"
      },
      "properties": {
        "frame": "map",
        "id": 76
      },
      "type": "Feature"
    },
    {
      "geometry": {
        "coordinates": [
          -3.80437,
          -2.849988
        ],
        "type": "Point"
      },
      "properties": {
        "frame": "map",
        "id": 77
      },
      "type": "Feature"
    },
    {
      "geometry": {
        "coordinates": [
          -3.635905,
          -2.720754
        ],
        "type": "Point"
      },
      "properties": {
        "frame": "map",
        "id": 78
      },
      "type": "Feature"
    },
    {
      "geometry": {
        "coordinates": [
          -3.44385,
          -2.560708
        ],
        "type": "Point"
      },
      "properties": {
        "frame": "map",
        "id": 79
      },
      "type": "Feature"
    },
    {
      "geometry": {
        "coordinates": [
          -3.220501,
          -2.4661
        ],
        "type": "Point"
      },
      "properties": {
        "frame": "map",
        "id": 80
      },
      "type": "Feature"
    },
    {
      "geometry": {
        "coordinates": [
          -2.982776,
          -2.49789
        ],
        "type": "Point"
      },
      "properties": {
        "frame": "map",
        "id": 81
      },
      "type": "Feature"
    },
    {
      "geometry": {
        "coordinates": [
          -2.750657,
          -2.590737
        ],
        "type": "Point"
      },
      "properties": {
        "frame": "map",
        "id": 82
      },
      "type": "Feature"
    },
    {
      "geometry": {
        "coordinates": [
          -2.511909,
          -2.657886
        ],
        "type": "Point"
      },
      "properties": {
        "frame": "map",
        "id": 83
      },
      "type": "Feature"
    },
    {
      "geometry": {
        "coordinates": [
          -2.26384,
          -2.688895
        ],
        "type": "Point"
      },
      "properties": {
        "frame": "map",
        "id": 84
      },
      "type": "Feature"
    },
    {
      "geometry": {
        "coordinates": [
          -2.735214,
          -3.49652
        ],
        "type": "Point"
      },
      "properties": {
        "frame": "map",
        "id": 85
      },
      "type": "Feature"
    },
    {
      "geometry": {
        "coordinates": [
          -2.521912,
          -3.370529
        ],
        "type": "Point"
      },
      "properties": {
        "frame": "map",
        "id": 86
      },
      "type": "Feature"
    },
    {
      "geometry": {
        "coordinates": [
          -2.326694,
          -3.214356
        ],
        "type": "Point"
      },
      "properties": {
        "frame": "map",
        "id": 87
      },
      "type": "Feature"
    },
    {
      "geometry": {
        "coordinates": [
          -2.131477,
          -3.058182
        ],
        "type": "Point"
      },
      "properties": {
        "frame": "map",
        "id": 88
      },
      "type": "Feature"
    },
    {
      "geometry": {
        "coordinates": [
          -2.115,
          -2.914722
        ],
        "type": "Point"
      },
      "properties": {
        "frame": "map",
        "id": 89
      },
      "type": "Feature"
    },
    {
      "geometry": {
        "coordinates": [
          -2.103197,
          -2.471393
        ],
        "type": "Point"
      },
      "properties": {
        "frame": "map",
        "id": 90
      },
      "type": "Feature"
    },
    {
      "geometry": {
        "coordinates": [
          -1.991393,
          -2.247786
        ],
        "type": "Point"
      },
      "properties": {
        "frame": "map",
        "id": 91
      },
      "type": "Feature"
    },
    {
      "geometry": {
        "coordinates": [
          -1.87959,
          -2.02418
        ],
        "type": "Point"
      },
      "properties": {
        "frame": "map",
        "id": 92
      },
      "type": "Feature"
    },
    {
      "geometry": {
        "coordinates": [
          -1.852235,
          -1.777999
        ],
        "type": "Point"
      },
      "properties": {
        "frame": "map",
        "id": 93
      },
      "type": "Feature"
    },
    {
      "geometry": {
        "coordinates": [
          -1.837555,
          -1.52843
        ],
        "type": "Point"
      },
      "properties": {
        "frame": "map",
        "id": 94
      },
      "type": "Feature"
    },
    {
      "geometry": {
        "coordinates": [
          -1.822874,
          -1.278862
        ],
        "type": "Point"
      },
      "properties": {
        "frame": "map",
        "id": 95
      },
      "type": "Feature"
    },
    {
      "geometry": {
        "coordinates": [
          -1.750706,
          -1.04856
        ],
        "type": "Point"
      },
      "properties": {
        "frame": "map",
        "id": 96
      },
      "type": "Feature"
    },
    {
      "geometry": {
        "coordinates": [
          -1.612031,
          -0.840547
        ],
        "type": "Point"
      },
      "properties": {
        "frame": "map",
        "id": 97
      },
      "type": "Feature"
    },
    {
      "geometry": {
        "coordinates": [
          -2.095287,
          1.185526
        ],
        "type": "Point"
      },
      "properties": {
        "frame": "map",
        "id": 98
      },
      "type": "Feature"
    },
    {
      "geometry": {
        "coordinates": [
          -1.975574,
          0.966052
        ],
        "type": "Point"
      },
      "properties": {
        "frame": "map",
        "id": 99
      },
      "type": "Feature"
    },
    {
      "geometry": {
        "coordinates": [
          -1.909859,
          0.731605
        ],
        "type": "Point"
      },
      "properties": {
        "frame": "map",
        "id": 100
      },
      "type": "Feature"
    },
    {
      "geometry": {
        "coordinates": [
          -1.899451,
          0.481822
        ],
        "type": "Point"
      },
      "properties": {
        "frame": "map",
        "id": 101
      },
      "type": "Feature"
    },
    {
      "geometry": {
        "coordinates": [
          -1.889043,
          0.232039
        ],
        "type": "Point"
      },
      "properties": {
        "frame": "map",
        "id": 102
      },
      "type": "Feature"
    },
    {
      "geometry": {
        "coordinates": [
          -1.878636,
          -0.017745
        ],
        "type": "Point"
      },
      "properties": {
        "frame": "map",
        "id": 103
      },
      "type": "Feature"
    },
    {
      "geometry": {
        "coordinates": [
          -1.868228,
          -0.267528
        ],
        "type": "Point"
      },
      "properties": {
        "frame": "map",
        "id": 104
      },
      "type": "Feature"
    },
    {
      "geometry": {
        "coordinates": [
          -1.938223,
          -3.221777
        ],
        "type": "Point"
      },
      "properties": {
        "frame": "map",
        "id": 105
      },
      "type": "Feature"
    },
    {
      "geometry": {
        "coordinates": [
          -1.761447,
          -3.398553
        ],
        "type": "Point"
      },
      "properties": {
        "frame": "map",
        "id": 106
      },
      "type": "Feature"
    },
    {
      "geometry": {
        "coordinates": [
          -1.688223,
          -0.521777
        ],
        "type": "Point"
      },
      "properties": {
        "frame": "map",
        "id": 107
      },
      "type": "Feature"
    },
    {
      "geometry": {
        "coordinates": [
          -1.265,
          -0.695
        ],
        "type": "Point"
      },
      "properties": {
        "frame": "map",
        "id": 108
      },
      "type": "Feature"
    },
    {
      "geometry": {
        "coordinates": [
          -1.015,
          -0.695
        ],
        "type": "Point"
      },
      "properties": {
        "frame": "map",
        "id": 109
      },
      "type": "Feature"
    },
    {
      "geometry": {
        "coordinates": [
          -0.765,
          -0.695
        ],
        "type": "Point"
      },
      "properties": {
        "frame": "map",
        "id": 110
      },
      "type": "Feature"
    },
    {
      "geometry": {
        "coordinates": [
          -0.531795,
          -0.63953
        ],
        "type": "Point"
      },
      "properties": {
        "frame": "map",
        "id": 111
      },
      "type": "Feature"
    },
    {
      "geometry": {
        "coordinates": [
          -0.323782,
          -0.500855
        ],
        "type": "Point"
      },
      "properties": {
        "frame": "map",
        "id": 112
      },
      "type": "Feature"
    },
    {
      "geometry": {
        "coordinates": [
          -0.788223,
          0.778223
        ],
        "type": "Point"
      },
      "properties": {
        "frame": "map",
        "id": 113
      },
      "type": "Feature"
    },
    {
      "geometry": {
        "coordinates": [
          -0.609975,
          0.605
        ],
        "type": "Point"
      },
      "properties": {
        "frame": "map",
        "id": 114
      },
      "type": "Feature"
    },
    {
      "geometry": {
        "coordinates": [
          -0.765,
          3.405
        ],
        "type": "Point"
      },
      "properties": {
        "frame": "map",
        "id": 115
      },
      "type": "Feature"
    },
    {
      "geometry": {
        "coordinates": [
          -0.776856,
          3.740374
        ],
        "type": "Point"
      },
      "properties": {
        "frame": "map",
        "id": 116
      },
      "type": "Feature"
    },
    {
      "geometry": {
        "coordinates": [
          -0.588712,
          3.575748
        ],
        "type": "Point"
      },
      "properties": {
        "frame": "map",
        "id": 117
      },
      "type": "Feature"
    },
    {
      "geometry": {
        "coordinates": [
          -0.453197,
          3.331393
        ],
        "type": "Point"
      },
      "properties": {
        "frame": "map",
        "id": 118
      },
      "type": "Feature"
    },
    {
      "geometry": {
        "coordinates": [
          -0.341393,
          3.107786
        ],
        "type": "Point"
      },
      "properties": {
        "frame": "map",
        "id": 119
      },
      "type": "Feature"
    },
    {
      "geometry": {
        "coordinates": [
          -0.388223,
          3.731777
        ],
        "type": "Point"
      },
      "properties": {
        "frame": "map",
        "id": 120
      },
      "type": "Feature"
    },
    {
      "geometry": {
        "coordinates": [
          -0.211447,
          3.908553
        ],
        "type": "Point"
      },
      "properties": {
        "frame": "map",
        "id": 121
      },
      "type": "Feature"
    },
    {
      "geometry": {
        "coordinates": [
          -0.03467,
          4.08533
        ],
        "type": "Point"
      },
      "properties": {
        "frame": "map",
        "id": 122
      },
      "type": "Feature"
    },
    {
      "geometry": {
        "coordinates": [
          0.079546,
          4.299774
        ],
        "type": "Point"
      },
      "properties": {
        "frame": "map",
        "id": 123
      },
      "type": "Feature"
    },
    {
      "geometry": {
        "coordinates": [
          0.153067,
          4.538718
        ],
        "type": "Point"
      },
      "properties": {
        "frame": "map",
        "id": 124
      },
      "type": "Feature"
    },
    {
      "geometry": {
        "coordinates": [
          0.226589,
          4.777663
        ],
        "type": "Point"
      },
      "properties": {
        "frame": "map",
        "id": 125
      },
      "type": "Feature"
    },
    {
      "geometry": {
        "coordinates": [
          -0.288454,
          5.049279
        ],
        "type": "Point"
      },
      "properties": {
        "frame": "map",
        "id": 126
      },
      "type": "Feature"
    },
    {
      "geometry": {
        "coordinates": [
          -0.061908,
          4.943557
        ],
        "type": "Point"
      },
      "properties": {
        "frame": "map",
        "id": 127
      },
      "type": "Feature"
    },
    {
      "geometry": {
        "coordinates": [
          0.164637,
          4.837836
        ],
        "type": "Point"
      },
      "properties": {
        "frame": "map",
        "id": 128
      },
      "type": "Feature"
    },
    {
      "geometry": {
        "coordinates": [
          -0.475859,
          -1.695236
        ],
        "type": "Point"
      },
      "properties": {
        "frame": "map",
        "id": 129
      },
      "type": "Feature"
    },
    {
      "geometry": {
        "coordinates": [
          -0.486719,
          -1.445472
        ],
        "type": "Point"
      },
      "properties": {
        "frame": "map",
        "id": 130
      },
      "type": "Feature"
    },
    {
      "geometry": {
        "coordinates": [
          -0.497578,
          -1.195708
        ],
        "type": "Point"
      },
      "properties": {
        "frame": "map",
        "id": 131
      },
      "type": "Feature"
    },
    {
      "geometry": {
        "coordinates": [
          -0.508437,
          -0.945944
        ],
        "type": "Point"
      },
      "properties": {
        "frame": "map",
        "id": 132
      },
      "type": "Feature"
    },
    {
      "geometry": {
        "coordinates": [
          -0.460133,
          -0.712699
        ],
        "type": "Point"
      },
      "properties": {
        "frame": "map",
        "id": 133
      },
      "type": "Feature"
    },
    {
      "geometry": {
        "coordinates": [
          -0.321458,
          -0.504686
        ],
        "type": "Point"
      },
      "properties": {
        "frame": "map",
        "id": 134
      },
      "type": "Feature"
    },
    {
      "geometry": {
        "coordinates": [
          -0.231999,
          -2.035612
        ],
        "type": "Point"
      },
      "properties": {
        "frame": "map",
        "id": 135
      },
      "type": "Feature"
    },
    {
      "geometry": {
        "coordinates": [
          0.001002,
          -2.126223
        ],
        "type": "Point"
      },
      "properties": {
        "frame": "map",
        "id": 136
      },
      "type": "Feature"
    },
    {
      "geometry": {
        "coordinates": [
          0.234004,
          -2.216835
        ],
        "type": "Point"
      },
      "properties": {
        "frame": "map",
        "id": 137
      },
      "type": "Feature"
    },
    {
      "geometry": {
        "coordinates": [
          0.456452,
          -2.321815
        ],
        "type": "Point"
      },
      "properties": {
        "frame": "map",
        "id": 138
      },
      "type": "Feature"
    },
    {
      "geometry": {
        "coordinates": [
          0.612626,
          -2.517032
        ],
        "type": "Point"
      },
      "properties": {
        "frame": "map",
        "id": 139
      },
      "type": "Feature"
    },
    {
      "geometry": {
        "coordinates": [
          0.652787,
          -2.758444
        ],
        "type": "Point"
      },
      "properties": {
        "frame": "map",
        "id": 140
      },
      "type": "Feature"
    },
    {
      "geometry": {
        "coordinates": [
          0.673548,
          -3.00758
        ],
        "type": "Point"
      },
      "properties": {
        "frame": "map",
        "id": 141
      },
      "type": "Feature"
    },
    {
      "geometry": {
        "coordinates": [
          0.657811,
          -3.253757
        ],
        "type": "Point"
      },
      "properties": {
        "frame": "map",
        "id": 142
      },
      "type": "Feature"
    },
    {
      "geometry": {
        "coordinates": [
          0.597177,
          -3.496292
        ],
        "type": "Point"
      },
      "properties": {
        "frame": "map",
        "id": 143
      },
      "type": "Feature"
    },
    {
      "geometry": {
        "coordinates": [
          0.659201,
          -3.730503
        ],
        "type": "Point"
      },
      "properties": {
        "frame": "map",
        "id": 144
      },
      "type": "Feature"
    },
    {
      "geometry": {
        "coordinates": [
          0.685,
          -3.975535
        ],
        "type": "Point"
      },
      "properties": {
        "frame": "map",
        "id": 145
      },
      "type": "Feature"
    },
    {
      "geometry": {
        "coordinates": [
          0.685,
          -4.225535
        ],
        "type": "Point"
      },
      "properties": {
        "frame": "map",
        "id": 146
      },
      "type": "Feature"
    },
    {
      "geometry": {
        "coordinates": [
          0.569424,
          -4.433691
        ],
        "type": "Point"
      },
      "properties": {
        "frame": "map",
        "id": 147
      },
      "type": "Feature"
    },
    {
      "geometry": {
        "coordinates": [
          -0.365,
          0.855
        ],
        "type": "Point"
      },
      "properties": {
        "frame": "map",
        "id": 148
      },
      "type": "Feature"
    },
    {
      "geometry": {
        "coordinates": [
          -0.365,
          1.105
        ],
        "type": "Point"
      },
      "properties": {
        "frame": "map",
        "id": 149
      },
      "type": "Feature"
    },
    {
      "geometry": {
        "coordinates": [
          -0.365,
          1.355
        ],
        "type": "Point"
      },
      "properties": {
        "frame": "map",
        "id": 150
      },
      "type": "Feature"
    },
    {
      "geometry": {
        "coordinates": [
          -0.365,
          1.605
        ],
        "type": "Point"
      },
      "properties": {
        "frame": "map",
        "id": 151
      },
      "type": "Feature"
    },
    {
      "geometry": {
        "coordinates": [
          -0.365,
          1.855
        ],
        "type": "Point"
      },
      "properties": {
        "frame": "map",
        "id": 152
      },
      "type": "Feature"
    },
    {
      "geometry": {
        "coordinates": [
          -0.365,
          2.105
        ],
        "type": "Point"
      },
      "properties": {
        "frame": "map",
        "id": 153
      },
      "type": "Feature"
    },
    {
      "geometry": {
        "coordinates": [
          -0.365,
          2.355
        ],
        "type": "Point"
      },
      "properties": {
        "frame": "map",
        "id": 154
      },
      "type": "Feature"
    },
    {
      "geometry": {
        "coordinates": [
          -0.365,
          2.605
        ],
        "type": "Point"
      },
      "properties": {
        "frame": "map",
        "id": 155
      },
      "type": "Feature"
    },
    {
      "geometry": {
        "coordinates": [
          -0.320279,
          2.844443
        ],
        "type": "Point"
      },
      "properties": {
        "frame": "map",
        "id": 156
      },
      "type": "Feature"
    },
    {
      "geometry": {
        "coordinates": [
          -0.240965,
          0.387939
        ],
        "type": "Point"
      },
      "properties": {
        "frame": "map",
        "id": 157
      },
      "type": "Feature"
    },
    {
      "geometry": {
        "coordinates": [
          -0.116931,
          0.170878
        ],
        "type": "Point"
      },
      "properties": {
        "frame": "map",
        "id": 158
      },
      "type": "Feature"
    },
    {
      "geometry": {
        "coordinates": [
          0.007104,
          -0.046182
        ],
        "type": "Point"
      },
      "properties": {
        "frame": "map",
        "id": 159
      },
      "type": "Feature"
    },
    {
      "geometry": {
        "coordinates": [
          -0.150374,
          -0.306856
        ],
        "type": "Point"
      },
      "properties": {
        "frame": "map",
        "id": 160
      },
      "type": "Feature"
    },
    {
      "geometry": {
        "coordinates": [
          0.014252,
          -0.118712
        ],
        "type": "Point"
      },
      "properties": {
        "frame": "map",
        "id": 161
      },
      "type": "Feature"
    },
    {
      "geometry": {
        "coordinates": [
          -0.14442,
          -0.677764
        ],
        "type": "Point"
      },
      "properties": {
        "frame": "map",
        "id": 162
      },
      "type": "Feature"
    },
    {
      "geometry": {
        "coordinates": [
          0.026159,
          -0.860528
        ],
        "type": "Point"
      },
      "properties": {
        "frame": "map",
        "id": 163
      },
      "type": "Feature"
    },
    {
      "geometry": {
        "coordinates": [
          0.196739,
          -1.043291
        ],
        "type": "Point"
      },
      "properties": {
        "frame": "map",
        "id": 164
      },
      "type": "Feature"
    },
    {
      "geometry": {
        "coordinates": [
          0.367318,
          -1.226055
        ],
        "type": "Point"
      },
      "properties": {
        "frame": "map",
        "id": 165
      },
      "type": "Feature"
    },
    {
      "geometry": {
        "coordinates": [
          0.222171,
          -5.365943
        ],
        "type": "Point"
      },
      "properties": {
        "frame": "map",
        "id": 166
      },
      "type": "Feature"
    },
    {
      "geometry": {
        "coordinates": [
          0.272171,
          -0.015943
        ],
        "type": "Point"
      },
      "properties": {
        "frame": "map",
        "id": 167
      },
      "type": "Feature"
    },
    {
      "geometry": {
        "coordinates": [
          0.509342,
          0.063114
        ],
        "type": "Point"
      },
      "properties": {
        "frame": "map",
        "id": 168
      },
      "type": "Feature"
    },
    {
      "geometry": {
        "coordinates": [
          0.381598,
          -4.5861
        ],
        "type": "Point"
      },
      "properties": {
        "frame": "map",
        "id": 169
      },
      "type": "Feature"
    },
    {
      "geometry": {
        "coordinates": [
          0.485,
          4.805
        ],
        "type": "Point"
      },
      "properties": {
        "frame": "map",
        "id": 170
      },
      "type": "Feature"
    },
    {
      "geometry": {
        "coordinates": [
          0.729721,
          4.782639
        ],
        "type": "Point"
      },
      "properties": {
        "frame": "map",
        "id": 171
      },
      "type": "Feature"
    },
    {
      "geometry": {
        "coordinates": [
          0.435,
          -5.045
        ],
        "type": "Point"
      },
      "properties": {
        "frame": "map",
        "id": 172
      },
      "type": "Feature"
    },
    {
      "geometry": {
        "coordinates": [
          0.435,
          -4.795
        ],
        "type": "Point"
      },
      "properties": {
        "frame": "map",
        "id": 173
      },
      "type": "Feature"
    },
    {
      "geometry": {
        "coordinates": [
          0.485,
          1.955
        ],
        "type": "Point"
      },
      "properties": {
        "frame": "map",
        "id": 174
      },
      "type": "Feature"
    },
    {
      "geometry": {
        "coordinates": [
          0.811777,
          0.281777
        ],
        "type": "Point"
      },
      "properties": {
        "frame": "map",
        "id": 175
      },
      "type": "Feature"
    },
    {
      "geometry": {
        "coordinates": [
          0.988553,
          0.458553
        ],
        "type": "Point"
      },
      "properties": {
        "frame": "map",
        "id": 176
      },
      "type": "Feature"
    },
    {
      "geometry": {
        "coordinates": [
          0.875374,
          0.062191
        ],
        "type": "Point"
      },
      "properties": {
        "frame": "map",
        "id": 177
      },
      "type": "Feature"
    },
    {
      "geometry": {
        "coordinates": [
          1.101308,
          -0.04483
        ],
        "type": "Point"
      },
      "properties": {
        "frame": "map",
        "id": 178
      },
      "type": "Feature"
    },
    {
      "geometry": {
        "coordinates": [
          1.327243,
          -0.151852
        ],
        "type": "Point"
      },
      "properties": {
        "frame": "map",
        "id": 179
      },
      "type": "Feature"
    },
    {
      "geometry": {
        "coordinates": [
          1.553177,
          -0.258873
        ],
        "type": "Point"
      },
      "properties": {
        "frame": "map",
        "id": 180
      },
      "type": "Feature"
    },
    {
      "geometry": {
        "coordinates": [
          0.934029,
          4.459855
        ],
        "type": "Point"
      },
      "properties": {
        "frame": "map",
        "id": 181
      },
      "type": "Feature"
    },
    {
      "geometry": {
        "coordinates": [
          0.983058,
          4.21471
        ],
        "type": "Point"
      },
      "properties": {
        "frame": "map",
        "id": 182
      },
      "type": "Feature"
    },
    {
      "geometry": {
        "coordinates": [
          1.118182,
          4.005226
        ],
        "type": "Point"
      },
      "properties": {
        "frame": "map",
        "id": 183
      },
      "type": "Feature"
    },
    {
      "geometry": {
        "coordinates": [
          1.256857,
          3.797214
        ],
        "type": "Point"
      },
      "properties": {
        "frame": "map",
        "id": 184
      },
      "type": "Feature"
    },
    {
      "geometry": {
        "coordinates": [
          1.108607,
          4.816803
        ],
        "type": "Point"
      },
      "properties": {
        "frame": "map",
        "id": 185
      },
      "type": "Feature"
    },
    {
      "geometry": {
        "coordinates": [
          1.337786,
          4.905
        ],
        "type": "Point"
      },
      "properties": {
        "frame": "map",
        "id": 186
      },
      "type": "Feature"
    },
    {
      "geometry": {
        "coordinates": [
          1.587786,
          4.905
        ],
        "type": "Point"
      },
      "properties": {
        "frame": "map",
        "id": 187
      },
      "type": "Feature"
    },
    {
      "geometry": {
        "coordinates": [
          1.837786,
          4.905
        ],
        "type": "Point"
      },
      "properties": {
        "frame": "map",
        "id": 188
      },
      "type": "Feature"
    },
    {
      "geometry": {
        "coordinates": [
          1.049645,
          0.802487
        ],
        "type": "Point"
      },
      "properties": {
        "frame": "map",
        "id": 189
      },
      "type": "Feature"
    },
    {
      "geometry": {
        "coordinates": [
          1.100493,
          1.035986
        ],
        "type": "Point"
      },
      "properties": {
        "frame": "map",
        "id": 190
      },
      "type": "Feature"
    },
    {
      "geometry": {
        "coordinates": [
          1.185,
          1.266036
        ],
        "type": "Point"
      },
      "properties": {
        "frame": "map",
        "id": 191
      },
      "type": "Feature"
    },
    {
      "geometry": {
        "coordinates": [
          1.185,
          1.516036
        ],
        "type": "Point"
      },
      "properties": {
        "frame": "map",
        "id": 192
      },
      "type": "Feature"
    },
    {
      "geometry": {
        "coordinates": [
          1.185,
          1.766036
        ],
        "type": "Point"
      },
      "properties": {
        "frame": "map",
        "id": 193
      },
      "type": "Feature"
    },
    {
      "geometry": {
        "coordinates": [
          1.185,
          2.016036
        ],
        "type": "Point"
      },
      "properties": {
        "frame": "map",
        "id": 194
      },
      "type": "Feature"
    },
    {
      "geometry": {
        "coordinates": [
          1.185,
          2.266036
        ],
        "type": "Point"
      },
      "properties": {
        "frame": "map",
        "id": 195
      },
      "type": "Feature"
    },
    {
      "geometry": {
        "coordinates": [
          1.185,
          2.516036
        ],
        "type": "Point"
      },
      "properties": {
        "frame": "map",
        "id": 196
      },
      "type": "Feature"
    },
    {
      "geometry": {
        "coordinates": [
          1.182323,
          2.765707
        ],
        "type": "Point"
      },
      "properties": {
        "frame": "map",
        "id": 197
      },
      "type": "Feature"
    },
    {
      "geometry": {
        "coordinates": [
          1.121689,
          3.008243
        ],
        "type": "Point"
      },
      "properties": {
        "frame": "map",
        "id": 198
      },
      "type": "Feature"
    },
    {
      "geometry": {
        "coordinates": [
          1.132946,
          3.241302
        ],
        "type": "Point"
      },
      "properties": {
        "frame": "map",
        "id": 199
      },
      "type": "Feature"
    },
    {
      "geometry": {
        "coordinates": [
          1.254356,
          3.459841
        ],
        "type": "Point"
      },
      "properties": {
        "frame": "map",
        "id": 200
      },
      "type": "Feature"
    },
    {
      "geometry": {
        "coordinates": [
          1.308454,
          3.684637
        ],
        "type": "Point"
      },
      "properties": {
        "frame": "map",
        "id": 201
      },
      "type": "Feature"
    },
    {
      "geometry": {
        "coordinates": [
          1.333069,
          0.586009
        ],
        "type": "Point"
      },
      "properties": {
        "frame": "map",
        "id": 202
      },
      "type": "Feature"
    },
    {
      "geometry": {
        "coordinates": [
          1.493013,
          3.616325
        ],
        "type": "Point"
      },
      "properties": {
        "frame": "map",
        "id": 203
      },
      "type": "Feature"
    },
    {
      "geometry": {
        "coordinates": [
          1.522171,
          3.834057
        ],
        "type": "Point"
      },
      "properties": {
        "frame": "map",
        "id": 204
      },
      "type": "Feature"
    },
    {
      "geometry": {
        "coordinates": [
          1.899626,
          -0.156856
        ],
        "type": "Point"
      },
      "properties": {
        "frame": "map",
        "id": 205
      },
      "type": "Feature"
    },
    {
      "geometry": {
        "coordinates": [
          2.064252,
          0.031288
        ],
        "type": "Point"
      },
      "properties": {
        "frame": "map",
        "id": 206
      },
      "type": "Feature"
    },
    {
      "geometry": {
        "coordinates": [
          1.893309,
          -0.538489
        ],
        "type": "Point"
      },
      "properties": {
        "frame": "map",
        "id": 207
      },
      "type": "Feature"
    },
    {
      "geometry": {
        "coordinates": [
          2.051619,
          -0.731979
        ],
        "type": "Point"
      },
      "properties": {
        "frame": "map",
        "id": 208
      },
      "type": "Feature"
    },
    {
      "geometry": {
        "coordinates": [
          [
            [
              -4.414999999999999,
              3.8050000000000015
            ],
            [
              -4.174619013089793,
              3.873680281974346
            ]
          ]
        ],
        "type": "MultiLineString"
      },
      "properties": {
        "endid": 40,
        "id": 209,
        "metadata": {
          "bottleneck": true,
          "canonical_edge_id": 1,
          "length_m": 0.25,
          "min_clearance_m": 0.22360680997371674,
          "segment_fraction_end": 0.05572733832527639,
          "segment_fraction_start": 0.0,
          "segment_index": 0,
          "static_traversability": "UNKNOWN"
        },
        "startid": 0
      },
      "type": "Feature"
    },
    {
      "geometry": {
        "coordinates": [
          [
            [
              -4.174619013089793,
              3.873680281974346
            ],
            [
              -3.9291751695214088,
              3.9117912415239307
            ]
          ]
        ],
        "type": "MultiLineString"
      },
      "properties": {
        "endid": 41,
        "id": 210,
        "metadata": {
          "bottleneck": true,
          "canonical_edge_id": 1,
          "length_m": 0.25,
          "min_clearance_m": 0.22360680997371674,
          "segment_fraction_end": 0.11145467665055278,
          "segment_fraction_start": 0.05572733832527639,
          "segment_index": 1,
          "static_traversability": "UNKNOWN"
        },
        "startid": 40
      },
      "type": "Feature"
    },
    {
      "geometry": {
        "coordinates": [
          [
            [
              -3.9291751695214088,
              3.9117912415239307
            ],
            [
              -3.6794870848019476,
              3.924275645759904
            ]
          ]
        ],
        "type": "MultiLineString"
      },
      "properties": {
        "endid": 42,
        "id": 211,
        "metadata": {
          "bottleneck": true,
          "canonical_edge_id": 1,
          "length_m": 0.25,
          "min_clearance_m": 0.22360680997371674,
          "segment_fraction_end": 0.16718201497582916,
          "segment_fraction_start": 0.11145467665055278,
          "segment_index": 2,
          "static_traversability": "UNKNOWN"
        },
        "startid": 41
      },
      "type": "Feature"
    },
    {
      "geometry": {
        "coordinates": [
          [
            [
              -3.6794870848019476,
              3.924275645759904
            ],
            [
              -3.4297990000824865,
              3.9367600499958773
            ]
          ]
        ],
        "type": "MultiLineString"
      },
      "properties": {
        "endid": 43,
        "id": 212,
        "metadata": {
          "bottleneck": true,
          "canonical_edge_id": 1,
          "length_m": 0.25,
          "min_clearance_m": 0.22360680997371674,
          "segment_fraction_end": 0.22290935330110556,
          "segment_fraction_start": 0.16718201497582916,
          "segment_index": 3,
          "static_traversability": "UNKNOWN"
        },
        "startid": 42
      },
      "type": "Feature"
    },
    {
      "geometry": {
        "coordinates": [
          [
            [
              -3.4297990000824865,
              3.9367600499958773
            ],
            [
              -3.1801109153630254,
              3.9492444542318506
            ]
          ]
        ],
        "type": "MultiLineString"
      },
      "properties": {
        "endid": 44,
        "id": 213,
        "metadata": {
          "bottleneck": true,
          "canonical_edge_id": 1,
          "length_m": 0.25,
          "min_clearance_m": 0.22360680997371674,
          "segment_fraction_end": 0.27863669162638194,
          "segment_fraction_start": 0.22290935330110556,
          "segment_index": 4,
          "static_traversability": "UNKNOWN"
        },
        "startid": 43
      },
      "type": "Feature"
    },
    {
      "geometry": {
        "coordinates": [
          [
            [
              -3.1801109153630254,
              3.9492444542318506
            ],
            [
              -2.939892142917874,
              3.9049568571671514
            ]
          ]
        ],
        "type": "MultiLineString"
      },
      "properties": {
        "endid": 45,
        "id": 214,
        "metadata": {
          "bottleneck": true,
          "canonical_edge_id": 1,
          "length_m": 0.25,
          "min_clearance_m": 0.22360680997371674,
          "segment_fraction_end": 0.3343640299516583,
          "segment_fraction_start": 0.27863669162638194,
          "segment_index": 5,
          "static_traversability": "UNKNOWN"
        },
        "startid": 44
      },
      "type": "Feature"
    },
    {
      "geometry": {
        "coordinates": [
          [
            [
              -2.939892142917874,
              3.9049568571671514
            ],
            [
              -2.7077729701965594,
              3.812109188078625
            ]
          ]
        ],
        "type": "MultiLineString"
      },
      "properties": {
        "endid": 46,
        "id": 215,
        "metadata": {
          "bottleneck": true,
          "canonical_edge_id": 1,
          "length_m": 0.25,
          "min_clearance_m": 0.22360680997371674,
          "segment_fraction_end": 0.39009136827693475,
          "segment_fraction_start": 0.3343640299516583,
          "segment_index": 6,
          "static_traversability": "UNKNOWN"
        },
        "startid": 45
      },
      "type": "Feature"
    },
    {
      "geometry": {
        "coordinates": [
          [
            [
              -2.7077729701965594,
              3.812109188078625
            ],
            [
              -2.493077694344346,
              3.69106906163942
            ]
          ]
        ],
        "type": "MultiLineString"
      },
      "properties": {
        "endid": 47,
        "id": 216,
        "metadata": {
          "bottleneck": true,
          "canonical_edge_id": 1,
          "length_m": 0.25,
          "min_clearance_m": 0.22360680997371674,
          "segment_fraction_end": 0.4458187066022111,
          "segment_fraction_start": 0.39009136827693475,
          "segment_index": 7,
          "static_traversability": "UNKNOWN"
        },
        "startid": 46
      },
      "type": "Feature"
    },
    {
      "geometry": {
        "coordinates": [
          [
            [
              -2.493077694344346,
              3.69106906163942
            ],
            [
              -2.306225364673431,
              3.5249781019319397
            ]
          ]
        ],
        "type": "MultiLineString"
      },
      "properties": {
        "endid": 48,
        "id": 217,
        "metadata": {
          "bottleneck": true,
          "canonical_edge_id": 1,
          "length_m": 0.25,
          "min_clearance_m": 0.22360680997371674,
          "segment_fraction_end": 0.5015460449274876,
          "segment_fraction_start": 0.4458187066022111,
          "segment_index": 8,
          "static_traversability": "UNKNOWN"
        },
        "startid": 47
      },
      "type": "Feature"
    },
    {
      "geometry": {
        "coordinates": [
          [
            [
              -2.306225364673431,
              3.5249781019319397
            ],
            [
              -2.1193730350025164,
              3.35888714222446
            ]
          ]
        ],
        "type": "MultiLineString"
      },
      "properties": {
        "endid": 49,
        "id": 218,
        "metadata": {
          "bottleneck": true,
          "canonical_edge_id": 1,
          "length_m": 0.25,
          "min_clearance_m": 0.22360680997371674,
          "segment_fraction_end": 0.5572733832527639,
          "segment_fraction_start": 0.5015460449274876,
          "segment_index": 9,
          "static_traversability": "UNKNOWN"
        },
        "startid": 48
      },
      "type": "Feature"
    },
    {
      "geometry": {
        "coordinates": [
          [
            [
              -2.1193730350025164,
              3.35888714222446
            ],
            [
              -2.1149999999999993,
              3.110850923842131
            ]
          ]
        ],
        "type": "MultiLineString"
      },
      "properties": {
        "endid": 50,
        "id": 219,
        "metadata": {
          "bottleneck": true,
          "canonical_edge_id": 1,
          "length_m": 0.25,
          "min_clearance_m": 0.22360680997371674,
          "segment_fraction_end": 0.6130007215780403,
          "segment_fraction_start": 0.5572733832527639,
          "segment_index": 10,
          "static_traversability": "UNKNOWN"
        },
        "startid": 49
      },
      "type": "Feature"
    },
    {
      "geometry": {
        "coordinates": [
          [
            [
              -2.1149999999999993,
              3.110850923842131
            ],
            [
              -2.1149999999999993,
              2.860850923842131
            ]
          ]
        ],
        "type": "MultiLineString"
      },
      "properties": {
        "endid": 51,
        "id": 220,
        "metadata": {
          "bottleneck": true,
          "canonical_edge_id": 1,
          "length_m": 0.25,
          "min_clearance_m": 0.22360680997371674,
          "segment_fraction_end": 0.6687280599033166,
          "segment_fraction_start": 0.6130007215780403,
          "segment_index": 11,
          "static_traversability": "UNKNOWN"
        },
        "startid": 50
      },
      "type": "Feature"
    },
    {
      "geometry": {
        "coordinates": [
          [
            [
              -2.1149999999999993,
              2.860850923842131
            ],
            [
              -2.1149999999999993,
              2.610850923842131
            ]
          ]
        ],
        "type": "MultiLineString"
      },
      "properties": {
        "endid": 52,
        "id": 221,
        "metadata": {
          "bottleneck": true,
          "canonical_edge_id": 1,
          "length_m": 0.25,
          "min_clearance_m": 0.22360680997371674,
          "segment_fraction_end": 0.7244553982285931,
          "segment_fraction_start": 0.6687280599033166,
          "segment_index": 12,
          "static_traversability": "UNKNOWN"
        },
        "startid": 51
      },
      "type": "Feature"
    },
    {
      "geometry": {
        "coordinates": [
          [
            [
              -2.1149999999999993,
              2.610850923842131
            ],
            [
              -2.1149999999999993,
              2.360850923842131
            ]
          ]
        ],
        "type": "MultiLineString"
      },
      "properties": {
        "endid": 53,
        "id": 222,
        "metadata": {
          "bottleneck": true,
          "canonical_edge_id": 1,
          "length_m": 0.25,
          "min_clearance_m": 0.22360680997371674,
          "segment_fraction_end": 0.7801827365538695,
          "segment_fraction_start": 0.7244553982285931,
          "segment_index": 13,
          "static_traversability": "UNKNOWN"
        },
        "startid": 52
      },
      "type": "Feature"
    },
    {
      "geometry": {
        "coordinates": [
          [
            [
              -2.1149999999999993,
              2.360850923842131
            ],
            [
              -2.1149999999999993,
              2.110850923842131
            ]
          ]
        ],
        "type": "MultiLineString"
      },
      "properties": {
        "endid": 54,
        "id": 223,
        "metadata": {
          "bottleneck": true,
          "canonical_edge_id": 1,
          "length_m": 0.25,
          "min_clearance_m": 0.22360680997371674,
          "segment_fraction_end": 0.8359100748791458,
          "segment_fraction_start": 0.7801827365538695,
          "segment_index": 14,
          "static_traversability": "UNKNOWN"
        },
        "startid": 53
      },
      "type": "Feature"
    },
    {
      "geometry": {
        "coordinates": [
          [
            [
              -2.1149999999999993,
              2.110850923842131
            ],
            [
              -2.1149999999999993,
              1.860850923842131
            ]
          ]
        ],
        "type": "MultiLineString"
      },
      "properties": {
        "endid": 55,
        "id": 224,
        "metadata": {
          "bottleneck": true,
          "canonical_edge_id": 1,
          "length_m": 0.25,
          "min_clearance_m": 0.22360680997371674,
          "segment_fraction_end": 0.8916374132044222,
          "segment_fraction_start": 0.8359100748791458,
          "segment_index": 15,
          "static_traversability": "UNKNOWN"
        },
        "startid": 54
      },
      "type": "Feature"
    },
    {
      "geometry": {
        "coordinates": [
          [
            [
              -2.1149999999999993,
              1.860850923842131
            ],
            [
              -2.1149999999999993,
              1.610850923842131
            ]
          ]
        ],
        "type": "MultiLineString"
      },
      "properties": {
        "endid": 56,
        "id": 225,
        "metadata": {
          "bottleneck": true,
          "canonical_edge_id": 1,
          "length_m": 0.25,
          "min_clearance_m": 0.22360680997371674,
          "segment_fraction_end": 0.9473647515296987,
          "segment_fraction_start": 0.8916374132044222,
          "segment_index": 16,
          "static_traversability": "UNKNOWN"
        },
        "startid": 55
      },
      "type": "Feature"
    },
    {
      "geometry": {
        "coordinates": [
          [
            [
              -2.1149999999999993,
              1.610850923842131
            ],
            [
              -2.2149999999999994,
              1.4050000000000011
            ]
          ]
        ],
        "type": "MultiLineString"
      },
      "properties": {
        "endid": 6,
        "id": 226,
        "metadata": {
          "bottleneck": true,
          "canonical_edge_id": 1,
          "length_m": 0.23612848761532934,
          "min_clearance_m": 0.22360680997371674,
          "segment_fraction_end": 0.9999999999999998,
          "segment_fraction_start": 0.9473647515296987,
          "segment_index": 17,
          "static_traversability": "UNKNOWN"
        },
        "startid": 56
      },
      "type": "Feature"
    },
    {
      "geometry": {
        "coordinates": [
          [
            [
              -4.364999999999999,
              1.205000000000001
            ],
            [
              -4.114999999999999,
              1.205000000000001
            ]
          ]
        ],
        "type": "MultiLineString"
      },
      "properties": {
        "endid": 57,
        "id": 227,
        "metadata": {
          "bottleneck": true,
          "canonical_edge_id": 2,
          "length_m": 0.25,
          "min_clearance_m": 0.25,
          "segment_fraction_end": 0.1137804720087373,
          "segment_fraction_start": 0.0,
          "segment_index": 0,
          "static_traversability": "UNKNOWN"
        },
        "startid": 1
      },
      "type": "Feature"
    },
    {
      "geometry": {
        "coordinates": [
          [
            [
              -4.114999999999999,
              1.205000000000001
            ],
            [
              -3.8649999999999993,
              1.205000000000001
            ]
          ]
        ],
        "type": "MultiLineString"
      },
      "properties": {
        "endid": 58,
        "id": 228,
        "metadata": {
          "bottleneck": true,
          "canonical_edge_id": 2,
          "length_m": 0.25,
          "min_clearance_m": 0.25,
          "segment_fraction_end": 0.2275609440174746,
          "segment_fraction_start": 0.1137804720087373,
          "segment_index": 1,
          "static_traversability": "UNKNOWN"
        },
        "startid": 57
      },
      "type": "Feature"
    },
    {
      "geometry": {
        "coordinates": [
          [
            [
              -3.8649999999999993,
              1.205000000000001
            ],
            [
              -3.6149999999999993,
              1.205000000000001
            ]
          ]
        ],
        "type": "MultiLineString"
      },
      "properties": {
        "endid": 59,
        "id": 229,
        "metadata": {
          "bottleneck": true,
          "canonical_edge_id": 2,
          "length_m": 0.25,
          "min_clearance_m": 0.25,
          "segment_fraction_end": 0.34134141602621193,
          "segment_fraction_start": 0.2275609440174746,
          "segment_index": 2,
          "static_traversability": "UNKNOWN"
        },
        "startid": 58
      },
      "type": "Feature"
    },
    {
      "geometry": {
        "coordinates": [
          [
            [
              -3.6149999999999993,
              1.205000000000001
            ],
            [
              -3.3649999999999993,
              1.205000000000001
            ]
          ]
        ],
        "type": "MultiLineString"
      },
      "properties": {
        "endid": 60,
        "id": 230,
        "metadata": {
          "bottleneck": true,
          "canonical_edge_id": 2,
          "length_m": 0.25,
          "min_clearance_m": 0.25,
          "segment_fraction_end": 0.4551218880349492,
          "segment_fraction_start": 0.34134141602621193,
          "segment_index": 3,
          "static_traversability": "UNKNOWN"
        },
        "startid": 59
      },
      "type": "Feature"
    },
    {
      "geometry": {
        "coordinates": [
          [
            [
              -3.3649999999999993,
              1.205000000000001
            ],
            [
              -3.1149999999999993,
              1.205000000000001
            ]
          ]
        ],
        "type": "MultiLineString"
      },
      "properties": {
        "endid": 61,
        "id": 231,
        "metadata": {
          "bottleneck": true,
          "canonical_edge_id": 2,
          "length_m": 0.25,
          "min_clearance_m": 0.25,
          "segment_fraction_end": 0.5689023600436866,
          "segment_fraction_start": 0.4551218880349492,
          "segment_index": 4,
          "static_traversability": "UNKNOWN"
        },
        "startid": 60
      },
      "type": "Feature"
    },
    {
      "geometry": {
        "coordinates": [
          [
            [
              -3.1149999999999993,
              1.205000000000001
            ],
            [
              -2.8649999999999993,
              1.2050000000000012
            ]
          ]
        ],
        "type": "MultiLineString"
      },
      "properties": {
        "endid": 62,
        "id": 232,
        "metadata": {
          "bottleneck": true,
          "canonical_edge_id": 2,
          "length_m": 0.25,
          "min_clearance_m": 0.25,
          "segment_fraction_end": 0.6826828320524239,
          "segment_fraction_start": 0.5689023600436866,
          "segment_index": 5,
          "static_traversability": "UNKNOWN"
        },
        "startid": 61
      },
      "type": "Feature"
    },
    {
      "geometry": {
        "coordinates": [
          [
            [
              -2.8649999999999993,
              1.2050000000000012
            ],
            [
              -2.6413932022500206,
              1.3168033988749905
            ]
          ]
        ],
        "type": "MultiLineString"
      },
      "properties": {
        "endid": 63,
        "id": 233,
        "metadata": {
          "bottleneck": true,
          "canonical_edge_id": 2,
          "length_m": 0.25,
          "min_clearance_m": 0.25,
          "segment_fraction_end": 0.7964633040611611,
          "segment_fraction_start": 0.6826828320524239,
          "segment_index": 6,
          "static_traversability": "UNKNOWN"
        },
        "startid": 62
      },
      "type": "Feature"
    },
    {
      "geometry": {
        "coordinates": [
          [
            [
              -2.6413932022500206,
              1.3168033988749905
            ],
            [
              -2.4122135954999573,
              1.4050000000000011
            ]
          ]
        ],
        "type": "MultiLineString"
      },
      "properties": {
        "endid": 64,
        "id": 234,
        "metadata": {
          "bottleneck": true,
          "canonical_edge_id": 2,
          "length_m": 0.25,
          "min_clearance_m": 0.25,
          "segment_fraction_end": 0.9102437760698984,
          "segment_fraction_start": 0.7964633040611611,
          "segment_index": 7,
          "static_traversability": "UNKNOWN"
        },
        "startid": 63
      },
      "type": "Feature"
    },
    {
      "geometry": {
        "coordinates": [
          [
            [
              -2.4122135954999573,
              1.4050000000000011
            ],
            [
              -2.2149999999999994,
              1.4050000000000011
            ]
          ]
        ],
        "type": "MultiLineString"
      },
      "properties": {
        "endid": 6,
        "id": 235,
        "metadata": {
          "bottleneck": true,
          "canonical_edge_id": 2,
          "length_m": 0.19721359549995787,
          "min_clearance_m": 0.25,
          "segment_fraction_end": 1.0,
          "segment_fraction_start": 0.9102437760698984,
          "segment_index": 8,
          "static_traversability": "UNKNOWN"
        },
        "startid": 64
      },
      "type": "Feature"
    },
    {
      "geometry": {
        "coordinates": [
          [
            [
              -4.0649999999999995,
              -0.544999999999999
            ],
            [
              -3.908826238111393,
              -0.3497827976392415
            ]
          ]
        ],
        "type": "MultiLineString"
      },
      "properties": {
        "endid": 65,
        "id": 236,
        "metadata": {
          "bottleneck": true,
          "canonical_edge_id": 3,
          "length_m": 0.25,
          "min_clearance_m": 0.2828427255153656,
          "segment_fraction_end": 0.10409394074863551,
          "segment_fraction_start": 0.0,
          "segment_index": 0,
          "static_traversability": "UNKNOWN"
        },
        "startid": 2
      },
      "type": "Feature"
    },
    {
      "geometry": {
        "coordinates": [
          [
            [
              -3.908826238111393,
              -0.3497827976392415
            ],
            [
              -3.696607013770873,
              -0.35814736983592166
            ]
          ]
        ],
        "type": "MultiLineString"
      },
      "properties": {
        "endid": 66,
        "id": 237,
        "metadata": {
          "bottleneck": true,
          "canonical_edge_id": 3,
          "length_m": 0.25,
          "min_clearance_m": 0.2828427255153656,
          "segment_fraction_end": 0.20818788149727102,
          "segment_fraction_start": 0.10409394074863551,
          "segment_index": 1,
          "static_traversability": "UNKNOWN"
        },
        "startid": 65
      },
      "type": "Feature"
    },
    {
      "geometry": {
        "coordinates": [
          [
            [
              -3.696607013770873,
              -0.35814736983592166
            ],
            [
              -3.4623563991375184,
              -0.4449999999999994
            ]
          ]
        ],
        "type": "MultiLineString"
      },
      "properties": {
        "endid": 67,
        "id": 238,
        "metadata": {
          "bottleneck": true,
          "canonical_edge_id": 3,
          "length_m": 0.25,
          "min_clearance_m": 0.2828427255153656,
          "segment_fraction_end": 0.31228182224590656,
          "segment_fraction_start": 0.20818788149727102,
          "segment_index": 2,
          "static_traversability": "UNKNOWN"
        },
        "startid": 66
      },
      "type": "Feature"
    },
    {
      "geometry": {
        "coordinates": [
          [
            [
              -3.4623563991375184,
              -0.4449999999999994
            ],
            [
              -3.2123563991375184,
              -0.4449999999999994
            ]
          ]
        ],
        "type": "MultiLineString"
      },
      "properties": {
        "endid": 68,
        "id": 239,
        "metadata": {
          "bottleneck": true,
          "canonical_edge_id": 3,
          "length_m": 0.25,
          "min_clearance_m": 0.2828427255153656,
          "segment_fraction_end": 0.41637576299454204,
          "segment_fraction_start": 0.31228182224590656,
          "segment_index": 3,
          "static_traversability": "UNKNOWN"
        },
        "startid": 67
      },
      "type": "Feature"
    },
    {
      "geometry": {
        "coordinates": [
          [
            [
              -3.2123563991375184,
              -0.4449999999999994
            ],
            [
              -2.962635491506446,
              -0.4438177457532225
            ]
          ]
        ],
        "type": "MultiLineString"
      },
      "properties": {
        "endid": 69,
        "id": 240,
        "metadata": {
          "bottleneck": true,
          "canonical_edge_id": 3,
          "length_m": 0.25,
          "min_clearance_m": 0.2828427255153656,
          "segment_fraction_end": 0.5204697037431776,
          "segment_fraction_start": 0.41637576299454204,
          "segment_index": 4,
          "static_traversability": "UNKNOWN"
        },
        "startid": 68
      },
      "type": "Feature"
    },
    {
      "geometry": {
        "coordinates": [
          [
            [
              -2.962635491506446,
              -0.4438177457532225
            ],
            [
              -2.7390286937564667,
              -0.33201434687823295
            ]
          ]
        ],
        "type": "MultiLineString"
      },
      "properties": {
        "endid": 70,
        "id": 241,
        "metadata": {
          "bottleneck": true,
          "canonical_edge_id": 3,
          "length_m": 0.25,
          "min_clearance_m": 0.2828427255153656,
          "segment_fraction_end": 0.6245636444918131,
          "segment_fraction_start": 0.5204697037431776,
          "segment_index": 5,
          "static_traversability": "UNKNOWN"
        },
        "startid": 69
      },
      "type": "Feature"
    },
    {
      "geometry": {
        "coordinates": [
          [
            [
              -2.7390286937564667,
              -0.33201434687823295
            ],
            [
              -2.5101270942577343,
              -0.2528389865346085
            ]
          ]
        ],
        "type": "MultiLineString"
      },
      "properties": {
        "endid": 71,
        "id": 242,
        "metadata": {
          "bottleneck": true,
          "canonical_edge_id": 3,
          "length_m": 0.25,
          "min_clearance_m": 0.2828427255153656,
          "segment_fraction_end": 0.7286575852404485,
          "segment_fraction_start": 0.6245636444918131,
          "segment_index": 6,
          "static_traversability": "UNKNOWN"
        },
        "startid": 70
      },
      "type": "Feature"
    },
    {
      "geometry": {
        "coordinates": [
          [
            [
              -2.5101270942577343,
              -0.2528389865346085
            ],
            [
              -2.2626397208424427,
              -0.28819432559393576
            ]
          ]
        ],
        "type": "MultiLineString"
      },
      "properties": {
        "endid": 72,
        "id": 243,
        "metadata": {
          "bottleneck": true,
          "canonical_edge_id": 3,
          "length_m": 0.25,
          "min_clearance_m": 0.2828427255153656,
          "segment_fraction_end": 0.8327515259890841,
          "segment_fraction_start": 0.7286575852404485,
          "segment_index": 7,
          "static_traversability": "UNKNOWN"
        },
        "startid": 71
      },
      "type": "Feature"
    },
    {
      "geometry": {
        "coordinates": [
          [
            [
              -2.2626397208424427,
              -0.28819432559393576
            ],
            [
              -2.0151523474271507,
              -0.323549664653263
            ]
          ]
        ],
        "type": "MultiLineString"
      },
      "properties": {
        "endid": 73,
        "id": 244,
        "metadata": {
          "bottleneck": true,
          "canonical_edge_id": 3,
          "length_m": 0.25,
          "min_clearance_m": 0.2828427255153656,
          "segment_fraction_end": 0.9368454667377196,
          "segment_fraction_start": 0.8327515259890841,
          "segment_index": 8,
          "static_traversability": "UNKNOWN"
        },
        "startid": 72
      },
      "type": "Feature"
    },
    {
      "geometry": {
        "coordinates": [
          [
            [
              -2.0151523474271507,
              -0.323549664653263
            ],
            [
              -1.8649999999999993,
              -0.34499999999999886
            ]
          ]
        ],
        "type": "MultiLineString"
      },
      "properties": {
        "endid": 8,
        "id": 245,
        "metadata": {
          "bottleneck": true,
          "canonical_edge_id": 3,
          "length_m": 0.15167677582402472,
          "min_clearance_m": 0.2828427255153656,
          "segment_fraction_end": 1.0,
          "segment_fraction_start": 0.9368454667377196,
          "segment_index": 9,
          "static_traversability": "UNKNOWN"
        },
        "startid": 73
      },
      "type": "Feature"
    },
    {
      "geometry": {
        "coordinates": [
          [
            [
              -3.5149999999999997,
              -3.5949999999999993
            ],
            [
              -3.744786257504514,
              -3.4965201753552075
            ]
          ]
        ],
        "type": "MultiLineString"
      },
      "properties": {
        "endid": 74,
        "id": 246,
        "metadata": {
          "bottleneck": true,
          "canonical_edge_id": 4,
          "length_m": 0.25,
          "min_clearance_m": 0.22360680997371674,
          "segment_fraction_end": 0.08931060015249585,
          "segment_fraction_start": 0.0,
          "segment_index": 0,
          "static_traversability": "UNKNOWN"
        },
        "startid": 3
      },
      "type": "Feature"
    },
    {
      "geometry": {
        "coordinates": [
          [
            [
              -3.744786257504514,
              -3.4965201753552075
            ],
            [
              -3.884598224345108,
              -3.327410653929348
            ]
          ]
        ],
        "type": "MultiLineString"
      },
      "properties": {
        "endid": 75,
        "id": 247,
        "metadata": {
          "bottleneck": true,
          "canonical_edge_id": 4,
          "length_m": 0.25,
          "min_clearance_m": 0.22360680997371674,
          "segment_fraction_end": 0.1786212003049917,
          "segment_fraction_start": 0.08931060015249585,
          "segment_index": 1,
          "static_traversability": "UNKNOWN"
        },
        "startid": 74
      },
      "type": "Feature"
    },
    {
      "geometry": {
        "coordinates": [
          [
            [
              -3.884598224345108,
              -3.327410653929348
            ],
            [
              -3.8921512676732295,
              -3.084070047128612
            ]
          ]
        ],
        "type": "MultiLineString"
      },
      "properties": {
        "endid": 76,
        "id": 248,
        "metadata": {
          "bottleneck": true,
          "canonical_edge_id": 4,
          "length_m": 0.25,
          "min_clearance_m": 0.22360680997371674,
          "segment_fraction_end": 0.26793180045748755,
          "segment_fraction_start": 0.1786212003049917,
          "segment_index": 2,
          "static_traversability": "UNKNOWN"
        },
        "startid": 75
      },
      "type": "Feature"
    },
    {
      "geometry": {
        "coordinates": [
          [
            [
              -3.8921512676732295,
              -3.084070047128612
            ],
            [
              -3.8043704072761315,
              -2.849987752736351
            ]
          ]
        ],
        "type": "MultiLineString"
      },
      "properties": {
        "endid": 77,
        "id": 249,
        "metadata": {
          "bottleneck": true,
          "canonical_edge_id": 4,
          "length_m": 0.25,
          "min_clearance_m": 0.22360680997371674,
          "segment_fraction_end": 0.3572424006099834,
          "segment_fraction_start": 0.26793180045748755,
          "segment_index": 3,
          "static_traversability": "UNKNOWN"
        },
        "startid": 76
      },
      "type": "Feature"
    },
    {
      "geometry": {
        "coordinates": [
          [
            [
              -3.8043704072761315,
              -2.849987752736351
            ],
            [
              -3.6359051317197837,
              -2.7207542764331527
            ]
          ]
        ],
        "type": "MultiLineString"
      },
      "properties": {
        "endid": 78,
        "id": 250,
        "metadata": {
          "bottleneck": true,
          "canonical_edge_id": 4,
          "length_m": 0.25,
          "min_clearance_m": 0.22360680997371674,
          "segment_fraction_end": 0.4465530007624792,
          "segment_fraction_start": 0.3572424006099834,
          "segment_index": 4,
          "static_traversability": "UNKNOWN"
        },
        "startid": 77
      },
      "type": "Feature"
    },
    {
      "geometry": {
        "coordinates": [
          [
            [
              -3.6359051317197837,
              -2.7207542764331527
            ],
            [
              -3.4438498118204395,
              -2.560708176517033
            ]
          ]
        ],
        "type": "MultiLineString"
      },
      "properties": {
        "endid": 79,
        "id": 251,
        "metadata": {
          "bottleneck": true,
          "canonical_edge_id": 4,
          "length_m": 0.25,
          "min_clearance_m": 0.22360680997371674,
          "segment_fraction_end": 0.5358636009149751,
          "segment_fraction_start": 0.4465530007624792,
          "segment_index": 5,
          "static_traversability": "UNKNOWN"
        },
        "startid": 78
      },
      "type": "Feature"
    },
    {
      "geometry": {
        "coordinates": [
          [
            [
              -3.4438498118204395,
              -2.560708176517033
            ],
            [
              -3.2205010951244093,
              -2.4661002190248813
            ]
          ]
        ],
        "type": "MultiLineString"
      },
      "properties": {
        "endid": 80,
        "id": 252,
        "metadata": {
          "bottleneck": true,
          "canonical_edge_id": 4,
          "length_m": 0.25,
          "min_clearance_m": 0.22360680997371674,
          "segment_fraction_end": 0.6251742010674709,
          "segment_fraction_start": 0.5358636009149751,
          "segment_index": 6,
          "static_traversability": "UNKNOWN"
        },
        "startid": 79
      },
      "type": "Feature"
    },
    {
      "geometry": {
        "coordinates": [
          [
            [
              -3.2205010951244093,
              -2.4661002190248813
            ],
            [
              -2.9827760323487453,
              -2.4978895870605013
            ]
          ]
        ],
        "type": "MultiLineString"
      },
      "properties": {
        "endid": 81,
        "id": 253,
        "metadata": {
          "bottleneck": true,
          "canonical_edge_id": 4,
          "length_m": 0.25,
          "min_clearance_m": 0.22360680997371674,
          "segment_fraction_end": 0.7144848012199668,
          "segment_fraction_start": 0.6251742010674709,
          "segment_index": 7,
          "static_traversability": "UNKNOWN"
        },
        "startid": 80
      },
      "type": "Feature"
    },
    {
      "geometry": {
        "coordinates": [
          [
            [
              -2.9827760323487453,
              -2.4978895870605013
            ],
            [
              -2.7506568596274303,
              -2.590737256149027
            ]
          ]
        ],
        "type": "MultiLineString"
      },
      "properties": {
        "endid": 82,
        "id": 254,
        "metadata": {
          "bottleneck": true,
          "canonical_edge_id": 4,
          "length_m": 0.25,
          "min_clearance_m": 0.22360680997371674,
          "segment_fraction_end": 0.8037954013724626,
          "segment_fraction_start": 0.7144848012199668,
          "segment_index": 8,
          "static_traversability": "UNKNOWN"
        },
        "startid": 81
      },
      "type": "Feature"
    },
    {
      "geometry": {
        "coordinates": [
          [
            [
              -2.7506568596274303,
              -2.590737256149027
            ],
            [
              -2.5119091845176786,
              -2.6578863519352898
            ]
          ]
        ],
        "type": "MultiLineString"
      },
      "properties": {
        "endid": 83,
        "id": 255,
        "metadata": {
          "bottleneck": true,
          "canonical_edge_id": 4,
          "length_m": 0.25,
          "min_clearance_m": 0.22360680997371674,
          "segment_fraction_end": 0.8931060015249584,
          "segment_fraction_start": 0.8037954013724626,
          "segment_index": 9,
          "static_traversability": "UNKNOWN"
        },
        "startid": 82
      },
      "type": "Feature"
    },
    {
      "geometry": {
        "coordinates": [
          [
            [
              -2.5119091845176786,
              -2.6578863519352898
            ],
            [
              -2.2638397153392615,
              -2.6888950355825916
            ]
          ]
        ],
        "type": "MultiLineString"
      },
      "properties": {
        "endid": 84,
        "id": 256,
        "metadata": {
          "bottleneck": true,
          "canonical_edge_id": 4,
          "length_m": 0.25,
          "min_clearance_m": 0.22360680997371674,
          "segment_fraction_end": 0.9824166016774543,
          "segment_fraction_start": 0.8931060015249584,
          "segment_index": 10,
          "static_traversability": "UNKNOWN"
        },
        "startid": 83
      },
      "type": "Feature"
    },
    {
      "geometry": {
        "coordinates": [
          [
            [
              -2.2638397153392615,
              -2.6888950355825916
            ],
            [
              -2.2149999999999994,
              -2.6949999999999994
            ]
          ]
        ],
        "type": "MultiLineString"
      },
      "properties": {
        "endid": 5,
        "id": 257,
        "metadata": {
          "bottleneck": true,
          "canonical_edge_id": 4,
          "length_m": 0.049219796677332894,
          "min_clearance_m": 0.22360680997371674,
          "segment_fraction_end": 1.0,
          "segment_fraction_start": 0.9824166016774543,
          "segment_index": 11,
          "static_traversability": "UNKNOWN"
        },
        "startid": 84
      },
      "type": "Feature"
    },
    {
      "geometry": {
        "coordinates": [
          [
            [
              -2.9649999999999994,
              -3.5949999999999993
            ],
            [
              -2.735213742495485,
              -3.4965201753552075
            ]
          ]
        ],
        "type": "MultiLineString"
      },
      "properties": {
        "endid": 85,
        "id": 258,
        "metadata": {
          "bottleneck": true,
          "canonical_edge_id": 5,
          "length_m": 0.25,
          "min_clearance_m": 0.25,
          "segment_fraction_end": 0.2448337438208391,
          "segment_fraction_start": 0.0,
          "segment_index": 0,
          "static_traversability": "UNKNOWN"
        },
        "startid": 4
      },
      "type": "Feature"
    },
    {
      "geometry": {
        "coordinates": [
          [
            [
              -2.735213742495485,
              -3.4965201753552075
            ],
            [
              -2.5219115791866944,
              -3.370529263349355
            ]
          ]
        ],
        "type": "MultiLineString"
      },
      "properties": {
        "endid": 86,
        "id": 259,
        "metadata": {
          "bottleneck": true,
          "canonical_edge_id": 5,
          "length_m": 0.25,
          "min_clearance_m": 0.25,
          "segment_fraction_end": 0.4896674876416782,
          "segment_fraction_start": 0.2448337438208391,
          "segment_index": 1,
          "static_traversability": "UNKNOWN"
        },
        "startid": 85
      },
      "type": "Feature"
    },
    {
      "geometry": {
        "coordinates": [
          [
            [
              -2.5219115791866944,
              -3.370529263349355
            ],
            [
              -2.3266943768259365,
              -3.214355501460749
            ]
          ]
        ],
        "type": "MultiLineString"
      },
      "properties": {
        "endid": 87,
        "id": 260,
        "metadata": {
          "bottleneck": true,
          "canonical_edge_id": 5,
          "length_m": 0.25,
          "min_clearance_m": 0.25,
          "segment_fraction_end": 0.7345012314625173,
          "segment_fraction_start": 0.4896674876416782,
          "segment_index": 2,
          "static_traversability": "UNKNOWN"
        },
        "startid": 86
      },
      "type": "Feature"
    },
    {
      "geometry": {
        "coordinates": [
          [
            [
              -2.3266943768259365,
              -3.214355501460749
            ],
            [
              -2.131477174465179,
              -3.0581817395721433
            ]
          ]
        ],
        "type": "MultiLineString"
      },
      "properties": {
        "endid": 88,
        "id": 261,
        "metadata": {
          "bottleneck": true,
          "canonical_edge_id": 5,
          "length_m": 0.25,
          "min_clearance_m": 0.25,
          "segment_fraction_end": 0.9793349752833564,
          "segment_fraction_start": 0.7345012314625173,
          "segment_index": 3,
          "static_traversability": "UNKNOWN"
        },
        "startid": 87
      },
      "type": "Feature"
    },
    {
      "geometry": {
        "coordinates": [
          [
            [
              -2.131477174465179,
              -3.0581817395721433
            ],
            [
              -2.1149999999999993,
              -3.0449999999999995
            ]
          ]
        ],
        "type": "MultiLineString"
      },
      "properties": {
        "endid": 7,
        "id": 262,
        "metadata": {
          "bottleneck": true,
          "canonical_edge_id": 5,
          "length_m": 0.021101079036480286,
          "min_clearance_m": 0.25,
          "segment_fraction_end": 1.0,
          "segment_fraction_start": 0.9793349752833564,
          "segment_index": 4,
          "static_traversability": "UNKNOWN"
        },
        "startid": 88
      },
      "type": "Feature"
    },
    {
      "geometry": {
        "coordinates": [
          [
            [
              -2.2149999999999994,
              -2.6949999999999994
            ],
            [
              -2.2638397153392615,
              -2.6888950355825916
            ]
          ]
        ],
        "type": "MultiLineString"
      },
      "properties": {
        "endid": 84,
        "id": 263,
        "metadata": {
          "bottleneck": true,
          "canonical_edge_id": 6,
          "length_m": 0.049219796677332894,
          "min_clearance_m": 0.22360680997371674,
          "segment_fraction_end": 0.017583398322545688,
          "segment_fraction_start": 0.0,
          "segment_index": 0,
          "static_traversability": "UNKNOWN"
        },
        "startid": 5
      },
      "type": "Feature"
    },
    {
      "geometry": {
        "coordinates": [
          [
            [
              -2.2638397153392615,
              -2.6888950355825916
            ],
            [
              -2.5119091845176786,
              -2.6578863519352898
            ]
          ]
        ],
        "type": "MultiLineString"
      },
      "properties": {
        "endid": 83,
        "id": 264,
        "metadata": {
          "bottleneck": true,
          "canonical_edge_id": 6,
          "length_m": 0.25,
          "min_clearance_m": 0.22360680997371674,
          "segment_fraction_end": 0.10689399847504154,
          "segment_fraction_start": 0.017583398322545688,
          "segment_index": 1,
          "static_traversability": "UNKNOWN"
        },
        "startid": 84
      },
      "type": "Feature"
    },
    {
      "geometry": {
        "coordinates": [
          [
            [
              -2.5119091845176786,
              -2.6578863519352898
            ],
            [
              -2.7506568596274303,
              -2.590737256149027
            ]
          ]
        ],
        "type": "MultiLineString"
      },
      "properties": {
        "endid": 82,
        "id": 265,
        "metadata": {
          "bottleneck": true,
          "canonical_edge_id": 6,
          "length_m": 0.25,
          "min_clearance_m": 0.22360680997371674,
          "segment_fraction_end": 0.1962045986275374,
          "segment_fraction_start": 0.10689399847504154,
          "segment_index": 2,
          "static_traversability": "UNKNOWN"
        },
        "startid": 83
      },
      "type": "Feature"
    },
    {
      "geometry": {
        "coordinates": [
          [
            [
              -2.7506568596274303,
              -2.590737256149027
            ],
            [
              -2.9827760323487453,
              -2.4978895870605013
            ]
          ]
        ],
        "type": "MultiLineString"
      },
      "properties": {
        "endid": 81,
        "id": 266,
        "metadata": {
          "bottleneck": true,
          "canonical_edge_id": 6,
          "length_m": 0.25,
          "min_clearance_m": 0.22360680997371674,
          "segment_fraction_end": 0.28551519878003323,
          "segment_fraction_start": 0.1962045986275374,
          "segment_index": 3,
          "static_traversability": "UNKNOWN"
        },
        "startid": 82
      },
      "type": "Feature"
    },
    {
      "geometry": {
        "coordinates": [
          [
            [
              -2.9827760323487453,
              -2.4978895870605013
            ],
            [
              -3.2205010951244093,
              -2.4661002190248813
            ]
          ]
        ],
        "type": "MultiLineString"
      },
      "properties": {
        "endid": 80,
        "id": 267,
        "metadata": {
          "bottleneck": true,
          "canonical_edge_id": 6,
          "length_m": 0.25,
          "min_clearance_m": 0.22360680997371674,
          "segment_fraction_end": 0.3748257989325291,
          "segment_fraction_start": 0.28551519878003323,
          "segment_index": 4,
          "static_traversability": "UNKNOWN"
        },
        "startid": 81
      },
      "type": "Feature"
    },
    {
      "geometry": {
        "coordinates": [
          [
            [
              -3.2205010951244093,
              -2.4661002190248813
            ],
            [
              -3.4438498118204395,
              -2.560708176517033
            ]
          ]
        ],
        "type": "MultiLineString"
      },
      "properties": {
        "endid": 79,
        "id": 268,
        "metadata": {
          "bottleneck": true,
          "canonical_edge_id": 6,
          "length_m": 0.25,
          "min_clearance_m": 0.22360680997371674,
          "segment_fraction_end": 0.4641363990850249,
          "segment_fraction_start": 0.3748257989325291,
          "segment_index": 5,
          "static_traversability": "UNKNOWN"
        },
        "startid": 80
      },
      "type": "Feature"
    },
    {
      "geometry": {
        "coordinates": [
          [
            [
              -3.4438498118204395,
              -2.560708176517033
            ],
            [
              -3.6359051317197837,
              -2.7207542764331527
            ]
          ]
        ],
        "type": "MultiLineString"
      },
      "properties": {
        "endid": 78,
        "id": 269,
        "metadata": {
          "bottleneck": true,
          "canonical_edge_id": 6,
          "length_m": 0.25,
          "min_clearance_m": 0.22360680997371674,
          "segment_fraction_end": 0.5534469992375207,
          "segment_fraction_start": 0.4641363990850249,
          "segment_index": 6,
          "static_traversability": "UNKNOWN"
        },
        "startid": 79
      },
      "type": "Feature"
    },
    {
      "geometry": {
        "coordinates": [
          [
            [
              -3.6359051317197837,
              -2.7207542764331527
            ],
            [
              -3.8043704072761315,
              -2.849987752736351
            ]
          ]
        ],
        "type": "MultiLineString"
      },
      "properties": {
        "endid": 77,
        "id": 270,
        "metadata": {
          "bottleneck": true,
          "canonical_edge_id": 6,
          "length_m": 0.25,
          "min_clearance_m": 0.22360680997371674,
          "segment_fraction_end": 0.6427575993900166,
          "segment_fraction_start": 0.5534469992375207,
          "segment_index": 7,
          "static_traversability": "UNKNOWN"
        },
        "startid": 78
      },
      "type": "Feature"
    },
    {
      "geometry": {
        "coordinates": [
          [
            [
              -3.8043704072761315,
              -2.849987752736351
            ],
            [
              -3.8921512676732295,
              -3.084070047128612
            ]
          ]
        ],
        "type": "MultiLineString"
      },
      "properties": {
        "endid": 76,
        "id": 271,
        "metadata": {
          "bottleneck": true,
          "canonical_edge_id": 6,
          "length_m": 0.25,
          "min_clearance_m": 0.22360680997371674,
          "segment_fraction_end": 0.7320681995425125,
          "segment_fraction_start": 0.6427575993900166,
          "segment_index": 8,
          "static_traversability": "UNKNOWN"
        },
        "startid": 77
      },
      "type": "Feature"
    },
    {
      "geometry": {
        "coordinates": [
          [
            [
              -3.8921512676732295,
              -3.084070047128612
            ],
            [
              -3.884598224345108,
              -3.327410653929348
            ]
          ]
        ],
        "type": "MultiLineString"
      },
      "properties": {
        "endid": 75,
        "id": 272,
        "metadata": {
          "bottleneck": true,
          "canonical_edge_id": 6,
          "length_m": 0.25,
          "min_clearance_m": 0.22360680997371674,
          "segment_fraction_end": 0.8213787996950083,
          "segment_fraction_start": 0.7320681995425125,
          "segment_index": 9,
          "static_traversability": "UNKNOWN"
        },
        "startid": 76
      },
      "type": "Feature"
    },
    {
      "geometry": {
        "coordinates": [
          [
            [
              -3.884598224345108,
              -3.327410653929348
            ],
            [
              -3.744786257504514,
              -3.4965201753552075
            ]
          ]
        ],
        "type": "MultiLineString"
      },
      "properties": {
        "endid": 74,
        "id": 273,
        "metadata": {
          "bottleneck": true,
          "canonical_edge_id": 6,
          "length_m": 0.25,
          "min_clearance_m": 0.22360680997371674,
          "segment_fraction_end": 0.9106893998475042,
          "segment_fraction_start": 0.8213787996950083,
          "segment_index": 10,
          "static_traversability": "UNKNOWN"
        },
        "startid": 75
      },
      "type": "Feature"
    },
    {
      "geometry": {
        "coordinates": [
          [
            [
              -3.744786257504514,
              -3.4965201753552075
            ],
            [
              -3.5149999999999997,
              -3.5949999999999993
            ]
          ]
        ],
        "type": "MultiLineString"
      },
      "properties": {
        "endid": 3,
        "id": 274,
        "metadata": {
          "bottleneck": true,
          "canonical_edge_id": 6,
          "length_m": 0.25,
          "min_clearance_m": 0.22360680997371674,
          "segment_fraction_end": 1.0,
          "segment_fraction_start": 0.9106893998475042,
          "segment_index": 11,
          "static_traversability": "UNKNOWN"
        },
        "startid": 74
      },
      "type": "Feature"
    },
    {
      "geometry": {
        "coordinates": [
          [
            [
              -2.2149999999999994,
              -2.6949999999999994
            ],
            [
              -2.1149999999999993,
              -2.9147224362268
            ]
          ]
        ],
        "type": "MultiLineString"
      },
      "properties": {
        "endid": 89,
        "id": 275,
        "metadata": {
          "bottleneck": false,
          "canonical_edge_id": 7,
          "length_m": 0.25,
          "min_clearance_m": 0.7106335163116455,
          "segment_fraction_end": 0.6574145408933508,
          "segment_fraction_start": 0.0,
          "segment_index": 0,
          "static_traversability": "FEASIBLE"
        },
        "startid": 5
      },
      "type": "Feature"
    },
    {
      "geometry": {
        "coordinates": [
          [
            [
              -2.1149999999999993,
              -2.9147224362268
            ],
            [
              -2.1149999999999993,
              -3.0449999999999995
            ]
          ]
        ],
        "type": "MultiLineString"
      },
      "properties": {
        "endid": 7,
        "id": 276,
        "metadata": {
          "bottleneck": false,
          "canonical_edge_id": 7,
          "length_m": 0.13027756377319966,
          "min_clearance_m": 0.7106335163116455,
          "segment_fraction_end": 1.0,
          "segment_fraction_start": 0.6574145408933508,
          "segment_index": 1,
          "static_traversability": "FEASIBLE"
        },
        "startid": 89
      },
      "type": "Feature"
    },
    {
      "geometry": {
        "coordinates": [
          [
            [
              -2.2149999999999994,
              -2.6949999999999994
            ],
            [
              -2.10319660112501,
              -2.4713932022500202
            ]
          ]
        ],
        "type": "MultiLineString"
      },
      "properties": {
        "endid": 90,
        "id": 277,
        "metadata": {
          "bottleneck": true,
          "canonical_edge_id": 8,
          "length_m": 0.25,
          "min_clearance_m": 0.36400550603866577,
          "segment_fraction_end": 0.11494645003516721,
          "segment_fraction_start": 0.0,
          "segment_index": 0,
          "static_traversability": "FEASIBLE"
        },
        "startid": 5
      },
      "type": "Feature"
    },
    {
      "geometry": {
        "coordinates": [
          [
            [
              -2.10319660112501,
              -2.4713932022500202
            ],
            [
              -1.9913932022500205,
              -2.2477864045000415
            ]
          ]
        ],
        "type": "MultiLineString"
      },
      "properties": {
        "endid": 91,
        "id": 278,
        "metadata": {
          "bottleneck": true,
          "canonical_edge_id": 8,
          "length_m": 0.25,
          "min_clearance_m": 0.36400550603866577,
          "segment_fraction_end": 0.22989290007033442,
          "segment_fraction_start": 0.11494645003516721,
          "segment_index": 1,
          "static_traversability": "FEASIBLE"
        },
        "startid": 90
      },
      "type": "Feature"
    },
    {
      "geometry": {
        "coordinates": [
          [
            [
              -1.9913932022500205,
              -2.2477864045000415
            ],
            [
              -1.879589803375031,
              -2.0241796067500624
            ]
          ]
        ],
        "type": "MultiLineString"
      },
      "properties": {
        "endid": 92,
        "id": 279,
        "metadata": {
          "bottleneck": true,
          "canonical_edge_id": 8,
          "length_m": 0.25,
          "min_clearance_m": 0.36400550603866577,
          "segment_fraction_end": 0.3448393501055016,
          "segment_fraction_start": 0.22989290007033442,
          "segment_index": 2,
          "static_traversability": "FEASIBLE"
        },
        "startid": 91
      },
      "type": "Feature"
    },
    {
      "geometry": {
        "coordinates": [
          [
            [
              -1.879589803375031,
              -2.0241796067500624
            ],
            [
              -1.852235229549432,
              -1.7779989023403526
            ]
          ]
        ],
        "type": "MultiLineString"
      },
      "properties": {
        "endid": 93,
        "id": 280,
        "metadata": {
          "bottleneck": true,
          "canonical_edge_id": 8,
          "length_m": 0.25,
          "min_clearance_m": 0.36400550603866577,
          "segment_fraction_end": 0.45978580014066883,
          "segment_fraction_start": 0.3448393501055016,
          "segment_index": 3,
          "static_traversability": "FEASIBLE"
        },
        "startid": 92
      },
      "type": "Feature"
    },
    {
      "geometry": {
        "coordinates": [
          [
            [
              -1.852235229549432,
              -1.7779989023403526
            ],
            [
              -1.8375547240615644,
              -1.5284303090466036
            ]
          ]
        ],
        "type": "MultiLineString"
      },
      "properties": {
        "endid": 94,
        "id": 281,
        "metadata": {
          "bottleneck": true,
          "canonical_edge_id": 8,
          "length_m": 0.25,
          "min_clearance_m": 0.36400550603866577,
          "segment_fraction_end": 0.5747322501758361,
          "segment_fraction_start": 0.45978580014066883,
          "segment_index": 4,
          "static_traversability": "FEASIBLE"
        },
        "startid": 93
      },
      "type": "Feature"
    },
    {
      "geometry": {
        "coordinates": [
          [
            [
              -1.8375547240615644,
              -1.5284303090466036
            ],
            [
              -1.8228742185736968,
              -1.2788617157528548
            ]
          ]
        ],
        "type": "MultiLineString"
      },
      "properties": {
        "endid": 95,
        "id": 282,
        "metadata": {
          "bottleneck": true,
          "canonical_edge_id": 8,
          "length_m": 0.25,
          "min_clearance_m": 0.36400550603866577,
          "segment_fraction_end": 0.6896787002110032,
          "segment_fraction_start": 0.5747322501758361,
          "segment_index": 5,
          "static_traversability": "FEASIBLE"
        },
        "startid": 94
      },
      "type": "Feature"
    },
    {
      "geometry": {
        "coordinates": [
          [
            [
              -1.8228742185736968,
              -1.2788617157528548
            ],
            [
              -1.750706425606809,
              -1.0485596384102136
            ]
          ]
        ],
        "type": "MultiLineString"
      },
      "properties": {
        "endid": 96,
        "id": 283,
        "metadata": {
          "bottleneck": true,
          "canonical_edge_id": 8,
          "length_m": 0.25,
          "min_clearance_m": 0.36400550603866577,
          "segment_fraction_end": 0.8046251502461704,
          "segment_fraction_start": 0.6896787002110032,
          "segment_index": 6,
          "static_traversability": "FEASIBLE"
        },
        "startid": 95
      },
      "type": "Feature"
    },
    {
      "geometry": {
        "coordinates": [
          [
            [
              -1.750706425606809,
              -1.0485596384102136
            ],
            [
              -1.6120313765505019,
              -0.8405470648257527
            ]
          ]
        ],
        "type": "MultiLineString"
      },
      "properties": {
        "endid": 97,
        "id": 284,
        "metadata": {
          "bottleneck": true,
          "canonical_edge_id": 8,
          "length_m": 0.25,
          "min_clearance_m": 0.36400550603866577,
          "segment_fraction_end": 0.9195716002813377,
          "segment_fraction_start": 0.8046251502461704,
          "segment_index": 7,
          "static_traversability": "FEASIBLE"
        },
        "startid": 96
      },
      "type": "Feature"
    },
    {
      "geometry": {
        "coordinates": [
          [
            [
              -1.6120313765505019,
              -0.8405470648257527
            ],
            [
              -1.5149999999999997,
              -0.6949999999999994
            ]
          ]
        ],
        "type": "MultiLineString"
      },
      "properties": {
        "endid": 10,
        "id": 285,
        "metadata": {
          "bottleneck": true,
          "canonical_edge_id": 8,
          "length_m": 0.17492580174084482,
          "min_clearance_m": 0.36400550603866577,
          "segment_fraction_end": 1.0,
          "segment_fraction_start": 0.9195716002813377,
          "segment_index": 8,
          "static_traversability": "FEASIBLE"
        },
        "startid": 97
      },
      "type": "Feature"
    },
    {
      "geometry": {
        "coordinates": [
          [
            [
              -2.2149999999999994,
              1.4050000000000011
            ],
            [
              -2.1149999999999993,
              1.610850923842131
            ]
          ]
        ],
        "type": "MultiLineString"
      },
      "properties": {
        "endid": 56,
        "id": 286,
        "metadata": {
          "bottleneck": true,
          "canonical_edge_id": 9,
          "length_m": 0.23612848761532934,
          "min_clearance_m": 0.22360680997371674,
          "segment_fraction_end": 0.052635248470301176,
          "segment_fraction_start": 0.0,
          "segment_index": 0,
          "static_traversability": "UNKNOWN"
        },
        "startid": 6
      },
      "type": "Feature"
    },
    {
      "geometry": {
        "coordinates": [
          [
            [
              -2.1149999999999993,
              1.610850923842131
            ],
            [
              -2.1149999999999993,
              1.860850923842131
            ]
          ]
        ],
        "type": "MultiLineString"
      },
      "properties": {
        "endid": 55,
        "id": 287,
        "metadata": {
          "bottleneck": true,
          "canonical_edge_id": 9,
          "length_m": 0.25,
          "min_clearance_m": 0.22360680997371674,
          "segment_fraction_end": 0.10836258679557757,
          "segment_fraction_start": 0.052635248470301176,
          "segment_index": 1,
          "static_traversability": "UNKNOWN"
        },
        "startid": 56
      },
      "type": "Feature"
    },
    {
      "geometry": {
        "coordinates": [
          [
            [
              -2.1149999999999993,
              1.860850923842131
            ],
            [
              -2.1149999999999993,
              2.110850923842131
            ]
          ]
        ],
        "type": "MultiLineString"
      },
      "properties": {
        "endid": 54,
        "id": 288,
        "metadata": {
          "bottleneck": true,
          "canonical_edge_id": 9,
          "length_m": 0.25,
          "min_clearance_m": 0.22360680997371674,
          "segment_fraction_end": 0.16408992512085396,
          "segment_fraction_start": 0.10836258679557757,
          "segment_index": 2,
          "static_traversability": "UNKNOWN"
        },
        "startid": 55
      },
      "type": "Feature"
    },
    {
      "geometry": {
        "coordinates": [
          [
            [
              -2.1149999999999993,
              2.110850923842131
            ],
            [
              -2.1149999999999993,
              2.360850923842131
            ]
          ]
        ],
        "type": "MultiLineString"
      },
      "properties": {
        "endid": 53,
        "id": 289,
        "metadata": {
          "bottleneck": true,
          "canonical_edge_id": 9,
          "length_m": 0.25,
          "min_clearance_m": 0.22360680997371674,
          "segment_fraction_end": 0.21981726344613034,
          "segment_fraction_start": 0.16408992512085396,
          "segment_index": 3,
          "static_traversability": "UNKNOWN"
        },
        "startid": 54
      },
      "type": "Feature"
    },
    {
      "geometry": {
        "coordinates": [
          [
            [
              -2.1149999999999993,
              2.360850923842131
            ],
            [
              -2.1149999999999993,
              2.610850923842131
            ]
          ]
        ],
        "type": "MultiLineString"
      },
      "properties": {
        "endid": 52,
        "id": 290,
        "metadata": {
          "bottleneck": true,
          "canonical_edge_id": 9,
          "length_m": 0.25,
          "min_clearance_m": 0.22360680997371674,
          "segment_fraction_end": 0.2755446017714067,
          "segment_fraction_start": 0.21981726344613034,
          "segment_index": 4,
          "static_traversability": "UNKNOWN"
        },
        "startid": 53
      },
      "type": "Feature"
    },
    {
      "geometry": {
        "coordinates": [
          [
            [
              -2.1149999999999993,
              2.610850923842131
            ],
            [
              -2.1149999999999993,
              2.860850923842131
            ]
          ]
        ],
        "type": "MultiLineString"
      },
      "properties": {
        "endid": 51,
        "id": 291,
        "metadata": {
          "bottleneck": true,
          "canonical_edge_id": 9,
          "length_m": 0.25,
          "min_clearance_m": 0.22360680997371674,
          "segment_fraction_end": 0.33127194009668315,
          "segment_fraction_start": 0.2755446017714067,
          "segment_index": 5,
          "static_traversability": "UNKNOWN"
        },
        "startid": 52
      },
      "type": "Feature"
    },
    {
      "geometry": {
        "coordinates": [
          [
            [
              -2.1149999999999993,
              2.860850923842131
            ],
            [
              -2.1149999999999993,
              3.110850923842131
            ]
          ]
        ],
        "type": "MultiLineString"
      },
      "properties": {
        "endid": 50,
        "id": 292,
        "metadata": {
          "bottleneck": true,
          "canonical_edge_id": 9,
          "length_m": 0.25,
          "min_clearance_m": 0.22360680997371674,
          "segment_fraction_end": 0.3869992784219595,
          "segment_fraction_start": 0.33127194009668315,
          "segment_index": 6,
          "static_traversability": "UNKNOWN"
        },
        "startid": 51
      },
      "type": "Feature"
    },
    {
      "geometry": {
        "coordinates": [
          [
            [
              -2.1149999999999993,
              3.110850923842131
            ],
            [
              -2.1193730350025164,
              3.35888714222446
            ]
          ]
        ],
        "type": "MultiLineString"
      },
      "properties": {
        "endid": 49,
        "id": 293,
        "metadata": {
          "bottleneck": true,
          "canonical_edge_id": 9,
          "length_m": 0.25,
          "min_clearance_m": 0.22360680997371674,
          "segment_fraction_end": 0.4427266167472359,
          "segment_fraction_start": 0.3869992784219595,
          "segment_index": 7,
          "static_traversability": "UNKNOWN"
        },
        "startid": 50
      },
      "type": "Feature"
    },
    {
      "geometry": {
        "coordinates": [
          [
            [
              -2.1193730350025164,
              3.35888714222446
            ],
            [
              -2.306225364673431,
              3.5249781019319397
            ]
          ]
        ],
        "type": "MultiLineString"
      },
      "properties": {
        "endid": 48,
        "id": 294,
        "metadata": {
          "bottleneck": true,
          "canonical_edge_id": 9,
          "length_m": 0.25,
          "min_clearance_m": 0.22360680997371674,
          "segment_fraction_end": 0.4984539550725123,
          "segment_fraction_start": 0.4427266167472359,
          "segment_index": 8,
          "static_traversability": "UNKNOWN"
        },
        "startid": 49
      },
      "type": "Feature"
    },
    {
      "geometry": {
        "coordinates": [
          [
            [
              -2.306225364673431,
              3.5249781019319397
            ],
            [
              -2.493077694344346,
              3.69106906163942
            ]
          ]
        ],
        "type": "MultiLineString"
      },
      "properties": {
        "endid": 47,
        "id": 295,
        "metadata": {
          "bottleneck": true,
          "canonical_edge_id": 9,
          "length_m": 0.25,
          "min_clearance_m": 0.22360680997371674,
          "segment_fraction_end": 0.5541812933977887,
          "segment_fraction_start": 0.4984539550725123,
          "segment_index": 9,
          "static_traversability": "UNKNOWN"
        },
        "startid": 48
      },
      "type": "Feature"
    },
    {
      "geometry": {
        "coordinates": [
          [
            [
              -2.493077694344346,
              3.69106906163942
            ],
            [
              -2.7077729701965594,
              3.812109188078625
            ]
          ]
        ],
        "type": "MultiLineString"
      },
      "properties": {
        "endid": 46,
        "id": 296,
        "metadata": {
          "bottleneck": true,
          "canonical_edge_id": 9,
          "length_m": 0.25,
          "min_clearance_m": 0.22360680997371674,
          "segment_fraction_end": 0.6099086317230651,
          "segment_fraction_start": 0.5541812933977887,
          "segment_index": 10,
          "static_traversability": "UNKNOWN"
        },
        "startid": 47
      },
      "type": "Feature"
    },
    {
      "geometry": {
        "coordinates": [
          [
            [
              -2.7077729701965594,
              3.812109188078625
            ],
            [
              -2.939892142917874,
              3.9049568571671514
            ]
          ]
        ],
        "type": "MultiLineString"
      },
      "properties": {
        "endid": 45,
        "id": 297,
        "metadata": {
          "bottleneck": true,
          "canonical_edge_id": 9,
          "length_m": 0.25,
          "min_clearance_m": 0.22360680997371674,
          "segment_fraction_end": 0.6656359700483415,
          "segment_fraction_start": 0.6099086317230651,
          "segment_index": 11,
          "static_traversability": "UNKNOWN"
        },
        "startid": 46
      },
      "type": "Feature"
    },
    {
      "geometry": {
        "coordinates": [
          [
            [
              -2.939892142917874,
              3.9049568571671514
            ],
            [
              -3.1801109153630254,
              3.9492444542318506
            ]
          ]
        ],
        "type": "MultiLineString"
      },
      "properties": {
        "endid": 44,
        "id": 298,
        "metadata": {
          "bottleneck": true,
          "canonical_edge_id": 9,
          "length_m": 0.25,
          "min_clearance_m": 0.22360680997371674,
          "segment_fraction_end": 0.7213633083736178,
          "segment_fraction_start": 0.6656359700483415,
          "segment_index": 12,
          "static_traversability": "UNKNOWN"
        },
        "startid": 45
      },
      "type": "Feature"
    },
    {
      "geometry": {
        "coordinates": [
          [
            [
              -3.1801109153630254,
              3.9492444542318506
            ],
            [
              -3.4297990000824865,
              3.9367600499958773
            ]
          ]
        ],
        "type": "MultiLineString"
      },
      "properties": {
        "endid": 43,
        "id": 299,
        "metadata": {
          "bottleneck": true,
          "canonical_edge_id": 9,
          "length_m": 0.25,
          "min_clearance_m": 0.22360680997371674,
          "segment_fraction_end": 0.7770906466988943,
          "segment_fraction_start": 0.7213633083736178,
          "segment_index": 13,
          "static_traversability": "UNKNOWN"
        },
        "startid": 44
      },
      "type": "Feature"
    },
    {
      "geometry": {
        "coordinates": [
          [
            [
              -3.4297990000824865,
              3.9367600499958773
            ],
            [
              -3.6794870848019476,
              3.924275645759904
            ]
          ]
        ],
        "type": "MultiLineString"
      },
      "properties": {
        "endid": 42,
        "id": 300,
        "metadata": {
          "bottleneck": true,
          "canonical_edge_id": 9,
          "length_m": 0.25,
          "min_clearance_m": 0.22360680997371674,
          "segment_fraction_end": 0.8328179850241706,
          "segment_fraction_start": 0.7770906466988943,
          "segment_index": 14,
          "static_traversability": "UNKNOWN"
        },
        "startid": 43
      },
      "type": "Feature"
    },
    {
      "geometry": {
        "coordinates": [
          [
            [
              -3.6794870848019476,
              3.924275645759904
            ],
            [
              -3.9291751695214088,
              3.9117912415239307
            ]
          ]
        ],
        "type": "MultiLineString"
      },
      "properties": {
        "endid": 41,
        "id": 301,
        "metadata": {
          "bottleneck": true,
          "canonical_edge_id": 9,
          "length_m": 0.25,
          "min_clearance_m": 0.22360680997371674,
          "segment_fraction_end": 0.888545323349447,
          "segment_fraction_start": 0.8328179850241706,
          "segment_index": 15,
          "static_traversability": "UNKNOWN"
        },
        "startid": 42
      },
      "type": "Feature"
    },
    {
      "geometry": {
        "coordinates": [
          [
            [
              -3.9291751695214088,
              3.9117912415239307
            ],
            [
              -4.174619013089793,
              3.873680281974346
            ]
          ]
        ],
        "type": "MultiLineString"
      },
      "properties": {
        "endid": 40,
        "id": 302,
        "metadata": {
          "bottleneck": true,
          "canonical_edge_id": 9,
          "length_m": 0.25,
          "min_clearance_m": 0.22360680997371674,
          "segment_fraction_end": 0.9442726616747235,
          "segment_fraction_start": 0.888545323349447,
          "segment_index": 16,
          "static_traversability": "UNKNOWN"
        },
        "startid": 41
      },
      "type": "Feature"
    },
    {
      "geometry": {
        "coordinates": [
          [
            [
              -4.174619013089793,
              3.873680281974346
            ],
            [
              -4.414999999999999,
              3.8050000000000015
            ]
          ]
        ],
        "type": "MultiLineString"
      },
      "properties": {
        "endid": 0,
        "id": 303,
        "metadata": {
          "bottleneck": true,
          "canonical_edge_id": 9,
          "length_m": 0.25,
          "min_clearance_m": 0.22360680997371674,
          "segment_fraction_end": 0.9999999999999998,
          "segment_fraction_start": 0.9442726616747235,
          "segment_index": 17,
          "static_traversability": "UNKNOWN"
        },
        "startid": 40
      },
      "type": "Feature"
    },
    {
      "geometry": {
        "coordinates": [
          [
            [
              -2.2149999999999994,
              1.4050000000000011
            ],
            [
              -2.4122135954999573,
              1.4050000000000011
            ]
          ]
        ],
        "type": "MultiLineString"
      },
      "properties": {
        "endid": 64,
        "id": 304,
        "metadata": {
          "bottleneck": true,
          "canonical_edge_id": 10,
          "length_m": 0.19721359549995787,
          "min_clearance_m": 0.25,
          "segment_fraction_end": 0.08975622393010159,
          "segment_fraction_start": 0.0,
          "segment_index": 0,
          "static_traversability": "UNKNOWN"
        },
        "startid": 6
      },
      "type": "Feature"
    },
    {
      "geometry": {
        "coordinates": [
          [
            [
              -2.4122135954999573,
              1.4050000000000011
            ],
            [
              -2.6413932022500206,
              1.3168033988749905
            ]
          ]
        ],
        "type": "MultiLineString"
      },
      "properties": {
        "endid": 63,
        "id": 305,
        "metadata": {
          "bottleneck": true,
          "canonical_edge_id": 10,
          "length_m": 0.25,
          "min_clearance_m": 0.25,
          "segment_fraction_end": 0.20353669593883889,
          "segment_fraction_start": 0.08975622393010159,
          "segment_index": 1,
          "static_traversability": "UNKNOWN"
        },
        "startid": 64
      },
      "type": "Feature"
    },
    {
      "geometry": {
        "coordinates": [
          [
            [
              -2.6413932022500206,
              1.3168033988749905
            ],
            [
              -2.8649999999999993,
              1.2050000000000012
            ]
          ]
        ],
        "type": "MultiLineString"
      },
      "properties": {
        "endid": 62,
        "id": 306,
        "metadata": {
          "bottleneck": true,
          "canonical_edge_id": 10,
          "length_m": 0.25,
          "min_clearance_m": 0.25,
          "segment_fraction_end": 0.3173171679475762,
          "segment_fraction_start": 0.20353669593883889,
          "segment_index": 2,
          "static_traversability": "UNKNOWN"
        },
        "startid": 63
      },
      "type": "Feature"
    },
    {
      "geometry": {
        "coordinates": [
          [
            [
              -2.8649999999999993,
              1.2050000000000012
            ],
            [
              -3.1149999999999993,
              1.205000000000001
            ]
          ]
        ],
        "type": "MultiLineString"
      },
      "properties": {
        "endid": 61,
        "id": 307,
        "metadata": {
          "bottleneck": true,
          "canonical_edge_id": 10,
          "length_m": 0.25,
          "min_clearance_m": 0.25,
          "segment_fraction_end": 0.4310976399563135,
          "segment_fraction_start": 0.3173171679475762,
          "segment_index": 3,
          "static_traversability": "UNKNOWN"
        },
        "startid": 62
      },
      "type": "Feature"
    },
    {
      "geometry": {
        "coordinates": [
          [
            [
              -3.1149999999999993,
              1.205000000000001
            ],
            [
              -3.3649999999999993,
              1.205000000000001
            ]
          ]
        ],
        "type": "MultiLineString"
      },
      "properties": {
        "endid": 60,
        "id": 308,
        "metadata": {
          "bottleneck": true,
          "canonical_edge_id": 10,
          "length_m": 0.25,
          "min_clearance_m": 0.25,
          "segment_fraction_end": 0.5448781119650508,
          "segment_fraction_start": 0.4310976399563135,
          "segment_index": 4,
          "static_traversability": "UNKNOWN"
        },
        "startid": 61
      },
      "type": "Feature"
    },
    {
      "geometry": {
        "coordinates": [
          [
            [
              -3.3649999999999993,
              1.205000000000001
            ],
            [
              -3.6149999999999993,
              1.205000000000001
            ]
          ]
        ],
        "type": "MultiLineString"
      },
      "properties": {
        "endid": 59,
        "id": 309,
        "metadata": {
          "bottleneck": true,
          "canonical_edge_id": 10,
          "length_m": 0.25,
          "min_clearance_m": 0.25,
          "segment_fraction_end": 0.6586585839737881,
          "segment_fraction_start": 0.5448781119650508,
          "segment_index": 5,
          "static_traversability": "UNKNOWN"
        },
        "startid": 60
      },
      "type": "Feature"
    },
    {
      "geometry": {
        "coordinates": [
          [
            [
              -3.6149999999999993,
              1.205000000000001
            ],
            [
              -3.8649999999999993,
              1.205000000000001
            ]
          ]
        ],
        "type": "MultiLineString"
      },
      "properties": {
        "endid": 58,
        "id": 310,
        "metadata": {
          "bottleneck": true,
          "canonical_edge_id": 10,
          "length_m": 0.25,
          "min_clearance_m": 0.25,
          "segment_fraction_end": 0.7724390559825254,
          "segment_fraction_start": 0.6586585839737881,
          "segment_index": 6,
          "static_traversability": "UNKNOWN"
        },
        "startid": 59
      },
      "type": "Feature"
    },
    {
      "geometry": {
        "coordinates": [
          [
            [
              -3.8649999999999993,
              1.205000000000001
            ],
            [
              -4.114999999999999,
              1.205000000000001
            ]
          ]
        ],
        "type": "MultiLineString"
      },
      "properties": {
        "endid": 57,
        "id": 311,
        "metadata": {
          "bottleneck": true,
          "canonical_edge_id": 10,
          "length_m": 0.25,
          "min_clearance_m": 0.25,
          "segment_fraction_end": 0.8862195279912627,
          "segment_fraction_start": 0.7724390559825254,
          "segment_index": 7,
          "static_traversability": "UNKNOWN"
        },
        "startid": 58
      },
      "type": "Feature"
    },
    {
      "geometry": {
        "coordinates": [
          [
            [
              -4.114999999999999,
              1.205000000000001
            ],
            [
              -4.364999999999999,
              1.205000000000001
            ]
          ]
        ],
        "type": "MultiLineString"
      },
      "properties": {
        "endid": 1,
        "id": 312,
        "metadata": {
          "bottleneck": true,
          "canonical_edge_id": 10,
          "length_m": 0.25,
          "min_clearance_m": 0.25,
          "segment_fraction_end": 1.0,
          "segment_fraction_start": 0.8862195279912627,
          "segment_index": 8,
          "static_traversability": "UNKNOWN"
        },
        "startid": 57
      },
      "type": "Feature"
    },
    {
      "geometry": {
        "coordinates": [
          [
            [
              -2.2149999999999994,
              1.4050000000000011
            ],
            [
              -2.0952869673298564,
              1.185526106771405
            ]
          ]
        ],
        "type": "MultiLineString"
      },
      "properties": {
        "endid": 98,
        "id": 313,
        "metadata": {
          "bottleneck": false,
          "canonical_edge_id": 11,
          "length_m": 0.25,
          "min_clearance_m": 0.4000000059604645,
          "segment_fraction_end": 0.1367959549141305,
          "segment_fraction_start": 0.0,
          "segment_index": 0,
          "static_traversability": "FEASIBLE"
        },
        "startid": 6
      },
      "type": "Feature"
    },
    {
      "geometry": {
        "coordinates": [
          [
            [
              -2.0952869673298564,
              1.185526106771405
            ],
            [
              -1.9755739346597132,
              0.9660522135428088
            ]
          ]
        ],
        "type": "MultiLineString"
      },
      "properties": {
        "endid": 99,
        "id": 314,
        "metadata": {
          "bottleneck": false,
          "canonical_edge_id": 11,
          "length_m": 0.25,
          "min_clearance_m": 0.4000000059604645,
          "segment_fraction_end": 0.273591909828261,
          "segment_fraction_start": 0.1367959549141305,
          "segment_index": 1,
          "static_traversability": "FEASIBLE"
        },
        "startid": 98
      },
      "type": "Feature"
    },
    {
      "geometry": {
        "coordinates": [
          [
            [
              -1.9755739346597132,
              0.9660522135428088
            ],
            [
              -1.9098585529723708,
              0.7316052713369134
            ]
          ]
        ],
        "type": "MultiLineString"
      },
      "properties": {
        "endid": 100,
        "id": 315,
        "metadata": {
          "bottleneck": false,
          "canonical_edge_id": 11,
          "length_m": 0.25,
          "min_clearance_m": 0.4000000059604645,
          "segment_fraction_end": 0.4103878647423915,
          "segment_fraction_start": 0.273591909828261,
          "segment_index": 2,
          "static_traversability": "FEASIBLE"
        },
        "startid": 99
      },
      "type": "Feature"
    },
    {
      "geometry": {
        "coordinates": [
          [
            [
              -1.9098585529723708,
              0.7316052713369134
            ],
            [
              -1.8994509167943257,
              0.4818220030638254
            ]
          ]
        ],
        "type": "MultiLineString"
      },
      "properties": {
        "endid": 101,
        "id": 316,
        "metadata": {
          "bottleneck": false,
          "canonical_edge_id": 11,
          "length_m": 0.25,
          "min_clearance_m": 0.4000000059604645,
          "segment_fraction_end": 0.547183819656522,
          "segment_fraction_start": 0.4103878647423915,
          "segment_index": 3,
          "static_traversability": "FEASIBLE"
        },
        "startid": 100
      },
      "type": "Feature"
    },
    {
      "geometry": {
        "coordinates": [
          [
            [
              -1.8994509167943257,
              0.4818220030638254
            ],
            [
              -1.8890432806162802,
              0.23203873479073744
            ]
          ]
        ],
        "type": "MultiLineString"
      },
      "properties": {
        "endid": 102,
        "id": 317,
        "metadata": {
          "bottleneck": false,
          "canonical_edge_id": 11,
          "length_m": 0.25,
          "min_clearance_m": 0.4000000059604645,
          "segment_fraction_end": 0.6839797745706524,
          "segment_fraction_start": 0.547183819656522,
          "segment_index": 4,
          "static_traversability": "FEASIBLE"
        },
        "startid": 101
      },
      "type": "Feature"
    },
    {
      "geometry": {
        "coordinates": [
          [
            [
              -1.8890432806162802,
              0.23203873479073744
            ],
            [
              -1.8786356444382348,
              -0.0177445334823505
            ]
          ]
        ],
        "type": "MultiLineString"
      },
      "properties": {
        "endid": 103,
        "id": 318,
        "metadata": {
          "bottleneck": false,
          "canonical_edge_id": 11,
          "length_m": 0.25,
          "min_clearance_m": 0.4000000059604645,
          "segment_fraction_end": 0.820775729484783,
          "segment_fraction_start": 0.6839797745706524,
          "segment_index": 5,
          "static_traversability": "FEASIBLE"
        },
        "startid": 102
      },
      "type": "Feature"
    },
    {
      "geometry": {
        "coordinates": [
          [
            [
              -1.8786356444382348,
              -0.0177445334823505
            ],
            [
              -1.8682280082601894,
              -0.26752780175543855
            ]
          ]
        ],
        "type": "MultiLineString"
      },
      "properties": {
        "endid": 104,
        "id": 319,
        "metadata": {
          "bottleneck": false,
          "canonical_edge_id": 11,
          "length_m": 0.25,
          "min_clearance_m": 0.4000000059604645,
          "segment_fraction_end": 0.9575716843989134,
          "segment_fraction_start": 0.820775729484783,
          "segment_index": 6,
          "static_traversability": "FEASIBLE"
        },
        "startid": 103
      },
      "type": "Feature"
    },
    {
      "geometry": {
        "coordinates": [
          [
            [
              -1.8682280082601894,
              -0.26752780175543855
            ],
            [
              -1.8649999999999993,
              -0.34499999999999886
            ]
          ]
        ],
        "type": "MultiLineString"
      },
      "properties": {
        "endid": 8,
        "id": 320,
        "metadata": {
          "bottleneck": false,
          "canonical_edge_id": 11,
          "length_m": 0.0775394192535146,
          "min_clearance_m": 0.4000000059604645,
          "segment_fraction_end": 1.0,
          "segment_fraction_start": 0.9575716843989134,
          "segment_index": 7,
          "static_traversability": "FEASIBLE"
        },
        "startid": 104
      },
      "type": "Feature"
    },
    {
      "geometry": {
        "coordinates": [
          [
            [
              -2.1149999999999993,
              -3.0449999999999995
            ],
            [
              -2.131477174465179,
              -3.0581817395721433
            ]
          ]
        ],
        "type": "MultiLineString"
      },
      "properties": {
        "endid": 88,
        "id": 321,
        "metadata": {
          "bottleneck": true,
          "canonical_edge_id": 12,
          "length_m": 0.021101079036480286,
          "min_clearance_m": 0.25,
          "segment_fraction_end": 0.02066502471664357,
          "segment_fraction_start": 0.0,
          "segment_index": 0,
          "static_traversability": "UNKNOWN"
        },
        "startid": 7
      },
      "type": "Feature"
    },
    {
      "geometry": {
        "coordinates": [
          [
            [
              -2.131477174465179,
              -3.0581817395721433
            ],
            [
              -2.3266943768259365,
              -3.214355501460749
            ]
          ]
        ],
        "type": "MultiLineString"
      },
      "properties": {
        "endid": 87,
        "id": 322,
        "metadata": {
          "bottleneck": true,
          "canonical_edge_id": 12,
          "length_m": 0.25,
          "min_clearance_m": 0.25,
          "segment_fraction_end": 0.26549876853748267,
          "segment_fraction_start": 0.02066502471664357,
          "segment_index": 1,
          "static_traversability": "UNKNOWN"
        },
        "startid": 88
      },
      "type": "Feature"
    },
    {
      "geometry": {
        "coordinates": [
          [
            [
              -2.3266943768259365,
              -3.214355501460749
            ],
            [
              -2.5219115791866944,
              -3.370529263349355
            ]
          ]
        ],
        "type": "MultiLineString"
      },
      "properties": {
        "endid": 86,
        "id": 323,
        "metadata": {
          "bottleneck": true,
          "canonical_edge_id": 12,
          "length_m": 0.25,
          "min_clearance_m": 0.25,
          "segment_fraction_end": 0.5103325123583218,
          "segment_fraction_start": 0.26549876853748267,
          "segment_index": 2,
          "static_traversability": "UNKNOWN"
        },
        "startid": 87
      },
      "type": "Feature"
    },
    {
      "geometry": {
        "coordinates": [
          [
            [
              -2.5219115791866944,
              -3.370529263349355
            ],
            [
              -2.735213742495485,
              -3.4965201753552075
            ]
          ]
        ],
        "type": "MultiLineString"
      },
      "properties": {
        "endid": 85,
        "id": 324,
        "metadata": {
          "bottleneck": true,
          "canonical_edge_id": 12,
          "length_m": 0.25,
          "min_clearance_m": 0.25,
          "segment_fraction_end": 0.7551662561791609,
          "segment_fraction_start": 0.5103325123583218,
          "segment_index": 3,
          "static_traversability": "UNKNOWN"
        },
        "startid": 86
      },
      "type": "Feature"
    },
    {
      "geometry": {
        "coordinates": [
          [
            [
              -2.735213742495485,
              -3.4965201753552075
            ],
            [
              -2.9649999999999994,
              -3.5949999999999993
            ]
          ]
        ],
        "type": "MultiLineString"
      },
      "properties": {
        "endid": 4,
        "id": 325,
        "metadata": {
          "bottleneck": true,
          "canonical_edge_id": 12,
          "length_m": 0.25,
          "min_clearance_m": 0.25,
          "segment_fraction_end": 1.0,
          "segment_fraction_start": 0.7551662561791609,
          "segment_index": 4,
          "static_traversability": "UNKNOWN"
        },
        "startid": 85
      },
      "type": "Feature"
    },
    {
      "geometry": {
        "coordinates": [
          [
            [
              -2.1149999999999993,
              -3.0449999999999995
            ],
            [
              -2.1149999999999993,
              -2.9147224362268
            ]
          ]
        ],
        "type": "MultiLineString"
      },
      "properties": {
        "endid": 89,
        "id": 326,
        "metadata": {
          "bottleneck": false,
          "canonical_edge_id": 13,
          "length_m": 0.13027756377319966,
          "min_clearance_m": 0.7106335163116455,
          "segment_fraction_end": 0.34258545910664917,
          "segment_fraction_start": 0.0,
          "segment_index": 0,
          "static_traversability": "FEASIBLE"
        },
        "startid": 7
      },
      "type": "Feature"
    },
    {
      "geometry": {
        "coordinates": [
          [
            [
              -2.1149999999999993,
              -2.9147224362268
            ],
            [
              -2.2149999999999994,
              -2.6949999999999994
            ]
          ]
        ],
        "type": "MultiLineString"
      },
      "properties": {
        "endid": 5,
        "id": 327,
        "metadata": {
          "bottleneck": false,
          "canonical_edge_id": 13,
          "length_m": 0.25,
          "min_clearance_m": 0.7106335163116455,
          "segment_fraction_end": 1.0,
          "segment_fraction_start": 0.34258545910664917,
          "segment_index": 1,
          "static_traversability": "FEASIBLE"
        },
        "startid": 89
      },
      "type": "Feature"
    },
    {
      "geometry": {
        "coordinates": [
          [
            [
              -2.1149999999999993,
              -3.0449999999999995
            ],
            [
              -1.9382233047033623,
              -3.2217766952966365
            ]
          ]
        ],
        "type": "MultiLineString"
      },
      "properties": {
        "endid": 105,
        "id": 328,
        "metadata": {
          "bottleneck": true,
          "canonical_edge_id": 14,
          "length_m": 0.25,
          "min_clearance_m": 0.2692582309246063,
          "segment_fraction_end": 0.3928371006591933,
          "segment_fraction_start": 0.0,
          "segment_index": 0,
          "static_traversability": "UNKNOWN"
        },
        "startid": 7
      },
      "type": "Feature"
    },
    {
      "geometry": {
        "coordinates": [
          [
            [
              -1.9382233047033623,
              -3.2217766952966365
            ],
            [
              -1.7614466094067256,
              -3.3985533905932734
            ]
          ]
        ],
        "type": "MultiLineString"
      },
      "properties": {
        "endid": 106,
        "id": 329,
        "metadata": {
          "bottleneck": true,
          "canonical_edge_id": 14,
          "length_m": 0.25,
          "min_clearance_m": 0.2692582309246063,
          "segment_fraction_end": 0.7856742013183866,
          "segment_fraction_start": 0.3928371006591933,
          "segment_index": 1,
          "static_traversability": "UNKNOWN"
        },
        "startid": 105
      },
      "type": "Feature"
    },
    {
      "geometry": {
        "coordinates": [
          [
            [
              -1.7614466094067256,
              -3.3985533905932734
            ],
            [
              -1.6649999999999996,
              -3.494999999999999
            ]
          ]
        ],
        "type": "MultiLineString"
      },
      "properties": {
        "endid": 9,
        "id": 330,
        "metadata": {
          "bottleneck": true,
          "canonical_edge_id": 14,
          "length_m": 0.1363961030678924,
          "min_clearance_m": 0.2692582309246063,
          "segment_fraction_end": 1.0,
          "segment_fraction_start": 0.7856742013183866,
          "segment_index": 2,
          "static_traversability": "UNKNOWN"
        },
        "startid": 106
      },
      "type": "Feature"
    },
    {
      "geometry": {
        "coordinates": [
          [
            [
              -1.8649999999999993,
              -0.34499999999999886
            ],
            [
              -2.0151523474271507,
              -0.323549664653263
            ]
          ]
        ],
        "type": "MultiLineString"
      },
      "properties": {
        "endid": 73,
        "id": 331,
        "metadata": {
          "bottleneck": true,
          "canonical_edge_id": 15,
          "length_m": 0.15167677582402472,
          "min_clearance_m": 0.2828427255153656,
          "segment_fraction_end": 0.0631545332622804,
          "segment_fraction_start": 0.0,
          "segment_index": 0,
          "static_traversability": "UNKNOWN"
        },
        "startid": 8
      },
      "type": "Feature"
    },
    {
      "geometry": {
        "coordinates": [
          [
            [
              -2.0151523474271507,
              -0.323549664653263
            ],
            [
              -2.2626397208424427,
              -0.28819432559393576
            ]
          ]
        ],
        "type": "MultiLineString"
      },
      "properties": {
        "endid": 72,
        "id": 332,
        "metadata": {
          "bottleneck": true,
          "canonical_edge_id": 15,
          "length_m": 0.25,
          "min_clearance_m": 0.2828427255153656,
          "segment_fraction_end": 0.16724847401091592,
          "segment_fraction_start": 0.0631545332622804,
          "segment_index": 1,
          "static_traversability": "UNKNOWN"
        },
        "startid": 73
      },
      "type": "Feature"
    },
    {
      "geometry": {
        "coordinates": [
          [
            [
              -2.2626397208424427,
              -0.28819432559393576
            ],
            [
              -2.5101270942577343,
              -0.2528389865346085
            ]
          ]
        ],
        "type": "MultiLineString"
      },
      "properties": {
        "endid": 71,
        "id": 333,
        "metadata": {
          "bottleneck": true,
          "canonical_edge_id": 15,
          "length_m": 0.25,
          "min_clearance_m": 0.2828427255153656,
          "segment_fraction_end": 0.2713424147595514,
          "segment_fraction_start": 0.16724847401091592,
          "segment_index": 2,
          "static_traversability": "UNKNOWN"
        },
        "startid": 72
      },
      "type": "Feature"
    },
    {
      "geometry": {
        "coordinates": [
          [
            [
              -2.5101270942577343,
              -0.2528389865346085
            ],
            [
              -2.7390286937564667,
              -0.33201434687823295
            ]
          ]
        ],
        "type": "MultiLineString"
      },
      "properties": {
        "endid": 70,
        "id": 334,
        "metadata": {
          "bottleneck": true,
          "canonical_edge_id": 15,
          "length_m": 0.25,
          "min_clearance_m": 0.2828427255153656,
          "segment_fraction_end": 0.37543635550818694,
          "segment_fraction_start": 0.2713424147595514,
          "segment_index": 3,
          "static_traversability": "UNKNOWN"
        },
        "startid": 71
      },
      "type": "Feature"
    },
    {
      "geometry": {
        "coordinates": [
          [
            [
              -2.7390286937564667,
              -0.33201434687823295
            ],
            [
              -2.962635491506446,
              -0.4438177457532225
            ]
          ]
        ],
        "type": "MultiLineString"
      },
      "properties": {
        "endid": 69,
        "id": 335,
        "metadata": {
          "bottleneck": true,
          "canonical_edge_id": 15,
          "length_m": 0.25,
          "min_clearance_m": 0.2828427255153656,
          "segment_fraction_end": 0.4795302962568224,
          "segment_fraction_start": 0.37543635550818694,
          "segment_index": 4,
          "static_traversability": "UNKNOWN"
        },
        "startid": 70
      },
      "type": "Feature"
    },
    {
      "geometry": {
        "coordinates": [
          [
            [
              -2.962635491506446,
              -0.4438177457532225
            ],
            [
              -3.2123563991375184,
              -0.4449999999999994
            ]
          ]
        ],
        "type": "MultiLineString"
      },
      "properties": {
        "endid": 68,
        "id": 336,
        "metadata": {
          "bottleneck": true,
          "canonical_edge_id": 15,
          "length_m": 0.25,
          "min_clearance_m": 0.2828427255153656,
          "segment_fraction_end": 0.583624237005458,
          "segment_fraction_start": 0.4795302962568224,
          "segment_index": 5,
          "static_traversability": "UNKNOWN"
        },
        "startid": 69
      },
      "type": "Feature"
    },
    {
      "geometry": {
        "coordinates": [
          [
            [
              -3.2123563991375184,
              -0.4449999999999994
            ],
            [
              -3.4623563991375184,
              -0.4449999999999994
            ]
          ]
        ],
        "type": "MultiLineString"
      },
      "properties": {
        "endid": 67,
        "id": 337,
        "metadata": {
          "bottleneck": true,
          "canonical_edge_id": 15,
          "length_m": 0.25,
          "min_clearance_m": 0.2828427255153656,
          "segment_fraction_end": 0.6877181777540935,
          "segment_fraction_start": 0.583624237005458,
          "segment_index": 6,
          "static_traversability": "UNKNOWN"
        },
        "startid": 68
      },
      "type": "Feature"
    },
    {
      "geometry": {
        "coordinates": [
          [
            [
              -3.4623563991375184,
              -0.4449999999999994
            ],
            [
              -3.696607013770873,
              -0.35814736983592166
            ]
          ]
        ],
        "type": "MultiLineString"
      },
      "properties": {
        "endid": 66,
        "id": 338,
        "metadata": {
          "bottleneck": true,
          "canonical_edge_id": 15,
          "length_m": 0.25,
          "min_clearance_m": 0.2828427255153656,
          "segment_fraction_end": 0.7918121185027289,
          "segment_fraction_start": 0.6877181777540935,
          "segment_index": 7,
          "static_traversability": "UNKNOWN"
        },
        "startid": 67
      },
      "type": "Feature"
    },
    {
      "geometry": {
        "coordinates": [
          [
            [
              -3.696607013770873,
              -0.35814736983592166
            ],
            [
              -3.908826238111393,
              -0.3497827976392415
            ]
          ]
        ],
        "type": "MultiLineString"
      },
      "properties": {
        "endid": 65,
        "id": 339,
        "metadata": {
          "bottleneck": true,
          "canonical_edge_id": 15,
          "length_m": 0.25,
          "min_clearance_m": 0.2828427255153656,
          "segment_fraction_end": 0.8959060592513645,
          "segment_fraction_start": 0.7918121185027289,
          "segment_index": 8,
          "static_traversability": "UNKNOWN"
        },
        "startid": 66
      },
      "type": "Feature"
    },
    {
      "geometry": {
        "coordinates": [
          [
            [
              -3.908826238111393,
              -0.3497827976392415
            ],
            [
              -4.0649999999999995,
              -0.544999999999999
            ]
          ]
        ],
        "type": "MultiLineString"
      },
      "properties": {
        "endid": 2,
        "id": 340,
        "metadata": {
          "bottleneck": true,
          "canonical_edge_id": 15,
          "length_m": 0.25,
          "min_clearance_m": 0.2828427255153656,
          "segment_fraction_end": 1.0,
          "segment_fraction_start": 0.8959060592513645,
          "segment_index": 9,
          "static_traversability": "UNKNOWN"
        },
        "startid": 65
      },
      "type": "Feature"
    },
    {
      "geometry": {
        "coordinates": [
          [
            [
              -1.8649999999999993,
              -0.34499999999999886
            ],
            [
              -1.8682280082601894,
              -0.26752780175543855
            ]
          ]
        ],
        "type": "MultiLineString"
      },
      "properties": {
        "endid": 104,
        "id": 341,
        "metadata": {
          "bottleneck": false,
          "canonical_edge_id": 16,
          "length_m": 0.0775394192535146,
          "min_clearance_m": 0.4000000059604645,
          "segment_fraction_end": 0.04242831560108658,
          "segment_fraction_start": 0.0,
          "segment_index": 0,
          "static_traversability": "FEASIBLE"
        },
        "startid": 8
      },
      "type": "Feature"
    },
    {
      "geometry": {
        "coordinates": [
          [
            [
              -1.8682280082601894,
              -0.26752780175543855
            ],
            [
              -1.8786356444382348,
              -0.0177445334823505
            ]
          ]
        ],
        "type": "MultiLineString"
      },
      "properties": {
        "endid": 103,
        "id": 342,
        "metadata": {
          "bottleneck": false,
          "canonical_edge_id": 16,
          "length_m": 0.25,
          "min_clearance_m": 0.4000000059604645,
          "segment_fraction_end": 0.17922427051521705,
          "segment_fraction_start": 0.04242831560108658,
          "segment_index": 1,
          "static_traversability": "FEASIBLE"
        },
        "startid": 104
      },
      "type": "Feature"
    },
    {
      "geometry": {
        "coordinates": [
          [
            [
              -1.8786356444382348,
              -0.0177445334823505
            ],
            [
              -1.8890432806162802,
              0.23203873479073744
            ]
          ]
        ],
        "type": "MultiLineString"
      },
      "properties": {
        "endid": 102,
        "id": 343,
        "metadata": {
          "bottleneck": false,
          "canonical_edge_id": 16,
          "length_m": 0.25,
          "min_clearance_m": 0.4000000059604645,
          "segment_fraction_end": 0.31602022542934755,
          "segment_fraction_start": 0.17922427051521705,
          "segment_index": 2,
          "static_traversability": "FEASIBLE"
        },
        "startid": 103
      },
      "type": "Feature"
    },
    {
      "geometry": {
        "coordinates": [
          [
            [
              -1.8890432806162802,
              0.23203873479073744
            ],
            [
              -1.8994509167943257,
              0.4818220030638254
            ]
          ]
        ],
        "type": "MultiLineString"
      },
      "properties": {
        "endid": 101,
        "id": 344,
        "metadata": {
          "bottleneck": false,
          "canonical_edge_id": 16,
          "length_m": 0.25,
          "min_clearance_m": 0.4000000059604645,
          "segment_fraction_end": 0.45281618034347804,
          "segment_fraction_start": 0.31602022542934755,
          "segment_index": 3,
          "static_traversability": "FEASIBLE"
        },
        "startid": 102
      },
      "type": "Feature"
    },
    {
      "geometry": {
        "coordinates": [
          [
            [
              -1.8994509167943257,
              0.4818220030638254
            ],
            [
              -1.9098585529723708,
              0.7316052713369134
            ]
          ]
        ],
        "type": "MultiLineString"
      },
      "properties": {
        "endid": 100,
        "id": 345,
        "metadata": {
          "bottleneck": false,
          "canonical_edge_id": 16,
          "length_m": 0.25,
          "min_clearance_m": 0.4000000059604645,
          "segment_fraction_end": 0.5896121352576086,
          "segment_fraction_start": 0.45281618034347804,
          "segment_index": 4,
          "static_traversability": "FEASIBLE"
        },
        "startid": 101
      },
      "type": "Feature"
    },
    {
      "geometry": {
        "coordinates": [
          [
            [
              -1.9098585529723708,
              0.7316052713369134
            ],
            [
              -1.9755739346597132,
              0.9660522135428088
            ]
          ]
        ],
        "type": "MultiLineString"
      },
      "properties": {
        "endid": 99,
        "id": 346,
        "metadata": {
          "bottleneck": false,
          "canonical_edge_id": 16,
          "length_m": 0.25,
          "min_clearance_m": 0.4000000059604645,
          "segment_fraction_end": 0.726408090171739,
          "segment_fraction_start": 0.5896121352576086,
          "segment_index": 5,
          "static_traversability": "FEASIBLE"
        },
        "startid": 100
      },
      "type": "Feature"
    },
    {
      "geometry": {
        "coordinates": [
          [
            [
              -1.9755739346597132,
              0.9660522135428088
            ],
            [
              -2.0952869673298564,
              1.185526106771405
            ]
          ]
        ],
        "type": "MultiLineString"
      },
      "properties": {
        "endid": 98,
        "id": 347,
        "metadata": {
          "bottleneck": false,
          "canonical_edge_id": 16,
          "length_m": 0.25,
          "min_clearance_m": 0.4000000059604645,
          "segment_fraction_end": 0.8632040450858696,
          "segment_fraction_start": 0.726408090171739,
          "segment_index": 6,
          "static_traversability": "FEASIBLE"
        },
        "startid": 99
      },
      "type": "Feature"
    },
    {
      "geometry": {
        "coordinates": [
          [
            [
              -2.0952869673298564,
              1.185526106771405
            ],
            [
              -2.2149999999999994,
              1.4050000000000011
            ]
          ]
        ],
        "type": "MultiLineString"
      },
      "properties": {
        "endid": 6,
        "id": 348,
        "metadata": {
          "bottleneck": false,
          "canonical_edge_id": 16,
          "length_m": 0.25,
          "min_clearance_m": 0.4000000059604645,
          "segment_fraction_end": 1.0,
          "segment_fraction_start": 0.8632040450858696,
          "segment_index": 7,
          "static_traversability": "FEASIBLE"
        },
        "startid": 98
      },
      "type": "Feature"
    },
    {
      "geometry": {
        "coordinates": [
          [
            [
              -1.8649999999999993,
              -0.34499999999999886
            ],
            [
              -1.6882233047033628,
              -0.521776695296636
            ]
          ]
        ],
        "type": "MultiLineString"
      },
      "properties": {
        "endid": 107,
        "id": 349,
        "metadata": {
          "bottleneck": false,
          "canonical_edge_id": 17,
          "length_m": 0.25,
          "min_clearance_m": 0.6020797491073608,
          "segment_fraction_end": 0.5050762722761052,
          "segment_fraction_start": 0.0,
          "segment_index": 0,
          "static_traversability": "FEASIBLE"
        },
        "startid": 8
      },
      "type": "Feature"
    },
    {
      "geometry": {
        "coordinates": [
          [
            [
              -1.6882233047033628,
              -0.521776695296636
            ],
            [
              -1.5149999999999997,
              -0.6949999999999994
            ]
          ]
        ],
        "type": "MultiLineString"
      },
      "properties": {
        "endid": 10,
        "id": 350,
        "metadata": {
          "bottleneck": false,
          "canonical_edge_id": 17,
          "length_m": 0.2449747468305834,
          "min_clearance_m": 0.6020797491073608,
          "segment_fraction_end": 1.0,
          "segment_fraction_start": 0.5050762722761052,
          "segment_index": 1,
          "static_traversability": "FEASIBLE"
        },
        "startid": 107
      },
      "type": "Feature"
    },
    {
      "geometry": {
        "coordinates": [
          [
            [
              -1.6649999999999996,
              -3.494999999999999
            ],
            [
              -1.7614466094067256,
              -3.3985533905932734
            ]
          ]
        ],
        "type": "MultiLineString"
      },
      "properties": {
        "endid": 106,
        "id": 351,
        "metadata": {
          "bottleneck": true,
          "canonical_edge_id": 18,
          "length_m": 0.1363961030678924,
          "min_clearance_m": 0.2692582309246063,
          "segment_fraction_end": 0.21432579868161342,
          "segment_fraction_start": 0.0,
          "segment_index": 0,
          "static_traversability": "UNKNOWN"
        },
        "startid": 9
      },
      "type": "Feature"
    },
    {
      "geometry": {
        "coordinates": [
          [
            [
              -1.7614466094067256,
              -3.3985533905932734
            ],
            [
              -1.9382233047033623,
              -3.2217766952966365
            ]
          ]
        ],
        "type": "MultiLineString"
      },
      "properties": {
        "endid": 105,
        "id": 352,
        "metadata": {
          "bottleneck": true,
          "canonical_edge_id": 18,
          "length_m": 0.25,
          "min_clearance_m": 0.2692582309246063,
          "segment_fraction_end": 0.6071628993408067,
          "segment_fraction_start": 0.21432579868161342,
          "segment_index": 1,
          "static_traversability": "UNKNOWN"
        },
        "startid": 106
      },
      "type": "Feature"
    },
    {
      "geometry": {
        "coordinates": [
          [
            [
              -1.9382233047033623,
              -3.2217766952966365
            ],
            [
              -2.1149999999999993,
              -3.0449999999999995
            ]
          ]
        ],
        "type": "MultiLineString"
      },
      "properties": {
        "endid": 7,
        "id": 353,
        "metadata": {
          "bottleneck": true,
          "canonical_edge_id": 18,
          "length_m": 0.25,
          "min_clearance_m": 0.2692582309246063,
          "segment_fraction_end": 1.0,
          "segment_fraction_start": 0.6071628993408067,
          "segment_index": 2,
          "static_traversability": "UNKNOWN"
        },
        "startid": 105
      },
      "type": "Feature"
    },
    {
      "geometry": {
        "coordinates": [
          [
            [
              -1.5149999999999997,
              -0.6949999999999994
            ],
            [
              -1.6120313765505019,
              -0.8405470648257527
            ]
          ]
        ],
        "type": "MultiLineString"
      },
      "properties": {
        "endid": 97,
        "id": 354,
        "metadata": {
          "bottleneck": true,
          "canonical_edge_id": 19,
          "length_m": 0.17492580174084482,
          "min_clearance_m": 0.36400550603866577,
          "segment_fraction_end": 0.08042839971866234,
          "segment_fraction_start": 0.0,
          "segment_index": 0,
          "static_traversability": "FEASIBLE"
        },
        "startid": 10
      },
      "type": "Feature"
    },
    {
      "geometry": {
        "coordinates": [
          [
            [
              -1.6120313765505019,
              -0.8405470648257527
            ],
            [
              -1.750706425606809,
              -1.0485596384102136
            ]
          ]
        ],
        "type": "MultiLineString"
      },
      "properties": {
        "endid": 96,
        "id": 355,
        "metadata": {
          "bottleneck": true,
          "canonical_edge_id": 19,
          "length_m": 0.25,
          "min_clearance_m": 0.36400550603866577,
          "segment_fraction_end": 0.19537484975382954,
          "segment_fraction_start": 0.08042839971866234,
          "segment_index": 1,
          "static_traversability": "FEASIBLE"
        },
        "startid": 97
      },
      "type": "Feature"
    },
    {
      "geometry": {
        "coordinates": [
          [
            [
              -1.750706425606809,
              -1.0485596384102136
            ],
            [
              -1.8228742185736968,
              -1.2788617157528548
            ]
          ]
        ],
        "type": "MultiLineString"
      },
      "properties": {
        "endid": 95,
        "id": 356,
        "metadata": {
          "bottleneck": true,
          "canonical_edge_id": 19,
          "length_m": 0.25,
          "min_clearance_m": 0.36400550603866577,
          "segment_fraction_end": 0.31032129978899675,
          "segment_fraction_start": 0.19537484975382954,
          "segment_index": 2,
          "static_traversability": "FEASIBLE"
        },
        "startid": 96
      },
      "type": "Feature"
    },
    {
      "geometry": {
        "coordinates": [
          [
            [
              -1.8228742185736968,
              -1.2788617157528548
            ],
            [
              -1.8375547240615644,
              -1.5284303090466036
            ]
          ]
        ],
        "type": "MultiLineString"
      },
      "properties": {
        "endid": 94,
        "id": 357,
        "metadata": {
          "bottleneck": true,
          "canonical_edge_id": 19,
          "length_m": 0.25,
          "min_clearance_m": 0.36400550603866577,
          "segment_fraction_end": 0.425267749824164,
          "segment_fraction_start": 0.31032129978899675,
          "segment_index": 3,
          "static_traversability": "FEASIBLE"
        },
        "startid": 95
      },
      "type": "Feature"
    },
    {
      "geometry": {
        "coordinates": [
          [
            [
              -1.8375547240615644,
              -1.5284303090466036
            ],
            [
              -1.852235229549432,
              -1.7779989023403526
            ]
          ]
        ],
        "type": "MultiLineString"
      },
      "properties": {
        "endid": 93,
        "id": 358,
        "metadata": {
          "bottleneck": true,
          "canonical_edge_id": 19,
          "length_m": 0.25,
          "min_clearance_m": 0.36400550603866577,
          "segment_fraction_end": 0.5402141998593312,
          "segment_fraction_start": 0.425267749824164,
          "segment_index": 4,
          "static_traversability": "FEASIBLE"
        },
        "startid": 94
      },
      "type": "Feature"
    },
    {
      "geometry": {
        "coordinates": [
          [
            [
              -1.852235229549432,
              -1.7779989023403526
            ],
            [
              -1.879589803375031,
              -2.0241796067500624
            ]
          ]
        ],
        "type": "MultiLineString"
      },
      "properties": {
        "endid": 92,
        "id": 359,
        "metadata": {
          "bottleneck": true,
          "canonical_edge_id": 19,
          "length_m": 0.25,
          "min_clearance_m": 0.36400550603866577,
          "segment_fraction_end": 0.6551606498944984,
          "segment_fraction_start": 0.5402141998593312,
          "segment_index": 5,
          "static_traversability": "FEASIBLE"
        },
        "startid": 93
      },
      "type": "Feature"
    },
    {
      "geometry": {
        "coordinates": [
          [
            [
              -1.879589803375031,
              -2.0241796067500624
            ],
            [
              -1.9913932022500205,
              -2.2477864045000415
            ]
          ]
        ],
        "type": "MultiLineString"
      },
      "properties": {
        "endid": 91,
        "id": 360,
        "metadata": {
          "bottleneck": true,
          "canonical_edge_id": 19,
          "length_m": 0.25,
          "min_clearance_m": 0.36400550603866577,
          "segment_fraction_end": 0.7701070999296656,
          "segment_fraction_start": 0.6551606498944984,
          "segment_index": 6,
          "static_traversability": "FEASIBLE"
        },
        "startid": 92
      },
      "type": "Feature"
    },
    {
      "geometry": {
        "coordinates": [
          [
            [
              -1.9913932022500205,
              -2.2477864045000415
            ],
            [
              -2.10319660112501,
              -2.4713932022500202
            ]
          ]
        ],
        "type": "MultiLineString"
      },
      "properties": {
        "endid": 90,
        "id": 361,
        "metadata": {
          "bottleneck": true,
          "canonical_edge_id": 19,
          "length_m": 0.25,
          "min_clearance_m": 0.36400550603866577,
          "segment_fraction_end": 0.8850535499648328,
          "segment_fraction_start": 0.7701070999296656,
          "segment_index": 7,
          "static_traversability": "FEASIBLE"
        },
        "startid": 91
      },
      "type": "Feature"
    },
    {
      "geometry": {
        "coordinates": [
          [
            [
              -2.10319660112501,
              -2.4713932022500202
            ],
            [
              -2.2149999999999994,
              -2.6949999999999994
            ]
          ]
        ],
        "type": "MultiLineString"
      },
      "properties": {
        "endid": 5,
        "id": 362,
        "metadata": {
          "bottleneck": true,
          "canonical_edge_id": 19,
          "length_m": 0.25,
          "min_clearance_m": 0.36400550603866577,
          "segment_fraction_end": 1.0,
          "segment_fraction_start": 0.8850535499648328,
          "segment_index": 8,
          "static_traversability": "FEASIBLE"
        },
        "startid": 90
      },
      "type": "Feature"
    },
    {
      "geometry": {
        "coordinates": [
          [
            [
              -1.5149999999999997,
              -0.6949999999999994
            ],
            [
              -1.6882233047033628,
              -0.521776695296636
            ]
          ]
        ],
        "type": "MultiLineString"
      },
      "properties": {
        "endid": 107,
        "id": 363,
        "metadata": {
          "bottleneck": false,
          "canonical_edge_id": 20,
          "length_m": 0.2449747468305834,
          "min_clearance_m": 0.6020797491073608,
          "segment_fraction_end": 0.49492372772389476,
          "segment_fraction_start": 0.0,
          "segment_index": 0,
          "static_traversability": "FEASIBLE"
        },
        "startid": 10
      },
      "type": "Feature"
    },
    {
      "geometry": {
        "coordinates": [
          [
            [
              -1.6882233047033628,
              -0.521776695296636
            ],
            [
              -1.8649999999999993,
              -0.34499999999999886
            ]
          ]
        ],
        "type": "MultiLineString"
      },
      "properties": {
        "endid": 8,
        "id": 364,
        "metadata": {
          "bottleneck": false,
          "canonical_edge_id": 20,
          "length_m": 0.25,
          "min_clearance_m": 0.6020797491073608,
          "segment_fraction_end": 1.0,
          "segment_fraction_start": 0.49492372772389476,
          "segment_index": 1,
          "static_traversability": "FEASIBLE"
        },
        "startid": 107
      },
      "type": "Feature"
    },
    {
      "geometry": {
        "coordinates": [
          [
            [
              -1.5149999999999997,
              -0.6949999999999994
            ],
            [
              -1.2649999999999997,
              -0.6949999999999994
            ]
          ]
        ],
        "type": "MultiLineString"
      },
      "properties": {
        "endid": 108,
        "id": 365,
        "metadata": {
          "bottleneck": false,
          "canonical_edge_id": 21,
          "length_m": 0.25,
          "min_clearance_m": 0.75,
          "segment_fraction_end": 0.19832532075500034,
          "segment_fraction_start": 0.0,
          "segment_index": 0,
          "static_traversability": "FEASIBLE"
        },
        "startid": 10
      },
      "type": "Feature"
    },
    {
      "geometry": {
        "coordinates": [
          [
            [
              -1.2649999999999997,
              -0.6949999999999994
            ],
            [
              -1.0149999999999997,
              -0.6949999999999994
            ]
          ]
        ],
        "type": "MultiLineString"
      },
      "properties": {
        "endid": 109,
        "id": 366,
        "metadata": {
          "bottleneck": false,
          "canonical_edge_id": 21,
          "length_m": 0.25,
          "min_clearance_m": 0.75,
          "segment_fraction_end": 0.3966506415100007,
          "segment_fraction_start": 0.19832532075500034,
          "segment_index": 1,
          "static_traversability": "FEASIBLE"
        },
        "startid": 108
      },
      "type": "Feature"
    },
    {
      "geometry": {
        "coordinates": [
          [
            [
              -1.0149999999999997,
              -0.6949999999999994
            ],
            [
              -0.7649999999999997,
              -0.6949999999999994
            ]
          ]
        ],
        "type": "MultiLineString"
      },
      "properties": {
        "endid": 110,
        "id": 367,
        "metadata": {
          "bottleneck": false,
          "canonical_edge_id": 21,
          "length_m": 0.25,
          "min_clearance_m": 0.75,
          "segment_fraction_end": 0.594975962265001,
          "segment_fraction_start": 0.3966506415100007,
          "segment_index": 2,
          "static_traversability": "FEASIBLE"
        },
        "startid": 109
      },
      "type": "Feature"
    },
    {
      "geometry": {
        "coordinates": [
          [
            [
              -0.7649999999999997,
              -0.6949999999999994
            ],
            [
              -0.5317949705662153,
              -0.6395299803774767
            ]
          ]
        ],
        "type": "MultiLineString"
      },
      "properties": {
        "endid": 111,
        "id": 368,
        "metadata": {
          "bottleneck": false,
          "canonical_edge_id": 21,
          "length_m": 0.25,
          "min_clearance_m": 0.75,
          "segment_fraction_end": 0.7933012830200014,
          "segment_fraction_start": 0.594975962265001,
          "segment_index": 3,
          "static_traversability": "FEASIBLE"
        },
        "startid": 110
      },
      "type": "Feature"
    },
    {
      "geometry": {
        "coordinates": [
          [
            [
              -0.5317949705662153,
              -0.6395299803774767
            ],
            [
              -0.3237823969817545,
              -0.5008549313211692
            ]
          ]
        ],
        "type": "MultiLineString"
      },
      "properties": {
        "endid": 112,
        "id": 369,
        "metadata": {
          "bottleneck": false,
          "canonical_edge_id": 21,
          "length_m": 0.25,
          "min_clearance_m": 0.75,
          "segment_fraction_end": 0.9916266037750017,
          "segment_fraction_start": 0.7933012830200014,
          "segment_index": 4,
          "static_traversability": "FEASIBLE"
        },
        "startid": 111
      },
      "type": "Feature"
    },
    {
      "geometry": {
        "coordinates": [
          [
            [
              -0.3237823969817545,
              -0.5008549313211692
            ],
            [
              -0.31499999999999945,
              -0.49499999999999916
            ]
          ]
        ],
        "type": "MultiLineString"
      },
      "properties": {
        "endid": 18,
        "id": 370,
        "metadata": {
          "bottleneck": false,
          "canonical_edge_id": 21,
          "length_m": 0.010555127546399312,
          "min_clearance_m": 0.75,
          "segment_fraction_end": 1.0,
          "segment_fraction_start": 0.9916266037750017,
          "segment_index": 5,
          "static_traversability": "FEASIBLE"
        },
        "startid": 112
      },
      "type": "Feature"
    },
    {
      "geometry": {
        "coordinates": [
          [
            [
              -0.9649999999999999,
              0.955000000000001
            ],
            [
              -0.788223304703363,
              0.7782233047033641
            ]
          ]
        ],
        "type": "MultiLineString"
      },
      "properties": {
        "endid": 113,
        "id": 371,
        "metadata": {
          "bottleneck": true,
          "canonical_edge_id": 22,
          "length_m": 0.25,
          "min_clearance_m": 0.22360680997371674,
          "segment_fraction_end": 0.3355818449734014,
          "segment_fraction_start": 0.0,
          "segment_index": 0,
          "static_traversability": "UNKNOWN"
        },
        "startid": 11
      },
      "type": "Feature"
    },
    {
      "geometry": {
        "coordinates": [
          [
            [
              -0.788223304703363,
              0.7782233047033641
            ],
            [
              -0.6099747468305834,
              0.6050000000000004
            ]
          ]
        ],
        "type": "MultiLineString"
      },
      "properties": {
        "endid": 114,
        "id": 372,
        "metadata": {
          "bottleneck": true,
          "canonical_edge_id": 22,
          "length_m": 0.25,
          "min_clearance_m": 0.22360680997371674,
          "segment_fraction_end": 0.6711636899468028,
          "segment_fraction_start": 0.3355818449734014,
          "segment_index": 1,
          "static_traversability": "UNKNOWN"
        },
        "startid": 113
      },
      "type": "Feature"
    },
    {
      "geometry": {
        "coordinates": [
          [
            [
              -0.6099747468305834,
              0.6050000000000004
            ],
            [
              -0.36499999999999927,
              0.6050000000000004
            ]
          ]
        ],
        "type": "MultiLineString"
      },
      "properties": {
        "endid": 17,
        "id": 373,
        "metadata": {
          "bottleneck": true,
          "canonical_edge_id": 22,
          "length_m": 0.24497474683058407,
          "min_clearance_m": 0.22360680997371674,
          "segment_fraction_end": 1.0,
          "segment_fraction_start": 0.6711636899468028,
          "segment_index": 2,
          "static_traversability": "UNKNOWN"
        },
        "startid": 114
      },
      "type": "Feature"
    },
    {
      "geometry": {
        "coordinates": [
          [
            [
              -0.9649999999999999,
              3.255000000000001
            ],
            [
              -0.7649999999999999,
              3.405000000000001
            ]
          ]
        ],
        "type": "MultiLineString"
      },
      "properties": {
        "endid": 115,
        "id": 374,
        "metadata": {
          "bottleneck": true,
          "canonical_edge_id": 23,
          "length_m": 0.25,
          "min_clearance_m": 0.22360680997371674,
          "segment_fraction_end": 0.49999999999999933,
          "segment_fraction_start": 0.0,
          "segment_index": 0,
          "static_traversability": "UNKNOWN"
        },
        "startid": 12
      },
      "type": "Feature"
    },
    {
      "geometry": {
        "coordinates": [
          [
            [
              -0.7649999999999999,
              3.405000000000001
            ],
            [
              -0.5650000000000001,
              3.555000000000001
            ]
          ]
        ],
        "type": "MultiLineString"
      },
      "properties": {
        "endid": 14,
        "id": 375,
        "metadata": {
          "bottleneck": true,
          "canonical_edge_id": 23,
          "length_m": 0.25,
          "min_clearance_m": 0.22360680997371674,
          "segment_fraction_end": 0.9999999999999987,
          "segment_fraction_start": 0.49999999999999933,
          "segment_index": 1,
          "static_traversability": "UNKNOWN"
        },
        "startid": 115
      },
      "type": "Feature"
    },
    {
      "geometry": {
        "coordinates": [
          [
            [
              -0.9649999999999999,
              3.905000000000001
            ],
            [
              -0.7768558263232802,
              3.740373848032872
            ]
          ]
        ],
        "type": "MultiLineString"
      },
      "properties": {
        "endid": 116,
        "id": 376,
        "metadata": {
          "bottleneck": true,
          "canonical_edge_id": 24,
          "length_m": 0.25,
          "min_clearance_m": 0.22360680997371674,
          "segment_fraction_end": 0.4703604341917986,
          "segment_fraction_start": 0.0,
          "segment_index": 0,
          "static_traversability": "UNKNOWN"
        },
        "startid": 13
      },
      "type": "Feature"
    },
    {
      "geometry": {
        "coordinates": [
          [
            [
              -0.7768558263232802,
              3.740373848032872
            ],
            [
              -0.5887116526465606,
              3.5757476960657426
            ]
          ]
        ],
        "type": "MultiLineString"
      },
      "properties": {
        "endid": 117,
        "id": 377,
        "metadata": {
          "bottleneck": true,
          "canonical_edge_id": 24,
          "length_m": 0.25,
          "min_clearance_m": 0.22360680997371674,
          "segment_fraction_end": 0.9407208683835973,
          "segment_fraction_start": 0.4703604341917986,
          "segment_index": 1,
          "static_traversability": "UNKNOWN"
        },
        "startid": 116
      },
      "type": "Feature"
    },
    {
      "geometry": {
        "coordinates": [
          [
            [
              -0.5887116526465606,
              3.5757476960657426
            ],
            [
              -0.5649999999999995,
              3.5550000000000015
            ]
          ]
        ],
        "type": "MultiLineString"
      },
      "properties": {
        "endid": 14,
        "id": 378,
        "metadata": {
          "bottleneck": true,
          "canonical_edge_id": 24,
          "length_m": 0.03150729063673252,
          "min_clearance_m": 0.22360680997371674,
          "segment_fraction_end": 1.0,
          "segment_fraction_start": 0.9407208683835973,
          "segment_index": 2,
          "static_traversability": "UNKNOWN"
        },
        "startid": 117
      },
      "type": "Feature"
    },
    {
      "geometry": {
        "coordinates": [
          [
            [
              -0.5650000000000001,
              3.555000000000001
            ],
            [
              -0.7649999999999999,
              3.405000000000001
            ]
          ]
        ],
        "type": "MultiLineString"
      },
      "properties": {
        "endid": 115,
        "id": 379,
        "metadata": {
          "bottleneck": true,
          "canonical_edge_id": 25,
          "length_m": 0.25,
          "min_clearance_m": 0.22360680997371674,
          "segment_fraction_end": 0.5000000000000007,
          "segment_fraction_start": 1.332267629550186e-15,
          "segment_index": 1,
          "static_traversability": "UNKNOWN"
        },
        "startid": 14
      },
      "type": "Feature"
    },
    {
      "geometry": {
        "coordinates": [
          [
            [
              -0.7649999999999999,
              3.405000000000001
            ],
            [
              -0.9649999999999999,
              3.255000000000001
            ]
          ]
        ],
        "type": "MultiLineString"
      },
      "properties": {
        "endid": 12,
        "id": 380,
        "metadata": {
          "bottleneck": true,
          "canonical_edge_id": 25,
          "length_m": 0.25,
          "min_clearance_m": 0.22360680997371674,
          "segment_fraction_end": 1.0,
          "segment_fraction_start": 0.5000000000000007,
          "segment_index": 2,
          "static_traversability": "UNKNOWN"
        },
        "startid": 115
      },
      "type": "Feature"
    },
    {
      "geometry": {
        "coordinates": [
          [
            [
              -0.5649999999999995,
              3.5550000000000015
            ],
            [
              -0.5887116526465606,
              3.5757476960657426
            ]
          ]
        ],
        "type": "MultiLineString"
      },
      "properties": {
        "endid": 117,
        "id": 381,
        "metadata": {
          "bottleneck": true,
          "canonical_edge_id": 26,
          "length_m": 0.03150729063673252,
          "min_clearance_m": 0.22360680997371674,
          "segment_fraction_end": 0.059279131616402796,
          "segment_fraction_start": 0.0,
          "segment_index": 0,
          "static_traversability": "UNKNOWN"
        },
        "startid": 14
      },
      "type": "Feature"
    },
    {
      "geometry": {
        "coordinates": [
          [
            [
              -0.5887116526465606,
              3.5757476960657426
            ],
            [
              -0.7768558263232802,
              3.740373848032872
            ]
          ]
        ],
        "type": "MultiLineString"
      },
      "properties": {
        "endid": 116,
        "id": 382,
        "metadata": {
          "bottleneck": true,
          "canonical_edge_id": 26,
          "length_m": 0.25,
          "min_clearance_m": 0.22360680997371674,
          "segment_fraction_end": 0.5296395658082014,
          "segment_fraction_start": 0.059279131616402796,
          "segment_index": 1,
          "static_traversability": "UNKNOWN"
        },
        "startid": 117
      },
      "type": "Feature"
    },
    {
      "geometry": {
        "coordinates": [
          [
            [
              -0.7768558263232802,
              3.740373848032872
            ],
            [
              -0.9649999999999999,
              3.905000000000001
            ]
          ]
        ],
        "type": "MultiLineString"
      },
      "properties": {
        "endid": 13,
        "id": 383,
        "metadata": {
          "bottleneck": true,
          "canonical_edge_id": 26,
          "length_m": 0.25,
          "min_clearance_m": 0.22360680997371674,
          "segment_fraction_end": 1.0,
          "segment_fraction_start": 0.5296395658082014,
          "segment_index": 2,
          "static_traversability": "UNKNOWN"
        },
        "startid": 116
      },
      "type": "Feature"
    },
    {
      "geometry": {
        "coordinates": [
          [
            [
              -0.5649999999999995,
              3.5550000000000015
            ],
            [
              -0.45319660112501026,
              3.3313932022500223
            ]
          ]
        ],
        "type": "MultiLineString"
      },
      "properties": {
        "endid": 118,
        "id": 384,
        "metadata": {
          "bottleneck": true,
          "canonical_edge_id": 27,
          "length_m": 0.25,
          "min_clearance_m": 0.3354102075099945,
          "segment_fraction_end": 0.3726779962499643,
          "segment_fraction_start": 0.0,
          "segment_index": 0,
          "static_traversability": "FEASIBLE"
        },
        "startid": 14
      },
      "type": "Feature"
    },
    {
      "geometry": {
        "coordinates": [
          [
            [
              -0.45319660112501026,
              3.3313932022500223
            ],
            [
              -0.34139320225002107,
              3.107786404500043
            ]
          ]
        ],
        "type": "MultiLineString"
      },
      "properties": {
        "endid": 119,
        "id": 385,
        "metadata": {
          "bottleneck": true,
          "canonical_edge_id": 27,
          "length_m": 0.25,
          "min_clearance_m": 0.3354102075099945,
          "segment_fraction_end": 0.7453559924999286,
          "segment_fraction_start": 0.3726779962499643,
          "segment_index": 1,
          "static_traversability": "FEASIBLE"
        },
        "startid": 118
      },
      "type": "Feature"
    },
    {
      "geometry": {
        "coordinates": [
          [
            [
              -0.34139320225002107,
              3.107786404500043
            ],
            [
              -0.2649999999999997,
              2.955
            ]
          ]
        ],
        "type": "MultiLineString"
      },
      "properties": {
        "endid": 19,
        "id": 386,
        "metadata": {
          "bottleneck": true,
          "canonical_edge_id": 27,
          "length_m": 0.17082039324993814,
          "min_clearance_m": 0.3354102075099945,
          "segment_fraction_end": 1.0,
          "segment_fraction_start": 0.7453559924999286,
          "segment_index": 2,
          "static_traversability": "FEASIBLE"
        },
        "startid": 119
      },
      "type": "Feature"
    },
    {
      "geometry": {
        "coordinates": [
          [
            [
              -0.5649999999999995,
              3.5550000000000015
            ],
            [
              -0.3882233047033625,
              3.731776695296638
            ]
          ]
        ],
        "type": "MultiLineString"
      },
      "properties": {
        "endid": 120,
        "id": 387,
        "metadata": {
          "bottleneck": true,
          "canonical_edge_id": 28,
          "length_m": 0.25,
          "min_clearance_m": 0.3201562166213989,
          "segment_fraction_end": 0.16354816697775226,
          "segment_fraction_start": 0.0,
          "segment_index": 0,
          "static_traversability": "FEASIBLE"
        },
        "startid": 14
      },
      "type": "Feature"
    },
    {
      "geometry": {
        "coordinates": [
          [
            [
              -0.3882233047033625,
              3.731776695296638
            ],
            [
              -0.2114466094067255,
              3.908553390593275
            ]
          ]
        ],
        "type": "MultiLineString"
      },
      "properties": {
        "endid": 121,
        "id": 388,
        "metadata": {
          "bottleneck": true,
          "canonical_edge_id": 28,
          "length_m": 0.25,
          "min_clearance_m": 0.3201562166213989,
          "segment_fraction_end": 0.3270963339555045,
          "segment_fraction_start": 0.16354816697775226,
          "segment_index": 1,
          "static_traversability": "FEASIBLE"
        },
        "startid": 120
      },
      "type": "Feature"
    },
    {
      "geometry": {
        "coordinates": [
          [
            [
              -0.2114466094067255,
              3.908553390593275
            ],
            [
              -0.03466991411008846,
              4.085330085889912
            ]
          ]
        ],
        "type": "MultiLineString"
      },
      "properties": {
        "endid": 122,
        "id": 389,
        "metadata": {
          "bottleneck": true,
          "canonical_edge_id": 28,
          "length_m": 0.25,
          "min_clearance_m": 0.3201562166213989,
          "segment_fraction_end": 0.49064450093325673,
          "segment_fraction_start": 0.3270963339555045,
          "segment_index": 2,
          "static_traversability": "FEASIBLE"
        },
        "startid": 121
      },
      "type": "Feature"
    },
    {
      "geometry": {
        "coordinates": [
          [
            [
              -0.03466991411008846,
              4.085330085889912
            ],
            [
              0.0795457312807065,
              4.299773626662295
            ]
          ]
        ],
        "type": "MultiLineString"
      },
      "properties": {
        "endid": 123,
        "id": 390,
        "metadata": {
          "bottleneck": true,
          "canonical_edge_id": 28,
          "length_m": 0.25,
          "min_clearance_m": 0.3201562166213989,
          "segment_fraction_end": 0.654192667911009,
          "segment_fraction_start": 0.49064450093325673,
          "segment_index": 3,
          "static_traversability": "FEASIBLE"
        },
        "startid": 122
      },
      "type": "Feature"
    },
    {
      "geometry": {
        "coordinates": [
          [
            [
              0.0795457312807065,
              4.299773626662295
            ],
            [
              0.15306719349008696,
              4.538718378842782
            ]
          ]
        ],
        "type": "MultiLineString"
      },
      "properties": {
        "endid": 124,
        "id": 391,
        "metadata": {
          "bottleneck": true,
          "canonical_edge_id": 28,
          "length_m": 0.25,
          "min_clearance_m": 0.3201562166213989,
          "segment_fraction_end": 0.8177408348887613,
          "segment_fraction_start": 0.654192667911009,
          "segment_index": 4,
          "static_traversability": "FEASIBLE"
        },
        "startid": 123
      },
      "type": "Feature"
    },
    {
      "geometry": {
        "coordinates": [
          [
            [
              0.15306719349008696,
              4.538718378842782
            ],
            [
              0.22658865569946748,
              4.77766313102327
            ]
          ]
        ],
        "type": "MultiLineString"
      },
      "properties": {
        "endid": 125,
        "id": 392,
        "metadata": {
          "bottleneck": true,
          "canonical_edge_id": 28,
          "length_m": 0.25,
          "min_clearance_m": 0.3201562166213989,
          "segment_fraction_end": 0.9812890018665135,
          "segment_fraction_start": 0.8177408348887613,
          "segment_index": 5,
          "static_traversability": "FEASIBLE"
        },
        "startid": 124
      },
      "type": "Feature"
    },
    {
      "geometry": {
        "coordinates": [
          [
            [
              0.22658865569946748,
              4.77766313102327
            ],
            [
              0.23500000000000038,
              4.8050000000000015
            ]
          ]
        ],
        "type": "MultiLineString"
      },
      "properties": {
        "endid": 23,
        "id": 393,
        "metadata": {
          "bottleneck": true,
          "canonical_edge_id": 28,
          "length_m": 0.028601662860629595,
          "min_clearance_m": 0.3201562166213989,
          "segment_fraction_end": 1.0,
          "segment_fraction_start": 0.9812890018665135,
          "segment_index": 6,
          "static_traversability": "FEASIBLE"
        },
        "startid": 125
      },
      "type": "Feature"
    },
    {
      "geometry": {
        "coordinates": [
          [
            [
              -0.5149999999999997,
              5.155000000000001
            ],
            [
              -0.2884542150011833,
              5.04927863366722
            ]
          ]
        ],
        "type": "MultiLineString"
      },
      "properties": {
        "endid": 126,
        "id": 394,
        "metadata": {
          "bottleneck": false,
          "canonical_edge_id": 29,
          "length_m": 0.25,
          "min_clearance_m": 0.5830951929092407,
          "segment_fraction_end": 0.30206104666508854,
          "segment_fraction_start": 0.0,
          "segment_index": 0,
          "static_traversability": "FEASIBLE"
        },
        "startid": 15
      },
      "type": "Feature"
    },
    {
      "geometry": {
        "coordinates": [
          [
            [
              -0.2884542150011833,
              5.04927863366722
            ],
            [
              -0.0619084300023669,
              4.943557267334439
            ]
          ]
        ],
        "type": "MultiLineString"
      },
      "properties": {
        "endid": 127,
        "id": 395,
        "metadata": {
          "bottleneck": false,
          "canonical_edge_id": 29,
          "length_m": 0.25,
          "min_clearance_m": 0.5830951929092407,
          "segment_fraction_end": 0.6041220933301771,
          "segment_fraction_start": 0.30206104666508854,
          "segment_index": 1,
          "static_traversability": "FEASIBLE"
        },
        "startid": 126
      },
      "type": "Feature"
    },
    {
      "geometry": {
        "coordinates": [
          [
            [
              -0.0619084300023669,
              4.943557267334439
            ],
            [
              0.1646373549964496,
              4.837835901001658
            ]
          ]
        ],
        "type": "MultiLineString"
      },
      "properties": {
        "endid": 128,
        "id": 396,
        "metadata": {
          "bottleneck": false,
          "canonical_edge_id": 29,
          "length_m": 0.25,
          "min_clearance_m": 0.5830951929092407,
          "segment_fraction_end": 0.9061831399952657,
          "segment_fraction_start": 0.6041220933301771,
          "segment_index": 2,
          "static_traversability": "FEASIBLE"
        },
        "startid": 127
      },
      "type": "Feature"
    },
    {
      "geometry": {
        "coordinates": [
          [
            [
              0.1646373549964496,
              4.837835901001658
            ],
            [
              0.23500000000000032,
              4.8050000000000015
            ]
          ]
        ],
        "type": "MultiLineString"
      },
      "properties": {
        "endid": 23,
        "id": 397,
        "metadata": {
          "bottleneck": false,
          "canonical_edge_id": 29,
          "length_m": 0.07764726786234222,
          "min_clearance_m": 0.5830951929092407,
          "segment_fraction_end": 1.0,
          "segment_fraction_start": 0.9061831399952657,
          "segment_index": 3,
          "static_traversability": "FEASIBLE"
        },
        "startid": 128
      },
      "type": "Feature"
    },
    {
      "geometry": {
        "coordinates": [
          [
            [
              -0.46499999999999986,
              -1.9449999999999994
            ],
            [
              -0.47585930606907656,
              -1.6952359604112346
            ]
          ]
        ],
        "type": "MultiLineString"
      },
      "properties": {
        "endid": 129,
        "id": 398,
        "metadata": {
          "bottleneck": false,
          "canonical_edge_id": 30,
          "length_m": 0.25,
          "min_clearance_m": 0.6324555277824402,
          "segment_fraction_end": 0.16538312045517461,
          "segment_fraction_start": 0.0,
          "segment_index": 0,
          "static_traversability": "FEASIBLE"
        },
        "startid": 16
      },
      "type": "Feature"
    },
    {
      "geometry": {
        "coordinates": [
          [
            [
              -0.47585930606907656,
              -1.6952359604112346
            ],
            [
              -0.48671861213815326,
              -1.4454719208224696
            ]
          ]
        ],
        "type": "MultiLineString"
      },
      "properties": {
        "endid": 130,
        "id": 399,
        "metadata": {
          "bottleneck": false,
          "canonical_edge_id": 30,
          "length_m": 0.25,
          "min_clearance_m": 0.6324555277824402,
          "segment_fraction_end": 0.33076624091034923,
          "segment_fraction_start": 0.16538312045517461,
          "segment_index": 1,
          "static_traversability": "FEASIBLE"
        },
        "startid": 129
      },
      "type": "Feature"
    },
    {
      "geometry": {
        "coordinates": [
          [
            [
              -0.48671861213815326,
              -1.4454719208224696
            ],
            [
              -0.49757791820722996,
              -1.1957078812337048
            ]
          ]
        ],
        "type": "MultiLineString"
      },
      "properties": {
        "endid": 131,
        "id": 400,
        "metadata": {
          "bottleneck": false,
          "canonical_edge_id": 30,
          "length_m": 0.25,
          "min_clearance_m": 0.6324555277824402,
          "segment_fraction_end": 0.49614936136552384,
          "segment_fraction_start": 0.33076624091034923,
          "segment_index": 2,
          "static_traversability": "FEASIBLE"
        },
        "startid": 130
      },
      "type": "Feature"
    },
    {
      "geometry": {
        "coordinates": [
          [
            [
              -0.49757791820722996,
              -1.1957078812337048
            ],
            [
              -0.5084372242763067,
              -0.9459438416449398
            ]
          ]
        ],
        "type": "MultiLineString"
      },
      "properties": {
        "endid": 132,
        "id": 401,
        "metadata": {
          "bottleneck": false,
          "canonical_edge_id": 30,
          "length_m": 0.25,
          "min_clearance_m": 0.6324555277824402,
          "segment_fraction_end": 0.6615324818206985,
          "segment_fraction_start": 0.49614936136552384,
          "segment_index": 3,
          "static_traversability": "FEASIBLE"
        },
        "startid": 131
      },
      "type": "Feature"
    },
    {
      "geometry": {
        "coordinates": [
          [
            [
              -0.5084372242763067,
              -0.9459438416449398
            ],
            [
              -0.4601326307014521,
              -0.7126989460521779
            ]
          ]
        ],
        "type": "MultiLineString"
      },
      "properties": {
        "endid": 133,
        "id": 402,
        "metadata": {
          "bottleneck": false,
          "canonical_edge_id": 30,
          "length_m": 0.25,
          "min_clearance_m": 0.6324555277824402,
          "segment_fraction_end": 0.8269156022758731,
          "segment_fraction_start": 0.6615324818206985,
          "segment_index": 4,
          "static_traversability": "FEASIBLE"
        },
        "startid": 132
      },
      "type": "Feature"
    },
    {
      "geometry": {
        "coordinates": [
          [
            [
              -0.4601326307014521,
              -0.7126989460521779
            ],
            [
              -0.3214575816451447,
              -0.5046863724677171
            ]
          ]
        ],
        "type": "MultiLineString"
      },
      "properties": {
        "endid": 134,
        "id": 403,
        "metadata": {
          "bottleneck": false,
          "canonical_edge_id": 30,
          "length_m": 0.25,
          "min_clearance_m": 0.6324555277824402,
          "segment_fraction_end": 0.9922987227310477,
          "segment_fraction_start": 0.8269156022758731,
          "segment_index": 5,
          "static_traversability": "FEASIBLE"
        },
        "startid": 133
      },
      "type": "Feature"
    },
    {
      "geometry": {
        "coordinates": [
          [
            [
              -0.3214575816451447,
              -0.5046863724677171
            ],
            [
              -0.31499999999999945,
              -0.49499999999999916
            ]
          ]
        ],
        "type": "MultiLineString"
      },
      "properties": {
        "endid": 18,
        "id": 404,
        "metadata": {
          "bottleneck": false,
          "canonical_edge_id": 30,
          "length_m": 0.011641570868533124,
          "min_clearance_m": 0.6324555277824402,
          "segment_fraction_end": 1.0,
          "segment_fraction_start": 0.9922987227310477,
          "segment_index": 6,
          "static_traversability": "FEASIBLE"
        },
        "startid": 134
      },
      "type": "Feature"
    },
    {
      "geometry": {
        "coordinates": [
          [
            [
              -0.46499999999999986,
              -1.9449999999999994
            ],
            [
              -0.2319988321146758,
              -2.0356115652887365
            ]
          ]
        ],
        "type": "MultiLineString"
      },
      "properties": {
        "endid": 135,
        "id": 405,
        "metadata": {
          "bottleneck": false,
          "canonical_edge_id": 31,
          "length_m": 0.25,
          "min_clearance_m": 0.40311288833618164,
          "segment_fraction_end": 0.0722548025499565,
          "segment_fraction_start": 0.0,
          "segment_index": 0,
          "static_traversability": "FEASIBLE"
        },
        "startid": 16
      },
      "type": "Feature"
    },
    {
      "geometry": {
        "coordinates": [
          [
            [
              -0.2319988321146758,
              -2.0356115652887365
            ],
            [
              0.0010023357706482328,
              -2.1262231305774733
            ]
          ]
        ],
        "type": "MultiLineString"
      },
      "properties": {
        "endid": 136,
        "id": 406,
        "metadata": {
          "bottleneck": false,
          "canonical_edge_id": 31,
          "length_m": 0.25,
          "min_clearance_m": 0.40311288833618164,
          "segment_fraction_end": 0.144509605099913,
          "segment_fraction_start": 0.0722548025499565,
          "segment_index": 1,
          "static_traversability": "FEASIBLE"
        },
        "startid": 135
      },
      "type": "Feature"
    },
    {
      "geometry": {
        "coordinates": [
          [
            [
              0.0010023357706482328,
              -2.1262231305774733
            ],
            [
              0.23400350365597222,
              -2.2168346958662104
            ]
          ]
        ],
        "type": "MultiLineString"
      },
      "properties": {
        "endid": 137,
        "id": 407,
        "metadata": {
          "bottleneck": false,
          "canonical_edge_id": 31,
          "length_m": 0.25,
          "min_clearance_m": 0.40311288833618164,
          "segment_fraction_end": 0.2167644076498695,
          "segment_fraction_start": 0.144509605099913,
          "segment_index": 2,
          "static_traversability": "FEASIBLE"
        },
        "startid": 136
      },
      "type": "Feature"
    },
    {
      "geometry": {
        "coordinates": [
          [
            [
              0.23400350365597222,
              -2.2168346958662104
            ],
            [
              0.4564517806840929,
              -2.3218147258551145
            ]
          ]
        ],
        "type": "MultiLineString"
      },
      "properties": {
        "endid": 138,
        "id": 408,
        "metadata": {
          "bottleneck": false,
          "canonical_edge_id": 31,
          "length_m": 0.25,
          "min_clearance_m": 0.40311288833618164,
          "segment_fraction_end": 0.289019210199826,
          "segment_fraction_start": 0.2167644076498695,
          "segment_index": 3,
          "static_traversability": "FEASIBLE"
        },
        "startid": 137
      },
      "type": "Feature"
    },
    {
      "geometry": {
        "coordinates": [
          [
            [
              0.4564517806840929,
              -2.3218147258551145
            ],
            [
              0.6126255425726989,
              -2.5170319282158724
            ]
          ]
        ],
        "type": "MultiLineString"
      },
      "properties": {
        "endid": 139,
        "id": 409,
        "metadata": {
          "bottleneck": false,
          "canonical_edge_id": 31,
          "length_m": 0.25,
          "min_clearance_m": 0.40311288833618164,
          "segment_fraction_end": 0.3612740127497825,
          "segment_fraction_start": 0.289019210199826,
          "segment_index": 4,
          "static_traversability": "FEASIBLE"
        },
        "startid": 138
      },
      "type": "Feature"
    },
    {
      "geometry": {
        "coordinates": [
          [
            [
              0.6126255425726989,
              -2.5170319282158724
            ],
            [
              0.6527869625933252,
              -2.7584435511198944
            ]
          ]
        ],
        "type": "MultiLineString"
      },
      "properties": {
        "endid": 140,
        "id": 410,
        "metadata": {
          "bottleneck": false,
          "canonical_edge_id": 31,
          "length_m": 0.25,
          "min_clearance_m": 0.40311288833618164,
          "segment_fraction_end": 0.433528815299739,
          "segment_fraction_start": 0.3612740127497825,
          "segment_index": 5,
          "static_traversability": "FEASIBLE"
        },
        "startid": 139
      },
      "type": "Feature"
    },
    {
      "geometry": {
        "coordinates": [
          [
            [
              0.6527869625933252,
              -2.7584435511198944
            ],
            [
              0.6735483325567602,
              -3.0075799906811147
            ]
          ]
        ],
        "type": "MultiLineString"
      },
      "properties": {
        "endid": 141,
        "id": 411,
        "metadata": {
          "bottleneck": false,
          "canonical_edge_id": 31,
          "length_m": 0.25,
          "min_clearance_m": 0.40311288833618164,
          "segment_fraction_end": 0.5057836178496955,
          "segment_fraction_start": 0.433528815299739,
          "segment_index": 6,
          "static_traversability": "FEASIBLE"
        },
        "startid": 140
      },
      "type": "Feature"
    },
    {
      "geometry": {
        "coordinates": [
          [
            [
              0.6735483325567602,
              -3.0075799906811147
            ],
            [
              0.6578108679290631,
              -3.2537565282837497
            ]
          ]
        ],
        "type": "MultiLineString"
      },
      "properties": {
        "endid": 142,
        "id": 412,
        "metadata": {
          "bottleneck": false,
          "canonical_edge_id": 31,
          "length_m": 0.25,
          "min_clearance_m": 0.40311288833618164,
          "segment_fraction_end": 0.578038420399652,
          "segment_fraction_start": 0.5057836178496955,
          "segment_index": 7,
          "static_traversability": "FEASIBLE"
        },
        "startid": 141
      },
      "type": "Feature"
    },
    {
      "geometry": {
        "coordinates": [
          [
            [
              0.6578108679290631,
              -3.2537565282837497
            ],
            [
              0.59717696166998,
              -3.496292153320083
            ]
          ]
        ],
        "type": "MultiLineString"
      },
      "properties": {
        "endid": 143,
        "id": 413,
        "metadata": {
          "bottleneck": false,
          "canonical_edge_id": 31,
          "length_m": 0.25,
          "min_clearance_m": 0.40311288833618164,
          "segment_fraction_end": 0.6502932229496085,
          "segment_fraction_start": 0.578038420399652,
          "segment_index": 8,
          "static_traversability": "FEASIBLE"
        },
        "startid": 142
      },
      "type": "Feature"
    },
    {
      "geometry": {
        "coordinates": [
          [
            [
              0.59717696166998,
              -3.496292153320083
            ],
            [
              0.6592012948502096,
              -3.730503237125522
            ]
          ]
        ],
        "type": "MultiLineString"
      },
      "properties": {
        "endid": 144,
        "id": 414,
        "metadata": {
          "bottleneck": false,
          "canonical_edge_id": 31,
          "length_m": 0.25,
          "min_clearance_m": 0.40311288833618164,
          "segment_fraction_end": 0.722548025499565,
          "segment_fraction_start": 0.6502932229496085,
          "segment_index": 9,
          "static_traversability": "FEASIBLE"
        },
        "startid": 143
      },
      "type": "Feature"
    },
    {
      "geometry": {
        "coordinates": [
          [
            [
              0.6592012948502096,
              -3.730503237125522
            ],
            [
              0.6850000000000005,
              -3.9755348604788527
            ]
          ]
        ],
        "type": "MultiLineString"
      },
      "properties": {
        "endid": 145,
        "id": 415,
        "metadata": {
          "bottleneck": false,
          "canonical_edge_id": 31,
          "length_m": 0.25,
          "min_clearance_m": 0.40311288833618164,
          "segment_fraction_end": 0.7948028280495215,
          "segment_fraction_start": 0.722548025499565,
          "segment_index": 10,
          "static_traversability": "FEASIBLE"
        },
        "startid": 144
      },
      "type": "Feature"
    },
    {
      "geometry": {
        "coordinates": [
          [
            [
              0.6850000000000005,
              -3.9755348604788527
            ],
            [
              0.6850000000000005,
              -4.225534860478852
            ]
          ]
        ],
        "type": "MultiLineString"
      },
      "properties": {
        "endid": 146,
        "id": 416,
        "metadata": {
          "bottleneck": false,
          "canonical_edge_id": 31,
          "length_m": 0.25,
          "min_clearance_m": 0.40311288833618164,
          "segment_fraction_end": 0.867057630599478,
          "segment_fraction_start": 0.7948028280495215,
          "segment_index": 11,
          "static_traversability": "FEASIBLE"
        },
        "startid": 145
      },
      "type": "Feature"
    },
    {
      "geometry": {
        "coordinates": [
          [
            [
              0.6850000000000005,
              -4.225534860478852
            ],
            [
              0.5694243987258354,
              -4.433690721528998
            ]
          ]
        ],
        "type": "MultiLineString"
      },
      "properties": {
        "endid": 147,
        "id": 417,
        "metadata": {
          "bottleneck": false,
          "canonical_edge_id": 31,
          "length_m": 0.25,
          "min_clearance_m": 0.40311288833618164,
          "segment_fraction_end": 0.9393124331494345,
          "segment_fraction_start": 0.867057630599478,
          "segment_index": 12,
          "static_traversability": "FEASIBLE"
        },
        "startid": 146
      },
      "type": "Feature"
    },
    {
      "geometry": {
        "coordinates": [
          [
            [
              0.5694243987258354,
              -4.433690721528998
            ],
            [
              0.4350000000000006,
              -4.595
            ]
          ]
        ],
        "type": "MultiLineString"
      },
      "properties": {
        "endid": 26,
        "id": 418,
        "metadata": {
          "bottleneck": false,
          "canonical_edge_id": 31,
          "length_m": 0.20997762331647962,
          "min_clearance_m": 0.40311288833618164,
          "segment_fraction_end": 1.0,
          "segment_fraction_start": 0.9393124331494345,
          "segment_index": 13,
          "static_traversability": "FEASIBLE"
        },
        "startid": 147
      },
      "type": "Feature"
    },
    {
      "geometry": {
        "coordinates": [
          [
            [
              -0.36499999999999927,
              0.6050000000000004
            ],
            [
              -0.6099747468305834,
              0.6050000000000004
            ]
          ]
        ],
        "type": "MultiLineString"
      },
      "properties": {
        "endid": 114,
        "id": 419,
        "metadata": {
          "bottleneck": true,
          "canonical_edge_id": 32,
          "length_m": 0.24497474683058407,
          "min_clearance_m": 0.22360680997371674,
          "segment_fraction_end": 0.32883631005319724,
          "segment_fraction_start": 0.0,
          "segment_index": 0,
          "static_traversability": "UNKNOWN"
        },
        "startid": 17
      },
      "type": "Feature"
    },
    {
      "geometry": {
        "coordinates": [
          [
            [
              -0.6099747468305834,
              0.6050000000000004
            ],
            [
              -0.788223304703363,
              0.7782233047033641
            ]
          ]
        ],
        "type": "MultiLineString"
      },
      "properties": {
        "endid": 113,
        "id": 420,
        "metadata": {
          "bottleneck": true,
          "canonical_edge_id": 32,
          "length_m": 0.25,
          "min_clearance_m": 0.22360680997371674,
          "segment_fraction_end": 0.6644181550265986,
          "segment_fraction_start": 0.32883631005319724,
          "segment_index": 1,
          "static_traversability": "UNKNOWN"
        },
        "startid": 114
      },
      "type": "Feature"
    },
    {
      "geometry": {
        "coordinates": [
          [
            [
              -0.788223304703363,
              0.7782233047033641
            ],
            [
              -0.9649999999999999,
              0.955000000000001
            ]
          ]
        ],
        "type": "MultiLineString"
      },
      "properties": {
        "endid": 11,
        "id": 421,
        "metadata": {
          "bottleneck": true,
          "canonical_edge_id": 32,
          "length_m": 0.25,
          "min_clearance_m": 0.22360680997371674,
          "segment_fraction_end": 1.0,
          "segment_fraction_start": 0.6644181550265986,
          "segment_index": 2,
          "static_traversability": "UNKNOWN"
        },
        "startid": 113
      },
      "type": "Feature"
    },
    {
      "geometry": {
        "coordinates": [
          [
            [
              -0.3649999999999993,
              0.6050000000000004
            ],
            [
              -0.3649999999999993,
              0.8550000000000004
            ]
          ]
        ],
        "type": "MultiLineString"
      },
      "properties": {
        "endid": 148,
        "id": 422,
        "metadata": {
          "bottleneck": true,
          "canonical_edge_id": 33,
          "length_m": 0.25,
          "min_clearance_m": 0.3162277638912201,
          "segment_fraction_end": 0.1053249427145993,
          "segment_fraction_start": 0.0,
          "segment_index": 0,
          "static_traversability": "FEASIBLE"
        },
        "startid": 17
      },
      "type": "Feature"
    },
    {
      "geometry": {
        "coordinates": [
          [
            [
              -0.3649999999999993,
              0.8550000000000004
            ],
            [
              -0.3649999999999993,
              1.1050000000000004
            ]
          ]
        ],
        "type": "MultiLineString"
      },
      "properties": {
        "endid": 149,
        "id": 423,
        "metadata": {
          "bottleneck": true,
          "canonical_edge_id": 33,
          "length_m": 0.25,
          "min_clearance_m": 0.3162277638912201,
          "segment_fraction_end": 0.2106498854291986,
          "segment_fraction_start": 0.1053249427145993,
          "segment_index": 1,
          "static_traversability": "FEASIBLE"
        },
        "startid": 148
      },
      "type": "Feature"
    },
    {
      "geometry": {
        "coordinates": [
          [
            [
              -0.3649999999999993,
              1.1050000000000004
            ],
            [
              -0.3649999999999993,
              1.3550000000000004
            ]
          ]
        ],
        "type": "MultiLineString"
      },
      "properties": {
        "endid": 150,
        "id": 424,
        "metadata": {
          "bottleneck": true,
          "canonical_edge_id": 33,
          "length_m": 0.25,
          "min_clearance_m": 0.3162277638912201,
          "segment_fraction_end": 0.3159748281437979,
          "segment_fraction_start": 0.2106498854291986,
          "segment_index": 2,
          "static_traversability": "FEASIBLE"
        },
        "startid": 149
      },
      "type": "Feature"
    },
    {
      "geometry": {
        "coordinates": [
          [
            [
              -0.3649999999999993,
              1.3550000000000004
            ],
            [
              -0.3649999999999993,
              1.6050000000000004
            ]
          ]
        ],
        "type": "MultiLineString"
      },
      "properties": {
        "endid": 151,
        "id": 425,
        "metadata": {
          "bottleneck": true,
          "canonical_edge_id": 33,
          "length_m": 0.25,
          "min_clearance_m": 0.3162277638912201,
          "segment_fraction_end": 0.4212997708583972,
          "segment_fraction_start": 0.3159748281437979,
          "segment_index": 3,
          "static_traversability": "FEASIBLE"
        },
        "startid": 150
      },
      "type": "Feature"
    },
    {
      "geometry": {
        "coordinates": [
          [
            [
              -0.3649999999999993,
              1.6050000000000004
            ],
            [
              -0.3649999999999993,
              1.8550000000000004
            ]
          ]
        ],
        "type": "MultiLineString"
      },
      "properties": {
        "endid": 152,
        "id": 426,
        "metadata": {
          "bottleneck": true,
          "canonical_edge_id": 33,
          "length_m": 0.25,
          "min_clearance_m": 0.3162277638912201,
          "segment_fraction_end": 0.5266247135729966,
          "segment_fraction_start": 0.4212997708583972,
          "segment_index": 4,
          "static_traversability": "FEASIBLE"
        },
        "startid": 151
      },
      "type": "Feature"
    },
    {
      "geometry": {
        "coordinates": [
          [
            [
              -0.3649999999999993,
              1.8550000000000004
            ],
            [
              -0.3649999999999993,
              2.1050000000000004
            ]
          ]
        ],
        "type": "MultiLineString"
      },
      "properties": {
        "endid": 153,
        "id": 427,
        "metadata": {
          "bottleneck": true,
          "canonical_edge_id": 33,
          "length_m": 0.25,
          "min_clearance_m": 0.3162277638912201,
          "segment_fraction_end": 0.6319496562875958,
          "segment_fraction_start": 0.5266247135729966,
          "segment_index": 5,
          "static_traversability": "FEASIBLE"
        },
        "startid": 152
      },
      "type": "Feature"
    },
    {
      "geometry": {
        "coordinates": [
          [
            [
              -0.3649999999999993,
              2.1050000000000004
            ],
            [
              -0.3649999999999993,
              2.3550000000000004
            ]
          ]
        ],
        "type": "MultiLineString"
      },
      "properties": {
        "endid": 154,
        "id": 428,
        "metadata": {
          "bottleneck": true,
          "canonical_edge_id": 33,
          "length_m": 0.25,
          "min_clearance_m": 0.3162277638912201,
          "segment_fraction_end": 0.7372745990021952,
          "segment_fraction_start": 0.6319496562875958,
          "segment_index": 6,
          "static_traversability": "FEASIBLE"
        },
        "startid": 153
      },
      "type": "Feature"
    },
    {
      "geometry": {
        "coordinates": [
          [
            [
              -0.3649999999999993,
              2.3550000000000004
            ],
            [
              -0.3649999999999993,
              2.6050000000000004
            ]
          ]
        ],
        "type": "MultiLineString"
      },
      "properties": {
        "endid": 155,
        "id": 429,
        "metadata": {
          "bottleneck": true,
          "canonical_edge_id": 33,
          "length_m": 0.25,
          "min_clearance_m": 0.3162277638912201,
          "segment_fraction_end": 0.8425995417167944,
          "segment_fraction_start": 0.7372745990021952,
          "segment_index": 7,
          "static_traversability": "FEASIBLE"
        },
        "startid": 154
      },
      "type": "Feature"
    },
    {
      "geometry": {
        "coordinates": [
          [
            [
              -0.3649999999999993,
              2.6050000000000004
            ],
            [
              -0.3202786404500037,
              2.844442719099992
            ]
          ]
        ],
        "type": "MultiLineString"
      },
      "properties": {
        "endid": 156,
        "id": 430,
        "metadata": {
          "bottleneck": true,
          "canonical_edge_id": 33,
          "length_m": 0.25,
          "min_clearance_m": 0.3162277638912201,
          "segment_fraction_end": 0.9479244844313938,
          "segment_fraction_start": 0.8425995417167944,
          "segment_index": 8,
          "static_traversability": "FEASIBLE"
        },
        "startid": 155
      },
      "type": "Feature"
    },
    {
      "geometry": {
        "coordinates": [
          [
            [
              -0.3202786404500037,
              2.844442719099992
            ],
            [
              -0.2649999999999996,
              2.955
            ]
          ]
        ],
        "type": "MultiLineString"
      },
      "properties": {
        "endid": 19,
        "id": 431,
        "metadata": {
          "bottleneck": true,
          "canonical_edge_id": 33,
          "length_m": 0.12360679774997863,
          "min_clearance_m": 0.3162277638912201,
          "segment_fraction_end": 1.0,
          "segment_fraction_start": 0.9479244844313938,
          "segment_index": 9,
          "static_traversability": "FEASIBLE"
        },
        "startid": 156
      },
      "type": "Feature"
    },
    {
      "geometry": {
        "coordinates": [
          [
            [
              -0.3649999999999993,
              0.6050000000000004
            ],
            [
              -0.2409652654107907,
              0.3879392144688857
            ]
          ]
        ],
        "type": "MultiLineString"
      },
      "properties": {
        "endid": 157,
        "id": 432,
        "metadata": {
          "bottleneck": false,
          "canonical_edge_id": 34,
          "length_m": 0.25,
          "min_clearance_m": 0.6800735592842102,
          "segment_fraction_end": 0.3100868364730213,
          "segment_fraction_start": 0.0,
          "segment_index": 0,
          "static_traversability": "FEASIBLE"
        },
        "startid": 17
      },
      "type": "Feature"
    },
    {
      "geometry": {
        "coordinates": [
          [
            [
              -0.2409652654107907,
              0.3879392144688857
            ],
            [
              -0.11693053082158206,
              0.170878428937771
            ]
          ]
        ],
        "type": "MultiLineString"
      },
      "properties": {
        "endid": 158,
        "id": 433,
        "metadata": {
          "bottleneck": false,
          "canonical_edge_id": 34,
          "length_m": 0.25,
          "min_clearance_m": 0.6800735592842102,
          "segment_fraction_end": 0.6201736729460426,
          "segment_fraction_start": 0.3100868364730213,
          "segment_index": 1,
          "static_traversability": "FEASIBLE"
        },
        "startid": 157
      },
      "type": "Feature"
    },
    {
      "geometry": {
        "coordinates": [
          [
            [
              -0.11693053082158206,
              0.170878428937771
            ],
            [
              0.0071042037676266045,
              -0.04618235659334369
            ]
          ]
        ],
        "type": "MultiLineString"
      },
      "properties": {
        "endid": 159,
        "id": 434,
        "metadata": {
          "bottleneck": false,
          "canonical_edge_id": 34,
          "length_m": 0.25,
          "min_clearance_m": 0.6800735592842102,
          "segment_fraction_end": 0.930260509419064,
          "segment_fraction_start": 0.6201736729460426,
          "segment_index": 2,
          "static_traversability": "FEASIBLE"
        },
        "startid": 158
      },
      "type": "Feature"
    },
    {
      "geometry": {
        "coordinates": [
          [
            [
              0.0071042037676266045,
              -0.04618235659334369
            ],
            [
              0.03500000000000103,
              -0.09499999999999886
            ]
          ]
        ],
        "type": "MultiLineString"
      },
      "properties": {
        "endid": 21,
        "id": 435,
        "metadata": {
          "bottleneck": false,
          "canonical_edge_id": 34,
          "length_m": 0.05622577482985447,
          "min_clearance_m": 0.6800735592842102,
          "segment_fraction_end": 1.0,
          "segment_fraction_start": 0.930260509419064,
          "segment_index": 3,
          "static_traversability": "FEASIBLE"
        },
        "startid": 159
      },
      "type": "Feature"
    },
    {
      "geometry": {
        "coordinates": [
          [
            [
              -0.31499999999999945,
              -0.49499999999999916
            ],
            [
              -0.3237823969817545,
              -0.5008549313211692
            ]
          ]
        ],
        "type": "MultiLineString"
      },
      "properties": {
        "endid": 112,
        "id": 436,
        "metadata": {
          "bottleneck": false,
          "canonical_edge_id": 35,
          "length_m": 0.010555127546399312,
          "min_clearance_m": 0.75,
          "segment_fraction_end": 0.008373396224998332,
          "segment_fraction_start": 0.0,
          "segment_index": 0,
          "static_traversability": "FEASIBLE"
        },
        "startid": 18
      },
      "type": "Feature"
    },
    {
      "geometry": {
        "coordinates": [
          [
            [
              -0.3237823969817545,
              -0.5008549313211692
            ],
            [
              -0.5317949705662153,
              -0.6395299803774767
            ]
          ]
        ],
        "type": "MultiLineString"
      },
      "properties": {
        "endid": 111,
        "id": 437,
        "metadata": {
          "bottleneck": false,
          "canonical_edge_id": 35,
          "length_m": 0.25,
          "min_clearance_m": 0.75,
          "segment_fraction_end": 0.20669871697999867,
          "segment_fraction_start": 0.008373396224998332,
          "segment_index": 1,
          "static_traversability": "FEASIBLE"
        },
        "startid": 112
      },
      "type": "Feature"
    },
    {
      "geometry": {
        "coordinates": [
          [
            [
              -0.5317949705662153,
              -0.6395299803774767
            ],
            [
              -0.7649999999999997,
              -0.6949999999999994
            ]
          ]
        ],
        "type": "MultiLineString"
      },
      "properties": {
        "endid": 110,
        "id": 438,
        "metadata": {
          "bottleneck": false,
          "canonical_edge_id": 35,
          "length_m": 0.25,
          "min_clearance_m": 0.75,
          "segment_fraction_end": 0.405024037734999,
          "segment_fraction_start": 0.20669871697999867,
          "segment_index": 2,
          "static_traversability": "FEASIBLE"
        },
        "startid": 111
      },
      "type": "Feature"
    },
    {
      "geometry": {
        "coordinates": [
          [
            [
              -0.7649999999999997,
              -0.6949999999999994
            ],
            [
              -1.0149999999999997,
              -0.6949999999999994
            ]
          ]
        ],
        "type": "MultiLineString"
      },
      "properties": {
        "endid": 109,
        "id": 439,
        "metadata": {
          "bottleneck": false,
          "canonical_edge_id": 35,
          "length_m": 0.25,
          "min_clearance_m": 0.75,
          "segment_fraction_end": 0.6033493584899994,
          "segment_fraction_start": 0.405024037734999,
          "segment_index": 3,
          "static_traversability": "FEASIBLE"
        },
        "startid": 110
      },
      "type": "Feature"
    },
    {
      "geometry": {
        "coordinates": [
          [
            [
              -1.0149999999999997,
              -0.6949999999999994
            ],
            [
              -1.2649999999999997,
              -0.6949999999999994
            ]
          ]
        ],
        "type": "MultiLineString"
      },
      "properties": {
        "endid": 108,
        "id": 440,
        "metadata": {
          "bottleneck": false,
          "canonical_edge_id": 35,
          "length_m": 0.25,
          "min_clearance_m": 0.75,
          "segment_fraction_end": 0.8016746792449997,
          "segment_fraction_start": 0.6033493584899994,
          "segment_index": 4,
          "static_traversability": "FEASIBLE"
        },
        "startid": 109
      },
      "type": "Feature"
    },
    {
      "geometry": {
        "coordinates": [
          [
            [
              -1.2649999999999997,
              -0.6949999999999994
            ],
            [
              -1.5149999999999997,
              -0.6949999999999994
            ]
          ]
        ],
        "type": "MultiLineString"
      },
      "properties": {
        "endid": 10,
        "id": 441,
        "metadata": {
          "bottleneck": false,
          "canonical_edge_id": 35,
          "length_m": 0.25,
          "min_clearance_m": 0.75,
          "segment_fraction_end": 1.0,
          "segment_fraction_start": 0.8016746792449997,
          "segment_index": 5,
          "static_traversability": "FEASIBLE"
        },
        "startid": 108
      },
      "type": "Feature"
    },
    {
      "geometry": {
        "coordinates": [
          [
            [
              -0.31499999999999945,
              -0.49499999999999916
            ],
            [
              -0.3214575816451447,
              -0.5046863724677171
            ]
          ]
        ],
        "type": "MultiLineString"
      },
      "properties": {
        "endid": 134,
        "id": 442,
        "metadata": {
          "bottleneck": false,
          "canonical_edge_id": 36,
          "length_m": 0.011641570868533124,
          "min_clearance_m": 0.6324555277824402,
          "segment_fraction_end": 0.007701277268952262,
          "segment_fraction_start": 0.0,
          "segment_index": 0,
          "static_traversability": "FEASIBLE"
        },
        "startid": 18
      },
      "type": "Feature"
    },
    {
      "geometry": {
        "coordinates": [
          [
            [
              -0.3214575816451447,
              -0.5046863724677171
            ],
            [
              -0.4601326307014521,
              -0.7126989460521779
            ]
          ]
        ],
        "type": "MultiLineString"
      },
      "properties": {
        "endid": 133,
        "id": 443,
        "metadata": {
          "bottleneck": false,
          "canonical_edge_id": 36,
          "length_m": 0.25,
          "min_clearance_m": 0.6324555277824402,
          "segment_fraction_end": 0.1730843977241269,
          "segment_fraction_start": 0.007701277268952262,
          "segment_index": 1,
          "static_traversability": "FEASIBLE"
        },
        "startid": 134
      },
      "type": "Feature"
    },
    {
      "geometry": {
        "coordinates": [
          [
            [
              -0.4601326307014521,
              -0.7126989460521779
            ],
            [
              -0.5084372242763067,
              -0.9459438416449398
            ]
          ]
        ],
        "type": "MultiLineString"
      },
      "properties": {
        "endid": 132,
        "id": 444,
        "metadata": {
          "bottleneck": false,
          "canonical_edge_id": 36,
          "length_m": 0.25,
          "min_clearance_m": 0.6324555277824402,
          "segment_fraction_end": 0.3384675181793015,
          "segment_fraction_start": 0.1730843977241269,
          "segment_index": 2,
          "static_traversability": "FEASIBLE"
        },
        "startid": 133
      },
      "type": "Feature"
    },
    {
      "geometry": {
        "coordinates": [
          [
            [
              -0.5084372242763067,
              -0.9459438416449398
            ],
            [
              -0.49757791820722996,
              -1.1957078812337048
            ]
          ]
        ],
        "type": "MultiLineString"
      },
      "properties": {
        "endid": 131,
        "id": 445,
        "metadata": {
          "bottleneck": false,
          "canonical_edge_id": 36,
          "length_m": 0.25,
          "min_clearance_m": 0.6324555277824402,
          "segment_fraction_end": 0.5038506386344761,
          "segment_fraction_start": 0.3384675181793015,
          "segment_index": 3,
          "static_traversability": "FEASIBLE"
        },
        "startid": 132
      },
      "type": "Feature"
    },
    {
      "geometry": {
        "coordinates": [
          [
            [
              -0.49757791820722996,
              -1.1957078812337048
            ],
            [
              -0.48671861213815326,
              -1.4454719208224696
            ]
          ]
        ],
        "type": "MultiLineString"
      },
      "properties": {
        "endid": 130,
        "id": 446,
        "metadata": {
          "bottleneck": false,
          "canonical_edge_id": 36,
          "length_m": 0.25,
          "min_clearance_m": 0.6324555277824402,
          "segment_fraction_end": 0.6692337590896508,
          "segment_fraction_start": 0.5038506386344761,
          "segment_index": 4,
          "static_traversability": "FEASIBLE"
        },
        "startid": 131
      },
      "type": "Feature"
    },
    {
      "geometry": {
        "coordinates": [
          [
            [
              -0.48671861213815326,
              -1.4454719208224696
            ],
            [
              -0.47585930606907656,
              -1.6952359604112346
            ]
          ]
        ],
        "type": "MultiLineString"
      },
      "properties": {
        "endid": 129,
        "id": 447,
        "metadata": {
          "bottleneck": false,
          "canonical_edge_id": 36,
          "length_m": 0.25,
          "min_clearance_m": 0.6324555277824402,
          "segment_fraction_end": 0.8346168795448253,
          "segment_fraction_start": 0.6692337590896508,
          "segment_index": 5,
          "static_traversability": "FEASIBLE"
        },
        "startid": 130
      },
      "type": "Feature"
    },
    {
      "geometry": {
        "coordinates": [
          [
            [
              -0.47585930606907656,
              -1.6952359604112346
            ],
            [
              -0.46499999999999986,
              -1.9449999999999994
            ]
          ]
        ],
        "type": "MultiLineString"
      },
      "properties": {
        "endid": 16,
        "id": 448,
        "metadata": {
          "bottleneck": false,
          "canonical_edge_id": 36,
          "length_m": 0.25,
          "min_clearance_m": 0.6324555277824402,
          "segment_fraction_end": 1.0,
          "segment_fraction_start": 0.8346168795448253,
          "segment_index": 6,
          "static_traversability": "FEASIBLE"
        },
        "startid": 129
      },
      "type": "Feature"
    },
    {
      "geometry": {
        "coordinates": [
          [
            [
              -0.3149999999999995,
              -0.4949999999999992
            ],
            [
              -0.1503738480328699,
              -0.3068558263232798
            ]
          ]
        ],
        "type": "MultiLineString"
      },
      "properties": {
        "endid": 160,
        "id": 449,
        "metadata": {
          "bottleneck": false,
          "canonical_edge_id": 37,
          "length_m": 0.25,
          "min_clearance_m": 1.0606602430343628,
          "segment_fraction_end": 0.4703604341917981,
          "segment_fraction_start": 0.0,
          "segment_index": 0,
          "static_traversability": "FEASIBLE"
        },
        "startid": 18
      },
      "type": "Feature"
    },
    {
      "geometry": {
        "coordinates": [
          [
            [
              -0.1503738480328699,
              -0.3068558263232798
            ],
            [
              0.014252303934259691,
              -0.11871165264656036
            ]
          ]
        ],
        "type": "MultiLineString"
      },
      "properties": {
        "endid": 161,
        "id": 450,
        "metadata": {
          "bottleneck": false,
          "canonical_edge_id": 37,
          "length_m": 0.25,
          "min_clearance_m": 1.0606602430343628,
          "segment_fraction_end": 0.9407208683835963,
          "segment_fraction_start": 0.4703604341917981,
          "segment_index": 1,
          "static_traversability": "FEASIBLE"
        },
        "startid": 160
      },
      "type": "Feature"
    },
    {
      "geometry": {
        "coordinates": [
          [
            [
              0.014252303934259691,
              -0.11871165264656036
            ],
            [
              0.03500000000000103,
              -0.09499999999999886
            ]
          ]
        ],
        "type": "MultiLineString"
      },
      "properties": {
        "endid": 21,
        "id": 451,
        "metadata": {
          "bottleneck": false,
          "canonical_edge_id": 37,
          "length_m": 0.031507290636733076,
          "min_clearance_m": 1.0606602430343628,
          "segment_fraction_end": 1.0,
          "segment_fraction_start": 0.9407208683835963,
          "segment_index": 2,
          "static_traversability": "FEASIBLE"
        },
        "startid": 161
      },
      "type": "Feature"
    },
    {
      "geometry": {
        "coordinates": [
          [
            [
              -0.3149999999999995,
              -0.4949999999999992
            ],
            [
              -0.14442043740999672,
              -0.6777638170607164
            ]
          ]
        ],
        "type": "MultiLineString"
      },
      "properties": {
        "endid": 162,
        "id": 452,
        "metadata": {
          "bottleneck": true,
          "canonical_edge_id": 38,
          "length_m": 0.25,
          "min_clearance_m": 0.22360680997371674,
          "segment_fraction_end": 0.24368508941428965,
          "segment_fraction_start": 0.0,
          "segment_index": 0,
          "static_traversability": "UNKNOWN"
        },
        "startid": 18
      },
      "type": "Feature"
    },
    {
      "geometry": {
        "coordinates": [
          [
            [
              -0.14442043740999672,
              -0.6777638170607164
            ],
            [
              0.02615912518000607,
              -0.8605276341214336
            ]
          ]
        ],
        "type": "MultiLineString"
      },
      "properties": {
        "endid": 163,
        "id": 453,
        "metadata": {
          "bottleneck": true,
          "canonical_edge_id": 38,
          "length_m": 0.25,
          "min_clearance_m": 0.22360680997371674,
          "segment_fraction_end": 0.4873701788285793,
          "segment_fraction_start": 0.24368508941428965,
          "segment_index": 1,
          "static_traversability": "UNKNOWN"
        },
        "startid": 162
      },
      "type": "Feature"
    },
    {
      "geometry": {
        "coordinates": [
          [
            [
              0.02615912518000607,
              -0.8605276341214336
            ],
            [
              0.1967386877700089,
              -1.043291451182151
            ]
          ]
        ],
        "type": "MultiLineString"
      },
      "properties": {
        "endid": 164,
        "id": 454,
        "metadata": {
          "bottleneck": true,
          "canonical_edge_id": 38,
          "length_m": 0.25,
          "min_clearance_m": 0.22360680997371674,
          "segment_fraction_end": 0.7310552682428689,
          "segment_fraction_start": 0.4873701788285793,
          "segment_index": 2,
          "static_traversability": "UNKNOWN"
        },
        "startid": 163
      },
      "type": "Feature"
    },
    {
      "geometry": {
        "coordinates": [
          [
            [
              0.1967386877700089,
              -1.043291451182151
            ],
            [
              0.36731825036001164,
              -1.226055268242868
            ]
          ]
        ],
        "type": "MultiLineString"
      },
      "properties": {
        "endid": 165,
        "id": 455,
        "metadata": {
          "bottleneck": true,
          "canonical_edge_id": 38,
          "length_m": 0.25,
          "min_clearance_m": 0.22360680997371674,
          "segment_fraction_end": 0.9747403576571586,
          "segment_fraction_start": 0.7310552682428689,
          "segment_index": 3,
          "static_traversability": "UNKNOWN"
        },
        "startid": 164
      },
      "type": "Feature"
    },
    {
      "geometry": {
        "coordinates": [
          [
            [
              0.36731825036001164,
              -1.226055268242868
            ],
            [
              0.3850000000000007,
              -1.2449999999999992
            ]
          ]
        ],
        "type": "MultiLineString"
      },
      "properties": {
        "endid": 24,
        "id": 456,
        "metadata": {
          "bottleneck": true,
          "canonical_edge_id": 38,
          "length_m": 0.025914226434159637,
          "min_clearance_m": 0.22360680997371674,
          "segment_fraction_end": 1.0,
          "segment_fraction_start": 0.9747403576571586,
          "segment_index": 4,
          "static_traversability": "UNKNOWN"
        },
        "startid": 165
      },
      "type": "Feature"
    },
    {
      "geometry": {
        "coordinates": [
          [
            [
              -0.2649999999999997,
              2.955
            ],
            [
              -0.34139320225002107,
              3.107786404500043
            ]
          ]
        ],
        "type": "MultiLineString"
      },
      "properties": {
        "endid": 119,
        "id": 457,
        "metadata": {
          "bottleneck": true,
          "canonical_edge_id": 39,
          "length_m": 0.17082039324993814,
          "min_clearance_m": 0.3354102075099945,
          "segment_fraction_end": 0.2546440075000715,
          "segment_fraction_start": 0.0,
          "segment_index": 0,
          "static_traversability": "FEASIBLE"
        },
        "startid": 19
      },
      "type": "Feature"
    },
    {
      "geometry": {
        "coordinates": [
          [
            [
              -0.34139320225002107,
              3.107786404500043
            ],
            [
              -0.45319660112501026,
              3.3313932022500223
            ]
          ]
        ],
        "type": "MultiLineString"
      },
      "properties": {
        "endid": 118,
        "id": 458,
        "metadata": {
          "bottleneck": true,
          "canonical_edge_id": 39,
          "length_m": 0.25,
          "min_clearance_m": 0.3354102075099945,
          "segment_fraction_end": 0.6273220037500358,
          "segment_fraction_start": 0.2546440075000715,
          "segment_index": 1,
          "static_traversability": "FEASIBLE"
        },
        "startid": 119
      },
      "type": "Feature"
    },
    {
      "geometry": {
        "coordinates": [
          [
            [
              -0.45319660112501026,
              3.3313932022500223
            ],
            [
              -0.5649999999999995,
              3.5550000000000015
            ]
          ]
        ],
        "type": "MultiLineString"
      },
      "properties": {
        "endid": 14,
        "id": 459,
        "metadata": {
          "bottleneck": true,
          "canonical_edge_id": 39,
          "length_m": 0.25,
          "min_clearance_m": 0.3354102075099945,
          "segment_fraction_end": 1.0,
          "segment_fraction_start": 0.6273220037500358,
          "segment_index": 2,
          "static_traversability": "FEASIBLE"
        },
        "startid": 118
      },
      "type": "Feature"
    },
    {
      "geometry": {
        "coordinates": [
          [
            [
              -0.2649999999999996,
              2.955
            ],
            [
              -0.3202786404500037,
              2.844442719099992
            ]
          ]
        ],
        "type": "MultiLineString"
      },
      "properties": {
        "endid": 156,
        "id": 460,
        "metadata": {
          "bottleneck": true,
          "canonical_edge_id": 40,
          "length_m": 0.12360679774997863,
          "min_clearance_m": 0.3162277638912201,
          "segment_fraction_end": 0.05207551556860624,
          "segment_fraction_start": 0.0,
          "segment_index": 0,
          "static_traversability": "FEASIBLE"
        },
        "startid": 19
      },
      "type": "Feature"
    },
    {
      "geometry": {
        "coordinates": [
          [
            [
              -0.3202786404500037,
              2.844442719099992
            ],
            [
              -0.3649999999999993,
              2.6050000000000004
            ]
          ]
        ],
        "type": "MultiLineString"
      },
      "properties": {
        "endid": 155,
        "id": 461,
        "metadata": {
          "bottleneck": true,
          "canonical_edge_id": 40,
          "length_m": 0.25,
          "min_clearance_m": 0.3162277638912201,
          "segment_fraction_end": 0.15740045828320556,
          "segment_fraction_start": 0.05207551556860624,
          "segment_index": 1,
          "static_traversability": "FEASIBLE"
        },
        "startid": 156
      },
      "type": "Feature"
    },
    {
      "geometry": {
        "coordinates": [
          [
            [
              -0.3649999999999993,
              2.6050000000000004
            ],
            [
              -0.3649999999999993,
              2.3550000000000004
            ]
          ]
        ],
        "type": "MultiLineString"
      },
      "properties": {
        "endid": 154,
        "id": 462,
        "metadata": {
          "bottleneck": true,
          "canonical_edge_id": 40,
          "length_m": 0.25,
          "min_clearance_m": 0.3162277638912201,
          "segment_fraction_end": 0.26272540099780484,
          "segment_fraction_start": 0.15740045828320556,
          "segment_index": 2,
          "static_traversability": "FEASIBLE"
        },
        "startid": 155
      },
      "type": "Feature"
    },
    {
      "geometry": {
        "coordinates": [
          [
            [
              -0.3649999999999993,
              2.3550000000000004
            ],
            [
              -0.3649999999999993,
              2.1050000000000004
            ]
          ]
        ],
        "type": "MultiLineString"
      },
      "properties": {
        "endid": 153,
        "id": 463,
        "metadata": {
          "bottleneck": true,
          "canonical_edge_id": 40,
          "length_m": 0.25,
          "min_clearance_m": 0.3162277638912201,
          "segment_fraction_end": 0.36805034371240414,
          "segment_fraction_start": 0.26272540099780484,
          "segment_index": 3,
          "static_traversability": "FEASIBLE"
        },
        "startid": 154
      },
      "type": "Feature"
    },
    {
      "geometry": {
        "coordinates": [
          [
            [
              -0.3649999999999993,
              2.1050000000000004
            ],
            [
              -0.3649999999999993,
              1.8550000000000004
            ]
          ]
        ],
        "type": "MultiLineString"
      },
      "properties": {
        "endid": 152,
        "id": 464,
        "metadata": {
          "bottleneck": true,
          "canonical_edge_id": 40,
          "length_m": 0.25,
          "min_clearance_m": 0.3162277638912201,
          "segment_fraction_end": 0.4733752864270035,
          "segment_fraction_start": 0.36805034371240414,
          "segment_index": 4,
          "static_traversability": "FEASIBLE"
        },
        "startid": 153
      },
      "type": "Feature"
    },
    {
      "geometry": {
        "coordinates": [
          [
            [
              -0.3649999999999993,
              1.8550000000000004
            ],
            [
              -0.3649999999999993,
              1.6050000000000004
            ]
          ]
        ],
        "type": "MultiLineString"
      },
      "properties": {
        "endid": 151,
        "id": 465,
        "metadata": {
          "bottleneck": true,
          "canonical_edge_id": 40,
          "length_m": 0.25,
          "min_clearance_m": 0.3162277638912201,
          "segment_fraction_end": 0.5787002291416028,
          "segment_fraction_start": 0.4733752864270035,
          "segment_index": 5,
          "static_traversability": "FEASIBLE"
        },
        "startid": 152
      },
      "type": "Feature"
    },
    {
      "geometry": {
        "coordinates": [
          [
            [
              -0.3649999999999993,
              1.6050000000000004
            ],
            [
              -0.3649999999999993,
              1.3550000000000004
            ]
          ]
        ],
        "type": "MultiLineString"
      },
      "properties": {
        "endid": 150,
        "id": 466,
        "metadata": {
          "bottleneck": true,
          "canonical_edge_id": 40,
          "length_m": 0.25,
          "min_clearance_m": 0.3162277638912201,
          "segment_fraction_end": 0.684025171856202,
          "segment_fraction_start": 0.5787002291416028,
          "segment_index": 6,
          "static_traversability": "FEASIBLE"
        },
        "startid": 151
      },
      "type": "Feature"
    },
    {
      "geometry": {
        "coordinates": [
          [
            [
              -0.3649999999999993,
              1.3550000000000004
            ],
            [
              -0.3649999999999993,
              1.1050000000000004
            ]
          ]
        ],
        "type": "MultiLineString"
      },
      "properties": {
        "endid": 149,
        "id": 467,
        "metadata": {
          "bottleneck": true,
          "canonical_edge_id": 40,
          "length_m": 0.25,
          "min_clearance_m": 0.3162277638912201,
          "segment_fraction_end": 0.7893501145708014,
          "segment_fraction_start": 0.684025171856202,
          "segment_index": 7,
          "static_traversability": "FEASIBLE"
        },
        "startid": 150
      },
      "type": "Feature"
    },
    {
      "geometry": {
        "coordinates": [
          [
            [
              -0.3649999999999993,
              1.1050000000000004
            ],
            [
              -0.3649999999999993,
              0.8550000000000004
            ]
          ]
        ],
        "type": "MultiLineString"
      },
      "properties": {
        "endid": 148,
        "id": 468,
        "metadata": {
          "bottleneck": true,
          "canonical_edge_id": 40,
          "length_m": 0.25,
          "min_clearance_m": 0.3162277638912201,
          "segment_fraction_end": 0.8946750572854006,
          "segment_fraction_start": 0.7893501145708014,
          "segment_index": 8,
          "static_traversability": "FEASIBLE"
        },
        "startid": 149
      },
      "type": "Feature"
    },
    {
      "geometry": {
        "coordinates": [
          [
            [
              -0.3649999999999993,
              0.8550000000000004
            ],
            [
              -0.3649999999999993,
              0.6050000000000004
            ]
          ]
        ],
        "type": "MultiLineString"
      },
      "properties": {
        "endid": 17,
        "id": 469,
        "metadata": {
          "bottleneck": true,
          "canonical_edge_id": 40,
          "length_m": 0.25,
          "min_clearance_m": 0.3162277638912201,
          "segment_fraction_end": 1.0,
          "segment_fraction_start": 0.8946750572854006,
          "segment_index": 9,
          "static_traversability": "FEASIBLE"
        },
        "startid": 148
      },
      "type": "Feature"
    },
    {
      "geometry": {
        "coordinates": [
          [
            [
              -0.01499999999999968,
              -5.444999999999999
            ],
            [
              0.22217082451262887,
              -5.36594305849579
            ]
          ]
        ],
        "type": "MultiLineString"
      },
      "properties": {
        "endid": 166,
        "id": 470,
        "metadata": {
          "bottleneck": false,
          "canonical_edge_id": 41,
          "length_m": 0.25,
          "min_clearance_m": 0.5220153331756592,
          "segment_fraction_end": 0.5270462766947299,
          "segment_fraction_start": 0.0,
          "segment_index": 0,
          "static_traversability": "FEASIBLE"
        },
        "startid": 20
      },
      "type": "Feature"
    },
    {
      "geometry": {
        "coordinates": [
          [
            [
              0.22217082451262887,
              -5.36594305849579
            ],
            [
              0.4350000000000005,
              -5.295
            ]
          ]
        ],
        "type": "MultiLineString"
      },
      "properties": {
        "endid": 25,
        "id": 471,
        "metadata": {
          "bottleneck": false,
          "canonical_edge_id": 41,
          "length_m": 0.22434164902525688,
          "min_clearance_m": 0.5220153331756592,
          "segment_fraction_end": 1.0,
          "segment_fraction_start": 0.5270462766947299,
          "segment_index": 1,
          "static_traversability": "FEASIBLE"
        },
        "startid": 166
      },
      "type": "Feature"
    },
    {
      "geometry": {
        "coordinates": [
          [
            [
              0.03500000000000103,
              -0.09499999999999886
            ],
            [
              0.0071042037676266045,
              -0.04618235659334369
            ]
          ]
        ],
        "type": "MultiLineString"
      },
      "properties": {
        "endid": 159,
        "id": 472,
        "metadata": {
          "bottleneck": false,
          "canonical_edge_id": 42,
          "length_m": 0.05622577482985447,
          "min_clearance_m": 0.6800735592842102,
          "segment_fraction_end": 0.06973949058093601,
          "segment_fraction_start": 0.0,
          "segment_index": 0,
          "static_traversability": "FEASIBLE"
        },
        "startid": 21
      },
      "type": "Feature"
    },
    {
      "geometry": {
        "coordinates": [
          [
            [
              0.0071042037676266045,
              -0.04618235659334369
            ],
            [
              -0.11693053082158206,
              0.170878428937771
            ]
          ]
        ],
        "type": "MultiLineString"
      },
      "properties": {
        "endid": 158,
        "id": 473,
        "metadata": {
          "bottleneck": false,
          "canonical_edge_id": 42,
          "length_m": 0.25,
          "min_clearance_m": 0.6800735592842102,
          "segment_fraction_end": 0.37982632705395736,
          "segment_fraction_start": 0.06973949058093601,
          "segment_index": 1,
          "static_traversability": "FEASIBLE"
        },
        "startid": 159
      },
      "type": "Feature"
    },
    {
      "geometry": {
        "coordinates": [
          [
            [
              -0.11693053082158206,
              0.170878428937771
            ],
            [
              -0.2409652654107907,
              0.3879392144688857
            ]
          ]
        ],
        "type": "MultiLineString"
      },
      "properties": {
        "endid": 157,
        "id": 474,
        "metadata": {
          "bottleneck": false,
          "canonical_edge_id": 42,
          "length_m": 0.25,
          "min_clearance_m": 0.6800735592842102,
          "segment_fraction_end": 0.6899131635269786,
          "segment_fraction_start": 0.37982632705395736,
          "segment_index": 2,
          "static_traversability": "FEASIBLE"
        },
        "startid": 158
      },
      "type": "Feature"
    },
    {
      "geometry": {
        "coordinates": [
          [
            [
              -0.2409652654107907,
              0.3879392144688857
            ],
            [
              -0.3649999999999993,
              0.6050000000000004
            ]
          ]
        ],
        "type": "MultiLineString"
      },
      "properties": {
        "endid": 17,
        "id": 475,
        "metadata": {
          "bottleneck": false,
          "canonical_edge_id": 42,
          "length_m": 0.25,
          "min_clearance_m": 0.6800735592842102,
          "segment_fraction_end": 1.0,
          "segment_fraction_start": 0.6899131635269786,
          "segment_index": 3,
          "static_traversability": "FEASIBLE"
        },
        "startid": 157
      },
      "type": "Feature"
    },
    {
      "geometry": {
        "coordinates": [
          [
            [
              0.03500000000000103,
              -0.09499999999999886
            ],
            [
              0.014252303934259691,
              -0.11871165264656036
            ]
          ]
        ],
        "type": "MultiLineString"
      },
      "properties": {
        "endid": 161,
        "id": 476,
        "metadata": {
          "bottleneck": false,
          "canonical_edge_id": 43,
          "length_m": 0.031507290636733076,
          "min_clearance_m": 1.0606602430343628,
          "segment_fraction_end": 0.05927913161640378,
          "segment_fraction_start": 0.0,
          "segment_index": 0,
          "static_traversability": "FEASIBLE"
        },
        "startid": 21
      },
      "type": "Feature"
    },
    {
      "geometry": {
        "coordinates": [
          [
            [
              0.014252303934259691,
              -0.11871165264656036
            ],
            [
              -0.1503738480328699,
              -0.3068558263232798
            ]
          ]
        ],
        "type": "MultiLineString"
      },
      "properties": {
        "endid": 160,
        "id": 477,
        "metadata": {
          "bottleneck": false,
          "canonical_edge_id": 43,
          "length_m": 0.25,
          "min_clearance_m": 1.0606602430343628,
          "segment_fraction_end": 0.5296395658082019,
          "segment_fraction_start": 0.05927913161640378,
          "segment_index": 1,
          "static_traversability": "FEASIBLE"
        },
        "startid": 161
      },
      "type": "Feature"
    },
    {
      "geometry": {
        "coordinates": [
          [
            [
              -0.1503738480328699,
              -0.3068558263232798
            ],
            [
              -0.3149999999999995,
              -0.4949999999999992
            ]
          ]
        ],
        "type": "MultiLineString"
      },
      "properties": {
        "endid": 18,
        "id": 478,
        "metadata": {
          "bottleneck": false,
          "canonical_edge_id": 43,
          "length_m": 0.25,
          "min_clearance_m": 1.0606602430343628,
          "segment_fraction_end": 1.0,
          "segment_fraction_start": 0.5296395658082019,
          "segment_index": 2,
          "static_traversability": "FEASIBLE"
        },
        "startid": 160
      },
      "type": "Feature"
    },
    {
      "geometry": {
        "coordinates": [
          [
            [
              0.03500000000000103,
              -0.09499999999999886
            ],
            [
              0.27217082451262953,
              -0.015943058495789586
            ]
          ]
        ],
        "type": "MultiLineString"
      },
      "properties": {
        "endid": 167,
        "id": 479,
        "metadata": {
          "bottleneck": false,
          "canonical_edge_id": 44,
          "length_m": 0.25,
          "min_clearance_m": 1.0735455751419067,
          "segment_fraction_end": 0.3952847075210478,
          "segment_fraction_start": 0.0,
          "segment_index": 0,
          "static_traversability": "FEASIBLE"
        },
        "startid": 21
      },
      "type": "Feature"
    },
    {
      "geometry": {
        "coordinates": [
          [
            [
              0.27217082451262953,
              -0.015943058495789586
            ],
            [
              0.509341649025258,
              0.06311388300841969
            ]
          ]
        ],
        "type": "MultiLineString"
      },
      "properties": {
        "endid": 168,
        "id": 480,
        "metadata": {
          "bottleneck": false,
          "canonical_edge_id": 44,
          "length_m": 0.25,
          "min_clearance_m": 1.0735455751419067,
          "segment_fraction_end": 0.7905694150420955,
          "segment_fraction_start": 0.3952847075210478,
          "segment_index": 1,
          "static_traversability": "FEASIBLE"
        },
        "startid": 167
      },
      "type": "Feature"
    },
    {
      "geometry": {
        "coordinates": [
          [
            [
              0.509341649025258,
              0.06311388300841969
            ],
            [
              0.6350000000000007,
              0.10500000000000043
            ]
          ]
        ],
        "type": "MultiLineString"
      },
      "properties": {
        "endid": 29,
        "id": 481,
        "metadata": {
          "bottleneck": false,
          "canonical_edge_id": 44,
          "length_m": 0.13245553203367533,
          "min_clearance_m": 1.0735455751419067,
          "segment_fraction_end": 1.0,
          "segment_fraction_start": 0.7905694150420955,
          "segment_index": 2,
          "static_traversability": "FEASIBLE"
        },
        "startid": 168
      },
      "type": "Feature"
    },
    {
      "geometry": {
        "coordinates": [
          [
            [
              0.13500000000000068,
              -4.545
            ],
            [
              0.3815984809580366,
              -4.586099746826339
            ]
          ]
        ],
        "type": "MultiLineString"
      },
      "properties": {
        "endid": 169,
        "id": 482,
        "metadata": {
          "bottleneck": true,
          "canonical_edge_id": 45,
          "length_m": 0.25,
          "min_clearance_m": 0.22360680997371674,
          "segment_fraction_end": 0.821994936526787,
          "segment_fraction_start": 0.0,
          "segment_index": 0,
          "static_traversability": "UNKNOWN"
        },
        "startid": 22
      },
      "type": "Feature"
    },
    {
      "geometry": {
        "coordinates": [
          [
            [
              0.3815984809580366,
              -4.586099746826339
            ],
            [
              0.4350000000000005,
              -4.595
            ]
          ]
        ],
        "type": "MultiLineString"
      },
      "properties": {
        "endid": 26,
        "id": 483,
        "metadata": {
          "bottleneck": true,
          "canonical_edge_id": 45,
          "length_m": 0.05413812651491079,
          "min_clearance_m": 0.22360680997371674,
          "segment_fraction_end": 1.0,
          "segment_fraction_start": 0.821994936526787,
          "segment_index": 1,
          "static_traversability": "UNKNOWN"
        },
        "startid": 169
      },
      "type": "Feature"
    },
    {
      "geometry": {
        "coordinates": [
          [
            [
              0.23500000000000038,
              4.8050000000000015
            ],
            [
              0.22658865569946748,
              4.77766313102327
            ]
          ]
        ],
        "type": "MultiLineString"
      },
      "properties": {
        "endid": 125,
        "id": 484,
        "metadata": {
          "bottleneck": true,
          "canonical_edge_id": 46,
          "length_m": 0.028601662860629595,
          "min_clearance_m": 0.3201562166213989,
          "segment_fraction_end": 0.018710998133486496,
          "segment_fraction_start": 0.0,
          "segment_index": 0,
          "static_traversability": "FEASIBLE"
        },
        "startid": 23
      },
      "type": "Feature"
    },
    {
      "geometry": {
        "coordinates": [
          [
            [
              0.22658865569946748,
              4.77766313102327
            ],
            [
              0.15306719349008696,
              4.538718378842782
            ]
          ]
        ],
        "type": "MultiLineString"
      },
      "properties": {
        "endid": 124,
        "id": 485,
        "metadata": {
          "bottleneck": true,
          "canonical_edge_id": 46,
          "length_m": 0.25,
          "min_clearance_m": 0.3201562166213989,
          "segment_fraction_end": 0.18225916511123874,
          "segment_fraction_start": 0.018710998133486496,
          "segment_index": 1,
          "static_traversability": "FEASIBLE"
        },
        "startid": 125
      },
      "type": "Feature"
    },
    {
      "geometry": {
        "coordinates": [
          [
            [
              0.15306719349008696,
              4.538718378842782
            ],
            [
              0.0795457312807065,
              4.299773626662295
            ]
          ]
        ],
        "type": "MultiLineString"
      },
      "properties": {
        "endid": 123,
        "id": 486,
        "metadata": {
          "bottleneck": true,
          "canonical_edge_id": 46,
          "length_m": 0.25,
          "min_clearance_m": 0.3201562166213989,
          "segment_fraction_end": 0.345807332088991,
          "segment_fraction_start": 0.18225916511123874,
          "segment_index": 2,
          "static_traversability": "FEASIBLE"
        },
        "startid": 124
      },
      "type": "Feature"
    },
    {
      "geometry": {
        "coordinates": [
          [
            [
              0.0795457312807065,
              4.299773626662295
            ],
            [
              -0.03466991411008846,
              4.085330085889912
            ]
          ]
        ],
        "type": "MultiLineString"
      },
      "properties": {
        "endid": 122,
        "id": 487,
        "metadata": {
          "bottleneck": true,
          "canonical_edge_id": 46,
          "length_m": 0.25,
          "min_clearance_m": 0.3201562166213989,
          "segment_fraction_end": 0.5093554990667433,
          "segment_fraction_start": 0.345807332088991,
          "segment_index": 3,
          "static_traversability": "FEASIBLE"
        },
        "startid": 123
      },
      "type": "Feature"
    },
    {
      "geometry": {
        "coordinates": [
          [
            [
              -0.03466991411008846,
              4.085330085889912
            ],
            [
              -0.2114466094067255,
              3.908553390593275
            ]
          ]
        ],
        "type": "MultiLineString"
      },
      "properties": {
        "endid": 121,
        "id": 488,
        "metadata": {
          "bottleneck": true,
          "canonical_edge_id": 46,
          "length_m": 0.25,
          "min_clearance_m": 0.3201562166213989,
          "segment_fraction_end": 0.6729036660444955,
          "segment_fraction_start": 0.5093554990667433,
          "segment_index": 4,
          "static_traversability": "FEASIBLE"
        },
        "startid": 122
      },
      "type": "Feature"
    },
    {
      "geometry": {
        "coordinates": [
          [
            [
              -0.2114466094067255,
              3.908553390593275
            ],
            [
              -0.3882233047033625,
              3.731776695296638
            ]
          ]
        ],
        "type": "MultiLineString"
      },
      "properties": {
        "endid": 120,
        "id": 489,
        "metadata": {
          "bottleneck": true,
          "canonical_edge_id": 46,
          "length_m": 0.25,
          "min_clearance_m": 0.3201562166213989,
          "segment_fraction_end": 0.8364518330222478,
          "segment_fraction_start": 0.6729036660444955,
          "segment_index": 5,
          "static_traversability": "FEASIBLE"
        },
        "startid": 121
      },
      "type": "Feature"
    },
    {
      "geometry": {
        "coordinates": [
          [
            [
              -0.3882233047033625,
              3.731776695296638
            ],
            [
              -0.5649999999999995,
              3.5550000000000015
            ]
          ]
        ],
        "type": "MultiLineString"
      },
      "properties": {
        "endid": 14,
        "id": 490,
        "metadata": {
          "bottleneck": true,
          "canonical_edge_id": 46,
          "length_m": 0.25,
          "min_clearance_m": 0.3201562166213989,
          "segment_fraction_end": 1.0,
          "segment_fraction_start": 0.8364518330222478,
          "segment_index": 6,
          "static_traversability": "FEASIBLE"
        },
        "startid": 120
      },
      "type": "Feature"
    },
    {
      "geometry": {
        "coordinates": [
          [
            [
              0.23500000000000032,
              4.8050000000000015
            ],
            [
              0.1646373549964496,
              4.837835901001658
            ]
          ]
        ],
        "type": "MultiLineString"
      },
      "properties": {
        "endid": 128,
        "id": 491,
        "metadata": {
          "bottleneck": false,
          "canonical_edge_id": 47,
          "length_m": 0.07764726786234222,
          "min_clearance_m": 0.5830951929092407,
          "segment_fraction_end": 0.09381686000473434,
          "segment_fraction_start": 0.0,
          "segment_index": 0,
          "static_traversability": "FEASIBLE"
        },
        "startid": 23
      },
      "type": "Feature"
    },
    {
      "geometry": {
        "coordinates": [
          [
            [
              0.1646373549964496,
              4.837835901001658
            ],
            [
              -0.0619084300023669,
              4.943557267334439
            ]
          ]
        ],
        "type": "MultiLineString"
      },
      "properties": {
        "endid": 127,
        "id": 492,
        "metadata": {
          "bottleneck": false,
          "canonical_edge_id": 47,
          "length_m": 0.25,
          "min_clearance_m": 0.5830951929092407,
          "segment_fraction_end": 0.39587790666982287,
          "segment_fraction_start": 0.09381686000473434,
          "segment_index": 1,
          "static_traversability": "FEASIBLE"
        },
        "startid": 128
      },
      "type": "Feature"
    },
    {
      "geometry": {
        "coordinates": [
          [
            [
              -0.0619084300023669,
              4.943557267334439
            ],
            [
              -0.2884542150011833,
              5.04927863366722
            ]
          ]
        ],
        "type": "MultiLineString"
      },
      "properties": {
        "endid": 126,
        "id": 493,
        "metadata": {
          "bottleneck": false,
          "canonical_edge_id": 47,
          "length_m": 0.25,
          "min_clearance_m": 0.5830951929092407,
          "segment_fraction_end": 0.6979389533349114,
          "segment_fraction_start": 0.39587790666982287,
          "segment_index": 2,
          "static_traversability": "FEASIBLE"
        },
        "startid": 127
      },
      "type": "Feature"
    },
    {
      "geometry": {
        "coordinates": [
          [
            [
              -0.2884542150011833,
              5.04927863366722
            ],
            [
              -0.5149999999999997,
              5.155000000000001
            ]
          ]
        ],
        "type": "MultiLineString"
      },
      "properties": {
        "endid": 15,
        "id": 494,
        "metadata": {
          "bottleneck": false,
          "canonical_edge_id": 47,
          "length_m": 0.25,
          "min_clearance_m": 0.5830951929092407,
          "segment_fraction_end": 1.0,
          "segment_fraction_start": 0.6979389533349114,
          "segment_index": 3,
          "static_traversability": "FEASIBLE"
        },
        "startid": 126
      },
      "type": "Feature"
    },
    {
      "geometry": {
        "coordinates": [
          [
            [
              0.23500000000000032,
              4.8050000000000015
            ],
            [
              0.4850000000000003,
              4.8050000000000015
            ]
          ]
        ],
        "type": "MultiLineString"
      },
      "properties": {
        "endid": 170,
        "id": 495,
        "metadata": {
          "bottleneck": false,
          "canonical_edge_id": 48,
          "length_m": 0.25,
          "min_clearance_m": 0.8544003367424011,
          "segment_fraction_end": 0.37113639713118196,
          "segment_fraction_start": 0.0,
          "segment_index": 0,
          "static_traversability": "FEASIBLE"
        },
        "startid": 23
      },
      "type": "Feature"
    },
    {
      "geometry": {
        "coordinates": [
          [
            [
              0.4850000000000003,
              4.8050000000000015
            ],
            [
              0.7297213595499962,
              4.7826393202250035
            ]
          ]
        ],
        "type": "MultiLineString"
      },
      "properties": {
        "endid": 171,
        "id": 496,
        "metadata": {
          "bottleneck": false,
          "canonical_edge_id": 48,
          "length_m": 0.25,
          "min_clearance_m": 0.8544003367424011,
          "segment_fraction_end": 0.7422727942623639,
          "segment_fraction_start": 0.37113639713118196,
          "segment_index": 1,
          "static_traversability": "FEASIBLE"
        },
        "startid": 170
      },
      "type": "Feature"
    },
    {
      "geometry": {
        "coordinates": [
          [
            [
              0.7297213595499962,
              4.7826393202250035
            ],
            [
              0.8850000000000007,
              4.705000000000002
            ]
          ]
        ],
        "type": "MultiLineString"
      },
      "properties": {
        "endid": 30,
        "id": 497,
        "metadata": {
          "bottleneck": false,
          "canonical_edge_id": 48,
          "length_m": 0.1736067977499791,
          "min_clearance_m": 0.8544003367424011,
          "segment_fraction_end": 1.0,
          "segment_fraction_start": 0.7422727942623639,
          "segment_index": 2,
          "static_traversability": "FEASIBLE"
        },
        "startid": 171
      },
      "type": "Feature"
    },
    {
      "geometry": {
        "coordinates": [
          [
            [
              0.3850000000000007,
              -1.2449999999999992
            ],
            [
              0.36731825036001164,
              -1.226055268242868
            ]
          ]
        ],
        "type": "MultiLineString"
      },
      "properties": {
        "endid": 165,
        "id": 498,
        "metadata": {
          "bottleneck": true,
          "canonical_edge_id": 49,
          "length_m": 0.025914226434159637,
          "min_clearance_m": 0.22360680997371674,
          "segment_fraction_end": 0.02525964234284136,
          "segment_fraction_start": 0.0,
          "segment_index": 0,
          "static_traversability": "UNKNOWN"
        },
        "startid": 24
      },
      "type": "Feature"
    },
    {
      "geometry": {
        "coordinates": [
          [
            [
              0.36731825036001164,
              -1.226055268242868
            ],
            [
              0.1967386877700089,
              -1.043291451182151
            ]
          ]
        ],
        "type": "MultiLineString"
      },
      "properties": {
        "endid": 164,
        "id": 499,
        "metadata": {
          "bottleneck": true,
          "canonical_edge_id": 49,
          "length_m": 0.25,
          "min_clearance_m": 0.22360680997371674,
          "segment_fraction_end": 0.268944731757131,
          "segment_fraction_start": 0.02525964234284136,
          "segment_index": 1,
          "static_traversability": "UNKNOWN"
        },
        "startid": 165
      },
      "type": "Feature"
    },
    {
      "geometry": {
        "coordinates": [
          [
            [
              0.1967386877700089,
              -1.043291451182151
            ],
            [
              0.02615912518000607,
              -0.8605276341214336
            ]
          ]
        ],
        "type": "MultiLineString"
      },
      "properties": {
        "endid": 163,
        "id": 500,
        "metadata": {
          "bottleneck": true,
          "canonical_edge_id": 49,
          "length_m": 0.25,
          "min_clearance_m": 0.22360680997371674,
          "segment_fraction_end": 0.5126298211714206,
          "segment_fraction_start": 0.268944731757131,
          "segment_index": 2,
          "static_traversability": "UNKNOWN"
        },
        "startid": 164
      },
      "type": "Feature"
    },
    {
      "geometry": {
        "coordinates": [
          [
            [
              0.02615912518000607,
              -0.8605276341214336
            ],
            [
              -0.14442043740999672,
              -0.6777638170607164
            ]
          ]
        ],
        "type": "MultiLineString"
      },
      "properties": {
        "endid": 162,
        "id": 501,
        "metadata": {
          "bottleneck": true,
          "canonical_edge_id": 49,
          "length_m": 0.25,
          "min_clearance_m": 0.22360680997371674,
          "segment_fraction_end": 0.7563149105857103,
          "segment_fraction_start": 0.5126298211714206,
          "segment_index": 3,
          "static_traversability": "UNKNOWN"
        },
        "startid": 163
      },
      "type": "Feature"
    },
    {
      "geometry": {
        "coordinates": [
          [
            [
              -0.14442043740999672,
              -0.6777638170607164
            ],
            [
              -0.3149999999999995,
              -0.4949999999999992
            ]
          ]
        ],
        "type": "MultiLineString"
      },
      "properties": {
        "endid": 18,
        "id": 502,
        "metadata": {
          "bottleneck": true,
          "canonical_edge_id": 49,
          "length_m": 0.25,
          "min_clearance_m": 0.22360680997371674,
          "segment_fraction_end": 1.0,
          "segment_fraction_start": 0.7563149105857103,
          "segment_index": 4,
          "static_traversability": "UNKNOWN"
        },
        "startid": 162
      },
      "type": "Feature"
    },
    {
      "geometry": {
        "coordinates": [
          [
            [
              0.4350000000000005,
              -5.295
            ],
            [
              0.22217082451262887,
              -5.36594305849579
            ]
          ]
        ],
        "type": "MultiLineString"
      },
      "properties": {
        "endid": 166,
        "id": 503,
        "metadata": {
          "bottleneck": false,
          "canonical_edge_id": 50,
          "length_m": 0.22434164902525688,
          "min_clearance_m": 0.5220153331756592,
          "segment_fraction_end": 0.4729537233052701,
          "segment_fraction_start": 0.0,
          "segment_index": 0,
          "static_traversability": "FEASIBLE"
        },
        "startid": 25
      },
      "type": "Feature"
    },
    {
      "geometry": {
        "coordinates": [
          [
            [
              0.22217082451262887,
              -5.36594305849579
            ],
            [
              -0.01499999999999968,
              -5.444999999999999
            ]
          ]
        ],
        "type": "MultiLineString"
      },
      "properties": {
        "endid": 20,
        "id": 504,
        "metadata": {
          "bottleneck": false,
          "canonical_edge_id": 50,
          "length_m": 0.25,
          "min_clearance_m": 0.5220153331756592,
          "segment_fraction_end": 1.0,
          "segment_fraction_start": 0.4729537233052701,
          "segment_index": 1,
          "static_traversability": "FEASIBLE"
        },
        "startid": 166
      },
      "type": "Feature"
    },
    {
      "geometry": {
        "coordinates": [
          [
            [
              0.4350000000000005,
              -5.295
            ],
            [
              0.4350000000000005,
              -5.045
            ]
          ]
        ],
        "type": "MultiLineString"
      },
      "properties": {
        "endid": 172,
        "id": 505,
        "metadata": {
          "bottleneck": false,
          "canonical_edge_id": 51,
          "length_m": 0.25,
          "min_clearance_m": 0.45000001788139343,
          "segment_fraction_end": 0.35714285714285704,
          "segment_fraction_start": 0.0,
          "segment_index": 0,
          "static_traversability": "FEASIBLE"
        },
        "startid": 25
      },
      "type": "Feature"
    },
    {
      "geometry": {
        "coordinates": [
          [
            [
              0.4350000000000005,
              -5.045
            ],
            [
              0.4350000000000005,
              -4.795
            ]
          ]
        ],
        "type": "MultiLineString"
      },
      "properties": {
        "endid": 173,
        "id": 506,
        "metadata": {
          "bottleneck": false,
          "canonical_edge_id": 51,
          "length_m": 0.25,
          "min_clearance_m": 0.45000001788139343,
          "segment_fraction_end": 0.7142857142857141,
          "segment_fraction_start": 0.35714285714285704,
          "segment_index": 1,
          "static_traversability": "FEASIBLE"
        },
        "startid": 172
      },
      "type": "Feature"
    },
    {
      "geometry": {
        "coordinates": [
          [
            [
              0.4350000000000005,
              -4.795
            ],
            [
              0.4350000000000005,
              -4.595
            ]
          ]
        ],
        "type": "MultiLineString"
      },
      "properties": {
        "endid": 26,
        "id": 507,
        "metadata": {
          "bottleneck": false,
          "canonical_edge_id": 51,
          "length_m": 0.20000000000000018,
          "min_clearance_m": 0.45000001788139343,
          "segment_fraction_end": 1.0,
          "segment_fraction_start": 0.7142857142857141,
          "segment_index": 2,
          "static_traversability": "FEASIBLE"
        },
        "startid": 173
      },
      "type": "Feature"
    },
    {
      "geometry": {
        "coordinates": [
          [
            [
              0.4350000000000006,
              -4.595
            ],
            [
              0.5694243987258354,
              -4.433690721528998
            ]
          ]
        ],
        "type": "MultiLineString"
      },
      "properties": {
        "endid": 147,
        "id": 508,
        "metadata": {
          "bottleneck": false,
          "canonical_edge_id": 52,
          "length_m": 0.20997762331647962,
          "min_clearance_m": 0.40311288833618164,
          "segment_fraction_end": 0.060687566850565505,
          "segment_fraction_start": 0.0,
          "segment_index": 0,
          "static_traversability": "FEASIBLE"
        },
        "startid": 26
      },
      "type": "Feature"
    },
    {
      "geometry": {
        "coordinates": [
          [
            [
              0.5694243987258354,
              -4.433690721528998
            ],
            [
              0.6850000000000005,
              -4.225534860478852
            ]
          ]
        ],
        "type": "MultiLineString"
      },
      "properties": {
        "endid": 146,
        "id": 509,
        "metadata": {
          "bottleneck": false,
          "canonical_edge_id": 52,
          "length_m": 0.25,
          "min_clearance_m": 0.40311288833618164,
          "segment_fraction_end": 0.132942369400522,
          "segment_fraction_start": 0.060687566850565505,
          "segment_index": 1,
          "static_traversability": "FEASIBLE"
        },
        "startid": 147
      },
      "type": "Feature"
    },
    {
      "geometry": {
        "coordinates": [
          [
            [
              0.6850000000000005,
              -4.225534860478852
            ],
            [
              0.6850000000000005,
              -3.9755348604788527
            ]
          ]
        ],
        "type": "MultiLineString"
      },
      "properties": {
        "endid": 145,
        "id": 510,
        "metadata": {
          "bottleneck": false,
          "canonical_edge_id": 52,
          "length_m": 0.25,
          "min_clearance_m": 0.40311288833618164,
          "segment_fraction_end": 0.2051971719504785,
          "segment_fraction_start": 0.132942369400522,
          "segment_index": 2,
          "static_traversability": "FEASIBLE"
        },
        "startid": 146
      },
      "type": "Feature"
    },
    {
      "geometry": {
        "coordinates": [
          [
            [
              0.6850000000000005,
              -3.9755348604788527
            ],
            [
              0.6592012948502096,
              -3.730503237125522
            ]
          ]
        ],
        "type": "MultiLineString"
      },
      "properties": {
        "endid": 144,
        "id": 511,
        "metadata": {
          "bottleneck": false,
          "canonical_edge_id": 52,
          "length_m": 0.25,
          "min_clearance_m": 0.40311288833618164,
          "segment_fraction_end": 0.277451974500435,
          "segment_fraction_start": 0.2051971719504785,
          "segment_index": 3,
          "static_traversability": "FEASIBLE"
        },
        "startid": 145
      },
      "type": "Feature"
    },
    {
      "geometry": {
        "coordinates": [
          [
            [
              0.6592012948502096,
              -3.730503237125522
            ],
            [
              0.59717696166998,
              -3.496292153320083
            ]
          ]
        ],
        "type": "MultiLineString"
      },
      "properties": {
        "endid": 143,
        "id": 512,
        "metadata": {
          "bottleneck": false,
          "canonical_edge_id": 52,
          "length_m": 0.25,
          "min_clearance_m": 0.40311288833618164,
          "segment_fraction_end": 0.3497067770503915,
          "segment_fraction_start": 0.277451974500435,
          "segment_index": 4,
          "static_traversability": "FEASIBLE"
        },
        "startid": 144
      },
      "type": "Feature"
    },
    {
      "geometry": {
        "coordinates": [
          [
            [
              0.59717696166998,
              -3.496292153320083
            ],
            [
              0.6578108679290631,
              -3.2537565282837497
            ]
          ]
        ],
        "type": "MultiLineString"
      },
      "properties": {
        "endid": 142,
        "id": 513,
        "metadata": {
          "bottleneck": false,
          "canonical_edge_id": 52,
          "length_m": 0.25,
          "min_clearance_m": 0.40311288833618164,
          "segment_fraction_end": 0.421961579600348,
          "segment_fraction_start": 0.3497067770503915,
          "segment_index": 5,
          "static_traversability": "FEASIBLE"
        },
        "startid": 143
      },
      "type": "Feature"
    },
    {
      "geometry": {
        "coordinates": [
          [
            [
              0.6578108679290631,
              -3.2537565282837497
            ],
            [
              0.6735483325567602,
              -3.0075799906811147
            ]
          ]
        ],
        "type": "MultiLineString"
      },
      "properties": {
        "endid": 141,
        "id": 514,
        "metadata": {
          "bottleneck": false,
          "canonical_edge_id": 52,
          "length_m": 0.25,
          "min_clearance_m": 0.40311288833618164,
          "segment_fraction_end": 0.4942163821503045,
          "segment_fraction_start": 0.421961579600348,
          "segment_index": 6,
          "static_traversability": "FEASIBLE"
        },
        "startid": 142
      },
      "type": "Feature"
    },
    {
      "geometry": {
        "coordinates": [
          [
            [
              0.6735483325567602,
              -3.0075799906811147
            ],
            [
              0.6527869625933252,
              -2.7584435511198944
            ]
          ]
        ],
        "type": "MultiLineString"
      },
      "properties": {
        "endid": 140,
        "id": 515,
        "metadata": {
          "bottleneck": false,
          "canonical_edge_id": 52,
          "length_m": 0.25,
          "min_clearance_m": 0.40311288833618164,
          "segment_fraction_end": 0.566471184700261,
          "segment_fraction_start": 0.4942163821503045,
          "segment_index": 7,
          "static_traversability": "FEASIBLE"
        },
        "startid": 141
      },
      "type": "Feature"
    },
    {
      "geometry": {
        "coordinates": [
          [
            [
              0.6527869625933252,
              -2.7584435511198944
            ],
            [
              0.6126255425726989,
              -2.5170319282158724
            ]
          ]
        ],
        "type": "MultiLineString"
      },
      "properties": {
        "endid": 139,
        "id": 516,
        "metadata": {
          "bottleneck": false,
          "canonical_edge_id": 52,
          "length_m": 0.25,
          "min_clearance_m": 0.40311288833618164,
          "segment_fraction_end": 0.6387259872502175,
          "segment_fraction_start": 0.566471184700261,
          "segment_index": 8,
          "static_traversability": "FEASIBLE"
        },
        "startid": 140
      },
      "type": "Feature"
    },
    {
      "geometry": {
        "coordinates": [
          [
            [
              0.6126255425726989,
              -2.5170319282158724
            ],
            [
              0.4564517806840929,
              -2.3218147258551145
            ]
          ]
        ],
        "type": "MultiLineString"
      },
      "properties": {
        "endid": 138,
        "id": 517,
        "metadata": {
          "bottleneck": false,
          "canonical_edge_id": 52,
          "length_m": 0.25,
          "min_clearance_m": 0.40311288833618164,
          "segment_fraction_end": 0.710980789800174,
          "segment_fraction_start": 0.6387259872502175,
          "segment_index": 9,
          "static_traversability": "FEASIBLE"
        },
        "startid": 139
      },
      "type": "Feature"
    },
    {
      "geometry": {
        "coordinates": [
          [
            [
              0.4564517806840929,
              -2.3218147258551145
            ],
            [
              0.23400350365597222,
              -2.2168346958662104
            ]
          ]
        ],
        "type": "MultiLineString"
      },
      "properties": {
        "endid": 137,
        "id": 518,
        "metadata": {
          "bottleneck": false,
          "canonical_edge_id": 52,
          "length_m": 0.25,
          "min_clearance_m": 0.40311288833618164,
          "segment_fraction_end": 0.7832355923501305,
          "segment_fraction_start": 0.710980789800174,
          "segment_index": 10,
          "static_traversability": "FEASIBLE"
        },
        "startid": 138
      },
      "type": "Feature"
    },
    {
      "geometry": {
        "coordinates": [
          [
            [
              0.23400350365597222,
              -2.2168346958662104
            ],
            [
              0.0010023357706482328,
              -2.1262231305774733
            ]
          ]
        ],
        "type": "MultiLineString"
      },
      "properties": {
        "endid": 136,
        "id": 519,
        "metadata": {
          "bottleneck": false,
          "canonical_edge_id": 52,
          "length_m": 0.25,
          "min_clearance_m": 0.40311288833618164,
          "segment_fraction_end": 0.855490394900087,
          "segment_fraction_start": 0.7832355923501305,
          "segment_index": 11,
          "static_traversability": "FEASIBLE"
        },
        "startid": 137
      },
      "type": "Feature"
    },
    {
      "geometry": {
        "coordinates": [
          [
            [
              0.0010023357706482328,
              -2.1262231305774733
            ],
            [
              -0.2319988321146758,
              -2.0356115652887365
            ]
          ]
        ],
        "type": "MultiLineString"
      },
      "properties": {
        "endid": 135,
        "id": 520,
        "metadata": {
          "bottleneck": false,
          "canonical_edge_id": 52,
          "length_m": 0.25,
          "min_clearance_m": 0.40311288833618164,
          "segment_fraction_end": 0.9277451974500435,
          "segment_fraction_start": 0.855490394900087,
          "segment_index": 12,
          "static_traversability": "FEASIBLE"
        },
        "startid": 136
      },
      "type": "Feature"
    },
    {
      "geometry": {
        "coordinates": [
          [
            [
              -0.2319988321146758,
              -2.0356115652887365
            ],
            [
              -0.46499999999999986,
              -1.9449999999999994
            ]
          ]
        ],
        "type": "MultiLineString"
      },
      "properties": {
        "endid": 16,
        "id": 521,
        "metadata": {
          "bottleneck": false,
          "canonical_edge_id": 52,
          "length_m": 0.25,
          "min_clearance_m": 0.40311288833618164,
          "segment_fraction_end": 1.0,
          "segment_fraction_start": 0.9277451974500435,
          "segment_index": 13,
          "static_traversability": "FEASIBLE"
        },
        "startid": 135
      },
      "type": "Feature"
    },
    {
      "geometry": {
        "coordinates": [
          [
            [
              0.4350000000000005,
              -4.595
            ],
            [
              0.3815984809580366,
              -4.586099746826339
            ]
          ]
        ],
        "type": "MultiLineString"
      },
      "properties": {
        "endid": 169,
        "id": 522,
        "metadata": {
          "bottleneck": true,
          "canonical_edge_id": 53,
          "length_m": 0.05413812651491079,
          "min_clearance_m": 0.22360680997371674,
          "segment_fraction_end": 0.17800506347321302,
          "segment_fraction_start": 0.0,
          "segment_index": 0,
          "static_traversability": "UNKNOWN"
        },
        "startid": 26
      },
      "type": "Feature"
    },
    {
      "geometry": {
        "coordinates": [
          [
            [
              0.3815984809580366,
              -4.586099746826339
            ],
            [
              0.13500000000000068,
              -4.545
            ]
          ]
        ],
        "type": "MultiLineString"
      },
      "properties": {
        "endid": 22,
        "id": 523,
        "metadata": {
          "bottleneck": true,
          "canonical_edge_id": 53,
          "length_m": 0.25,
          "min_clearance_m": 0.22360680997371674,
          "segment_fraction_end": 1.0,
          "segment_fraction_start": 0.17800506347321302,
          "segment_index": 1,
          "static_traversability": "UNKNOWN"
        },
        "startid": 169
      },
      "type": "Feature"
    },
    {
      "geometry": {
        "coordinates": [
          [
            [
              0.4350000000000005,
              -4.595
            ],
            [
              0.4350000000000005,
              -4.795
            ]
          ]
        ],
        "type": "MultiLineString"
      },
      "properties": {
        "endid": 173,
        "id": 524,
        "metadata": {
          "bottleneck": false,
          "canonical_edge_id": 54,
          "length_m": 0.20000000000000018,
          "min_clearance_m": 0.45000001788139343,
          "segment_fraction_end": 0.2857142857142859,
          "segment_fraction_start": 0.0,
          "segment_index": 0,
          "static_traversability": "FEASIBLE"
        },
        "startid": 26
      },
      "type": "Feature"
    },
    {
      "geometry": {
        "coordinates": [
          [
            [
              0.4350000000000005,
              -4.795
            ],
            [
              0.4350000000000005,
              -5.045
            ]
          ]
        ],
        "type": "MultiLineString"
      },
      "properties": {
        "endid": 172,
        "id": 525,
        "metadata": {
          "bottleneck": false,
          "canonical_edge_id": 54,
          "length_m": 0.25,
          "min_clearance_m": 0.45000001788139343,
          "segment_fraction_end": 0.6428571428571429,
          "segment_fraction_start": 0.2857142857142859,
          "segment_index": 1,
          "static_traversability": "FEASIBLE"
        },
        "startid": 173
      },
      "type": "Feature"
    },
    {
      "geometry": {
        "coordinates": [
          [
            [
              0.4350000000000005,
              -5.045
            ],
            [
              0.4350000000000005,
              -5.295
            ]
          ]
        ],
        "type": "MultiLineString"
      },
      "properties": {
        "endid": 25,
        "id": 526,
        "metadata": {
          "bottleneck": false,
          "canonical_edge_id": 54,
          "length_m": 0.25,
          "min_clearance_m": 0.45000001788139343,
          "segment_fraction_end": 1.0,
          "segment_fraction_start": 0.6428571428571429,
          "segment_index": 2,
          "static_traversability": "FEASIBLE"
        },
        "startid": 172
      },
      "type": "Feature"
    },
    {
      "geometry": {
        "coordinates": [
          [
            [
              0.4850000000000003,
              1.705
            ],
            [
              0.4850000000000003,
              1.955
            ]
          ]
        ],
        "type": "MultiLineString"
      },
      "properties": {
        "endid": 174,
        "id": 527,
        "metadata": {
          "bottleneck": true,
          "canonical_edge_id": 55,
          "length_m": 0.25,
          "min_clearance_m": 0.3499999940395355,
          "segment_fraction_end": 0.8333333333333314,
          "segment_fraction_start": 0.0,
          "segment_index": 0,
          "static_traversability": "FEASIBLE"
        },
        "startid": 27
      },
      "type": "Feature"
    },
    {
      "geometry": {
        "coordinates": [
          [
            [
              0.4850000000000003,
              1.955
            ],
            [
              0.4850000000000003,
              2.005000000000001
            ]
          ]
        ],
        "type": "MultiLineString"
      },
      "properties": {
        "endid": 28,
        "id": 528,
        "metadata": {
          "bottleneck": true,
          "canonical_edge_id": 55,
          "length_m": 0.05000000000000071,
          "min_clearance_m": 0.3499999940395355,
          "segment_fraction_end": 1.0,
          "segment_fraction_start": 0.8333333333333314,
          "segment_index": 1,
          "static_traversability": "FEASIBLE"
        },
        "startid": 174
      },
      "type": "Feature"
    },
    {
      "geometry": {
        "coordinates": [
          [
            [
              0.4850000000000003,
              2.005000000000001
            ],
            [
              0.4850000000000003,
              1.955
            ]
          ]
        ],
        "type": "MultiLineString"
      },
      "properties": {
        "endid": 174,
        "id": 529,
        "metadata": {
          "bottleneck": true,
          "canonical_edge_id": 56,
          "length_m": 0.05000000000000071,
          "min_clearance_m": 0.3499999940395355,
          "segment_fraction_end": 0.16666666666666863,
          "segment_fraction_start": 0.0,
          "segment_index": 0,
          "static_traversability": "FEASIBLE"
        },
        "startid": 28
      },
      "type": "Feature"
    },
    {
      "geometry": {
        "coordinates": [
          [
            [
              0.4850000000000003,
              1.955
            ],
            [
              0.4850000000000003,
              1.705
            ]
          ]
        ],
        "type": "MultiLineString"
      },
      "properties": {
        "endid": 27,
        "id": 530,
        "metadata": {
          "bottleneck": true,
          "canonical_edge_id": 56,
          "length_m": 0.25,
          "min_clearance_m": 0.3499999940395355,
          "segment_fraction_end": 1.0,
          "segment_fraction_start": 0.16666666666666863,
          "segment_index": 1,
          "static_traversability": "FEASIBLE"
        },
        "startid": 174
      },
      "type": "Feature"
    },
    {
      "geometry": {
        "coordinates": [
          [
            [
              0.6350000000000007,
              0.10500000000000043
            ],
            [
              0.509341649025258,
              0.06311388300841969
            ]
          ]
        ],
        "type": "MultiLineString"
      },
      "properties": {
        "endid": 168,
        "id": 531,
        "metadata": {
          "bottleneck": false,
          "canonical_edge_id": 57,
          "length_m": 0.13245553203367533,
          "min_clearance_m": 1.0735455751419067,
          "segment_fraction_end": 0.20943058495790448,
          "segment_fraction_start": 0.0,
          "segment_index": 0,
          "static_traversability": "FEASIBLE"
        },
        "startid": 29
      },
      "type": "Feature"
    },
    {
      "geometry": {
        "coordinates": [
          [
            [
              0.509341649025258,
              0.06311388300841969
            ],
            [
              0.27217082451262953,
              -0.015943058495789586
            ]
          ]
        ],
        "type": "MultiLineString"
      },
      "properties": {
        "endid": 167,
        "id": 532,
        "metadata": {
          "bottleneck": false,
          "canonical_edge_id": 57,
          "length_m": 0.25,
          "min_clearance_m": 1.0735455751419067,
          "segment_fraction_end": 0.6047152924789523,
          "segment_fraction_start": 0.20943058495790448,
          "segment_index": 1,
          "static_traversability": "FEASIBLE"
        },
        "startid": 168
      },
      "type": "Feature"
    },
    {
      "geometry": {
        "coordinates": [
          [
            [
              0.27217082451262953,
              -0.015943058495789586
            ],
            [
              0.03500000000000103,
              -0.09499999999999886
            ]
          ]
        ],
        "type": "MultiLineString"
      },
      "properties": {
        "endid": 21,
        "id": 533,
        "metadata": {
          "bottleneck": false,
          "canonical_edge_id": 57,
          "length_m": 0.25,
          "min_clearance_m": 1.0735455751419067,
          "segment_fraction_end": 1.0,
          "segment_fraction_start": 0.6047152924789523,
          "segment_index": 2,
          "static_traversability": "FEASIBLE"
        },
        "startid": 167
      },
      "type": "Feature"
    },
    {
      "geometry": {
        "coordinates": [
          [
            [
              0.6350000000000007,
              0.10500000000000043
            ],
            [
              0.8117766952966377,
              0.28177669529663735
            ]
          ]
        ],
        "type": "MultiLineString"
      },
      "properties": {
        "endid": 175,
        "id": 534,
        "metadata": {
          "bottleneck": false,
          "canonical_edge_id": 58,
          "length_m": 0.25,
          "min_clearance_m": 0.6020797491073608,
          "segment_fraction_end": 0.392837100659193,
          "segment_fraction_start": 0.0,
          "segment_index": 0,
          "static_traversability": "FEASIBLE"
        },
        "startid": 29
      },
      "type": "Feature"
    },
    {
      "geometry": {
        "coordinates": [
          [
            [
              0.8117766952966377,
              0.28177669529663735
            ],
            [
              0.9885533905932745,
              0.45855339059327427
            ]
          ]
        ],
        "type": "MultiLineString"
      },
      "properties": {
        "endid": 176,
        "id": 535,
        "metadata": {
          "bottleneck": false,
          "canonical_edge_id": 58,
          "length_m": 0.25,
          "min_clearance_m": 0.6020797491073608,
          "segment_fraction_end": 0.785674201318386,
          "segment_fraction_start": 0.392837100659193,
          "segment_index": 1,
          "static_traversability": "FEASIBLE"
        },
        "startid": 175
      },
      "type": "Feature"
    },
    {
      "geometry": {
        "coordinates": [
          [
            [
              0.9885533905932745,
              0.45855339059327427
            ],
            [
              1.0850000000000009,
              0.5550000000000006
            ]
          ]
        ],
        "type": "MultiLineString"
      },
      "properties": {
        "endid": 31,
        "id": 536,
        "metadata": {
          "bottleneck": false,
          "canonical_edge_id": 58,
          "length_m": 0.13639610306789296,
          "min_clearance_m": 0.6020797491073608,
          "segment_fraction_end": 1.0,
          "segment_fraction_start": 0.785674201318386,
          "segment_index": 2,
          "static_traversability": "FEASIBLE"
        },
        "startid": 176
      },
      "type": "Feature"
    },
    {
      "geometry": {
        "coordinates": [
          [
            [
              0.6350000000000007,
              0.10500000000000043
            ],
            [
              0.8753737838893546,
              0.062191365526096144
            ]
          ]
        ],
        "type": "MultiLineString"
      },
      "properties": {
        "endid": 177,
        "id": 537,
        "metadata": {
          "bottleneck": false,
          "canonical_edge_id": 59,
          "length_m": 0.25,
          "min_clearance_m": 0.6264982223510742,
          "segment_fraction_end": 0.20812697507654326,
          "segment_fraction_start": 0.0,
          "segment_index": 0,
          "static_traversability": "FEASIBLE"
        },
        "startid": 29
      },
      "type": "Feature"
    },
    {
      "geometry": {
        "coordinates": [
          [
            [
              0.8753737838893546,
              0.062191365526096144
            ],
            [
              1.1013082436127393,
              -0.04483022065866496
            ]
          ]
        ],
        "type": "MultiLineString"
      },
      "properties": {
        "endid": 178,
        "id": 538,
        "metadata": {
          "bottleneck": false,
          "canonical_edge_id": 59,
          "length_m": 0.25,
          "min_clearance_m": 0.6264982223510742,
          "segment_fraction_end": 0.4162539501530865,
          "segment_fraction_start": 0.20812697507654326,
          "segment_index": 1,
          "static_traversability": "FEASIBLE"
        },
        "startid": 177
      },
      "type": "Feature"
    },
    {
      "geometry": {
        "coordinates": [
          [
            [
              1.1013082436127393,
              -0.04483022065866496
            ],
            [
              1.327242703336124,
              -0.15185180684342608
            ]
          ]
        ],
        "type": "MultiLineString"
      },
      "properties": {
        "endid": 179,
        "id": 539,
        "metadata": {
          "bottleneck": false,
          "canonical_edge_id": 59,
          "length_m": 0.25,
          "min_clearance_m": 0.6264982223510742,
          "segment_fraction_end": 0.6243809252296298,
          "segment_fraction_start": 0.4162539501530865,
          "segment_index": 2,
          "static_traversability": "FEASIBLE"
        },
        "startid": 178
      },
      "type": "Feature"
    },
    {
      "geometry": {
        "coordinates": [
          [
            [
              1.327242703336124,
              -0.15185180684342608
            ],
            [
              1.5531771630595088,
              -0.2588733930281872
            ]
          ]
        ],
        "type": "MultiLineString"
      },
      "properties": {
        "endid": 180,
        "id": 540,
        "metadata": {
          "bottleneck": false,
          "canonical_edge_id": 59,
          "length_m": 0.25,
          "min_clearance_m": 0.6264982223510742,
          "segment_fraction_end": 0.832507900306173,
          "segment_fraction_start": 0.6243809252296298,
          "segment_index": 3,
          "static_traversability": "FEASIBLE"
        },
        "startid": 179
      },
      "type": "Feature"
    },
    {
      "geometry": {
        "coordinates": [
          [
            [
              1.5531771630595088,
              -0.2588733930281872
            ],
            [
              1.7350000000000003,
              -0.34499999999999886
            ]
          ]
        ],
        "type": "MultiLineString"
      },
      "properties": {
        "endid": 36,
        "id": 541,
        "metadata": {
          "bottleneck": false,
          "canonical_edge_id": 59,
          "length_m": 0.20118980208143133,
          "min_clearance_m": 0.6264982223510742,
          "segment_fraction_end": 1.0,
          "segment_fraction_start": 0.832507900306173,
          "segment_index": 4,
          "static_traversability": "FEASIBLE"
        },
        "startid": 180
      },
      "type": "Feature"
    },
    {
      "geometry": {
        "coordinates": [
          [
            [
              0.8850000000000007,
              4.705000000000002
            ],
            [
              0.7297213595499962,
              4.7826393202250035
            ]
          ]
        ],
        "type": "MultiLineString"
      },
      "properties": {
        "endid": 171,
        "id": 542,
        "metadata": {
          "bottleneck": false,
          "canonical_edge_id": 60,
          "length_m": 0.1736067977499791,
          "min_clearance_m": 0.8544003367424011,
          "segment_fraction_end": 0.25772720573763613,
          "segment_fraction_start": 0.0,
          "segment_index": 0,
          "static_traversability": "FEASIBLE"
        },
        "startid": 30
      },
      "type": "Feature"
    },
    {
      "geometry": {
        "coordinates": [
          [
            [
              0.7297213595499962,
              4.7826393202250035
            ],
            [
              0.4850000000000003,
              4.8050000000000015
            ]
          ]
        ],
        "type": "MultiLineString"
      },
      "properties": {
        "endid": 170,
        "id": 543,
        "metadata": {
          "bottleneck": false,
          "canonical_edge_id": 60,
          "length_m": 0.25,
          "min_clearance_m": 0.8544003367424011,
          "segment_fraction_end": 0.628863602868818,
          "segment_fraction_start": 0.25772720573763613,
          "segment_index": 1,
          "static_traversability": "FEASIBLE"
        },
        "startid": 171
      },
      "type": "Feature"
    },
    {
      "geometry": {
        "coordinates": [
          [
            [
              0.4850000000000003,
              4.8050000000000015
            ],
            [
              0.23500000000000032,
              4.8050000000000015
            ]
          ]
        ],
        "type": "MultiLineString"
      },
      "properties": {
        "endid": 23,
        "id": 544,
        "metadata": {
          "bottleneck": false,
          "canonical_edge_id": 60,
          "length_m": 0.25,
          "min_clearance_m": 0.8544003367424011,
          "segment_fraction_end": 1.0,
          "segment_fraction_start": 0.628863602868818,
          "segment_index": 2,
          "static_traversability": "FEASIBLE"
        },
        "startid": 170
      },
      "type": "Feature"
    },
    {
      "geometry": {
        "coordinates": [
          [
            [
              0.8850000000000007,
              4.705000000000002
            ],
            [
              0.9340290337845465,
              4.459854831077272
            ]
          ]
        ],
        "type": "MultiLineString"
      },
      "properties": {
        "endid": 181,
        "id": 545,
        "metadata": {
          "bottleneck": false,
          "canonical_edge_id": 61,
          "length_m": 0.25,
          "min_clearance_m": 0.4301162660121918,
          "segment_fraction_end": 0.23792876892553752,
          "segment_fraction_start": 0.0,
          "segment_index": 0,
          "static_traversability": "FEASIBLE"
        },
        "startid": 30
      },
      "type": "Feature"
    },
    {
      "geometry": {
        "coordinates": [
          [
            [
              0.9340290337845465,
              4.459854831077272
            ],
            [
              0.9830580675690923,
              4.214709662154542
            ]
          ]
        ],
        "type": "MultiLineString"
      },
      "properties": {
        "endid": 182,
        "id": 546,
        "metadata": {
          "bottleneck": false,
          "canonical_edge_id": 61,
          "length_m": 0.25,
          "min_clearance_m": 0.4301162660121918,
          "segment_fraction_end": 0.47585753785107504,
          "segment_fraction_start": 0.23792876892553752,
          "segment_index": 1,
          "static_traversability": "FEASIBLE"
        },
        "startid": 181
      },
      "type": "Feature"
    },
    {
      "geometry": {
        "coordinates": [
          [
            [
              0.9830580675690923,
              4.214709662154542
            ],
            [
              1.1181824346943032,
              4.005226347958548
            ]
          ]
        ],
        "type": "MultiLineString"
      },
      "properties": {
        "endid": 183,
        "id": 547,
        "metadata": {
          "bottleneck": false,
          "canonical_edge_id": 61,
          "length_m": 0.25,
          "min_clearance_m": 0.4301162660121918,
          "segment_fraction_end": 0.7137863067766126,
          "segment_fraction_start": 0.47585753785107504,
          "segment_index": 2,
          "static_traversability": "FEASIBLE"
        },
        "startid": 182
      },
      "type": "Feature"
    },
    {
      "geometry": {
        "coordinates": [
          [
            [
              1.1181824346943032,
              4.005226347958548
            ],
            [
              1.2568574837506103,
              3.797213774374087
            ]
          ]
        ],
        "type": "MultiLineString"
      },
      "properties": {
        "endid": 184,
        "id": 548,
        "metadata": {
          "bottleneck": false,
          "canonical_edge_id": 61,
          "length_m": 0.25,
          "min_clearance_m": 0.4301162660121918,
          "segment_fraction_end": 0.9517150757021501,
          "segment_fraction_start": 0.7137863067766126,
          "segment_index": 3,
          "static_traversability": "FEASIBLE"
        },
        "startid": 183
      },
      "type": "Feature"
    },
    {
      "geometry": {
        "coordinates": [
          [
            [
              1.2568574837506103,
              3.797213774374087
            ],
            [
              1.285000000000001,
              3.755000000000001
            ]
          ]
        ],
        "type": "MultiLineString"
      },
      "properties": {
        "endid": 32,
        "id": 549,
        "metadata": {
          "bottleneck": false,
          "canonical_edge_id": 61,
          "length_m": 0.05073464267887795,
          "min_clearance_m": 0.4301162660121918,
          "segment_fraction_end": 1.0,
          "segment_fraction_start": 0.9517150757021501,
          "segment_index": 4,
          "static_traversability": "FEASIBLE"
        },
        "startid": 184
      },
      "type": "Feature"
    },
    {
      "geometry": {
        "coordinates": [
          [
            [
              0.8850000000000007,
              4.705000000000002
            ],
            [
              1.1086067977499798,
              4.816803398874991
            ]
          ]
        ],
        "type": "MultiLineString"
      },
      "properties": {
        "endid": 185,
        "id": 550,
        "metadata": {
          "bottleneck": false,
          "canonical_edge_id": 62,
          "length_m": 0.25,
          "min_clearance_m": 0.4000000059604645,
          "segment_fraction_end": 0.2004468207386603,
          "segment_fraction_start": 0.0,
          "segment_index": 0,
          "static_traversability": "FEASIBLE"
        },
        "startid": 30
      },
      "type": "Feature"
    },
    {
      "geometry": {
        "coordinates": [
          [
            [
              1.1086067977499798,
              4.816803398874991
            ],
            [
              1.3377864045000432,
              4.905000000000001
            ]
          ]
        ],
        "type": "MultiLineString"
      },
      "properties": {
        "endid": 186,
        "id": 551,
        "metadata": {
          "bottleneck": false,
          "canonical_edge_id": 62,
          "length_m": 0.25,
          "min_clearance_m": 0.4000000059604645,
          "segment_fraction_end": 0.4008936414773206,
          "segment_fraction_start": 0.2004468207386603,
          "segment_index": 1,
          "static_traversability": "FEASIBLE"
        },
        "startid": 185
      },
      "type": "Feature"
    },
    {
      "geometry": {
        "coordinates": [
          [
            [
              1.3377864045000432,
              4.905000000000001
            ],
            [
              1.5877864045000432,
              4.905000000000001
            ]
          ]
        ],
        "type": "MultiLineString"
      },
      "properties": {
        "endid": 187,
        "id": 552,
        "metadata": {
          "bottleneck": false,
          "canonical_edge_id": 62,
          "length_m": 0.25,
          "min_clearance_m": 0.4000000059604645,
          "segment_fraction_end": 0.6013404622159809,
          "segment_fraction_start": 0.4008936414773206,
          "segment_index": 2,
          "static_traversability": "FEASIBLE"
        },
        "startid": 186
      },
      "type": "Feature"
    },
    {
      "geometry": {
        "coordinates": [
          [
            [
              1.5877864045000432,
              4.905000000000001
            ],
            [
              1.8377864045000432,
              4.905000000000001
            ]
          ]
        ],
        "type": "MultiLineString"
      },
      "properties": {
        "endid": 188,
        "id": 553,
        "metadata": {
          "bottleneck": false,
          "canonical_edge_id": 62,
          "length_m": 0.25,
          "min_clearance_m": 0.4000000059604645,
          "segment_fraction_end": 0.8017872829546412,
          "segment_fraction_start": 0.6013404622159809,
          "segment_index": 3,
          "static_traversability": "FEASIBLE"
        },
        "startid": 187
      },
      "type": "Feature"
    },
    {
      "geometry": {
        "coordinates": [
          [
            [
              1.8377864045000432,
              4.905000000000001
            ],
            [
              2.085000000000001,
              4.905000000000001
            ]
          ]
        ],
        "type": "MultiLineString"
      },
      "properties": {
        "endid": 38,
        "id": 554,
        "metadata": {
          "bottleneck": false,
          "canonical_edge_id": 62,
          "length_m": 0.2472135954999577,
          "min_clearance_m": 0.4000000059604645,
          "segment_fraction_end": 1.0,
          "segment_fraction_start": 0.8017872829546412,
          "segment_index": 4,
          "static_traversability": "FEASIBLE"
        },
        "startid": 188
      },
      "type": "Feature"
    },
    {
      "geometry": {
        "coordinates": [
          [
            [
              1.0850000000000009,
              0.5550000000000006
            ],
            [
              0.9885533905932745,
              0.45855339059327427
            ]
          ]
        ],
        "type": "MultiLineString"
      },
      "properties": {
        "endid": 176,
        "id": 555,
        "metadata": {
          "bottleneck": false,
          "canonical_edge_id": 63,
          "length_m": 0.13639610306789296,
          "min_clearance_m": 0.6020797491073608,
          "segment_fraction_end": 0.21432579868161408,
          "segment_fraction_start": 0.0,
          "segment_index": 0,
          "static_traversability": "FEASIBLE"
        },
        "startid": 31
      },
      "type": "Feature"
    },
    {
      "geometry": {
        "coordinates": [
          [
            [
              0.9885533905932745,
              0.45855339059327427
            ],
            [
              0.8117766952966377,
              0.28177669529663735
            ]
          ]
        ],
        "type": "MultiLineString"
      },
      "properties": {
        "endid": 175,
        "id": 556,
        "metadata": {
          "bottleneck": false,
          "canonical_edge_id": 63,
          "length_m": 0.25,
          "min_clearance_m": 0.6020797491073608,
          "segment_fraction_end": 0.607162899340807,
          "segment_fraction_start": 0.21432579868161408,
          "segment_index": 1,
          "static_traversability": "FEASIBLE"
        },
        "startid": 176
      },
      "type": "Feature"
    },
    {
      "geometry": {
        "coordinates": [
          [
            [
              0.8117766952966377,
              0.28177669529663735
            ],
            [
              0.6350000000000007,
              0.10500000000000043
            ]
          ]
        ],
        "type": "MultiLineString"
      },
      "properties": {
        "endid": 29,
        "id": 557,
        "metadata": {
          "bottleneck": false,
          "canonical_edge_id": 63,
          "length_m": 0.25,
          "min_clearance_m": 0.6020797491073608,
          "segment_fraction_end": 1.0,
          "segment_fraction_start": 0.607162899340807,
          "segment_index": 2,
          "static_traversability": "FEASIBLE"
        },
        "startid": 175
      },
      "type": "Feature"
    },
    {
      "geometry": {
        "coordinates": [
          [
            [
              1.0850000000000009,
              0.5550000000000006
            ],
            [
              1.0496446609406735,
              0.8024873734152922
            ]
          ]
        ],
        "type": "MultiLineString"
      },
      "properties": {
        "endid": 189,
        "id": 558,
        "metadata": {
          "bottleneck": true,
          "canonical_edge_id": 64,
          "length_m": 0.25,
          "min_clearance_m": 0.25,
          "segment_fraction_end": 0.07520675374824602,
          "segment_fraction_start": 0.0,
          "segment_index": 0,
          "static_traversability": "UNKNOWN"
        },
        "startid": 31
      },
      "type": "Feature"
    },
    {
      "geometry": {
        "coordinates": [
          [
            [
              1.0496446609406735,
              0.8024873734152922
            ],
            [
              1.1004929147415607,
              1.0359858294831208
            ]
          ]
        ],
        "type": "MultiLineString"
      },
      "properties": {
        "endid": 190,
        "id": 559,
        "metadata": {
          "bottleneck": true,
          "canonical_edge_id": 64,
          "length_m": 0.25,
          "min_clearance_m": 0.25,
          "segment_fraction_end": 0.15041350749649204,
          "segment_fraction_start": 0.07520675374824602,
          "segment_index": 1,
          "static_traversability": "UNKNOWN"
        },
        "startid": 189
      },
      "type": "Feature"
    },
    {
      "geometry": {
        "coordinates": [
          [
            [
              1.1004929147415607,
              1.0359858294831208
            ],
            [
              1.1850000000000005,
              1.2660364127817587
            ]
          ]
        ],
        "type": "MultiLineString"
      },
      "properties": {
        "endid": 191,
        "id": 560,
        "metadata": {
          "bottleneck": true,
          "canonical_edge_id": 64,
          "length_m": 0.25,
          "min_clearance_m": 0.25,
          "segment_fraction_end": 0.22562026124473808,
          "segment_fraction_start": 0.15041350749649204,
          "segment_index": 2,
          "static_traversability": "UNKNOWN"
        },
        "startid": 190
      },
      "type": "Feature"
    },
    {
      "geometry": {
        "coordinates": [
          [
            [
              1.1850000000000005,
              1.2660364127817587
            ],
            [
              1.1850000000000005,
              1.5160364127817587
            ]
          ]
        ],
        "type": "MultiLineString"
      },
      "properties": {
        "endid": 192,
        "id": 561,
        "metadata": {
          "bottleneck": true,
          "canonical_edge_id": 64,
          "length_m": 0.25,
          "min_clearance_m": 0.25,
          "segment_fraction_end": 0.3008270149929841,
          "segment_fraction_start": 0.22562026124473808,
          "segment_index": 3,
          "static_traversability": "UNKNOWN"
        },
        "startid": 191
      },
      "type": "Feature"
    },
    {
      "geometry": {
        "coordinates": [
          [
            [
              1.1850000000000005,
              1.5160364127817587
            ],
            [
              1.1850000000000005,
              1.7660364127817587
            ]
          ]
        ],
        "type": "MultiLineString"
      },
      "properties": {
        "endid": 193,
        "id": 562,
        "metadata": {
          "bottleneck": true,
          "canonical_edge_id": 64,
          "length_m": 0.25,
          "min_clearance_m": 0.25,
          "segment_fraction_end": 0.3760337687412301,
          "segment_fraction_start": 0.3008270149929841,
          "segment_index": 4,
          "static_traversability": "UNKNOWN"
        },
        "startid": 192
      },
      "type": "Feature"
    },
    {
      "geometry": {
        "coordinates": [
          [
            [
              1.1850000000000005,
              1.7660364127817587
            ],
            [
              1.1850000000000005,
              2.0160364127817587
            ]
          ]
        ],
        "type": "MultiLineString"
      },
      "properties": {
        "endid": 194,
        "id": 563,
        "metadata": {
          "bottleneck": true,
          "canonical_edge_id": 64,
          "length_m": 0.25,
          "min_clearance_m": 0.25,
          "segment_fraction_end": 0.45124052248947616,
          "segment_fraction_start": 0.3760337687412301,
          "segment_index": 5,
          "static_traversability": "UNKNOWN"
        },
        "startid": 193
      },
      "type": "Feature"
    },
    {
      "geometry": {
        "coordinates": [
          [
            [
              1.1850000000000005,
              2.0160364127817587
            ],
            [
              1.1850000000000005,
              2.2660364127817587
            ]
          ]
        ],
        "type": "MultiLineString"
      },
      "properties": {
        "endid": 195,
        "id": 564,
        "metadata": {
          "bottleneck": true,
          "canonical_edge_id": 64,
          "length_m": 0.25,
          "min_clearance_m": 0.25,
          "segment_fraction_end": 0.5264472762377221,
          "segment_fraction_start": 0.45124052248947616,
          "segment_index": 6,
          "static_traversability": "UNKNOWN"
        },
        "startid": 194
      },
      "type": "Feature"
    },
    {
      "geometry": {
        "coordinates": [
          [
            [
              1.1850000000000005,
              2.2660364127817587
            ],
            [
              1.1850000000000005,
              2.5160364127817587
            ]
          ]
        ],
        "type": "MultiLineString"
      },
      "properties": {
        "endid": 196,
        "id": 565,
        "metadata": {
          "bottleneck": true,
          "canonical_edge_id": 64,
          "length_m": 0.25,
          "min_clearance_m": 0.25,
          "segment_fraction_end": 0.6016540299859682,
          "segment_fraction_start": 0.5264472762377221,
          "segment_index": 7,
          "static_traversability": "UNKNOWN"
        },
        "startid": 195
      },
      "type": "Feature"
    },
    {
      "geometry": {
        "coordinates": [
          [
            [
              1.1850000000000005,
              2.5160364127817587
            ],
            [
              1.1823232767278178,
              2.765706893088731
            ]
          ]
        ],
        "type": "MultiLineString"
      },
      "properties": {
        "endid": 197,
        "id": 566,
        "metadata": {
          "bottleneck": true,
          "canonical_edge_id": 64,
          "length_m": 0.25,
          "min_clearance_m": 0.25,
          "segment_fraction_end": 0.6768607837342142,
          "segment_fraction_start": 0.6016540299859682,
          "segment_index": 8,
          "static_traversability": "UNKNOWN"
        },
        "startid": 196
      },
      "type": "Feature"
    },
    {
      "geometry": {
        "coordinates": [
          [
            [
              1.1823232767278178,
              2.765706893088731
            ],
            [
              1.121689370468735,
              3.0082425181250643
            ]
          ]
        ],
        "type": "MultiLineString"
      },
      "properties": {
        "endid": 198,
        "id": 567,
        "metadata": {
          "bottleneck": true,
          "canonical_edge_id": 64,
          "length_m": 0.25,
          "min_clearance_m": 0.25,
          "segment_fraction_end": 0.7520675374824602,
          "segment_fraction_start": 0.6768607837342142,
          "segment_index": 9,
          "static_traversability": "UNKNOWN"
        },
        "startid": 197
      },
      "type": "Feature"
    },
    {
      "geometry": {
        "coordinates": [
          [
            [
              1.121689370468735,
              3.0082425181250643
            ],
            [
              1.1329455112839404,
              3.2413019203110918
            ]
          ]
        ],
        "type": "MultiLineString"
      },
      "properties": {
        "endid": 199,
        "id": 568,
        "metadata": {
          "bottleneck": true,
          "canonical_edge_id": 64,
          "length_m": 0.25,
          "min_clearance_m": 0.25,
          "segment_fraction_end": 0.8272742912307063,
          "segment_fraction_start": 0.7520675374824602,
          "segment_index": 10,
          "static_traversability": "UNKNOWN"
        },
        "startid": 198
      },
      "type": "Feature"
    },
    {
      "geometry": {
        "coordinates": [
          [
            [
              1.1329455112839404,
              3.2413019203110918
            ],
            [
              1.2543562440785985,
              3.4598412393414764
            ]
          ]
        ],
        "type": "MultiLineString"
      },
      "properties": {
        "endid": 200,
        "id": 569,
        "metadata": {
          "bottleneck": true,
          "canonical_edge_id": 64,
          "length_m": 0.25,
          "min_clearance_m": 0.25,
          "segment_fraction_end": 0.9024810449789523,
          "segment_fraction_start": 0.8272742912307063,
          "segment_index": 11,
          "static_traversability": "UNKNOWN"
        },
        "startid": 199
      },
      "type": "Feature"
    },
    {
      "geometry": {
        "coordinates": [
          [
            [
              1.2543562440785985,
              3.4598412393414764
            ],
            [
              1.308454467889398,
              3.6846365963318095
            ]
          ]
        ],
        "type": "MultiLineString"
      },
      "properties": {
        "endid": 201,
        "id": 570,
        "metadata": {
          "bottleneck": true,
          "canonical_edge_id": 64,
          "length_m": 0.25,
          "min_clearance_m": 0.25,
          "segment_fraction_end": 0.9776877987271984,
          "segment_fraction_start": 0.9024810449789523,
          "segment_index": 12,
          "static_traversability": "UNKNOWN"
        },
        "startid": 200
      },
      "type": "Feature"
    },
    {
      "geometry": {
        "coordinates": [
          [
            [
              1.308454467889398,
              3.6846365963318095
            ],
            [
              1.285000000000001,
              3.755000000000001
            ]
          ]
        ],
        "type": "MultiLineString"
      },
      "properties": {
        "endid": 32,
        "id": 571,
        "metadata": {
          "bottleneck": true,
          "canonical_edge_id": 64,
          "length_m": 0.07416953983777708,
          "min_clearance_m": 0.25,
          "segment_fraction_end": 1.0,
          "segment_fraction_start": 0.9776877987271984,
          "segment_index": 13,
          "static_traversability": "UNKNOWN"
        },
        "startid": 201
      },
      "type": "Feature"
    },
    {
      "geometry": {
        "coordinates": [
          [
            [
              1.0850000000000009,
              0.5550000000000006
            ],
            [
              1.3330694691784177,
              0.5860086836473026
            ]
          ]
        ],
        "type": "MultiLineString"
      },
      "properties": {
        "endid": 202,
        "id": 572,
        "metadata": {
          "bottleneck": true,
          "canonical_edge_id": 65,
          "length_m": 0.25,
          "min_clearance_m": 0.36055514216423035,
          "segment_fraction_end": 0.6201736729460431,
          "segment_fraction_start": 0.0,
          "segment_index": 0,
          "static_traversability": "UNKNOWN"
        },
        "startid": 31
      },
      "type": "Feature"
    },
    {
      "geometry": {
        "coordinates": [
          [
            [
              1.3330694691784177,
              0.5860086836473026
            ],
            [
              1.4850000000000003,
              0.6050000000000004
            ]
          ]
        ],
        "type": "MultiLineString"
      },
      "properties": {
        "endid": 33,
        "id": 573,
        "metadata": {
          "bottleneck": true,
          "canonical_edge_id": 65,
          "length_m": 0.15311288741492696,
          "min_clearance_m": 0.36055514216423035,
          "segment_fraction_end": 1.0,
          "segment_fraction_start": 0.6201736729460431,
          "segment_index": 1,
          "static_traversability": "UNKNOWN"
        },
        "startid": 202
      },
      "type": "Feature"
    },
    {
      "geometry": {
        "coordinates": [
          [
            [
              1.285000000000001,
              3.755000000000001
            ],
            [
              1.2568574837506103,
              3.797213774374087
            ]
          ]
        ],
        "type": "MultiLineString"
      },
      "properties": {
        "endid": 184,
        "id": 574,
        "metadata": {
          "bottleneck": false,
          "canonical_edge_id": 66,
          "length_m": 0.05073464267887795,
          "min_clearance_m": 0.4301162660121918,
          "segment_fraction_end": 0.04828492429784986,
          "segment_fraction_start": 0.0,
          "segment_index": 0,
          "static_traversability": "FEASIBLE"
        },
        "startid": 32
      },
      "type": "Feature"
    },
    {
      "geometry": {
        "coordinates": [
          [
            [
              1.2568574837506103,
              3.797213774374087
            ],
            [
              1.1181824346943032,
              4.005226347958548
            ]
          ]
        ],
        "type": "MultiLineString"
      },
      "properties": {
        "endid": 183,
        "id": 575,
        "metadata": {
          "bottleneck": false,
          "canonical_edge_id": 66,
          "length_m": 0.25,
          "min_clearance_m": 0.4301162660121918,
          "segment_fraction_end": 0.2862136932233874,
          "segment_fraction_start": 0.04828492429784986,
          "segment_index": 1,
          "static_traversability": "FEASIBLE"
        },
        "startid": 184
      },
      "type": "Feature"
    },
    {
      "geometry": {
        "coordinates": [
          [
            [
              1.1181824346943032,
              4.005226347958548
            ],
            [
              0.9830580675690923,
              4.214709662154542
            ]
          ]
        ],
        "type": "MultiLineString"
      },
      "properties": {
        "endid": 182,
        "id": 576,
        "metadata": {
          "bottleneck": false,
          "canonical_edge_id": 66,
          "length_m": 0.25,
          "min_clearance_m": 0.4301162660121918,
          "segment_fraction_end": 0.5241424621489249,
          "segment_fraction_start": 0.2862136932233874,
          "segment_index": 2,
          "static_traversability": "FEASIBLE"
        },
        "startid": 183
      },
      "type": "Feature"
    },
    {
      "geometry": {
        "coordinates": [
          [
            [
              0.9830580675690923,
              4.214709662154542
            ],
            [
              0.9340290337845465,
              4.459854831077272
            ]
          ]
        ],
        "type": "MultiLineString"
      },
      "properties": {
        "endid": 181,
        "id": 577,
        "metadata": {
          "bottleneck": false,
          "canonical_edge_id": 66,
          "length_m": 0.25,
          "min_clearance_m": 0.4301162660121918,
          "segment_fraction_end": 0.7620712310744625,
          "segment_fraction_start": 0.5241424621489249,
          "segment_index": 3,
          "static_traversability": "FEASIBLE"
        },
        "startid": 182
      },
      "type": "Feature"
    },
    {
      "geometry": {
        "coordinates": [
          [
            [
              0.9340290337845465,
              4.459854831077272
            ],
            [
              0.8850000000000007,
              4.705000000000002
            ]
          ]
        ],
        "type": "MultiLineString"
      },
      "properties": {
        "endid": 30,
        "id": 578,
        "metadata": {
          "bottleneck": false,
          "canonical_edge_id": 66,
          "length_m": 0.25,
          "min_clearance_m": 0.4301162660121918,
          "segment_fraction_end": 1.0,
          "segment_fraction_start": 0.7620712310744625,
          "segment_index": 4,
          "static_traversability": "FEASIBLE"
        },
        "startid": 181
      },
      "type": "Feature"
    },
    {
      "geometry": {
        "coordinates": [
          [
            [
              1.285000000000001,
              3.755000000000001
            ],
            [
              1.308454467889398,
              3.6846365963318095
            ]
          ]
        ],
        "type": "MultiLineString"
      },
      "properties": {
        "endid": 201,
        "id": 579,
        "metadata": {
          "bottleneck": true,
          "canonical_edge_id": 67,
          "length_m": 0.07416953983777708,
          "min_clearance_m": 0.25,
          "segment_fraction_end": 0.022312201272801695,
          "segment_fraction_start": 0.0,
          "segment_index": 0,
          "static_traversability": "UNKNOWN"
        },
        "startid": 32
      },
      "type": "Feature"
    },
    {
      "geometry": {
        "coordinates": [
          [
            [
              1.308454467889398,
              3.6846365963318095
            ],
            [
              1.2543562440785985,
              3.4598412393414764
            ]
          ]
        ],
        "type": "MultiLineString"
      },
      "properties": {
        "endid": 200,
        "id": 580,
        "metadata": {
          "bottleneck": true,
          "canonical_edge_id": 67,
          "length_m": 0.25,
          "min_clearance_m": 0.25,
          "segment_fraction_end": 0.09751895502104772,
          "segment_fraction_start": 0.022312201272801695,
          "segment_index": 1,
          "static_traversability": "UNKNOWN"
        },
        "startid": 201
      },
      "type": "Feature"
    },
    {
      "geometry": {
        "coordinates": [
          [
            [
              1.2543562440785985,
              3.4598412393414764
            ],
            [
              1.1329455112839404,
              3.2413019203110918
            ]
          ]
        ],
        "type": "MultiLineString"
      },
      "properties": {
        "endid": 199,
        "id": 581,
        "metadata": {
          "bottleneck": true,
          "canonical_edge_id": 67,
          "length_m": 0.25,
          "min_clearance_m": 0.25,
          "segment_fraction_end": 0.17272570876929375,
          "segment_fraction_start": 0.09751895502104772,
          "segment_index": 2,
          "static_traversability": "UNKNOWN"
        },
        "startid": 200
      },
      "type": "Feature"
    },
    {
      "geometry": {
        "coordinates": [
          [
            [
              1.1329455112839404,
              3.2413019203110918
            ],
            [
              1.121689370468735,
              3.0082425181250643
            ]
          ]
        ],
        "type": "MultiLineString"
      },
      "properties": {
        "endid": 198,
        "id": 582,
        "metadata": {
          "bottleneck": true,
          "canonical_edge_id": 67,
          "length_m": 0.25,
          "min_clearance_m": 0.25,
          "segment_fraction_end": 0.24793246251753975,
          "segment_fraction_start": 0.17272570876929375,
          "segment_index": 3,
          "static_traversability": "UNKNOWN"
        },
        "startid": 199
      },
      "type": "Feature"
    },
    {
      "geometry": {
        "coordinates": [
          [
            [
              1.121689370468735,
              3.0082425181250643
            ],
            [
              1.1823232767278178,
              2.765706893088731
            ]
          ]
        ],
        "type": "MultiLineString"
      },
      "properties": {
        "endid": 197,
        "id": 583,
        "metadata": {
          "bottleneck": true,
          "canonical_edge_id": 67,
          "length_m": 0.25,
          "min_clearance_m": 0.25,
          "segment_fraction_end": 0.3231392162657858,
          "segment_fraction_start": 0.24793246251753975,
          "segment_index": 4,
          "static_traversability": "UNKNOWN"
        },
        "startid": 198
      },
      "type": "Feature"
    },
    {
      "geometry": {
        "coordinates": [
          [
            [
              1.1823232767278178,
              2.765706893088731
            ],
            [
              1.1850000000000005,
              2.5160364127817587
            ]
          ]
        ],
        "type": "MultiLineString"
      },
      "properties": {
        "endid": 196,
        "id": 584,
        "metadata": {
          "bottleneck": true,
          "canonical_edge_id": 67,
          "length_m": 0.25,
          "min_clearance_m": 0.25,
          "segment_fraction_end": 0.3983459700140318,
          "segment_fraction_start": 0.3231392162657858,
          "segment_index": 5,
          "static_traversability": "UNKNOWN"
        },
        "startid": 197
      },
      "type": "Feature"
    },
    {
      "geometry": {
        "coordinates": [
          [
            [
              1.1850000000000005,
              2.5160364127817587
            ],
            [
              1.1850000000000005,
              2.2660364127817587
            ]
          ]
        ],
        "type": "MultiLineString"
      },
      "properties": {
        "endid": 195,
        "id": 585,
        "metadata": {
          "bottleneck": true,
          "canonical_edge_id": 67,
          "length_m": 0.25,
          "min_clearance_m": 0.25,
          "segment_fraction_end": 0.47355272376227786,
          "segment_fraction_start": 0.3983459700140318,
          "segment_index": 6,
          "static_traversability": "UNKNOWN"
        },
        "startid": 196
      },
      "type": "Feature"
    },
    {
      "geometry": {
        "coordinates": [
          [
            [
              1.1850000000000005,
              2.2660364127817587
            ],
            [
              1.1850000000000005,
              2.0160364127817587
            ]
          ]
        ],
        "type": "MultiLineString"
      },
      "properties": {
        "endid": 194,
        "id": 586,
        "metadata": {
          "bottleneck": true,
          "canonical_edge_id": 67,
          "length_m": 0.25,
          "min_clearance_m": 0.25,
          "segment_fraction_end": 0.5487594775105239,
          "segment_fraction_start": 0.47355272376227786,
          "segment_index": 7,
          "static_traversability": "UNKNOWN"
        },
        "startid": 195
      },
      "type": "Feature"
    },
    {
      "geometry": {
        "coordinates": [
          [
            [
              1.1850000000000005,
              2.0160364127817587
            ],
            [
              1.1850000000000005,
              1.7660364127817587
            ]
          ]
        ],
        "type": "MultiLineString"
      },
      "properties": {
        "endid": 193,
        "id": 587,
        "metadata": {
          "bottleneck": true,
          "canonical_edge_id": 67,
          "length_m": 0.25,
          "min_clearance_m": 0.25,
          "segment_fraction_end": 0.6239662312587699,
          "segment_fraction_start": 0.5487594775105239,
          "segment_index": 8,
          "static_traversability": "UNKNOWN"
        },
        "startid": 194
      },
      "type": "Feature"
    },
    {
      "geometry": {
        "coordinates": [
          [
            [
              1.1850000000000005,
              1.7660364127817587
            ],
            [
              1.1850000000000005,
              1.5160364127817587
            ]
          ]
        ],
        "type": "MultiLineString"
      },
      "properties": {
        "endid": 192,
        "id": 588,
        "metadata": {
          "bottleneck": true,
          "canonical_edge_id": 67,
          "length_m": 0.25,
          "min_clearance_m": 0.25,
          "segment_fraction_end": 0.6991729850070159,
          "segment_fraction_start": 0.6239662312587699,
          "segment_index": 9,
          "static_traversability": "UNKNOWN"
        },
        "startid": 193
      },
      "type": "Feature"
    },
    {
      "geometry": {
        "coordinates": [
          [
            [
              1.1850000000000005,
              1.5160364127817587
            ],
            [
              1.1850000000000005,
              1.2660364127817587
            ]
          ]
        ],
        "type": "MultiLineString"
      },
      "properties": {
        "endid": 191,
        "id": 589,
        "metadata": {
          "bottleneck": true,
          "canonical_edge_id": 67,
          "length_m": 0.25,
          "min_clearance_m": 0.25,
          "segment_fraction_end": 0.7743797387552619,
          "segment_fraction_start": 0.6991729850070159,
          "segment_index": 10,
          "static_traversability": "UNKNOWN"
        },
        "startid": 192
      },
      "type": "Feature"
    },
    {
      "geometry": {
        "coordinates": [
          [
            [
              1.1850000000000005,
              1.2660364127817587
            ],
            [
              1.1004929147415607,
              1.0359858294831208
            ]
          ]
        ],
        "type": "MultiLineString"
      },
      "properties": {
        "endid": 190,
        "id": 590,
        "metadata": {
          "bottleneck": true,
          "canonical_edge_id": 67,
          "length_m": 0.25,
          "min_clearance_m": 0.25,
          "segment_fraction_end": 0.8495864925035079,
          "segment_fraction_start": 0.7743797387552619,
          "segment_index": 11,
          "static_traversability": "UNKNOWN"
        },
        "startid": 191
      },
      "type": "Feature"
    },
    {
      "geometry": {
        "coordinates": [
          [
            [
              1.1004929147415607,
              1.0359858294831208
            ],
            [
              1.0496446609406735,
              0.8024873734152922
            ]
          ]
        ],
        "type": "MultiLineString"
      },
      "properties": {
        "endid": 189,
        "id": 591,
        "metadata": {
          "bottleneck": true,
          "canonical_edge_id": 67,
          "length_m": 0.25,
          "min_clearance_m": 0.25,
          "segment_fraction_end": 0.924793246251754,
          "segment_fraction_start": 0.8495864925035079,
          "segment_index": 12,
          "static_traversability": "UNKNOWN"
        },
        "startid": 190
      },
      "type": "Feature"
    },
    {
      "geometry": {
        "coordinates": [
          [
            [
              1.0496446609406735,
              0.8024873734152922
            ],
            [
              1.0850000000000009,
              0.5550000000000006
            ]
          ]
        ],
        "type": "MultiLineString"
      },
      "properties": {
        "endid": 31,
        "id": 592,
        "metadata": {
          "bottleneck": true,
          "canonical_edge_id": 67,
          "length_m": 0.25,
          "min_clearance_m": 0.25,
          "segment_fraction_end": 1.0,
          "segment_fraction_start": 0.924793246251754,
          "segment_index": 13,
          "static_traversability": "UNKNOWN"
        },
        "startid": 189
      },
      "type": "Feature"
    },
    {
      "geometry": {
        "coordinates": [
          [
            [
              1.285000000000001,
              3.755000000000001
            ],
            [
              1.4930125735844622,
              3.6163249509436937
            ]
          ]
        ],
        "type": "MultiLineString"
      },
      "properties": {
        "endid": 203,
        "id": 593,
        "metadata": {
          "bottleneck": true,
          "canonical_edge_id": 68,
          "length_m": 0.25,
          "min_clearance_m": 0.3201562166213989,
          "segment_fraction_end": 0.6933752452815374,
          "segment_fraction_start": 0.0,
          "segment_index": 0,
          "static_traversability": "FEASIBLE"
        },
        "startid": 32
      },
      "type": "Feature"
    },
    {
      "geometry": {
        "coordinates": [
          [
            [
              1.4930125735844622,
              3.6163249509436937
            ],
            [
              1.5850000000000009,
              3.5550000000000015
            ]
          ]
        ],
        "type": "MultiLineString"
      },
      "properties": {
        "endid": 34,
        "id": 594,
        "metadata": {
          "bottleneck": true,
          "canonical_edge_id": 68,
          "length_m": 0.1105551275463984,
          "min_clearance_m": 0.3201562166213989,
          "segment_fraction_end": 1.0,
          "segment_fraction_start": 0.6933752452815374,
          "segment_index": 1,
          "static_traversability": "FEASIBLE"
        },
        "startid": 203
      },
      "type": "Feature"
    },
    {
      "geometry": {
        "coordinates": [
          [
            [
              1.285000000000001,
              3.755000000000001
            ],
            [
              1.5221708245126295,
              3.83405694150421
            ]
          ]
        ],
        "type": "MultiLineString"
      },
      "properties": {
        "endid": 204,
        "id": 595,
        "metadata": {
          "bottleneck": true,
          "canonical_edge_id": 69,
          "length_m": 0.25,
          "min_clearance_m": 0.2692582309246063,
          "segment_fraction_end": 0.7905694150420955,
          "segment_fraction_start": 0.0,
          "segment_index": 0,
          "static_traversability": "UNKNOWN"
        },
        "startid": 32
      },
      "type": "Feature"
    },
    {
      "geometry": {
        "coordinates": [
          [
            [
              1.5221708245126295,
              3.83405694150421
            ],
            [
              1.5850000000000009,
              3.8550000000000004
            ]
          ]
        ],
        "type": "MultiLineString"
      },
      "properties": {
        "endid": 35,
        "id": 596,
        "metadata": {
          "bottleneck": true,
          "canonical_edge_id": 69,
          "length_m": 0.06622776601683766,
          "min_clearance_m": 0.2692582309246063,
          "segment_fraction_end": 1.0,
          "segment_fraction_start": 0.7905694150420955,
          "segment_index": 1,
          "static_traversability": "UNKNOWN"
        },
        "startid": 204
      },
      "type": "Feature"
    },
    {
      "geometry": {
        "coordinates": [
          [
            [
              1.4850000000000003,
              0.6050000000000004
            ],
            [
              1.3330694691784177,
              0.5860086836473026
            ]
          ]
        ],
        "type": "MultiLineString"
      },
      "properties": {
        "endid": 202,
        "id": 597,
        "metadata": {
          "bottleneck": true,
          "canonical_edge_id": 70,
          "length_m": 0.15311288741492696,
          "min_clearance_m": 0.36055514216423035,
          "segment_fraction_end": 0.3798263270539569,
          "segment_fraction_start": 0.0,
          "segment_index": 0,
          "static_traversability": "UNKNOWN"
        },
        "startid": 33
      },
      "type": "Feature"
    },
    {
      "geometry": {
        "coordinates": [
          [
            [
              1.3330694691784177,
              0.5860086836473026
            ],
            [
              1.0850000000000009,
              0.5550000000000006
            ]
          ]
        ],
        "type": "MultiLineString"
      },
      "properties": {
        "endid": 31,
        "id": 598,
        "metadata": {
          "bottleneck": true,
          "canonical_edge_id": 70,
          "length_m": 0.25,
          "min_clearance_m": 0.36055514216423035,
          "segment_fraction_end": 1.0,
          "segment_fraction_start": 0.3798263270539569,
          "segment_index": 1,
          "static_traversability": "UNKNOWN"
        },
        "startid": 202
      },
      "type": "Feature"
    },
    {
      "geometry": {
        "coordinates": [
          [
            [
              1.5850000000000009,
              3.5550000000000015
            ],
            [
              1.4930125735844622,
              3.6163249509436937
            ]
          ]
        ],
        "type": "MultiLineString"
      },
      "properties": {
        "endid": 203,
        "id": 599,
        "metadata": {
          "bottleneck": true,
          "canonical_edge_id": 71,
          "length_m": 0.1105551275463984,
          "min_clearance_m": 0.3201562166213989,
          "segment_fraction_end": 0.30662475471846257,
          "segment_fraction_start": 0.0,
          "segment_index": 0,
          "static_traversability": "FEASIBLE"
        },
        "startid": 34
      },
      "type": "Feature"
    },
    {
      "geometry": {
        "coordinates": [
          [
            [
              1.4930125735844622,
              3.6163249509436937
            ],
            [
              1.285000000000001,
              3.755000000000001
            ]
          ]
        ],
        "type": "MultiLineString"
      },
      "properties": {
        "endid": 32,
        "id": 600,
        "metadata": {
          "bottleneck": true,
          "canonical_edge_id": 71,
          "length_m": 0.25,
          "min_clearance_m": 0.3201562166213989,
          "segment_fraction_end": 1.0,
          "segment_fraction_start": 0.30662475471846257,
          "segment_index": 1,
          "static_traversability": "FEASIBLE"
        },
        "startid": 203
      },
      "type": "Feature"
    },
    {
      "geometry": {
        "coordinates": [
          [
            [
              1.5850000000000009,
              3.8550000000000004
            ],
            [
              1.5221708245126295,
              3.83405694150421
            ]
          ]
        ],
        "type": "MultiLineString"
      },
      "properties": {
        "endid": 204,
        "id": 601,
        "metadata": {
          "bottleneck": true,
          "canonical_edge_id": 72,
          "length_m": 0.06622776601683766,
          "min_clearance_m": 0.2692582309246063,
          "segment_fraction_end": 0.20943058495790448,
          "segment_fraction_start": 0.0,
          "segment_index": 0,
          "static_traversability": "UNKNOWN"
        },
        "startid": 35
      },
      "type": "Feature"
    },
    {
      "geometry": {
        "coordinates": [
          [
            [
              1.5221708245126295,
              3.83405694150421
            ],
            [
              1.285000000000001,
              3.755000000000001
            ]
          ]
        ],
        "type": "MultiLineString"
      },
      "properties": {
        "endid": 32,
        "id": 602,
        "metadata": {
          "bottleneck": true,
          "canonical_edge_id": 72,
          "length_m": 0.25,
          "min_clearance_m": 0.2692582309246063,
          "segment_fraction_end": 1.0,
          "segment_fraction_start": 0.20943058495790448,
          "segment_index": 1,
          "static_traversability": "UNKNOWN"
        },
        "startid": 204
      },
      "type": "Feature"
    },
    {
      "geometry": {
        "coordinates": [
          [
            [
              1.7350000000000003,
              -0.34499999999999886
            ],
            [
              1.5531771630595088,
              -0.2588733930281872
            ]
          ]
        ],
        "type": "MultiLineString"
      },
      "properties": {
        "endid": 180,
        "id": 603,
        "metadata": {
          "bottleneck": false,
          "canonical_edge_id": 73,
          "length_m": 0.20118980208143133,
          "min_clearance_m": 0.6264982223510742,
          "segment_fraction_end": 0.16749209969382692,
          "segment_fraction_start": 0.0,
          "segment_index": 0,
          "static_traversability": "FEASIBLE"
        },
        "startid": 36
      },
      "type": "Feature"
    },
    {
      "geometry": {
        "coordinates": [
          [
            [
              1.5531771630595088,
              -0.2588733930281872
            ],
            [
              1.327242703336124,
              -0.15185180684342608
            ]
          ]
        ],
        "type": "MultiLineString"
      },
      "properties": {
        "endid": 179,
        "id": 604,
        "metadata": {
          "bottleneck": false,
          "canonical_edge_id": 73,
          "length_m": 0.25,
          "min_clearance_m": 0.6264982223510742,
          "segment_fraction_end": 0.3756190747703702,
          "segment_fraction_start": 0.16749209969382692,
          "segment_index": 1,
          "static_traversability": "FEASIBLE"
        },
        "startid": 180
      },
      "type": "Feature"
    },
    {
      "geometry": {
        "coordinates": [
          [
            [
              1.327242703336124,
              -0.15185180684342608
            ],
            [
              1.1013082436127393,
              -0.04483022065866496
            ]
          ]
        ],
        "type": "MultiLineString"
      },
      "properties": {
        "endid": 178,
        "id": 605,
        "metadata": {
          "bottleneck": false,
          "canonical_edge_id": 73,
          "length_m": 0.25,
          "min_clearance_m": 0.6264982223510742,
          "segment_fraction_end": 0.5837460498469135,
          "segment_fraction_start": 0.3756190747703702,
          "segment_index": 2,
          "static_traversability": "FEASIBLE"
        },
        "startid": 179
      },
      "type": "Feature"
    },
    {
      "geometry": {
        "coordinates": [
          [
            [
              1.1013082436127393,
              -0.04483022065866496
            ],
            [
              0.8753737838893546,
              0.062191365526096144
            ]
          ]
        ],
        "type": "MultiLineString"
      },
      "properties": {
        "endid": 177,
        "id": 606,
        "metadata": {
          "bottleneck": false,
          "canonical_edge_id": 73,
          "length_m": 0.25,
          "min_clearance_m": 0.6264982223510742,
          "segment_fraction_end": 0.7918730249234567,
          "segment_fraction_start": 0.5837460498469135,
          "segment_index": 3,
          "static_traversability": "FEASIBLE"
        },
        "startid": 178
      },
      "type": "Feature"
    },
    {
      "geometry": {
        "coordinates": [
          [
            [
              0.8753737838893546,
              0.062191365526096144
            ],
            [
              0.6350000000000007,
              0.10500000000000043
            ]
          ]
        ],
        "type": "MultiLineString"
      },
      "properties": {
        "endid": 29,
        "id": 607,
        "metadata": {
          "bottleneck": false,
          "canonical_edge_id": 73,
          "length_m": 0.25,
          "min_clearance_m": 0.6264982223510742,
          "segment_fraction_end": 1.0,
          "segment_fraction_start": 0.7918730249234567,
          "segment_index": 4,
          "static_traversability": "FEASIBLE"
        },
        "startid": 177
      },
      "type": "Feature"
    },
    {
      "geometry": {
        "coordinates": [
          [
            [
              1.7350000000000003,
              -0.34499999999999886
            ],
            [
              1.89962615196713,
              -0.15685582632327963
            ]
          ]
        ],
        "type": "MultiLineString"
      },
      "properties": {
        "endid": 205,
        "id": 608,
        "metadata": {
          "bottleneck": true,
          "canonical_edge_id": 74,
          "length_m": 0.25,
          "min_clearance_m": 0.22360680997371674,
          "segment_fraction_end": 0.36251787148379944,
          "segment_fraction_start": 0.0,
          "segment_index": 0,
          "static_traversability": "UNKNOWN"
        },
        "startid": 36
      },
      "type": "Feature"
    },
    {
      "geometry": {
        "coordinates": [
          [
            [
              1.89962615196713,
              -0.15685582632327963
            ],
            [
              2.0642523039342597,
              0.031288347353439605
            ]
          ]
        ],
        "type": "MultiLineString"
      },
      "properties": {
        "endid": 206,
        "id": 609,
        "metadata": {
          "bottleneck": true,
          "canonical_edge_id": 74,
          "length_m": 0.25,
          "min_clearance_m": 0.22360680997371674,
          "segment_fraction_end": 0.7250357429675989,
          "segment_fraction_start": 0.36251787148379944,
          "segment_index": 1,
          "static_traversability": "UNKNOWN"
        },
        "startid": 205
      },
      "type": "Feature"
    },
    {
      "geometry": {
        "coordinates": [
          [
            [
              2.0642523039342597,
              0.031288347353439605
            ],
            [
              2.035000000000001,
              0.20500000000000093
            ]
          ]
        ],
        "type": "MultiLineString"
      },
      "properties": {
        "endid": 37,
        "id": 610,
        "metadata": {
          "bottleneck": true,
          "canonical_edge_id": 74,
          "length_m": 0.18962117364515163,
          "min_clearance_m": 0.22360680997371674,
          "segment_fraction_end": 1.0,
          "segment_fraction_start": 0.7250357429675989,
          "segment_index": 2,
          "static_traversability": "UNKNOWN"
        },
        "startid": 206
      },
      "type": "Feature"
    },
    {
      "geometry": {
        "coordinates": [
          [
            [
              1.7350000000000003,
              -0.34499999999999886
            ],
            [
              1.893309447564316,
              -0.5384893248008292
            ]
          ]
        ],
        "type": "MultiLineString"
      },
      "properties": {
        "endid": 207,
        "id": 611,
        "metadata": {
          "bottleneck": true,
          "canonical_edge_id": 75,
          "length_m": 0.25,
          "min_clearance_m": 0.25,
          "segment_fraction_end": 0.3517987723651456,
          "segment_fraction_start": 0.0,
          "segment_index": 0,
          "static_traversability": "UNKNOWN"
        },
        "startid": 36
      },
      "type": "Feature"
    },
    {
      "geometry": {
        "coordinates": [
          [
            [
              1.893309447564316,
              -0.5384893248008292
            ],
            [
              2.0516188951286316,
              -0.7319786496016596
            ]
          ]
        ],
        "type": "MultiLineString"
      },
      "properties": {
        "endid": 208,
        "id": 612,
        "metadata": {
          "bottleneck": true,
          "canonical_edge_id": 75,
          "length_m": 0.25,
          "min_clearance_m": 0.25,
          "segment_fraction_end": 0.7035975447302912,
          "segment_fraction_start": 0.3517987723651456,
          "segment_index": 1,
          "static_traversability": "UNKNOWN"
        },
        "startid": 207
      },
      "type": "Feature"
    },
    {
      "geometry": {
        "coordinates": [
          [
            [
              2.0516188951286316,
              -0.7319786496016596
            ],
            [
              2.1850000000000005,
              -0.8949999999999996
            ]
          ]
        ],
        "type": "MultiLineString"
      },
      "properties": {
        "endid": 39,
        "id": 613,
        "metadata": {
          "bottleneck": true,
          "canonical_edge_id": 75,
          "length_m": 0.2106335201775954,
          "min_clearance_m": 0.25,
          "segment_fraction_end": 1.0,
          "segment_fraction_start": 0.7035975447302912,
          "segment_index": 2,
          "static_traversability": "UNKNOWN"
        },
        "startid": 208
      },
      "type": "Feature"
    },
    {
      "geometry": {
        "coordinates": [
          [
            [
              2.035000000000001,
              0.20500000000000093
            ],
            [
              2.0642523039342597,
              0.031288347353439605
            ]
          ]
        ],
        "type": "MultiLineString"
      },
      "properties": {
        "endid": 206,
        "id": 614,
        "metadata": {
          "bottleneck": true,
          "canonical_edge_id": 76,
          "length_m": 0.18962117364515163,
          "min_clearance_m": 0.22360680997371674,
          "segment_fraction_end": 0.2749642570324012,
          "segment_fraction_start": 0.0,
          "segment_index": 0,
          "static_traversability": "UNKNOWN"
        },
        "startid": 37
      },
      "type": "Feature"
    },
    {
      "geometry": {
        "coordinates": [
          [
            [
              2.0642523039342597,
              0.031288347353439605
            ],
            [
              1.89962615196713,
              -0.15685582632327963
            ]
          ]
        ],
        "type": "MultiLineString"
      },
      "properties": {
        "endid": 205,
        "id": 615,
        "metadata": {
          "bottleneck": true,
          "canonical_edge_id": 76,
          "length_m": 0.25,
          "min_clearance_m": 0.22360680997371674,
          "segment_fraction_end": 0.6374821285162006,
          "segment_fraction_start": 0.2749642570324012,
          "segment_index": 1,
          "static_traversability": "UNKNOWN"
        },
        "startid": 206
      },
      "type": "Feature"
    },
    {
      "geometry": {
        "coordinates": [
          [
            [
              1.89962615196713,
              -0.15685582632327963
            ],
            [
              1.7350000000000003,
              -0.34499999999999886
            ]
          ]
        ],
        "type": "MultiLineString"
      },
      "properties": {
        "endid": 36,
        "id": 616,
        "metadata": {
          "bottleneck": true,
          "canonical_edge_id": 76,
          "length_m": 0.25,
          "min_clearance_m": 0.22360680997371674,
          "segment_fraction_end": 1.0,
          "segment_fraction_start": 0.6374821285162006,
          "segment_index": 2,
          "static_traversability": "UNKNOWN"
        },
        "startid": 205
      },
      "type": "Feature"
    },
    {
      "geometry": {
        "coordinates": [
          [
            [
              2.085000000000001,
              4.905000000000001
            ],
            [
              1.8377864045000432,
              4.905000000000001
            ]
          ]
        ],
        "type": "MultiLineString"
      },
      "properties": {
        "endid": 188,
        "id": 617,
        "metadata": {
          "bottleneck": false,
          "canonical_edge_id": 77,
          "length_m": 0.2472135954999577,
          "min_clearance_m": 0.4000000059604645,
          "segment_fraction_end": 0.19821271704535878,
          "segment_fraction_start": 0.0,
          "segment_index": 0,
          "static_traversability": "FEASIBLE"
        },
        "startid": 38
      },
      "type": "Feature"
    },
    {
      "geometry": {
        "coordinates": [
          [
            [
              1.8377864045000432,
              4.905000000000001
            ],
            [
              1.5877864045000432,
              4.905000000000001
            ]
          ]
        ],
        "type": "MultiLineString"
      },
      "properties": {
        "endid": 187,
        "id": 618,
        "metadata": {
          "bottleneck": false,
          "canonical_edge_id": 77,
          "length_m": 0.25,
          "min_clearance_m": 0.4000000059604645,
          "segment_fraction_end": 0.3986595377840191,
          "segment_fraction_start": 0.19821271704535878,
          "segment_index": 1,
          "static_traversability": "FEASIBLE"
        },
        "startid": 188
      },
      "type": "Feature"
    },
    {
      "geometry": {
        "coordinates": [
          [
            [
              1.5877864045000432,
              4.905000000000001
            ],
            [
              1.3377864045000432,
              4.905000000000001
            ]
          ]
        ],
        "type": "MultiLineString"
      },
      "properties": {
        "endid": 186,
        "id": 619,
        "metadata": {
          "bottleneck": false,
          "canonical_edge_id": 77,
          "length_m": 0.25,
          "min_clearance_m": 0.4000000059604645,
          "segment_fraction_end": 0.5991063585226793,
          "segment_fraction_start": 0.3986595377840191,
          "segment_index": 2,
          "static_traversability": "FEASIBLE"
        },
        "startid": 187
      },
      "type": "Feature"
    },
    {
      "geometry": {
        "coordinates": [
          [
            [
              1.3377864045000432,
              4.905000000000001
            ],
            [
              1.1086067977499798,
              4.816803398874991
            ]
          ]
        ],
        "type": "MultiLineString"
      },
      "properties": {
        "endid": 185,
        "id": 620,
        "metadata": {
          "bottleneck": false,
          "canonical_edge_id": 77,
          "length_m": 0.25,
          "min_clearance_m": 0.4000000059604645,
          "segment_fraction_end": 0.7995531792613397,
          "segment_fraction_start": 0.5991063585226793,
          "segment_index": 3,
          "static_traversability": "FEASIBLE"
        },
        "startid": 186
      },
      "type": "Feature"
    },
    {
      "geometry": {
        "coordinates": [
          [
            [
              1.1086067977499798,
              4.816803398874991
            ],
            [
              0.8850000000000007,
              4.705000000000002
            ]
          ]
        ],
        "type": "MultiLineString"
      },
      "properties": {
        "endid": 30,
        "id": 621,
        "metadata": {
          "bottleneck": false,
          "canonical_edge_id": 77,
          "length_m": 0.25,
          "min_clearance_m": 0.4000000059604645,
          "segment_fraction_end": 1.0,
          "segment_fraction_start": 0.7995531792613397,
          "segment_index": 4,
          "static_traversability": "FEASIBLE"
        },
        "startid": 185
      },
      "type": "Feature"
    },
    {
      "geometry": {
        "coordinates": [
          [
            [
              2.1850000000000005,
              -0.8949999999999996
            ],
            [
              2.0516188951286316,
              -0.7319786496016596
            ]
          ]
        ],
        "type": "MultiLineString"
      },
      "properties": {
        "endid": 208,
        "id": 622,
        "metadata": {
          "bottleneck": true,
          "canonical_edge_id": 78,
          "length_m": 0.2106335201775954,
          "min_clearance_m": 0.25,
          "segment_fraction_end": 0.29640245526970876,
          "segment_fraction_start": 0.0,
          "segment_index": 0,
          "static_traversability": "UNKNOWN"
        },
        "startid": 39
      },
      "type": "Feature"
    },
    {
      "geometry": {
        "coordinates": [
          [
            [
              2.0516188951286316,
              -0.7319786496016596
            ],
            [
              1.893309447564316,
              -0.5384893248008292
            ]
          ]
        ],
        "type": "MultiLineString"
      },
      "properties": {
        "endid": 207,
        "id": 623,
        "metadata": {
          "bottleneck": true,
          "canonical_edge_id": 78,
          "length_m": 0.25,
          "min_clearance_m": 0.25,
          "segment_fraction_end": 0.6482012276348543,
          "segment_fraction_start": 0.29640245526970876,
          "segment_index": 1,
          "static_traversability": "UNKNOWN"
        },
        "startid": 208
      },
      "type": "Feature"
    },
    {
      "geometry": {
        "coordinates": [
          [
            [
              1.893309447564316,
              -0.5384893248008292
            ],
            [
              1.7350000000000003,
              -0.34499999999999886
            ]
          ]
        ],
        "type": "MultiLineString"
      },
      "properties": {
        "endid": 36,
        "id": 624,
        "metadata": {
          "bottleneck": true,
          "canonical_edge_id": 78,
          "length_m": 0.25,
          "min_clearance_m": 0.25,
          "segment_fraction_end": 1.0,
          "segment_fraction_start": 0.6482012276348543,
          "segment_index": 2,
          "static_traversability": "UNKNOWN"
        },
        "startid": 207
      },
      "type": "Feature"
    }
  ],
  "name": "warehouse_new:gvg_v1",
  "type": "FeatureCollection"
}
