{
  "crs": {
    "properties": {
      "name": "urn:ogc:def:crs:EPSG::3857"
    },
    "type": "name"
  },
  "features": [
    {
      "geometry": {
        "coordinates": [
          -4.425,
          1.175
        ],
        "type": "Point"
      },
      "properties": {
        "frame": "map",
        "id": 0
      },
      "type": "Feature"
    },
    {
      "geometry": {
        "coordinates": [
          -4.425,
          3.825
        ],
        "type": "Point"
      },
      "properties": {
        "frame": "map",
        "id": 1
      },
      "type": "Feature"
    },
    {
      "geometry": {
        "coordinates": [
          -4.075,
          -0.525
        ],
        "type": "Point"
      },
      "properties": {
        "frame": "map",
        "id": 2
      },
      "type": "Feature"
    },
    {
      "geometry": {
        "coordinates": [
          -4.025,
          -3.125
        ],
        "type": "Point"
      },
      "properties": {
        "frame": "map",
        "id": 3
      },
      "type": "Feature"
    },
    {
      "geometry": {
        "coordinates": [
          -3.025,
          -3.575
        ],
        "type": "Point"
      },
      "properties": {
        "frame": "map",
        "id": 4
      },
      "type": "Feature"
    },
    {
      "geometry": {
        "coordinates": [
          -2.225,
          -2.675
        ],
        "type": "Point"
      },
      "properties": {
        "frame": "map",
        "id": 5
      },
      "type": "Feature"
    },
    {
      "geometry": {
        "coordinates": [
          -2.225,
          1.425
        ],
        "type": "Point"
      },
      "properties": {
        "frame": "map",
        "id": 6
      },
      "type": "Feature"
    },
    {
      "geometry": {
        "coordinates": [
          -1.875,
          -0.325
        ],
        "type": "Point"
      },
      "properties": {
        "frame": "map",
        "id": 7
      },
      "type": "Feature"
    },
    {
      "geometry": {
        "coordinates": [
          -1.575,
          -0.675
        ],
        "type": "Point"
      },
      "properties": {
        "frame": "map",
        "id": 8
      },
      "type": "Feature"
    },
    {
      "geometry": {
        "coordinates": [
          -0.975,
          3.925
        ],
        "type": "Point"
      },
      "properties": {
        "frame": "map",
        "id": 9
      },
      "type": "Feature"
    },
    {
      "geometry": {
        "coordinates": [
          -0.575,
          -0.675
        ],
        "type": "Point"
      },
      "properties": {
        "frame": "map",
        "id": 10
      },
      "type": "Feature"
    },
    {
      "geometry": {
        "coordinates": [
          -0.575,
          3.525
        ],
        "type": "Point"
      },
      "properties": {
        "frame": "map",
        "id": 11
      },
      "type": "Feature"
    },
    {
      "geometry": {
        "coordinates": [
          -0.525,
          5.125
        ],
        "type": "Point"
      },
      "properties": {
        "frame": "map",
        "id": 12
      },
      "type": "Feature"
    },
    {
      "geometry": {
        "coordinates": [
          -0.325,
          -5.725
        ],
        "type": "Point"
      },
      "properties": {
        "frame": "map",
        "id": 13
      },
      "type": "Feature"
    },
    {
      "geometry": {
        "coordinates": [
          -0.275,
          2.975
        ],
        "type": "Point"
      },
      "properties": {
        "frame": "map",
        "id": 14
      },
      "type": "Feature"
    },
    {
      "geometry": {
        "coordinates": [
          0.075,
          -0.025
        ],
        "type": "Point"
      },
      "properties": {
        "frame": "map",
        "id": 15
      },
      "type": "Feature"
    },
    {
      "geometry": {
        "coordinates": [
          0.225,
          4.825
        ],
        "type": "Point"
      },
      "properties": {
        "frame": "map",
        "id": 16
      },
      "type": "Feature"
    },
    {
      "geometry": {
        "coordinates": [
          0.375,
          2.375
        ],
        "type": "Point"
      },
      "properties": {
        "frame": "map",
        "id": 17
      },
      "type": "Feature"
    },
    {
      "geometry": {
        "coordinates": [
          0.425,
          -5.275
        ],
        "type": "Point"
      },
      "properties": {
        "frame": "map",
        "id": 18
      },
      "type": "Feature"
    },
    {
      "geometry": {
        "coordinates": [
          0.475,
          1.725
        ],
        "type": "Point"
      },
      "properties": {
        "frame": "map",
        "id": 19
      },
      "type": "Feature"
    },
    {
      "geometry": {
        "coordinates": [
          0.575,
          -5.325
        ],
        "type": "Point"
      },
      "properties": {
        "frame": "map",
        "id": 20
      },
      "type": "Feature"
    },
    {
      "geometry": {
        "coordinates": [
          0.625,
          0.125
        ],
        "type": "Point"
      },
      "properties": {
        "frame": "map",
        "id": 21
      },
      "type": "Feature"
    },
    {
      "geometry": {
        "coordinates": [
          0.875,
          4.725
        ],
        "type": "Point"
      },
      "properties": {
        "frame": "map",
        "id": 22
      },
      "type": "Feature"
    },
    {
      "geometry": {
        "coordinates": [
          1.025,
          0.575
        ],
        "type": "Point"
      },
      "properties": {
        "frame": "map",
        "id": 23
      },
      "type": "Feature"
    },
    {
      "geometry": {
        "coordinates": [
          1.325,
          3.725
        ],
        "type": "Point"
      },
      "properties": {
        "frame": "map",
        "id": 24
      },
      "type": "Feature"
    },
    {
      "geometry": {
        "coordinates": [
          1.375,
          0.575
        ],
        "type": "Point"
      },
      "properties": {
        "frame": "map",
        "id": 25
      },
      "type": "Feature"
    },
    {
      "geometry": {
        "coordinates": [
          1.575,
          3.575
        ],
        "type": "Point"
      },
      "properties": {
        "frame": "map",
        "id": 26
      },
      "type": "Feature"
    },
    {
      "geometry": {
        "coordinates": [
          1.625,
          3.875
        ],
        "type": "Point"
      },
      "properties": {
        "frame": "map",
        "id": 27
      },
      "type": "Feature"
    },
    {
      "geometry": {
        "coordinates": [
          1.725,
          -0.375
        ],
        "type": "Point"
      },
      "properties": {
        "frame": "map",
        "id": 28
      },
      "type": "Feature"
    },
    {
      "geometry": {
        "coordinates": [
          2.025,
          0.175
        ],
        "type": "Point"
      },
      "properties": {
        "frame": "map",
        "id": 29
      },
      "type": "Feature"
    },
    {
      "geometry": {
        "coordinates": [
          2.075,
          4.925
        ],
        "type": "Point"
      },
      "properties": {
        "frame": "map",
        "id": 30
      },
      "type": "Feature"
    },
    {
      "geometry": {
        "coordinates": [
          2.175,
          -0.875
        ],
        "type": "Point"
      },
      "properties": {
        "frame": "map",
        "id": 31
      },
      "type": "Feature"
    },
    {
      "geometry": {
        "coordinates": [
          -4.175,
          1.175
        ],
        "type": "Point"
      },
      "properties": {
        "frame": "map",
        "id": 32
      },
      "type": "Feature"
    },
    {
      "geometry": {
        "coordinates": [
          -3.925,
          1.175
        ],
        "type": "Point"
      },
      "properties": {
        "frame": "map",
        "id": 33
      },
      "type": "Feature"
    },
    {
      "geometry": {
        "coordinates": [
          -3.675,
          1.175
        ],
        "type": "Point"
      },
      "properties": {
        "frame": "map",
        "id": 34
      },
      "type": "Feature"
    },
    {
      "geometry": {
        "coordinates": [
          -3.425,
          1.175
        ],
        "type": "Point"
      },
      "properties": {
        "frame": "map",
        "id": 35
      },
      "type": "Feature"
    },
    {
      "geometry": {
        "coordinates": [
          -3.175,
          1.175
        ],
        "type": "Point"
      },
      "properties": {
        "frame": "map",
        "id": 36
      },
      "type": "Feature"
    },
    {
      "geometry": {
        "coordinates": [
          -2.927566,
          1.190811
        ],
        "type": "Point"
      },
      "properties": {
        "frame": "map",
        "id": 37
      },
      "type": "Feature"
    },
    {
      "geometry": {
        "coordinates": [
          -2.690395,
          1.269868
        ],
        "type": "Point"
      },
      "properties": {
        "frame": "map",
        "id": 38
      },
      "type": "Feature"
    },
    {
      "geometry": {
        "coordinates": [
          -2.453224,
          1.348925
        ],
        "type": "Point"
      },
      "properties": {
        "frame": "map",
        "id": 39
      },
      "type": "Feature"
    },
    {
      "geometry": {
        "coordinates": [
          -4.184619,
          3.89368
        ],
        "type": "Point"
      },
      "properties": {
        "frame": "map",
        "id": 40
      },
      "type": "Feature"
    },
    {
      "geometry": {
        "coordinates": [
          -3.939005,
          3.925
        ],
        "type": "Point"
      },
      "properties": {
        "frame": "map",
        "id": 41
      },
      "type": "Feature"
    },
    {
      "geometry": {
        "coordinates": [
          -3.689005,
          3.925
        ],
        "type": "Point"
      },
      "properties": {
        "frame": "map",
        "id": 42
      },
      "type": "Feature"
    },
    {
      "geometry": {
        "coordinates": [
          -3.439005,
          3.925
        ],
        "type": "Point"
      },
      "properties": {
        "frame": "map",
        "id": 43
      },
      "type": "Feature"
    },
    {
      "geometry": {
        "coordinates": [
          -3.189005,
          3.925
        ],
        "type": "Point"
      },
      "properties": {
        "frame": "map",
        "id": 44
      },
      "type": "Feature"
    },
    {
      "geometry": {
        "coordinates": [
          -2.945156,
          3.893062
        ],
        "type": "Point"
      },
      "properties": {
        "frame": "map",
        "id": 45
      },
      "type": "Feature"
    },
    {
      "geometry": {
        "coordinates": [
          -2.713037,
          3.800215
        ],
        "type": "Point"
      },
      "properties": {
        "frame": "map",
        "id": 46
      },
      "type": "Feature"
    },
    {
      "geometry": {
        "coordinates": [
          -2.487018,
          3.696513
        ],
        "type": "Point"
      },
      "properties": {
        "frame": "map",
        "id": 47
      },
      "type": "Feature"
    },
    {
      "geometry": {
        "coordinates": [
          -2.287018,
          3.546513
        ],
        "type": "Point"
      },
      "properties": {
        "frame": "map",
        "id": 48
      },
      "type": "Feature"
    },
    {
      "geometry": {
        "coordinates": [
          -2.123562,
          3.377544
        ],
        "type": "Point"
      },
      "properties": {
        "frame": "map",
        "id": 49
      },
      "type": "Feature"
    },
    {
      "geometry": {
        "coordinates": [
          -2.11599,
          3.127658
        ],
        "type": "Point"
      },
      "properties": {
        "frame": "map",
        "id": 50
      },
      "type": "Feature"
    },
    {
      "geometry": {
        "coordinates": [
          -2.108417,
          2.877773
        ],
        "type": "Point"
      },
      "properties": {
        "frame": "map",
        "id": 51
      },
      "type": "Feature"
    },
    {
      "geometry": {
        "coordinates": [
          -2.100845,
          2.627888
        ],
        "type": "Point"
      },
      "properties": {
        "frame": "map",
        "id": 52
      },
      "type": "Feature"
    },
    {
      "geometry": {
        "coordinates": [
          -2.093273,
          2.378003
        ],
        "type": "Point"
      },
      "properties": {
        "frame": "map",
        "id": 53
      },
      "type": "Feature"
    },
    {
      "geometry": {
        "coordinates": [
          -2.085701,
          2.128117
        ],
        "type": "Point"
      },
      "properties": {
        "frame": "map",
        "id": 54
      },
      "type": "Feature"
    },
    {
      "geometry": {
        "coordinates": [
          -2.078128,
          1.878232
        ],
        "type": "Point"
      },
      "properties": {
        "frame": "map",
        "id": 55
      },
      "type": "Feature"
    },
    {
      "geometry": {
        "coordinates": [
          -2.132796,
          1.640142
        ],
        "type": "Point"
      },
      "properties": {
        "frame": "map",
        "id": 56
      },
      "type": "Feature"
    },
    {
      "geometry": {
        "coordinates": [
          -3.898223,
          -0.348223
        ],
        "type": "Point"
      },
      "properties": {
        "frame": "map",
        "id": 57
      },
      "type": "Feature"
    },
    {
      "geometry": {
        "coordinates": [
          -3.657843,
          -0.325
        ],
        "type": "Point"
      },
      "properties": {
        "frame": "map",
        "id": 58
      },
      "type": "Feature"
    },
    {
      "geometry": {
        "coordinates": [
          -3.43812,
          -0.425
        ],
        "type": "Point"
      },
      "properties": {
        "frame": "map",
        "id": 59
      },
      "type": "Feature"
    },
    {
      "geometry": {
        "coordinates": [
          -3.18812,
          -0.425
        ],
        "type": "Point"
      },
      "properties": {
        "frame": "map",
        "id": 60
      },
      "type": "Feature"
    },
    {
      "geometry": {
        "coordinates": [
          -2.941102,
          -0.410472
        ],
        "type": "Point"
      },
      "properties": {
        "frame": "map",
        "id": 61
      },
      "type": "Feature"
    },
    {
      "geometry": {
        "coordinates": [
          -2.711316,
          -0.311993
        ],
        "type": "Point"
      },
      "properties": {
        "frame": "map",
        "id": 62
      },
      "type": "Feature"
    },
    {
      "geometry": {
        "coordinates": [
          -2.469255,
          -0.285383
        ],
        "type": "Point"
      },
      "properties": {
        "frame": "map",
        "id": 63
      },
      "type": "Feature"
    },
    {
      "geometry": {
        "coordinates": [
          -2.219808,
          -0.302013
        ],
        "type": "Point"
      },
      "properties": {
        "frame": "map",
        "id": 64
      },
      "type": "Feature"
    },
    {
      "geometry": {
        "coordinates": [
          -1.970362,
          -0.318643
        ],
        "type": "Point"
      },
      "properties": {
        "frame": "map",
        "id": 65
      },
      "type": "Feature"
    },
    {
      "geometry": {
        "coordinates": [
          -3.8925,
          -2.913
        ],
        "type": "Point"
      },
      "properties": {
        "frame": "map",
        "id": 66
      },
      "type": "Feature"
    },
    {
      "geometry": {
        "coordinates": [
          -3.751001,
          -2.710001
        ],
        "type": "Point"
      },
      "properties": {
        "frame": "map",
        "id": 67
      },
      "type": "Feature"
    },
    {
      "geometry": {
        "coordinates": [
          -3.539001,
          -2.577501
        ],
        "type": "Point"
      },
      "properties": {
        "frame": "map",
        "id": 68
      },
      "type": "Feature"
    },
    {
      "geometry": {
        "coordinates": [
          -3.318835,
          -2.467979
        ],
        "type": "Point"
      },
      "properties": {
        "frame": "map",
        "id": 69
      },
      "type": "Feature"
    },
    {
      "geometry": {
        "coordinates": [
          -3.070766,
          -2.436971
        ],
        "type": "Point"
      },
      "properties": {
        "frame": "map",
        "id": 70
      },
      "type": "Feature"
    },
    {
      "geometry": {
        "coordinates": [
          -2.829388,
          -2.473537
        ],
        "type": "Point"
      },
      "properties": {
        "frame": "map",
        "id": 71
      },
      "type": "Feature"
    },
    {
      "geometry": {
        "coordinates": [
          -2.592217,
          -2.552594
        ],
        "type": "Point"
      },
      "properties": {
        "frame": "map",
        "id": 72
      },
      "type": "Feature"
    },
    {
      "geometry": {
        "coordinates": [
          -2.355046,
          -2.631651
        ],
        "type": "Point"
      },
      "properties": {
        "frame": "map",
        "id": 73
      },
      "type": "Feature"
    },
    {
      "geometry": {
        "coordinates": [
          -2.790918,
          -3.487219
        ],
        "type": "Point"
      },
      "properties": {
        "frame": "map",
        "id": 74
      },
      "type": "Feature"
    },
    {
      "geometry": {
        "coordinates": [
          -2.568153,
          -3.379522
        ],
        "type": "Point"
      },
      "properties": {
        "frame": "map",
        "id": 75
      },
      "type": "Feature"
    },
    {
      "geometry": {
        "coordinates": [
          -2.372936,
          -3.223349
        ],
        "type": "Point"
      },
      "properties": {
        "frame": "map",
        "id": 76
      },
      "type": "Feature"
    },
    {
      "geometry": {
        "coordinates": [
          -2.177718,
          -3.067175
        ],
        "type": "Point"
      },
      "properties": {
        "frame": "map",
        "id": 77
      },
      "type": "Feature"
    },
    {
      "geometry": {
        "coordinates": [
          -2.125,
          -2.842513
        ],
        "type": "Point"
      },
      "properties": {
        "frame": "map",
        "id": 78
      },
      "type": "Feature"
    },
    {
      "geometry": {
        "coordinates": [
          -2.145943,
          -2.437829
        ],
        "type": "Point"
      },
      "properties": {
        "frame": "map",
        "id": 79
      },
      "type": "Feature"
    },
    {
      "geometry": {
        "coordinates": [
          -2.018185,
          -2.225458
        ],
        "type": "Point"
      },
      "properties": {
        "frame": "map",
        "id": 80
      },
      "type": "Feature"
    },
    {
      "geometry": {
        "coordinates": [
          -1.875,
          -2.021344
        ],
        "type": "Point"
      },
      "properties": {
        "frame": "map",
        "id": 81
      },
      "type": "Feature"
    },
    {
      "geometry": {
        "coordinates": [
          -1.875,
          -1.771344
        ],
        "type": "Point"
      },
      "properties": {
        "frame": "map",
        "id": 82
      },
      "type": "Feature"
    },
    {
      "geometry": {
        "coordinates": [
          -1.875,
          -1.521344
        ],
        "type": "Point"
      },
      "properties": {
        "frame": "map",
        "id": 83
      },
      "type": "Feature"
    },
    {
      "geometry": {
        "coordinates": [
          -1.875,
          -1.271344
        ],
        "type": "Point"
      },
      "properties": {
        "frame": "map",
        "id": 84
      },
      "type": "Feature"
    },
    {
      "geometry": {
        "coordinates": [
          -1.777479,
          -1.046211
        ],
        "type": "Point"
      },
      "properties": {
        "frame": "map",
        "id": 85
      },
      "type": "Feature"
    },
    {
      "geometry": {
        "coordinates": [
          -1.657766,
          -0.826737
        ],
        "type": "Point"
      },
      "properties": {
        "frame": "map",
        "id": 86
      },
      "type": "Feature"
    },
    {
      "geometry": {
        "coordinates": [
          -2.113197,
          1.201393
        ],
        "type": "Point"
      },
      "properties": {
        "frame": "map",
        "id": 87
      },
      "type": "Feature"
    },
    {
      "geometry": {
        "coordinates": [
          -2.001393,
          0.977786
        ],
        "type": "Point"
      },
      "properties": {
        "frame": "map",
        "id": 88
      },
      "type": "Feature"
    },
    {
      "geometry": {
        "coordinates": [
          -1.944204,
          0.748184
        ],
        "type": "Point"
      },
      "properties": {
        "frame": "map",
        "id": 89
      },
      "type": "Feature"
    },
    {
      "geometry": {
        "coordinates": [
          -1.906758,
          0.522638
        ],
        "type": "Point"
      },
      "properties": {
        "frame": "map",
        "id": 90
      },
      "type": "Feature"
    },
    {
      "geometry": {
        "coordinates": [
          -1.875,
          0.282253
        ],
        "type": "Point"
      },
      "properties": {
        "frame": "map",
        "id": 91
      },
      "type": "Feature"
    },
    {
      "geometry": {
        "coordinates": [
          -1.875,
          0.032253
        ],
        "type": "Point"
      },
      "properties": {
        "frame": "map",
        "id": 92
      },
      "type": "Feature"
    },
    {
      "geometry": {
        "coordinates": [
          -1.875,
          -0.217747
        ],
        "type": "Point"
      },
      "properties": {
        "frame": "map",
        "id": 93
      },
      "type": "Feature"
    },
    {
      "geometry": {
        "coordinates": [
          -1.712302,
          -0.514814
        ],
        "type": "Point"
      },
      "properties": {
        "frame": "map",
        "id": 94
      },
      "type": "Feature"
    },
    {
      "geometry": {
        "coordinates": [
          -1.325,
          -0.675
        ],
        "type": "Point"
      },
      "properties": {
        "frame": "map",
        "id": 95
      },
      "type": "Feature"
    },
    {
      "geometry": {
        "coordinates": [
          -1.075,
          -0.675
        ],
        "type": "Point"
      },
      "properties": {
        "frame": "map",
        "id": 96
      },
      "type": "Feature"
    },
    {
      "geometry": {
        "coordinates": [
          -0.825,
          -0.675
        ],
        "type": "Point"
      },
      "properties": {
        "frame": "map",
        "id": 97
      },
      "type": "Feature"
    },
    {
      "geometry": {
        "coordinates": [
          -0.798223,
          3.748223
        ],
        "type": "Point"
      },
      "properties": {
        "frame": "map",
        "id": 98
      },
      "type": "Feature"
    },
    {
      "geometry": {
        "coordinates": [
          -0.621447,
          3.571447
        ],
        "type": "Point"
      },
      "properties": {
        "frame": "map",
        "id": 99
      },
      "type": "Feature"
    },
    {
      "geometry": {
        "coordinates": [
          -0.398223,
          -0.498223
        ],
        "type": "Point"
      },
      "properties": {
        "frame": "map",
        "id": 100
      },
      "type": "Feature"
    },
    {
      "geometry": {
        "coordinates": [
          -0.221447,
          -0.321447
        ],
        "type": "Point"
      },
      "properties": {
        "frame": "map",
        "id": 101
      },
      "type": "Feature"
    },
    {
      "geometry": {
        "coordinates": [
          -0.04467,
          -0.14467
        ],
        "type": "Point"
      },
      "properties": {
        "frame": "map",
        "id": 102
      },
      "type": "Feature"
    },
    {
      "geometry": {
        "coordinates": [
          -0.564592,
          -0.924783
        ],
        "type": "Point"
      },
      "properties": {
        "frame": "map",
        "id": 103
      },
      "type": "Feature"
    },
    {
      "geometry": {
        "coordinates": [
          -0.554185,
          -1.174567
        ],
        "type": "Point"
      },
      "properties": {
        "frame": "map",
        "id": 104
      },
      "type": "Feature"
    },
    {
      "geometry": {
        "coordinates": [
          -0.543777,
          -1.42435
        ],
        "type": "Point"
      },
      "properties": {
        "frame": "map",
        "id": 105
      },
      "type": "Feature"
    },
    {
      "geometry": {
        "coordinates": [
          -0.533369,
          -1.674133
        ],
        "type": "Point"
      },
      "properties": {
        "frame": "map",
        "id": 106
      },
      "type": "Feature"
    },
    {
      "geometry": {
        "coordinates": [
          -0.490381,
          -1.909619
        ],
        "type": "Point"
      },
      "properties": {
        "frame": "map",
        "id": 107
      },
      "type": "Feature"
    },
    {
      "geometry": {
        "coordinates": [
          -0.277176,
          -2.029462
        ],
        "type": "Point"
      },
      "properties": {
        "frame": "map",
        "id": 108
      },
      "type": "Feature"
    },
    {
      "geometry": {
        "coordinates": [
          -0.04259,
          -2.115888
        ],
        "type": "Point"
      },
      "properties": {
        "frame": "map",
        "id": 109
      },
      "type": "Feature"
    },
    {
      "geometry": {
        "coordinates": [
          0.191996,
          -2.202314
        ],
        "type": "Point"
      },
      "properties": {
        "frame": "map",
        "id": 110
      },
      "type": "Feature"
    },
    {
      "geometry": {
        "coordinates": [
          0.426581,
          -2.288741
        ],
        "type": "Point"
      },
      "properties": {
        "frame": "map",
        "id": 111
      },
      "type": "Feature"
    },
    {
      "geometry": {
        "coordinates": [
          0.575953,
          -2.460875
        ],
        "type": "Point"
      },
      "properties": {
        "frame": "map",
        "id": 112
      },
      "type": "Feature"
    },
    {
      "geometry": {
        "coordinates": [
          0.663734,
          -2.694957
        ],
        "type": "Point"
      },
      "properties": {
        "frame": "map",
        "id": 113
      },
      "type": "Feature"
    },
    {
      "geometry": {
        "coordinates": [
          0.644182,
          -2.940724
        ],
        "type": "Point"
      },
      "properties": {
        "frame": "map",
        "id": 114
      },
      "type": "Feature"
    },
    {
      "geometry": {
        "coordinates": [
          0.608827,
          -3.188212
        ],
        "type": "Point"
      },
      "properties": {
        "frame": "map",
        "id": 115
      },
      "type": "Feature"
    },
    {
      "geometry": {
        "coordinates": [
          0.577621,
          -3.435485
        ],
        "type": "Point"
      },
      "properties": {
        "frame": "map",
        "id": 116
      },
      "type": "Feature"
    },
    {
      "geometry": {
        "coordinates": [
          0.638255,
          -3.678021
        ],
        "type": "Point"
      },
      "properties": {
        "frame": "map",
        "id": 117
      },
      "type": "Feature"
    },
    {
      "geometry": {
        "coordinates": [
          0.675,
          -3.923497
        ],
        "type": "Point"
      },
      "properties": {
        "frame": "map",
        "id": 118
      },
      "type": "Feature"
    },
    {
      "geometry": {
        "coordinates": [
          0.675,
          -4.173497
        ],
        "type": "Point"
      },
      "properties": {
        "frame": "map",
        "id": 119
      },
      "type": "Feature"
    },
    {
      "geometry": {
        "coordinates": [
          0.605352,
          -4.394648
        ],
        "type": "Point"
      },
      "properties": {
        "frame": "map",
        "id": 120
      },
      "type": "Feature"
    },
    {
      "geometry": {
        "coordinates": [
          0.428575,
          -4.571425
        ],
        "type": "Point"
      },
      "properties": {
        "frame": "map",
        "id": 121
      },
      "type": "Feature"
    },
    {
      "geometry": {
        "coordinates": [
          0.425,
          -4.819944
        ],
        "type": "Point"
      },
      "properties": {
        "frame": "map",
        "id": 122
      },
      "type": "Feature"
    },
    {
      "geometry": {
        "coordinates": [
          0.425,
          -5.069944
        ],
        "type": "Point"
      },
      "properties": {
        "frame": "map",
        "id": 123
      },
      "type": "Feature"
    },
    {
      "geometry": {
        "coordinates": [
          -0.455287,
          3.305526
        ],
        "type": "Point"
      },
      "properties": {
        "frame": "map",
        "id": 124
      },
      "type": "Feature"
    },
    {
      "geometry": {
        "coordinates": [
          -0.335574,
          3.086052
        ],
        "type": "Point"
      },
      "properties": {
        "frame": "map",
        "id": 125
      },
      "type": "Feature"
    },
    {
      "geometry": {
        "coordinates": [
          -0.411267,
          3.713922
        ],
        "type": "Point"
      },
      "properties": {
        "frame": "map",
        "id": 126
      },
      "type": "Feature"
    },
    {
      "geometry": {
        "coordinates": [
          -0.247535,
          3.902845
        ],
        "type": "Point"
      },
      "properties": {
        "frame": "map",
        "id": 127
      },
      "type": "Feature"
    },
    {
      "geometry": {
        "coordinates": [
          -0.083802,
          4.091767
        ],
        "type": "Point"
      },
      "properties": {
        "frame": "map",
        "id": 128
      },
      "type": "Feature"
    },
    {
      "geometry": {
        "coordinates": [
          0.075,
          4.282528
        ],
        "type": "Point"
      },
      "properties": {
        "frame": "map",
        "id": 129
      },
      "type": "Feature"
    },
    {
      "geometry": {
        "coordinates": [
          0.115679,
          4.515679
        ],
        "type": "Point"
      },
      "properties": {
        "frame": "map",
        "id": 130
      },
      "type": "Feature"
    },
    {
      "geometry": {
        "coordinates": [
          0.207576,
          4.737881
        ],
        "type": "Point"
      },
      "properties": {
        "frame": "map",
        "id": 131
      },
      "type": "Feature"
    },
    {
      "geometry": {
        "coordinates": [
          -0.292881,
          5.032152
        ],
        "type": "Point"
      },
      "properties": {
        "frame": "map",
        "id": 132
      },
      "type": "Feature"
    },
    {
      "geometry": {
        "coordinates": [
          -0.060762,
          4.939305
        ],
        "type": "Point"
      },
      "properties": {
        "frame": "map",
        "id": 133
      },
      "type": "Feature"
    },
    {
      "geometry": {
        "coordinates": [
          0.171358,
          4.846457
        ],
        "type": "Point"
      },
      "properties": {
        "frame": "map",
        "id": 134
      },
      "type": "Feature"
    },
    {
      "geometry": {
        "coordinates": [
          -0.135186,
          -5.562302
        ],
        "type": "Point"
      },
      "properties": {
        "frame": "map",
        "id": 135
      },
      "type": "Feature"
    },
    {
      "geometry": {
        "coordinates": [
          0.064023,
          -5.425
        ],
        "type": "Point"
      },
      "properties": {
        "frame": "map",
        "id": 136
      },
      "type": "Feature"
    },
    {
      "geometry": {
        "coordinates": [
          0.294211,
          -5.353473
        ],
        "type": "Point"
      },
      "properties": {
        "frame": "map",
        "id": 137
      },
      "type": "Feature"
    },
    {
      "geometry": {
        "coordinates": [
          -0.373416,
          2.755296
        ],
        "type": "Point"
      },
      "properties": {
        "frame": "map",
        "id": 138
      },
      "type": "Feature"
    },
    {
      "geometry": {
        "coordinates": [
          -0.367735,
          2.50536
        ],
        "type": "Point"
      },
      "properties": {
        "frame": "map",
        "id": 139
      },
      "type": "Feature"
    },
    {
      "geometry": {
        "coordinates": [
          -0.362055,
          2.255425
        ],
        "type": "Point"
      },
      "properties": {
        "frame": "map",
        "id": 140
      },
      "type": "Feature"
    },
    {
      "geometry": {
        "coordinates": [
          -0.356375,
          2.005489
        ],
        "type": "Point"
      },
      "properties": {
        "frame": "map",
        "id": 141
      },
      "type": "Feature"
    },
    {
      "geometry": {
        "coordinates": [
          -0.350694,
          1.755554
        ],
        "type": "Point"
      },
      "properties": {
        "frame": "map",
        "id": 142
      },
      "type": "Feature"
    },
    {
      "geometry": {
        "coordinates": [
          -0.345014,
          1.505618
        ],
        "type": "Point"
      },
      "properties": {
        "frame": "map",
        "id": 143
      },
      "type": "Feature"
    },
    {
      "geometry": {
        "coordinates": [
          -0.339334,
          1.255683
        ],
        "type": "Point"
      },
      "properties": {
        "frame": "map",
        "id": 144
      },
      "type": "Feature"
    },
    {
      "geometry": {
        "coordinates": [
          -0.333653,
          1.005747
        ],
        "type": "Point"
      },
      "properties": {
        "frame": "map",
        "id": 145
      },
      "type": "Feature"
    },
    {
      "geometry": {
        "coordinates": [
          -0.327973,
          0.755812
        ],
        "type": "Point"
      },
      "properties": {
        "frame": "map",
        "id": 146
      },
      "type": "Feature"
    },
    {
      "geometry": {
        "coordinates": [
          -0.262552,
          0.523521
        ],
        "type": "Point"
      },
      "properties": {
        "frame": "map",
        "id": 147
      },
      "type": "Feature"
    },
    {
      "geometry": {
        "coordinates": [
          -0.131527,
          0.310607
        ],
        "type": "Point"
      },
      "properties": {
        "frame": "map",
        "id": 148
      },
      "type": "Feature"
    },
    {
      "geometry": {
        "coordinates": [
          -0.000503,
          0.097692
        ],
        "type": "Point"
      },
      "properties": {
        "frame": "map",
        "id": 149
      },
      "type": "Feature"
    },
    {
      "geometry": {
        "coordinates": [
          0.301286,
          -0.018873
        ],
        "type": "Point"
      },
      "properties": {
        "frame": "map",
        "id": 150
      },
      "type": "Feature"
    },
    {
      "geometry": {
        "coordinates": [
          0.529739,
          0.082662
        ],
        "type": "Point"
      },
      "properties": {
        "frame": "map",
        "id": 151
      },
      "type": "Feature"
    },
    {
      "geometry": {
        "coordinates": [
          0.475,
          4.825
        ],
        "type": "Point"
      },
      "properties": {
        "frame": "map",
        "id": 152
      },
      "type": "Feature"
    },
    {
      "geometry": {
        "coordinates": [
          0.719721,
          4.802639
        ],
        "type": "Point"
      },
      "properties": {
        "frame": "map",
        "id": 153
      },
      "type": "Feature"
    },
    {
      "geometry": {
        "coordinates": [
          0.475,
          2.186803
        ],
        "type": "Point"
      },
      "properties": {
        "frame": "map",
        "id": 154
      },
      "type": "Feature"
    },
    {
      "geometry": {
        "coordinates": [
          0.475,
          1.936803
        ],
        "type": "Point"
      },
      "properties": {
        "frame": "map",
        "id": 155
      },
      "type": "Feature"
    },
    {
      "geometry": {
        "coordinates": [
          0.791091,
          0.311852
        ],
        "type": "Point"
      },
      "properties": {
        "frame": "map",
        "id": 156
      },
      "type": "Feature"
    },
    {
      "geometry": {
        "coordinates": [
          0.957182,
          0.498705
        ],
        "type": "Point"
      },
      "properties": {
        "frame": "map",
        "id": 157
      },
      "type": "Feature"
    },
    {
      "geometry": {
        "coordinates": [
          0.852592,
          0.021549
        ],
        "type": "Point"
      },
      "properties": {
        "frame": "map",
        "id": 158
      },
      "type": "Feature"
    },
    {
      "geometry": {
        "coordinates": [
          1.080183,
          -0.081901
        ],
        "type": "Point"
      },
      "properties": {
        "frame": "map",
        "id": 159
      },
      "type": "Feature"
    },
    {
      "geometry": {
        "coordinates": [
          1.307775,
          -0.185352
        ],
        "type": "Point"
      },
      "properties": {
        "frame": "map",
        "id": 160
      },
      "type": "Feature"
    },
    {
      "geometry": {
        "coordinates": [
          1.535366,
          -0.288803
        ],
        "type": "Point"
      },
      "properties": {
        "frame": "map",
        "id": 161
      },
      "type": "Feature"
    },
    {
      "geometry": {
        "coordinates": [
          0.924029,
          4.479855
        ],
        "type": "Point"
      },
      "properties": {
        "frame": "map",
        "id": 162
      },
      "type": "Feature"
    },
    {
      "geometry": {
        "coordinates": [
          0.973058,
          4.23471
        ],
        "type": "Point"
      },
      "properties": {
        "frame": "map",
        "id": 163
      },
      "type": "Feature"
    },
    {
      "geometry": {
        "coordinates": [
          1.112687,
          4.028304
        ],
        "type": "Point"
      },
      "properties": {
        "frame": "map",
        "id": 164
      },
      "type": "Feature"
    },
    {
      "geometry": {
        "coordinates": [
          1.256053,
          3.823496
        ],
        "type": "Point"
      },
      "properties": {
        "frame": "map",
        "id": 165
      },
      "type": "Feature"
    },
    {
      "geometry": {
        "coordinates": [
          1.098607,
          4.836803
        ],
        "type": "Point"
      },
      "properties": {
        "frame": "map",
        "id": 166
      },
      "type": "Feature"
    },
    {
      "geometry": {
        "coordinates": [
          1.327786,
          4.925
        ],
        "type": "Point"
      },
      "properties": {
        "frame": "map",
        "id": 167
      },
      "type": "Feature"
    },
    {
      "geometry": {
        "coordinates": [
          1.577786,
          4.925
        ],
        "type": "Point"
      },
      "properties": {
        "frame": "map",
        "id": 168
      },
      "type": "Feature"
    },
    {
      "geometry": {
        "coordinates": [
          1.827786,
          4.925
        ],
        "type": "Point"
      },
      "properties": {
        "frame": "map",
        "id": 169
      },
      "type": "Feature"
    },
    {
      "geometry": {
        "coordinates": [
          1.025,
          0.825
        ],
        "type": "Point"
      },
      "properties": {
        "frame": "map",
        "id": 170
      },
      "type": "Feature"
    },
    {
      "geometry": {
        "coordinates": [
          1.103784,
          1.058829
        ],
        "type": "Point"
      },
      "properties": {
        "frame": "map",
        "id": 171
      },
      "type": "Feature"
    },
    {
      "geometry": {
        "coordinates": [
          1.175,
          1.294211
        ],
        "type": "Point"
      },
      "properties": {
        "frame": "map",
        "id": 172
      },
      "type": "Feature"
    },
    {
      "geometry": {
        "coordinates": [
          1.175,
          1.544211
        ],
        "type": "Point"
      },
      "properties": {
        "frame": "map",
        "id": 173
      },
      "type": "Feature"
    },
    {
      "geometry": {
        "coordinates": [
          1.175,
          1.794211
        ],
        "type": "Point"
      },
      "properties": {
        "frame": "map",
        "id": 174
      },
      "type": "Feature"
    },
    {
      "geometry": {
        "coordinates": [
          1.175,
          2.044211
        ],
        "type": "Point"
      },
      "properties": {
        "frame": "map",
        "id": 175
      },
      "type": "Feature"
    },
    {
      "geometry": {
        "coordinates": [
          1.175,
          2.294211
        ],
        "type": "Point"
      },
      "properties": {
        "frame": "map",
        "id": 176
      },
      "type": "Feature"
    },
    {
      "geometry": {
        "coordinates": [
          1.175,
          2.544211
        ],
        "type": "Point"
      },
      "properties": {
        "frame": "map",
        "id": 177
      },
      "type": "Feature"
    },
    {
      "geometry": {
        "coordinates": [
          1.169722,
          2.793472
        ],
        "type": "Point"
      },
      "properties": {
        "frame": "map",
        "id": 178
      },
      "type": "Feature"
    },
    {
      "geometry": {
        "coordinates": [
          1.101042,
          3.033853
        ],
        "type": "Point"
      },
      "properties": {
        "frame": "map",
        "id": 179
      },
      "type": "Feature"
    },
    {
      "geometry": {
        "coordinates": [
          1.150375,
          3.260674
        ],
        "type": "Point"
      },
      "properties": {
        "frame": "map",
        "id": 180
      },
      "type": "Feature"
    },
    {
      "geometry": {
        "coordinates": [
          1.271785,
          3.479214
        ],
        "type": "Point"
      },
      "properties": {
        "frame": "map",
        "id": 181
      },
      "type": "Feature"
    },
    {
      "geometry": {
        "coordinates": [
          1.325,
          3.715424
        ],
        "type": "Point"
      },
      "properties": {
        "frame": "map",
        "id": 182
      },
      "type": "Feature"
    },
    {
      "geometry": {
        "coordinates": [
          1.275,
          0.575
        ],
        "type": "Point"
      },
      "properties": {
        "frame": "map",
        "id": 183
      },
      "type": "Feature"
    },
    {
      "geometry": {
        "coordinates": [
          1.494722,
          3.575
        ],
        "type": "Point"
      },
      "properties": {
        "frame": "map",
        "id": 184
      },
      "type": "Feature"
    },
    {
      "geometry": {
        "coordinates": [
          1.548607,
          3.836803
        ],
        "type": "Point"
      },
      "properties": {
        "frame": "map",
        "id": 185
      },
      "type": "Feature"
    },
    {
      "geometry": {
        "coordinates": [
          1.889626,
          -0.186856
        ],
        "type": "Point"
      },
      "properties": {
        "frame": "map",
        "id": 186
      },
      "type": "Feature"
    },
    {
      "geometry": {
        "coordinates": [
          2.054252,
          0.001288
        ],
        "type": "Point"
      },
      "properties": {
        "frame": "map",
        "id": 187
      },
      "type": "Feature"
    },
    {
      "geometry": {
        "coordinates": [
          1.914814,
          -0.537698
        ],
        "type": "Point"
      },
      "properties": {
        "frame": "map",
        "id": 188
      },
      "type": "Feature"
    },
    {
      "geometry": {
        "coordinates": [
          2.092452,
          -0.709903
        ],
        "type": "Point"
      },
      "properties": {
        "frame": "map",
        "id": 189
      },
      "type": "Feature"
    },
    {
      "geometry": {
        "coordinates": [
          [
            [
              -4.425000000000001,
              1.1750000000000007
            ],
            [
              -4.175000000000001,
              1.1750000000000007
            ]
          ]
        ],
        "type": "MultiLineString"
      },
      "properties": {
        "endid": 32,
        "id": 190,
        "metadata": {
          "bottleneck": true,
          "canonical_edge_id": 1,
          "length_m": 0.25,
          "min_clearance_m": 0.22360680997371674,
          "segment_fraction_end": 0.1115787791806946,
          "segment_fraction_start": 0.0,
          "segment_index": 0,
          "static_traversability": "UNKNOWN"
        },
        "startid": 0
      },
      "type": "Feature"
    },
    {
      "geometry": {
        "coordinates": [
          [
            [
              -4.175000000000001,
              1.1750000000000007
            ],
            [
              -3.9250000000000007,
              1.1750000000000007
            ]
          ]
        ],
        "type": "MultiLineString"
      },
      "properties": {
        "endid": 33,
        "id": 191,
        "metadata": {
          "bottleneck": true,
          "canonical_edge_id": 1,
          "length_m": 0.25,
          "min_clearance_m": 0.22360680997371674,
          "segment_fraction_end": 0.2231575583613892,
          "segment_fraction_start": 0.1115787791806946,
          "segment_index": 1,
          "static_traversability": "UNKNOWN"
        },
        "startid": 32
      },
      "type": "Feature"
    },
    {
      "geometry": {
        "coordinates": [
          [
            [
              -3.9250000000000007,
              1.1750000000000007
            ],
            [
              -3.6750000000000007,
              1.1750000000000007
            ]
          ]
        ],
        "type": "MultiLineString"
      },
      "properties": {
        "endid": 34,
        "id": 192,
        "metadata": {
          "bottleneck": true,
          "canonical_edge_id": 1,
          "length_m": 0.25,
          "min_clearance_m": 0.22360680997371674,
          "segment_fraction_end": 0.3347363375420838,
          "segment_fraction_start": 0.2231575583613892,
          "segment_index": 2,
          "static_traversability": "UNKNOWN"
        },
        "startid": 33
      },
      "type": "Feature"
    },
    {
      "geometry": {
        "coordinates": [
          [
            [
              -3.6750000000000007,
              1.1750000000000007
            ],
            [
              -3.4250000000000007,
              1.1750000000000007
            ]
          ]
        ],
        "type": "MultiLineString"
      },
      "properties": {
        "endid": 35,
        "id": 193,
        "metadata": {
          "bottleneck": true,
          "canonical_edge_id": 1,
          "length_m": 0.25,
          "min_clearance_m": 0.22360680997371674,
          "segment_fraction_end": 0.4463151167227784,
          "segment_fraction_start": 0.3347363375420838,
          "segment_index": 3,
          "static_traversability": "UNKNOWN"
        },
        "startid": 34
      },
      "type": "Feature"
    },
    {
      "geometry": {
        "coordinates": [
          [
            [
              -3.4250000000000007,
              1.1750000000000007
            ],
            [
              -3.1750000000000007,
              1.1750000000000007
            ]
          ]
        ],
        "type": "MultiLineString"
      },
      "properties": {
        "endid": 36,
        "id": 194,
        "metadata": {
          "bottleneck": true,
          "canonical_edge_id": 1,
          "length_m": 0.25,
          "min_clearance_m": 0.22360680997371674,
          "segment_fraction_end": 0.5578938959034729,
          "segment_fraction_start": 0.4463151167227784,
          "segment_index": 4,
          "static_traversability": "UNKNOWN"
        },
        "startid": 35
      },
      "type": "Feature"
    },
    {
      "geometry": {
        "coordinates": [
          [
            [
              -3.1750000000000007,
              1.1750000000000007
            ],
            [
              -2.927565835097475,
              1.1908113883008427
            ]
          ]
        ],
        "type": "MultiLineString"
      },
      "properties": {
        "endid": 37,
        "id": 195,
        "metadata": {
          "bottleneck": true,
          "canonical_edge_id": 1,
          "length_m": 0.25,
          "min_clearance_m": 0.22360680997371674,
          "segment_fraction_end": 0.6694726750841676,
          "segment_fraction_start": 0.5578938959034729,
          "segment_index": 5,
          "static_traversability": "UNKNOWN"
        },
        "startid": 36
      },
      "type": "Feature"
    },
    {
      "geometry": {
        "coordinates": [
          [
            [
              -2.927565835097475,
              1.1908113883008427
            ],
            [
              -2.6903950105848464,
              1.269868329805052
            ]
          ]
        ],
        "type": "MultiLineString"
      },
      "properties": {
        "endid": 38,
        "id": 196,
        "metadata": {
          "bottleneck": true,
          "canonical_edge_id": 1,
          "length_m": 0.25,
          "min_clearance_m": 0.22360680997371674,
          "segment_fraction_end": 0.7810514542648622,
          "segment_fraction_start": 0.6694726750841676,
          "segment_index": 6,
          "static_traversability": "UNKNOWN"
        },
        "startid": 37
      },
      "type": "Feature"
    },
    {
      "geometry": {
        "coordinates": [
          [
            [
              -2.6903950105848464,
              1.269868329805052
            ],
            [
              -2.453224186072218,
              1.3489252713092614
            ]
          ]
        ],
        "type": "MultiLineString"
      },
      "properties": {
        "endid": 39,
        "id": 197,
        "metadata": {
          "bottleneck": true,
          "canonical_edge_id": 1,
          "length_m": 0.25,
          "min_clearance_m": 0.22360680997371674,
          "segment_fraction_end": 0.8926302334455568,
          "segment_fraction_start": 0.7810514542648622,
          "segment_index": 7,
          "static_traversability": "UNKNOWN"
        },
        "startid": 38
      },
      "type": "Feature"
    },
    {
      "geometry": {
        "coordinates": [
          [
            [
              -2.453224186072218,
              1.3489252713092614
            ],
            [
              -2.2250000000000005,
              1.4250000000000007
            ]
          ]
        ],
        "type": "MultiLineString"
      },
      "properties": {
        "endid": 6,
        "id": 198,
        "metadata": {
          "bottleneck": true,
          "canonical_edge_id": 1,
          "length_m": 0.24056941504209517,
          "min_clearance_m": 0.22360680997371674,
          "segment_fraction_end": 1.0,
          "segment_fraction_start": 0.8926302334455568,
          "segment_index": 8,
          "static_traversability": "UNKNOWN"
        },
        "startid": 39
      },
      "type": "Feature"
    },
    {
      "geometry": {
        "coordinates": [
          [
            [
              -4.425000000000001,
              3.825000000000001
            ],
            [
              -4.184619013089795,
              3.8936802819743455
            ]
          ]
        ],
        "type": "MultiLineString"
      },
      "properties": {
        "endid": 40,
        "id": 199,
        "metadata": {
          "bottleneck": true,
          "canonical_edge_id": 2,
          "length_m": 0.25,
          "min_clearance_m": 0.22360680997371674,
          "segment_fraction_end": 0.05575294535988697,
          "segment_fraction_start": 0.0,
          "segment_index": 0,
          "static_traversability": "UNKNOWN"
        },
        "startid": 1
      },
      "type": "Feature"
    },
    {
      "geometry": {
        "coordinates": [
          [
            [
              -4.184619013089795,
              3.8936802819743455
            ],
            [
              -3.9390054944640265,
              3.9250000000000007
            ]
          ]
        ],
        "type": "MultiLineString"
      },
      "properties": {
        "endid": 41,
        "id": 200,
        "metadata": {
          "bottleneck": true,
          "canonical_edge_id": 2,
          "length_m": 0.25,
          "min_clearance_m": 0.22360680997371674,
          "segment_fraction_end": 0.11150589071977395,
          "segment_fraction_start": 0.05575294535988697,
          "segment_index": 1,
          "static_traversability": "UNKNOWN"
        },
        "startid": 40
      },
      "type": "Feature"
    },
    {
      "geometry": {
        "coordinates": [
          [
            [
              -3.9390054944640265,
              3.9250000000000007
            ],
            [
              -3.6890054944640265,
              3.9250000000000007
            ]
          ]
        ],
        "type": "MultiLineString"
      },
      "properties": {
        "endid": 42,
        "id": 201,
        "metadata": {
          "bottleneck": true,
          "canonical_edge_id": 2,
          "length_m": 0.25,
          "min_clearance_m": 0.22360680997371674,
          "segment_fraction_end": 0.16725883607966094,
          "segment_fraction_start": 0.11150589071977395,
          "segment_index": 2,
          "static_traversability": "UNKNOWN"
        },
        "startid": 41
      },
      "type": "Feature"
    },
    {
      "geometry": {
        "coordinates": [
          [
            [
              -3.6890054944640265,
              3.9250000000000007
            ],
            [
              -3.4390054944640265,
              3.9250000000000007
            ]
          ]
        ],
        "type": "MultiLineString"
      },
      "properties": {
        "endid": 43,
        "id": 202,
        "metadata": {
          "bottleneck": true,
          "canonical_edge_id": 2,
          "length_m": 0.25,
          "min_clearance_m": 0.22360680997371674,
          "segment_fraction_end": 0.2230117814395479,
          "segment_fraction_start": 0.16725883607966094,
          "segment_index": 3,
          "static_traversability": "UNKNOWN"
        },
        "startid": 42
      },
      "type": "Feature"
    },
    {
      "geometry": {
        "coordinates": [
          [
            [
              -3.4390054944640265,
              3.9250000000000007
            ],
            [
              -3.1890054944640265,
              3.9250000000000007
            ]
          ]
        ],
        "type": "MultiLineString"
      },
      "properties": {
        "endid": 44,
        "id": 203,
        "metadata": {
          "bottleneck": true,
          "canonical_edge_id": 2,
          "length_m": 0.25,
          "min_clearance_m": 0.22360680997371674,
          "segment_fraction_end": 0.27876472679943487,
          "segment_fraction_start": 0.2230117814395479,
          "segment_index": 4,
          "static_traversability": "UNKNOWN"
        },
        "startid": 43
      },
      "type": "Feature"
    },
    {
      "geometry": {
        "coordinates": [
          [
            [
              -3.1890054944640265,
              3.9250000000000007
            ],
            [
              -2.945156106065645,
              3.8930624424262588
            ]
          ]
        ],
        "type": "MultiLineString"
      },
      "properties": {
        "endid": 45,
        "id": 204,
        "metadata": {
          "bottleneck": true,
          "canonical_edge_id": 2,
          "length_m": 0.25,
          "min_clearance_m": 0.22360680997371674,
          "segment_fraction_end": 0.3345176721593219,
          "segment_fraction_start": 0.27876472679943487,
          "segment_index": 5,
          "static_traversability": "UNKNOWN"
        },
        "startid": 44
      },
      "type": "Feature"
    },
    {
      "geometry": {
        "coordinates": [
          [
            [
              -2.945156106065645,
              3.8930624424262588
            ],
            [
              -2.7130369333443305,
              3.800214773337733
            ]
          ]
        ],
        "type": "MultiLineString"
      },
      "properties": {
        "endid": 46,
        "id": 205,
        "metadata": {
          "bottleneck": true,
          "canonical_edge_id": 2,
          "length_m": 0.25,
          "min_clearance_m": 0.22360680997371674,
          "segment_fraction_end": 0.39027061751920883,
          "segment_fraction_start": 0.3345176721593219,
          "segment_index": 6,
          "static_traversability": "UNKNOWN"
        },
        "startid": 45
      },
      "type": "Feature"
    },
    {
      "geometry": {
        "coordinates": [
          [
            [
              -2.7130369333443305,
              3.800214773337733
            ],
            [
              -2.4870175801419814,
              3.696513185106487
            ]
          ]
        ],
        "type": "MultiLineString"
      },
      "properties": {
        "endid": 47,
        "id": 206,
        "metadata": {
          "bottleneck": true,
          "canonical_edge_id": 2,
          "length_m": 0.25,
          "min_clearance_m": 0.22360680997371674,
          "segment_fraction_end": 0.4460235628790958,
          "segment_fraction_start": 0.39027061751920883,
          "segment_index": 7,
          "static_traversability": "UNKNOWN"
        },
        "startid": 46
      },
      "type": "Feature"
    },
    {
      "geometry": {
        "coordinates": [
          [
            [
              -2.4870175801419814,
              3.696513185106487
            ],
            [
              -2.2870175801419816,
              3.546513185106487
            ]
          ]
        ],
        "type": "MultiLineString"
      },
      "properties": {
        "endid": 48,
        "id": 207,
        "metadata": {
          "bottleneck": true,
          "canonical_edge_id": 2,
          "length_m": 0.25,
          "min_clearance_m": 0.22360680997371674,
          "segment_fraction_end": 0.5017765082389828,
          "segment_fraction_start": 0.4460235628790958,
          "segment_index": 8,
          "static_traversability": "UNKNOWN"
        },
        "startid": 47
      },
      "type": "Feature"
    },
    {
      "geometry": {
        "coordinates": [
          [
            [
              -2.2870175801419816,
              3.546513185106487
            ],
            [
              -2.1235619320934975,
              3.377543759085402
            ]
          ]
        ],
        "type": "MultiLineString"
      },
      "properties": {
        "endid": 49,
        "id": 208,
        "metadata": {
          "bottleneck": true,
          "canonical_edge_id": 2,
          "length_m": 0.25,
          "min_clearance_m": 0.22360680997371674,
          "segment_fraction_end": 0.5575294535988697,
          "segment_fraction_start": 0.5017765082389828,
          "segment_index": 9,
          "static_traversability": "UNKNOWN"
        },
        "startid": 48
      },
      "type": "Feature"
    },
    {
      "geometry": {
        "coordinates": [
          [
            [
              -2.1235619320934975,
              3.377543759085402
            ],
            [
              -2.1159896504333053,
              3.1276584642990564
            ]
          ]
        ],
        "type": "MultiLineString"
      },
      "properties": {
        "endid": 50,
        "id": 209,
        "metadata": {
          "bottleneck": true,
          "canonical_edge_id": 2,
          "length_m": 0.25,
          "min_clearance_m": 0.22360680997371674,
          "segment_fraction_end": 0.6132823989587567,
          "segment_fraction_start": 0.5575294535988697,
          "segment_index": 10,
          "static_traversability": "UNKNOWN"
        },
        "startid": 49
      },
      "type": "Feature"
    },
    {
      "geometry": {
        "coordinates": [
          [
            [
              -2.1159896504333053,
              3.1276584642990564
            ],
            [
              -2.1084173687731127,
              2.877773169512711
            ]
          ]
        ],
        "type": "MultiLineString"
      },
      "properties": {
        "endid": 51,
        "id": 210,
        "metadata": {
          "bottleneck": true,
          "canonical_edge_id": 2,
          "length_m": 0.25,
          "min_clearance_m": 0.22360680997371674,
          "segment_fraction_end": 0.6690353443186438,
          "segment_fraction_start": 0.6132823989587567,
          "segment_index": 11,
          "static_traversability": "UNKNOWN"
        },
        "startid": 50
      },
      "type": "Feature"
    },
    {
      "geometry": {
        "coordinates": [
          [
            [
              -2.1084173687731127,
              2.877773169512711
            ],
            [
              -2.1008450871129205,
              2.627887874726366
            ]
          ]
        ],
        "type": "MultiLineString"
      },
      "properties": {
        "endid": 52,
        "id": 211,
        "metadata": {
          "bottleneck": true,
          "canonical_edge_id": 2,
          "length_m": 0.25,
          "min_clearance_m": 0.22360680997371674,
          "segment_fraction_end": 0.7247882896785307,
          "segment_fraction_start": 0.6690353443186438,
          "segment_index": 12,
          "static_traversability": "UNKNOWN"
        },
        "startid": 51
      },
      "type": "Feature"
    },
    {
      "geometry": {
        "coordinates": [
          [
            [
              -2.1008450871129205,
              2.627887874726366
            ],
            [
              -2.0932728054527283,
              2.3780025799400204
            ]
          ]
        ],
        "type": "MultiLineString"
      },
      "properties": {
        "endid": 53,
        "id": 212,
        "metadata": {
          "bottleneck": true,
          "canonical_edge_id": 2,
          "length_m": 0.25,
          "min_clearance_m": 0.22360680997371674,
          "segment_fraction_end": 0.7805412350384177,
          "segment_fraction_start": 0.7247882896785307,
          "segment_index": 13,
          "static_traversability": "UNKNOWN"
        },
        "startid": 52
      },
      "type": "Feature"
    },
    {
      "geometry": {
        "coordinates": [
          [
            [
              -2.0932728054527283,
              2.3780025799400204
            ],
            [
              -2.0857005237925357,
              2.128117285153675
            ]
          ]
        ],
        "type": "MultiLineString"
      },
      "properties": {
        "endid": 54,
        "id": 213,
        "metadata": {
          "bottleneck": true,
          "canonical_edge_id": 2,
          "length_m": 0.25,
          "min_clearance_m": 0.22360680997371674,
          "segment_fraction_end": 0.8362941803983046,
          "segment_fraction_start": 0.7805412350384177,
          "segment_index": 14,
          "static_traversability": "UNKNOWN"
        },
        "startid": 53
      },
      "type": "Feature"
    },
    {
      "geometry": {
        "coordinates": [
          [
            [
              -2.0857005237925357,
              2.128117285153675
            ],
            [
              -2.0781282421323435,
              1.8782319903673297
            ]
          ]
        ],
        "type": "MultiLineString"
      },
      "properties": {
        "endid": 55,
        "id": 214,
        "metadata": {
          "bottleneck": true,
          "canonical_edge_id": 2,
          "length_m": 0.25,
          "min_clearance_m": 0.22360680997371674,
          "segment_fraction_end": 0.8920471257581916,
          "segment_fraction_start": 0.8362941803983046,
          "segment_index": 15,
          "static_traversability": "UNKNOWN"
        },
        "startid": 54
      },
      "type": "Feature"
    },
    {
      "geometry": {
        "coordinates": [
          [
            [
              -2.0781282421323435,
              1.8782319903673297
            ],
            [
              -2.1327960848601055,
              1.6401424686597548
            ]
          ]
        ],
        "type": "MultiLineString"
      },
      "properties": {
        "endid": 56,
        "id": 215,
        "metadata": {
          "bottleneck": true,
          "canonical_edge_id": 2,
          "length_m": 0.25,
          "min_clearance_m": 0.22360680997371674,
          "segment_fraction_end": 0.9478000711180786,
          "segment_fraction_start": 0.8920471257581916,
          "segment_index": 16,
          "static_traversability": "UNKNOWN"
        },
        "startid": 55
      },
      "type": "Feature"
    },
    {
      "geometry": {
        "coordinates": [
          [
            [
              -2.1327960848601055,
              1.6401424686597548
            ],
            [
              -2.2250000000000005,
              1.4250000000000003
            ]
          ]
        ],
        "type": "MultiLineString"
      },
      "properties": {
        "endid": 6,
        "id": 216,
        "metadata": {
          "bottleneck": true,
          "canonical_edge_id": 2,
          "length_m": 0.23406803239258966,
          "min_clearance_m": 0.22360680997371674,
          "segment_fraction_end": 0.9999999999999998,
          "segment_fraction_start": 0.9478000711180786,
          "segment_index": 17,
          "static_traversability": "UNKNOWN"
        },
        "startid": 56
      },
      "type": "Feature"
    },
    {
      "geometry": {
        "coordinates": [
          [
            [
              -4.075,
              -0.5249999999999995
            ],
            [
              -3.8982233047033636,
              -0.3482233047033624
            ]
          ]
        ],
        "type": "MultiLineString"
      },
      "properties": {
        "endid": 57,
        "id": 217,
        "metadata": {
          "bottleneck": true,
          "canonical_edge_id": 3,
          "length_m": 0.25,
          "min_clearance_m": 0.2692582309246063,
          "segment_fraction_end": 0.1065837302924318,
          "segment_fraction_start": 0.0,
          "segment_index": 0,
          "static_traversability": "UNKNOWN"
        },
        "startid": 2
      },
      "type": "Feature"
    },
    {
      "geometry": {
        "coordinates": [
          [
            [
              -3.8982233047033636,
              -0.3482233047033624
            ],
            [
              -3.6578427124746193,
              -0.3249999999999993
            ]
          ]
        ],
        "type": "MultiLineString"
      },
      "properties": {
        "endid": 58,
        "id": 218,
        "metadata": {
          "bottleneck": true,
          "canonical_edge_id": 3,
          "length_m": 0.25,
          "min_clearance_m": 0.2692582309246063,
          "segment_fraction_end": 0.2131674605848636,
          "segment_fraction_start": 0.1065837302924318,
          "segment_index": 1,
          "static_traversability": "UNKNOWN"
        },
        "startid": 57
      },
      "type": "Feature"
    },
    {
      "geometry": {
        "coordinates": [
          [
            [
              -3.6578427124746193,
              -0.3249999999999993
            ],
            [
              -3.438120276247819,
              -0.42499999999999893
            ]
          ]
        ],
        "type": "MultiLineString"
      },
      "properties": {
        "endid": 59,
        "id": 219,
        "metadata": {
          "bottleneck": true,
          "canonical_edge_id": 3,
          "length_m": 0.25,
          "min_clearance_m": 0.2692582309246063,
          "segment_fraction_end": 0.3197511908772954,
          "segment_fraction_start": 0.2131674605848636,
          "segment_index": 2,
          "static_traversability": "UNKNOWN"
        },
        "startid": 58
      },
      "type": "Feature"
    },
    {
      "geometry": {
        "coordinates": [
          [
            [
              -3.438120276247819,
              -0.42499999999999893
            ],
            [
              -3.188120276247819,
              -0.42499999999999893
            ]
          ]
        ],
        "type": "MultiLineString"
      },
      "properties": {
        "endid": 60,
        "id": 220,
        "metadata": {
          "bottleneck": true,
          "canonical_edge_id": 3,
          "length_m": 0.25,
          "min_clearance_m": 0.2692582309246063,
          "segment_fraction_end": 0.4263349211697272,
          "segment_fraction_start": 0.3197511908772954,
          "segment_index": 3,
          "static_traversability": "UNKNOWN"
        },
        "startid": 59
      },
      "type": "Feature"
    },
    {
      "geometry": {
        "coordinates": [
          [
            [
              -3.188120276247819,
              -0.42499999999999893
            ],
            [
              -2.9411021852047434,
              -0.41047236508774604
            ]
          ]
        ],
        "type": "MultiLineString"
      },
      "properties": {
        "endid": 61,
        "id": 221,
        "metadata": {
          "bottleneck": true,
          "canonical_edge_id": 3,
          "length_m": 0.25,
          "min_clearance_m": 0.2692582309246063,
          "segment_fraction_end": 0.532918651462159,
          "segment_fraction_start": 0.4263349211697272,
          "segment_index": 4,
          "static_traversability": "UNKNOWN"
        },
        "startid": 60
      },
      "type": "Feature"
    },
    {
      "geometry": {
        "coordinates": [
          [
            [
              -2.9411021852047434,
              -0.41047236508774604
            ],
            [
              -2.711315927700229,
              -0.31199254044295444
            ]
          ]
        ],
        "type": "MultiLineString"
      },
      "properties": {
        "endid": 62,
        "id": 222,
        "metadata": {
          "bottleneck": true,
          "canonical_edge_id": 3,
          "length_m": 0.25,
          "min_clearance_m": 0.2692582309246063,
          "segment_fraction_end": 0.6395023817545908,
          "segment_fraction_start": 0.532918651462159,
          "segment_index": 5,
          "static_traversability": "UNKNOWN"
        },
        "startid": 61
      },
      "type": "Feature"
    },
    {
      "geometry": {
        "coordinates": [
          [
            [
              -2.711315927700229,
              -0.31199254044295444
            ],
            [
              -2.469254648617644,
              -0.2853830234254899
            ]
          ]
        ],
        "type": "MultiLineString"
      },
      "properties": {
        "endid": 63,
        "id": 223,
        "metadata": {
          "bottleneck": true,
          "canonical_edge_id": 3,
          "length_m": 0.25,
          "min_clearance_m": 0.2692582309246063,
          "segment_fraction_end": 0.7460861120470226,
          "segment_fraction_start": 0.6395023817545908,
          "segment_index": 6,
          "static_traversability": "UNKNOWN"
        },
        "startid": 62
      },
      "type": "Feature"
    },
    {
      "geometry": {
        "coordinates": [
          [
            [
              -2.469254648617644,
              -0.2853830234254899
            ],
            [
              -2.2198083591534914,
              -0.3020127760564333
            ]
          ]
        ],
        "type": "MultiLineString"
      },
      "properties": {
        "endid": 64,
        "id": 224,
        "metadata": {
          "bottleneck": true,
          "canonical_edge_id": 3,
          "length_m": 0.25,
          "min_clearance_m": 0.2692582309246063,
          "segment_fraction_end": 0.8526698423394544,
          "segment_fraction_start": 0.7460861120470226,
          "segment_index": 7,
          "static_traversability": "UNKNOWN"
        },
        "startid": 63
      },
      "type": "Feature"
    },
    {
      "geometry": {
        "coordinates": [
          [
            [
              -2.2198083591534914,
              -0.3020127760564333
            ],
            [
              -1.9703620696893394,
              -0.31864252868737675
            ]
          ]
        ],
        "type": "MultiLineString"
      },
      "properties": {
        "endid": 65,
        "id": 225,
        "metadata": {
          "bottleneck": true,
          "canonical_edge_id": 3,
          "length_m": 0.25,
          "min_clearance_m": 0.2692582309246063,
          "segment_fraction_end": 0.9592535726318862,
          "segment_fraction_start": 0.8526698423394544,
          "segment_index": 8,
          "static_traversability": "UNKNOWN"
        },
        "startid": 64
      },
      "type": "Feature"
    },
    {
      "geometry": {
        "coordinates": [
          [
            [
              -1.9703620696893394,
              -0.31864252868737675
            ],
            [
              -1.8750000000000004,
              -0.3249999999999993
            ]
          ]
        ],
        "type": "MultiLineString"
      },
      "properties": {
        "endid": 7,
        "id": 226,
        "metadata": {
          "bottleneck": true,
          "canonical_edge_id": 3,
          "length_m": 0.09557375045965877,
          "min_clearance_m": 0.2692582309246063,
          "segment_fraction_end": 1.0,
          "segment_fraction_start": 0.9592535726318862,
          "segment_index": 9,
          "static_traversability": "UNKNOWN"
        },
        "startid": 65
      },
      "type": "Feature"
    },
    {
      "geometry": {
        "coordinates": [
          [
            [
              -4.025,
              -3.1249999999999996
            ],
            [
              -3.8925002649992053,
              -2.9130004239987275
            ]
          ]
        ],
        "type": "MultiLineString"
      },
      "properties": {
        "endid": 66,
        "id": 227,
        "metadata": {
          "bottleneck": true,
          "canonical_edge_id": 4,
          "length_m": 0.25,
          "min_clearance_m": 0.25,
          "segment_fraction_end": 0.11698202752116749,
          "segment_fraction_start": 0.0,
          "segment_index": 0,
          "static_traversability": "UNKNOWN"
        },
        "startid": 3
      },
      "type": "Feature"
    },
    {
      "geometry": {
        "coordinates": [
          [
            [
              -3.8925002649992053,
              -2.9130004239987275
            ],
            [
              -3.751000847997456,
              -2.7100005299984096
            ]
          ]
        ],
        "type": "MultiLineString"
      },
      "properties": {
        "endid": 67,
        "id": 228,
        "metadata": {
          "bottleneck": true,
          "canonical_edge_id": 4,
          "length_m": 0.25,
          "min_clearance_m": 0.25,
          "segment_fraction_end": 0.23396405504233497,
          "segment_fraction_start": 0.11698202752116749,
          "segment_index": 1,
          "static_traversability": "UNKNOWN"
        },
        "startid": 66
      },
      "type": "Feature"
    },
    {
      "geometry": {
        "coordinates": [
          [
            [
              -3.751000847997456,
              -2.7100005299984096
            ],
            [
              -3.5390012719961845,
              -2.5775007949976145
            ]
          ]
        ],
        "type": "MultiLineString"
      },
      "properties": {
        "endid": 68,
        "id": 229,
        "metadata": {
          "bottleneck": true,
          "canonical_edge_id": 4,
          "length_m": 0.25,
          "min_clearance_m": 0.25,
          "segment_fraction_end": 0.35094608256350246,
          "segment_fraction_start": 0.23396405504233497,
          "segment_index": 2,
          "static_traversability": "UNKNOWN"
        },
        "startid": 67
      },
      "type": "Feature"
    },
    {
      "geometry": {
        "coordinates": [
          [
            [
              -3.5390012719961845,
              -2.5775007949976145
            ],
            [
              -3.3188351999537256,
              -2.4679793999942152
            ]
          ]
        ],
        "type": "MultiLineString"
      },
      "properties": {
        "endid": 69,
        "id": 230,
        "metadata": {
          "bottleneck": true,
          "canonical_edge_id": 4,
          "length_m": 0.25,
          "min_clearance_m": 0.25,
          "segment_fraction_end": 0.46792811008466995,
          "segment_fraction_start": 0.35094608256350246,
          "segment_index": 3,
          "static_traversability": "UNKNOWN"
        },
        "startid": 68
      },
      "type": "Feature"
    },
    {
      "geometry": {
        "coordinates": [
          [
            [
              -3.3188351999537256,
              -2.4679793999942152
            ],
            [
              -3.0707657307753085,
              -2.436970716346913
            ]
          ]
        ],
        "type": "MultiLineString"
      },
      "properties": {
        "endid": 70,
        "id": 231,
        "metadata": {
          "bottleneck": true,
          "canonical_edge_id": 4,
          "length_m": 0.25,
          "min_clearance_m": 0.25,
          "segment_fraction_end": 0.5849101376058374,
          "segment_fraction_start": 0.46792811008466995,
          "segment_index": 4,
          "static_traversability": "UNKNOWN"
        },
        "startid": 69
      },
      "type": "Feature"
    },
    {
      "geometry": {
        "coordinates": [
          [
            [
              -3.0707657307753085,
              -2.436970716346913
            ],
            [
              -2.829387549854266,
              -2.473537483381911
            ]
          ]
        ],
        "type": "MultiLineString"
      },
      "properties": {
        "endid": 71,
        "id": 232,
        "metadata": {
          "bottleneck": true,
          "canonical_edge_id": 4,
          "length_m": 0.25,
          "min_clearance_m": 0.25,
          "segment_fraction_end": 0.7018921651270049,
          "segment_fraction_start": 0.5849101376058374,
          "segment_index": 5,
          "static_traversability": "UNKNOWN"
        },
        "startid": 70
      },
      "type": "Feature"
    },
    {
      "geometry": {
        "coordinates": [
          [
            [
              -2.829387549854266,
              -2.473537483381911
            ],
            [
              -2.592216725341638,
              -2.55259442488612
            ]
          ]
        ],
        "type": "MultiLineString"
      },
      "properties": {
        "endid": 72,
        "id": 233,
        "metadata": {
          "bottleneck": true,
          "canonical_edge_id": 4,
          "length_m": 0.25,
          "min_clearance_m": 0.25,
          "segment_fraction_end": 0.8188741926481724,
          "segment_fraction_start": 0.7018921651270049,
          "segment_index": 6,
          "static_traversability": "UNKNOWN"
        },
        "startid": 71
      },
      "type": "Feature"
    },
    {
      "geometry": {
        "coordinates": [
          [
            [
              -2.592216725341638,
              -2.55259442488612
            ],
            [
              -2.355045900829009,
              -2.63165136639033
            ]
          ]
        ],
        "type": "MultiLineString"
      },
      "properties": {
        "endid": 73,
        "id": 234,
        "metadata": {
          "bottleneck": true,
          "canonical_edge_id": 4,
          "length_m": 0.25,
          "min_clearance_m": 0.25,
          "segment_fraction_end": 0.9358562201693399,
          "segment_fraction_start": 0.8188741926481724,
          "segment_index": 7,
          "static_traversability": "UNKNOWN"
        },
        "startid": 72
      },
      "type": "Feature"
    },
    {
      "geometry": {
        "coordinates": [
          [
            [
              -2.355045900829009,
              -2.63165136639033
            ],
            [
              -2.2250000000000005,
              -2.6749999999999994
            ]
          ]
        ],
        "type": "MultiLineString"
      },
      "properties": {
        "endid": 5,
        "id": 235,
        "metadata": {
          "bottleneck": true,
          "canonical_edge_id": 4,
          "length_m": 0.1370804156626826,
          "min_clearance_m": 0.25,
          "segment_fraction_end": 1.0,
          "segment_fraction_start": 0.9358562201693399,
          "segment_index": 8,
          "static_traversability": "UNKNOWN"
        },
        "startid": 73
      },
      "type": "Feature"
    },
    {
      "geometry": {
        "coordinates": [
          [
            [
              -3.0250000000000004,
              -3.5749999999999993
            ],
            [
              -2.790917705607739,
              -3.4872191396029013
            ]
          ]
        ],
        "type": "MultiLineString"
      },
      "properties": {
        "endid": 74,
        "id": 236,
        "metadata": {
          "bottleneck": true,
          "canonical_edge_id": 5,
          "length_m": 0.25,
          "min_clearance_m": 0.22360680997371674,
          "segment_fraction_end": 0.17267695578717496,
          "segment_fraction_start": 0.0,
          "segment_index": 0,
          "static_traversability": "UNKNOWN"
        },
        "startid": 4
      },
      "type": "Feature"
    },
    {
      "geometry": {
        "coordinates": [
          [
            [
              -2.790917705607739,
              -3.4872191396029013
            ],
            [
              -2.56815289690263,
              -3.379522317522103
            ]
          ]
        ],
        "type": "MultiLineString"
      },
      "properties": {
        "endid": 75,
        "id": 237,
        "metadata": {
          "bottleneck": true,
          "canonical_edge_id": 5,
          "length_m": 0.25,
          "min_clearance_m": 0.22360680997371674,
          "segment_fraction_end": 0.3453539115743499,
          "segment_fraction_start": 0.17267695578717496,
          "segment_index": 1,
          "static_traversability": "UNKNOWN"
        },
        "startid": 74
      },
      "type": "Feature"
    },
    {
      "geometry": {
        "coordinates": [
          [
            [
              -2.56815289690263,
              -3.379522317522103
            ],
            [
              -2.372935694541872,
              -3.2233485556334966
            ]
          ]
        ],
        "type": "MultiLineString"
      },
      "properties": {
        "endid": 76,
        "id": 238,
        "metadata": {
          "bottleneck": true,
          "canonical_edge_id": 5,
          "length_m": 0.25,
          "min_clearance_m": 0.22360680997371674,
          "segment_fraction_end": 0.5180308673615248,
          "segment_fraction_start": 0.3453539115743499,
          "segment_index": 2,
          "static_traversability": "UNKNOWN"
        },
        "startid": 75
      },
      "type": "Feature"
    },
    {
      "geometry": {
        "coordinates": [
          [
            [
              -2.372935694541872,
              -3.2233485556334966
            ],
            [
              -2.1777184921811146,
              -3.0671747937448908
            ]
          ]
        ],
        "type": "MultiLineString"
      },
      "properties": {
        "endid": 77,
        "id": 239,
        "metadata": {
          "bottleneck": true,
          "canonical_edge_id": 5,
          "length_m": 0.25,
          "min_clearance_m": 0.22360680997371674,
          "segment_fraction_end": 0.6907078231486998,
          "segment_fraction_start": 0.5180308673615248,
          "segment_index": 3,
          "static_traversability": "UNKNOWN"
        },
        "startid": 76
      },
      "type": "Feature"
    },
    {
      "geometry": {
        "coordinates": [
          [
            [
              -2.1777184921811146,
              -3.0671747937448908
            ],
            [
              -2.1250000000000004,
              -2.8425126110091608
            ]
          ]
        ],
        "type": "MultiLineString"
      },
      "properties": {
        "endid": 78,
        "id": 240,
        "metadata": {
          "bottleneck": true,
          "canonical_edge_id": 5,
          "length_m": 0.25,
          "min_clearance_m": 0.22360680997371674,
          "segment_fraction_end": 0.8633847789358747,
          "segment_fraction_start": 0.6907078231486998,
          "segment_index": 4,
          "static_traversability": "UNKNOWN"
        },
        "startid": 77
      },
      "type": "Feature"
    },
    {
      "geometry": {
        "coordinates": [
          [
            [
              -2.1250000000000004,
              -2.8425126110091608
            ],
            [
              -2.2250000000000005,
              -2.6749999999999994
            ]
          ]
        ],
        "type": "MultiLineString"
      },
      "properties": {
        "endid": 5,
        "id": 241,
        "metadata": {
          "bottleneck": true,
          "canonical_edge_id": 5,
          "length_m": 0.19779017478236094,
          "min_clearance_m": 0.22360680997371674,
          "segment_fraction_end": 1.0000000000000002,
          "segment_fraction_start": 0.8633847789358747,
          "segment_index": 5,
          "static_traversability": "UNKNOWN"
        },
        "startid": 78
      },
      "type": "Feature"
    },
    {
      "geometry": {
        "coordinates": [
          [
            [
              -2.2250000000000005,
              -2.6749999999999994
            ],
            [
              -2.355045900829009,
              -2.63165136639033
            ]
          ]
        ],
        "type": "MultiLineString"
      },
      "properties": {
        "endid": 73,
        "id": 242,
        "metadata": {
          "bottleneck": true,
          "canonical_edge_id": 6,
          "length_m": 0.1370804156626826,
          "min_clearance_m": 0.25,
          "segment_fraction_end": 0.06414377983066005,
          "segment_fraction_start": 0.0,
          "segment_index": 0,
          "static_traversability": "UNKNOWN"
        },
        "startid": 5
      },
      "type": "Feature"
    },
    {
      "geometry": {
        "coordinates": [
          [
            [
              -2.355045900829009,
              -2.63165136639033
            ],
            [
              -2.592216725341638,
              -2.55259442488612
            ]
          ]
        ],
        "type": "MultiLineString"
      },
      "properties": {
        "endid": 72,
        "id": 243,
        "metadata": {
          "bottleneck": true,
          "canonical_edge_id": 6,
          "length_m": 0.25,
          "min_clearance_m": 0.25,
          "segment_fraction_end": 0.18112580735182754,
          "segment_fraction_start": 0.06414377983066005,
          "segment_index": 1,
          "static_traversability": "UNKNOWN"
        },
        "startid": 73
      },
      "type": "Feature"
    },
    {
      "geometry": {
        "coordinates": [
          [
            [
              -2.592216725341638,
              -2.55259442488612
            ],
            [
              -2.829387549854266,
              -2.473537483381911
            ]
          ]
        ],
        "type": "MultiLineString"
      },
      "properties": {
        "endid": 71,
        "id": 244,
        "metadata": {
          "bottleneck": true,
          "canonical_edge_id": 6,
          "length_m": 0.25,
          "min_clearance_m": 0.25,
          "segment_fraction_end": 0.298107834872995,
          "segment_fraction_start": 0.18112580735182754,
          "segment_index": 2,
          "static_traversability": "UNKNOWN"
        },
        "startid": 72
      },
      "type": "Feature"
    },
    {
      "geometry": {
        "coordinates": [
          [
            [
              -2.829387549854266,
              -2.473537483381911
            ],
            [
              -3.0707657307753085,
              -2.436970716346913
            ]
          ]
        ],
        "type": "MultiLineString"
      },
      "properties": {
        "endid": 70,
        "id": 245,
        "metadata": {
          "bottleneck": true,
          "canonical_edge_id": 6,
          "length_m": 0.25,
          "min_clearance_m": 0.25,
          "segment_fraction_end": 0.4150898623941625,
          "segment_fraction_start": 0.298107834872995,
          "segment_index": 3,
          "static_traversability": "UNKNOWN"
        },
        "startid": 71
      },
      "type": "Feature"
    },
    {
      "geometry": {
        "coordinates": [
          [
            [
              -3.0707657307753085,
              -2.436970716346913
            ],
            [
              -3.3188351999537256,
              -2.4679793999942152
            ]
          ]
        ],
        "type": "MultiLineString"
      },
      "properties": {
        "endid": 69,
        "id": 246,
        "metadata": {
          "bottleneck": true,
          "canonical_edge_id": 6,
          "length_m": 0.25,
          "min_clearance_m": 0.25,
          "segment_fraction_end": 0.53207188991533,
          "segment_fraction_start": 0.4150898623941625,
          "segment_index": 4,
          "static_traversability": "UNKNOWN"
        },
        "startid": 70
      },
      "type": "Feature"
    },
    {
      "geometry": {
        "coordinates": [
          [
            [
              -3.3188351999537256,
              -2.4679793999942152
            ],
            [
              -3.5390012719961845,
              -2.5775007949976145
            ]
          ]
        ],
        "type": "MultiLineString"
      },
      "properties": {
        "endid": 68,
        "id": 247,
        "metadata": {
          "bottleneck": true,
          "canonical_edge_id": 6,
          "length_m": 0.25,
          "min_clearance_m": 0.25,
          "segment_fraction_end": 0.6490539174364975,
          "segment_fraction_start": 0.53207188991533,
          "segment_index": 5,
          "static_traversability": "UNKNOWN"
        },
        "startid": 69
      },
      "type": "Feature"
    },
    {
      "geometry": {
        "coordinates": [
          [
            [
              -3.5390012719961845,
              -2.5775007949976145
            ],
            [
              -3.751000847997456,
              -2.7100005299984096
            ]
          ]
        ],
        "type": "MultiLineString"
      },
      "properties": {
        "endid": 67,
        "id": 248,
        "metadata": {
          "bottleneck": true,
          "canonical_edge_id": 6,
          "length_m": 0.25,
          "min_clearance_m": 0.25,
          "segment_fraction_end": 0.766035944957665,
          "segment_fraction_start": 0.6490539174364975,
          "segment_index": 6,
          "static_traversability": "UNKNOWN"
        },
        "startid": 68
      },
      "type": "Feature"
    },
    {
      "geometry": {
        "coordinates": [
          [
            [
              -3.751000847997456,
              -2.7100005299984096
            ],
            [
              -3.8925002649992053,
              -2.9130004239987275
            ]
          ]
        ],
        "type": "MultiLineString"
      },
      "properties": {
        "endid": 66,
        "id": 249,
        "metadata": {
          "bottleneck": true,
          "canonical_edge_id": 6,
          "length_m": 0.25,
          "min_clearance_m": 0.25,
          "segment_fraction_end": 0.8830179724788325,
          "segment_fraction_start": 0.766035944957665,
          "segment_index": 7,
          "static_traversability": "UNKNOWN"
        },
        "startid": 67
      },
      "type": "Feature"
    },
    {
      "geometry": {
        "coordinates": [
          [
            [
              -3.8925002649992053,
              -2.9130004239987275
            ],
            [
              -4.025,
              -3.1249999999999996
            ]
          ]
        ],
        "type": "MultiLineString"
      },
      "properties": {
        "endid": 3,
        "id": 250,
        "metadata": {
          "bottleneck": true,
          "canonical_edge_id": 6,
          "length_m": 0.25,
          "min_clearance_m": 0.25,
          "segment_fraction_end": 1.0,
          "segment_fraction_start": 0.8830179724788325,
          "segment_index": 8,
          "static_traversability": "UNKNOWN"
        },
        "startid": 66
      },
      "type": "Feature"
    },
    {
      "geometry": {
        "coordinates": [
          [
            [
              -2.2250000000000005,
              -2.6749999999999994
            ],
            [
              -2.1250000000000004,
              -2.8425126110091608
            ]
          ]
        ],
        "type": "MultiLineString"
      },
      "properties": {
        "endid": 78,
        "id": 251,
        "metadata": {
          "bottleneck": true,
          "canonical_edge_id": 7,
          "length_m": 0.19779017478236094,
          "min_clearance_m": 0.22360680997371674,
          "segment_fraction_end": 0.13661522106412538,
          "segment_fraction_start": 0.0,
          "segment_index": 0,
          "static_traversability": "UNKNOWN"
        },
        "startid": 5
      },
      "type": "Feature"
    },
    {
      "geometry": {
        "coordinates": [
          [
            [
              -2.1250000000000004,
              -2.8425126110091608
            ],
            [
              -2.1777184921811146,
              -3.0671747937448908
            ]
          ]
        ],
        "type": "MultiLineString"
      },
      "properties": {
        "endid": 77,
        "id": 252,
        "metadata": {
          "bottleneck": true,
          "canonical_edge_id": 7,
          "length_m": 0.25,
          "min_clearance_m": 0.22360680997371674,
          "segment_fraction_end": 0.30929217685130034,
          "segment_fraction_start": 0.13661522106412538,
          "segment_index": 1,
          "static_traversability": "UNKNOWN"
        },
        "startid": 78
      },
      "type": "Feature"
    },
    {
      "geometry": {
        "coordinates": [
          [
            [
              -2.1777184921811146,
              -3.0671747937448908
            ],
            [
              -2.372935694541872,
              -3.2233485556334966
            ]
          ]
        ],
        "type": "MultiLineString"
      },
      "properties": {
        "endid": 76,
        "id": 253,
        "metadata": {
          "bottleneck": true,
          "canonical_edge_id": 7,
          "length_m": 0.25,
          "min_clearance_m": 0.22360680997371674,
          "segment_fraction_end": 0.4819691326384753,
          "segment_fraction_start": 0.30929217685130034,
          "segment_index": 2,
          "static_traversability": "UNKNOWN"
        },
        "startid": 77
      },
      "type": "Feature"
    },
    {
      "geometry": {
        "coordinates": [
          [
            [
              -2.372935694541872,
              -3.2233485556334966
            ],
            [
              -2.56815289690263,
              -3.379522317522103
            ]
          ]
        ],
        "type": "MultiLineString"
      },
      "properties": {
        "endid": 75,
        "id": 254,
        "metadata": {
          "bottleneck": true,
          "canonical_edge_id": 7,
          "length_m": 0.25,
          "min_clearance_m": 0.22360680997371674,
          "segment_fraction_end": 0.6546460884256502,
          "segment_fraction_start": 0.4819691326384753,
          "segment_index": 3,
          "static_traversability": "UNKNOWN"
        },
        "startid": 76
      },
      "type": "Feature"
    },
    {
      "geometry": {
        "coordinates": [
          [
            [
              -2.56815289690263,
              -3.379522317522103
            ],
            [
              -2.790917705607739,
              -3.4872191396029013
            ]
          ]
        ],
        "type": "MultiLineString"
      },
      "properties": {
        "endid": 74,
        "id": 255,
        "metadata": {
          "bottleneck": true,
          "canonical_edge_id": 7,
          "length_m": 0.25,
          "min_clearance_m": 0.22360680997371674,
          "segment_fraction_end": 0.8273230442128252,
          "segment_fraction_start": 0.6546460884256502,
          "segment_index": 4,
          "static_traversability": "UNKNOWN"
        },
        "startid": 75
      },
      "type": "Feature"
    },
    {
      "geometry": {
        "coordinates": [
          [
            [
              -2.790917705607739,
              -3.4872191396029013
            ],
            [
              -3.0250000000000004,
              -3.5749999999999993
            ]
          ]
        ],
        "type": "MultiLineString"
      },
      "properties": {
        "endid": 4,
        "id": 256,
        "metadata": {
          "bottleneck": true,
          "canonical_edge_id": 7,
          "length_m": 0.25,
          "min_clearance_m": 0.22360680997371674,
          "segment_fraction_end": 1.0000000000000002,
          "segment_fraction_start": 0.8273230442128252,
          "segment_index": 5,
          "static_traversability": "UNKNOWN"
        },
        "startid": 74
      },
      "type": "Feature"
    },
    {
      "geometry": {
        "coordinates": [
          [
            [
              -2.2250000000000005,
              -2.6749999999999994
            ],
            [
              -2.145943058495791,
              -2.437829175487371
            ]
          ]
        ],
        "type": "MultiLineString"
      },
      "properties": {
        "endid": 79,
        "id": 257,
        "metadata": {
          "bottleneck": false,
          "canonical_edge_id": 8,
          "length_m": 0.25,
          "min_clearance_m": 0.4000000059604645,
          "segment_fraction_end": 0.1150566737544702,
          "segment_fraction_start": 0.0,
          "segment_index": 0,
          "static_traversability": "FEASIBLE"
        },
        "startid": 5
      },
      "type": "Feature"
    },
    {
      "geometry": {
        "coordinates": [
          [
            [
              -2.145943058495791,
              -2.437829175487371
            ],
            [
              -2.0181845586639042,
              -2.2254583821294647
            ]
          ]
        ],
        "type": "MultiLineString"
      },
      "properties": {
        "endid": 80,
        "id": 258,
        "metadata": {
          "bottleneck": false,
          "canonical_edge_id": 8,
          "length_m": 0.25,
          "min_clearance_m": 0.4000000059604645,
          "segment_fraction_end": 0.2301133475089404,
          "segment_fraction_start": 0.1150566737544702,
          "segment_index": 1,
          "static_traversability": "FEASIBLE"
        },
        "startid": 79
      },
      "type": "Feature"
    },
    {
      "geometry": {
        "coordinates": [
          [
            [
              -2.0181845586639042,
              -2.2254583821294647
            ],
            [
              -1.8750000000000004,
              -2.0213440293689686
            ]
          ]
        ],
        "type": "MultiLineString"
      },
      "properties": {
        "endid": 81,
        "id": 259,
        "metadata": {
          "bottleneck": false,
          "canonical_edge_id": 8,
          "length_m": 0.25,
          "min_clearance_m": 0.4000000059604645,
          "segment_fraction_end": 0.3451700212634106,
          "segment_fraction_start": 0.2301133475089404,
          "segment_index": 2,
          "static_traversability": "FEASIBLE"
        },
        "startid": 80
      },
      "type": "Feature"
    },
    {
      "geometry": {
        "coordinates": [
          [
            [
              -1.8750000000000004,
              -2.0213440293689686
            ],
            [
              -1.8750000000000004,
              -1.7713440293689686
            ]
          ]
        ],
        "type": "MultiLineString"
      },
      "properties": {
        "endid": 82,
        "id": 260,
        "metadata": {
          "bottleneck": false,
          "canonical_edge_id": 8,
          "length_m": 0.25,
          "min_clearance_m": 0.4000000059604645,
          "segment_fraction_end": 0.4602266950178808,
          "segment_fraction_start": 0.3451700212634106,
          "segment_index": 3,
          "static_traversability": "FEASIBLE"
        },
        "startid": 81
      },
      "type": "Feature"
    },
    {
      "geometry": {
        "coordinates": [
          [
            [
              -1.8750000000000004,
              -1.7713440293689686
            ],
            [
              -1.8750000000000004,
              -1.5213440293689686
            ]
          ]
        ],
        "type": "MultiLineString"
      },
      "properties": {
        "endid": 83,
        "id": 261,
        "metadata": {
          "bottleneck": false,
          "canonical_edge_id": 8,
          "length_m": 0.25,
          "min_clearance_m": 0.4000000059604645,
          "segment_fraction_end": 0.5752833687723511,
          "segment_fraction_start": 0.4602266950178808,
          "segment_index": 4,
          "static_traversability": "FEASIBLE"
        },
        "startid": 82
      },
      "type": "Feature"
    },
    {
      "geometry": {
        "coordinates": [
          [
            [
              -1.8750000000000004,
              -1.5213440293689686
            ],
            [
              -1.8750000000000004,
              -1.2713440293689686
            ]
          ]
        ],
        "type": "MultiLineString"
      },
      "properties": {
        "endid": 84,
        "id": 262,
        "metadata": {
          "bottleneck": false,
          "canonical_edge_id": 8,
          "length_m": 0.25,
          "min_clearance_m": 0.4000000059604645,
          "segment_fraction_end": 0.6903400425268212,
          "segment_fraction_start": 0.5752833687723511,
          "segment_index": 5,
          "static_traversability": "FEASIBLE"
        },
        "startid": 83
      },
      "type": "Feature"
    },
    {
      "geometry": {
        "coordinates": [
          [
            [
              -1.8750000000000004,
              -1.2713440293689686
            ],
            [
              -1.777478904537511,
              -1.0462113249854357
            ]
          ]
        ],
        "type": "MultiLineString"
      },
      "properties": {
        "endid": 85,
        "id": 263,
        "metadata": {
          "bottleneck": false,
          "canonical_edge_id": 8,
          "length_m": 0.25,
          "min_clearance_m": 0.4000000059604645,
          "segment_fraction_end": 0.8053967162812915,
          "segment_fraction_start": 0.6903400425268212,
          "segment_index": 6,
          "static_traversability": "FEASIBLE"
        },
        "startid": 84
      },
      "type": "Feature"
    },
    {
      "geometry": {
        "coordinates": [
          [
            [
              -1.777478904537511,
              -1.0462113249854357
            ],
            [
              -1.6577658718673678,
              -0.8267374317568394
            ]
          ]
        ],
        "type": "MultiLineString"
      },
      "properties": {
        "endid": 86,
        "id": 264,
        "metadata": {
          "bottleneck": false,
          "canonical_edge_id": 8,
          "length_m": 0.25,
          "min_clearance_m": 0.4000000059604645,
          "segment_fraction_end": 0.9204533900357617,
          "segment_fraction_start": 0.8053967162812915,
          "segment_index": 7,
          "static_traversability": "FEASIBLE"
        },
        "startid": 85
      },
      "type": "Feature"
    },
    {
      "geometry": {
        "coordinates": [
          [
            [
              -1.6577658718673678,
              -0.8267374317568394
            ],
            [
              -1.5750000000000002,
              -0.6749999999999992
            ]
          ]
        ],
        "type": "MultiLineString"
      },
      "properties": {
        "endid": 8,
        "id": 265,
        "metadata": {
          "bottleneck": false,
          "canonical_edge_id": 8,
          "length_m": 0.1728422336760529,
          "min_clearance_m": 0.4000000059604645,
          "segment_fraction_end": 0.9999999999999998,
          "segment_fraction_start": 0.9204533900357617,
          "segment_index": 8,
          "static_traversability": "FEASIBLE"
        },
        "startid": 86
      },
      "type": "Feature"
    },
    {
      "geometry": {
        "coordinates": [
          [
            [
              -2.2250000000000005,
              1.4250000000000007
            ],
            [
              -2.453224186072218,
              1.3489252713092614
            ]
          ]
        ],
        "type": "MultiLineString"
      },
      "properties": {
        "endid": 39,
        "id": 266,
        "metadata": {
          "bottleneck": true,
          "canonical_edge_id": 9,
          "length_m": 0.24056941504209517,
          "min_clearance_m": 0.22360680997371674,
          "segment_fraction_end": 0.10736976655444322,
          "segment_fraction_start": 0.0,
          "segment_index": 0,
          "static_traversability": "UNKNOWN"
        },
        "startid": 6
      },
      "type": "Feature"
    },
    {
      "geometry": {
        "coordinates": [
          [
            [
              -2.453224186072218,
              1.3489252713092614
            ],
            [
              -2.6903950105848464,
              1.269868329805052
            ]
          ]
        ],
        "type": "MultiLineString"
      },
      "properties": {
        "endid": 38,
        "id": 267,
        "metadata": {
          "bottleneck": true,
          "canonical_edge_id": 9,
          "length_m": 0.25,
          "min_clearance_m": 0.22360680997371674,
          "segment_fraction_end": 0.21894854573513783,
          "segment_fraction_start": 0.10736976655444322,
          "segment_index": 1,
          "static_traversability": "UNKNOWN"
        },
        "startid": 39
      },
      "type": "Feature"
    },
    {
      "geometry": {
        "coordinates": [
          [
            [
              -2.6903950105848464,
              1.269868329805052
            ],
            [
              -2.927565835097475,
              1.1908113883008427
            ]
          ]
        ],
        "type": "MultiLineString"
      },
      "properties": {
        "endid": 37,
        "id": 268,
        "metadata": {
          "bottleneck": true,
          "canonical_edge_id": 9,
          "length_m": 0.25,
          "min_clearance_m": 0.22360680997371674,
          "segment_fraction_end": 0.3305273249158324,
          "segment_fraction_start": 0.21894854573513783,
          "segment_index": 2,
          "static_traversability": "UNKNOWN"
        },
        "startid": 38
      },
      "type": "Feature"
    },
    {
      "geometry": {
        "coordinates": [
          [
            [
              -2.927565835097475,
              1.1908113883008427
            ],
            [
              -3.1750000000000007,
              1.1750000000000007
            ]
          ]
        ],
        "type": "MultiLineString"
      },
      "properties": {
        "endid": 36,
        "id": 269,
        "metadata": {
          "bottleneck": true,
          "canonical_edge_id": 9,
          "length_m": 0.25,
          "min_clearance_m": 0.22360680997371674,
          "segment_fraction_end": 0.442106104096527,
          "segment_fraction_start": 0.3305273249158324,
          "segment_index": 3,
          "static_traversability": "UNKNOWN"
        },
        "startid": 37
      },
      "type": "Feature"
    },
    {
      "geometry": {
        "coordinates": [
          [
            [
              -3.1750000000000007,
              1.1750000000000007
            ],
            [
              -3.4250000000000007,
              1.1750000000000007
            ]
          ]
        ],
        "type": "MultiLineString"
      },
      "properties": {
        "endid": 35,
        "id": 270,
        "metadata": {
          "bottleneck": true,
          "canonical_edge_id": 9,
          "length_m": 0.25,
          "min_clearance_m": 0.22360680997371674,
          "segment_fraction_end": 0.5536848832772217,
          "segment_fraction_start": 0.442106104096527,
          "segment_index": 4,
          "static_traversability": "UNKNOWN"
        },
        "startid": 36
      },
      "type": "Feature"
    },
    {
      "geometry": {
        "coordinates": [
          [
            [
              -3.4250000000000007,
              1.1750000000000007
            ],
            [
              -3.6750000000000007,
              1.1750000000000007
            ]
          ]
        ],
        "type": "MultiLineString"
      },
      "properties": {
        "endid": 34,
        "id": 271,
        "metadata": {
          "bottleneck": true,
          "canonical_edge_id": 9,
          "length_m": 0.25,
          "min_clearance_m": 0.22360680997371674,
          "segment_fraction_end": 0.6652636624579162,
          "segment_fraction_start": 0.5536848832772217,
          "segment_index": 5,
          "static_traversability": "UNKNOWN"
        },
        "startid": 35
      },
      "type": "Feature"
    },
    {
      "geometry": {
        "coordinates": [
          [
            [
              -3.6750000000000007,
              1.1750000000000007
            ],
            [
              -3.9250000000000007,
              1.1750000000000007
            ]
          ]
        ],
        "type": "MultiLineString"
      },
      "properties": {
        "endid": 33,
        "id": 272,
        "metadata": {
          "bottleneck": true,
          "canonical_edge_id": 9,
          "length_m": 0.25,
          "min_clearance_m": 0.22360680997371674,
          "segment_fraction_end": 0.7768424416386108,
          "segment_fraction_start": 0.6652636624579162,
          "segment_index": 6,
          "static_traversability": "UNKNOWN"
        },
        "startid": 34
      },
      "type": "Feature"
    },
    {
      "geometry": {
        "coordinates": [
          [
            [
              -3.9250000000000007,
              1.1750000000000007
            ],
            [
              -4.175000000000001,
              1.1750000000000007
            ]
          ]
        ],
        "type": "MultiLineString"
      },
      "properties": {
        "endid": 32,
        "id": 273,
        "metadata": {
          "bottleneck": true,
          "canonical_edge_id": 9,
          "length_m": 0.25,
          "min_clearance_m": 0.22360680997371674,
          "segment_fraction_end": 0.8884212208193054,
          "segment_fraction_start": 0.7768424416386108,
          "segment_index": 7,
          "static_traversability": "UNKNOWN"
        },
        "startid": 33
      },
      "type": "Feature"
    },
    {
      "geometry": {
        "coordinates": [
          [
            [
              -4.175000000000001,
              1.1750000000000007
            ],
            [
              -4.425000000000001,
              1.1750000000000007
            ]
          ]
        ],
        "type": "MultiLineString"
      },
      "properties": {
        "endid": 0,
        "id": 274,
        "metadata": {
          "bottleneck": true,
          "canonical_edge_id": 9,
          "length_m": 0.25,
          "min_clearance_m": 0.22360680997371674,
          "segment_fraction_end": 1.0,
          "segment_fraction_start": 0.8884212208193054,
          "segment_index": 8,
          "static_traversability": "UNKNOWN"
        },
        "startid": 32
      },
      "type": "Feature"
    },
    {
      "geometry": {
        "coordinates": [
          [
            [
              -2.2250000000000005,
              1.4250000000000003
            ],
            [
              -2.1327960848601055,
              1.6401424686597548
            ]
          ]
        ],
        "type": "MultiLineString"
      },
      "properties": {
        "endid": 56,
        "id": 275,
        "metadata": {
          "bottleneck": true,
          "canonical_edge_id": 10,
          "length_m": 0.23406803239258966,
          "min_clearance_m": 0.22360680997371674,
          "segment_fraction_end": 0.05219992888192122,
          "segment_fraction_start": 0.0,
          "segment_index": 0,
          "static_traversability": "UNKNOWN"
        },
        "startid": 6
      },
      "type": "Feature"
    },
    {
      "geometry": {
        "coordinates": [
          [
            [
              -2.1327960848601055,
              1.6401424686597548
            ],
            [
              -2.0781282421323435,
              1.8782319903673297
            ]
          ]
        ],
        "type": "MultiLineString"
      },
      "properties": {
        "endid": 55,
        "id": 276,
        "metadata": {
          "bottleneck": true,
          "canonical_edge_id": 10,
          "length_m": 0.25,
          "min_clearance_m": 0.22360680997371674,
          "segment_fraction_end": 0.1079528742418082,
          "segment_fraction_start": 0.05219992888192122,
          "segment_index": 1,
          "static_traversability": "UNKNOWN"
        },
        "startid": 56
      },
      "type": "Feature"
    },
    {
      "geometry": {
        "coordinates": [
          [
            [
              -2.0781282421323435,
              1.8782319903673297
            ],
            [
              -2.0857005237925357,
              2.128117285153675
            ]
          ]
        ],
        "type": "MultiLineString"
      },
      "properties": {
        "endid": 54,
        "id": 277,
        "metadata": {
          "bottleneck": true,
          "canonical_edge_id": 10,
          "length_m": 0.25,
          "min_clearance_m": 0.22360680997371674,
          "segment_fraction_end": 0.16370581960169517,
          "segment_fraction_start": 0.1079528742418082,
          "segment_index": 2,
          "static_traversability": "UNKNOWN"
        },
        "startid": 55
      },
      "type": "Feature"
    },
    {
      "geometry": {
        "coordinates": [
          [
            [
              -2.0857005237925357,
              2.128117285153675
            ],
            [
              -2.0932728054527283,
              2.3780025799400204
            ]
          ]
        ],
        "type": "MultiLineString"
      },
      "properties": {
        "endid": 53,
        "id": 278,
        "metadata": {
          "bottleneck": true,
          "canonical_edge_id": 10,
          "length_m": 0.25,
          "min_clearance_m": 0.22360680997371674,
          "segment_fraction_end": 0.21945876496158215,
          "segment_fraction_start": 0.16370581960169517,
          "segment_index": 3,
          "static_traversability": "UNKNOWN"
        },
        "startid": 54
      },
      "type": "Feature"
    },
    {
      "geometry": {
        "coordinates": [
          [
            [
              -2.0932728054527283,
              2.3780025799400204
            ],
            [
              -2.1008450871129205,
              2.627887874726366
            ]
          ]
        ],
        "type": "MultiLineString"
      },
      "properties": {
        "endid": 52,
        "id": 279,
        "metadata": {
          "bottleneck": true,
          "canonical_edge_id": 10,
          "length_m": 0.25,
          "min_clearance_m": 0.22360680997371674,
          "segment_fraction_end": 0.2752117103214691,
          "segment_fraction_start": 0.21945876496158215,
          "segment_index": 4,
          "static_traversability": "UNKNOWN"
        },
        "startid": 53
      },
      "type": "Feature"
    },
    {
      "geometry": {
        "coordinates": [
          [
            [
              -2.1008450871129205,
              2.627887874726366
            ],
            [
              -2.1084173687731127,
              2.877773169512711
            ]
          ]
        ],
        "type": "MultiLineString"
      },
      "properties": {
        "endid": 51,
        "id": 280,
        "metadata": {
          "bottleneck": true,
          "canonical_edge_id": 10,
          "length_m": 0.25,
          "min_clearance_m": 0.22360680997371674,
          "segment_fraction_end": 0.3309646556813561,
          "segment_fraction_start": 0.2752117103214691,
          "segment_index": 5,
          "static_traversability": "UNKNOWN"
        },
        "startid": 52
      },
      "type": "Feature"
    },
    {
      "geometry": {
        "coordinates": [
          [
            [
              -2.1084173687731127,
              2.877773169512711
            ],
            [
              -2.1159896504333053,
              3.1276584642990564
            ]
          ]
        ],
        "type": "MultiLineString"
      },
      "properties": {
        "endid": 50,
        "id": 281,
        "metadata": {
          "bottleneck": true,
          "canonical_edge_id": 10,
          "length_m": 0.25,
          "min_clearance_m": 0.22360680997371674,
          "segment_fraction_end": 0.3867176010412431,
          "segment_fraction_start": 0.3309646556813561,
          "segment_index": 6,
          "static_traversability": "UNKNOWN"
        },
        "startid": 51
      },
      "type": "Feature"
    },
    {
      "geometry": {
        "coordinates": [
          [
            [
              -2.1159896504333053,
              3.1276584642990564
            ],
            [
              -2.1235619320934975,
              3.377543759085402
            ]
          ]
        ],
        "type": "MultiLineString"
      },
      "properties": {
        "endid": 49,
        "id": 282,
        "metadata": {
          "bottleneck": true,
          "canonical_edge_id": 10,
          "length_m": 0.25,
          "min_clearance_m": 0.22360680997371674,
          "segment_fraction_end": 0.44247054640113004,
          "segment_fraction_start": 0.3867176010412431,
          "segment_index": 7,
          "static_traversability": "UNKNOWN"
        },
        "startid": 50
      },
      "type": "Feature"
    },
    {
      "geometry": {
        "coordinates": [
          [
            [
              -2.1235619320934975,
              3.377543759085402
            ],
            [
              -2.2870175801419816,
              3.546513185106487
            ]
          ]
        ],
        "type": "MultiLineString"
      },
      "properties": {
        "endid": 48,
        "id": 283,
        "metadata": {
          "bottleneck": true,
          "canonical_edge_id": 10,
          "length_m": 0.25,
          "min_clearance_m": 0.22360680997371674,
          "segment_fraction_end": 0.49822349176101705,
          "segment_fraction_start": 0.44247054640113004,
          "segment_index": 8,
          "static_traversability": "UNKNOWN"
        },
        "startid": 49
      },
      "type": "Feature"
    },
    {
      "geometry": {
        "coordinates": [
          [
            [
              -2.2870175801419816,
              3.546513185106487
            ],
            [
              -2.4870175801419814,
              3.696513185106487
            ]
          ]
        ],
        "type": "MultiLineString"
      },
      "properties": {
        "endid": 47,
        "id": 284,
        "metadata": {
          "bottleneck": true,
          "canonical_edge_id": 10,
          "length_m": 0.25,
          "min_clearance_m": 0.22360680997371674,
          "segment_fraction_end": 0.553976437120904,
          "segment_fraction_start": 0.49822349176101705,
          "segment_index": 9,
          "static_traversability": "UNKNOWN"
        },
        "startid": 48
      },
      "type": "Feature"
    },
    {
      "geometry": {
        "coordinates": [
          [
            [
              -2.4870175801419814,
              3.696513185106487
            ],
            [
              -2.7130369333443305,
              3.800214773337733
            ]
          ]
        ],
        "type": "MultiLineString"
      },
      "properties": {
        "endid": 46,
        "id": 285,
        "metadata": {
          "bottleneck": true,
          "canonical_edge_id": 10,
          "length_m": 0.25,
          "min_clearance_m": 0.22360680997371674,
          "segment_fraction_end": 0.609729382480791,
          "segment_fraction_start": 0.553976437120904,
          "segment_index": 10,
          "static_traversability": "UNKNOWN"
        },
        "startid": 47
      },
      "type": "Feature"
    },
    {
      "geometry": {
        "coordinates": [
          [
            [
              -2.7130369333443305,
              3.800214773337733
            ],
            [
              -2.945156106065645,
              3.8930624424262588
            ]
          ]
        ],
        "type": "MultiLineString"
      },
      "properties": {
        "endid": 45,
        "id": 286,
        "metadata": {
          "bottleneck": true,
          "canonical_edge_id": 10,
          "length_m": 0.25,
          "min_clearance_m": 0.22360680997371674,
          "segment_fraction_end": 0.665482327840678,
          "segment_fraction_start": 0.609729382480791,
          "segment_index": 11,
          "static_traversability": "UNKNOWN"
        },
        "startid": 46
      },
      "type": "Feature"
    },
    {
      "geometry": {
        "coordinates": [
          [
            [
              -2.945156106065645,
              3.8930624424262588
            ],
            [
              -3.1890054944640265,
              3.9250000000000007
            ]
          ]
        ],
        "type": "MultiLineString"
      },
      "properties": {
        "endid": 44,
        "id": 287,
        "metadata": {
          "bottleneck": true,
          "canonical_edge_id": 10,
          "length_m": 0.25,
          "min_clearance_m": 0.22360680997371674,
          "segment_fraction_end": 0.7212352732005649,
          "segment_fraction_start": 0.665482327840678,
          "segment_index": 12,
          "static_traversability": "UNKNOWN"
        },
        "startid": 45
      },
      "type": "Feature"
    },
    {
      "geometry": {
        "coordinates": [
          [
            [
              -3.1890054944640265,
              3.9250000000000007
            ],
            [
              -3.4390054944640265,
              3.9250000000000007
            ]
          ]
        ],
        "type": "MultiLineString"
      },
      "properties": {
        "endid": 43,
        "id": 288,
        "metadata": {
          "bottleneck": true,
          "canonical_edge_id": 10,
          "length_m": 0.25,
          "min_clearance_m": 0.22360680997371674,
          "segment_fraction_end": 0.7769882185604519,
          "segment_fraction_start": 0.7212352732005649,
          "segment_index": 13,
          "static_traversability": "UNKNOWN"
        },
        "startid": 44
      },
      "type": "Feature"
    },
    {
      "geometry": {
        "coordinates": [
          [
            [
              -3.4390054944640265,
              3.9250000000000007
            ],
            [
              -3.6890054944640265,
              3.9250000000000007
            ]
          ]
        ],
        "type": "MultiLineString"
      },
      "properties": {
        "endid": 42,
        "id": 289,
        "metadata": {
          "bottleneck": true,
          "canonical_edge_id": 10,
          "length_m": 0.25,
          "min_clearance_m": 0.22360680997371674,
          "segment_fraction_end": 0.8327411639203389,
          "segment_fraction_start": 0.7769882185604519,
          "segment_index": 14,
          "static_traversability": "UNKNOWN"
        },
        "startid": 43
      },
      "type": "Feature"
    },
    {
      "geometry": {
        "coordinates": [
          [
            [
              -3.6890054944640265,
              3.9250000000000007
            ],
            [
              -3.9390054944640265,
              3.9250000000000007
            ]
          ]
        ],
        "type": "MultiLineString"
      },
      "properties": {
        "endid": 41,
        "id": 290,
        "metadata": {
          "bottleneck": true,
          "canonical_edge_id": 10,
          "length_m": 0.25,
          "min_clearance_m": 0.22360680997371674,
          "segment_fraction_end": 0.8884941092802259,
          "segment_fraction_start": 0.8327411639203389,
          "segment_index": 15,
          "static_traversability": "UNKNOWN"
        },
        "startid": 42
      },
      "type": "Feature"
    },
    {
      "geometry": {
        "coordinates": [
          [
            [
              -3.9390054944640265,
              3.9250000000000007
            ],
            [
              -4.184619013089795,
              3.8936802819743455
            ]
          ]
        ],
        "type": "MultiLineString"
      },
      "properties": {
        "endid": 40,
        "id": 291,
        "metadata": {
          "bottleneck": true,
          "canonical_edge_id": 10,
          "length_m": 0.25,
          "min_clearance_m": 0.22360680997371674,
          "segment_fraction_end": 0.9442470546401128,
          "segment_fraction_start": 0.8884941092802259,
          "segment_index": 16,
          "static_traversability": "UNKNOWN"
        },
        "startid": 41
      },
      "type": "Feature"
    },
    {
      "geometry": {
        "coordinates": [
          [
            [
              -4.184619013089795,
              3.8936802819743455
            ],
            [
              -4.425000000000001,
              3.825000000000001
            ]
          ]
        ],
        "type": "MultiLineString"
      },
      "properties": {
        "endid": 1,
        "id": 292,
        "metadata": {
          "bottleneck": true,
          "canonical_edge_id": 10,
          "length_m": 0.25,
          "min_clearance_m": 0.22360680997371674,
          "segment_fraction_end": 0.9999999999999998,
          "segment_fraction_start": 0.9442470546401128,
          "segment_index": 17,
          "static_traversability": "UNKNOWN"
        },
        "startid": 40
      },
      "type": "Feature"
    },
    {
      "geometry": {
        "coordinates": [
          [
            [
              -2.2250000000000005,
              1.4250000000000007
            ],
            [
              -2.113196601125011,
              1.2013932022500218
            ]
          ]
        ],
        "type": "MultiLineString"
      },
      "properties": {
        "endid": 87,
        "id": 293,
        "metadata": {
          "bottleneck": true,
          "canonical_edge_id": 11,
          "length_m": 0.25,
          "min_clearance_m": 0.3499999940395355,
          "segment_fraction_end": 0.13460738408957706,
          "segment_fraction_start": 0.0,
          "segment_index": 0,
          "static_traversability": "FEASIBLE"
        },
        "startid": 6
      },
      "type": "Feature"
    },
    {
      "geometry": {
        "coordinates": [
          [
            [
              -2.113196601125011,
              1.2013932022500218
            ],
            [
              -2.0013932022500214,
              0.9777864045000428
            ]
          ]
        ],
        "type": "MultiLineString"
      },
      "properties": {
        "endid": 88,
        "id": 294,
        "metadata": {
          "bottleneck": true,
          "canonical_edge_id": 11,
          "length_m": 0.25,
          "min_clearance_m": 0.3499999940395355,
          "segment_fraction_end": 0.26921476817915413,
          "segment_fraction_start": 0.13460738408957706,
          "segment_index": 1,
          "static_traversability": "FEASIBLE"
        },
        "startid": 87
      },
      "type": "Feature"
    },
    {
      "geometry": {
        "coordinates": [
          [
            [
              -2.0013932022500214,
              0.9777864045000428
            ],
            [
              -1.944203875413258,
              0.7481844983469704
            ]
          ]
        ],
        "type": "MultiLineString"
      },
      "properties": {
        "endid": 89,
        "id": 295,
        "metadata": {
          "bottleneck": true,
          "canonical_edge_id": 11,
          "length_m": 0.25,
          "min_clearance_m": 0.3499999940395355,
          "segment_fraction_end": 0.40382215226873125,
          "segment_fraction_start": 0.26921476817915413,
          "segment_index": 2,
          "static_traversability": "FEASIBLE"
        },
        "startid": 88
      },
      "type": "Feature"
    },
    {
      "geometry": {
        "coordinates": [
          [
            [
              -1.944203875413258,
              0.7481844983469704
            ],
            [
              -1.90675838252177,
              0.5226375737826549
            ]
          ]
        ],
        "type": "MultiLineString"
      },
      "properties": {
        "endid": 90,
        "id": 296,
        "metadata": {
          "bottleneck": true,
          "canonical_edge_id": 11,
          "length_m": 0.25,
          "min_clearance_m": 0.3499999940395355,
          "segment_fraction_end": 0.5384295363583083,
          "segment_fraction_start": 0.40382215226873125,
          "segment_index": 3,
          "static_traversability": "FEASIBLE"
        },
        "startid": 89
      },
      "type": "Feature"
    },
    {
      "geometry": {
        "coordinates": [
          [
            [
              -1.90675838252177,
              0.5226375737826549
            ],
            [
              -1.8750000000000004,
              0.2822532383040204
            ]
          ]
        ],
        "type": "MultiLineString"
      },
      "properties": {
        "endid": 91,
        "id": 297,
        "metadata": {
          "bottleneck": true,
          "canonical_edge_id": 11,
          "length_m": 0.25,
          "min_clearance_m": 0.3499999940395355,
          "segment_fraction_end": 0.6730369204478854,
          "segment_fraction_start": 0.5384295363583083,
          "segment_index": 4,
          "static_traversability": "FEASIBLE"
        },
        "startid": 90
      },
      "type": "Feature"
    },
    {
      "geometry": {
        "coordinates": [
          [
            [
              -1.8750000000000004,
              0.2822532383040204
            ],
            [
              -1.8750000000000004,
              0.03225323830402038
            ]
          ]
        ],
        "type": "MultiLineString"
      },
      "properties": {
        "endid": 92,
        "id": 298,
        "metadata": {
          "bottleneck": true,
          "canonical_edge_id": 11,
          "length_m": 0.25,
          "min_clearance_m": 0.3499999940395355,
          "segment_fraction_end": 0.8076443045374625,
          "segment_fraction_start": 0.6730369204478854,
          "segment_index": 5,
          "static_traversability": "FEASIBLE"
        },
        "startid": 91
      },
      "type": "Feature"
    },
    {
      "geometry": {
        "coordinates": [
          [
            [
              -1.8750000000000004,
              0.03225323830402038
            ],
            [
              -1.8750000000000004,
              -0.21774676169597962
            ]
          ]
        ],
        "type": "MultiLineString"
      },
      "properties": {
        "endid": 93,
        "id": 299,
        "metadata": {
          "bottleneck": true,
          "canonical_edge_id": 11,
          "length_m": 0.25,
          "min_clearance_m": 0.3499999940395355,
          "segment_fraction_end": 0.9422516886270396,
          "segment_fraction_start": 0.8076443045374625,
          "segment_index": 6,
          "static_traversability": "FEASIBLE"
        },
        "startid": 92
      },
      "type": "Feature"
    },
    {
      "geometry": {
        "coordinates": [
          [
            [
              -1.8750000000000004,
              -0.21774676169597962
            ],
            [
              -1.8750000000000004,
              -0.3249999999999993
            ]
          ]
        ],
        "type": "MultiLineString"
      },
      "properties": {
        "endid": 7,
        "id": 300,
        "metadata": {
          "bottleneck": true,
          "canonical_edge_id": 11,
          "length_m": 0.10725323830401967,
          "min_clearance_m": 0.3499999940395355,
          "segment_fraction_end": 1.0,
          "segment_fraction_start": 0.9422516886270396,
          "segment_index": 7,
          "static_traversability": "FEASIBLE"
        },
        "startid": 93
      },
      "type": "Feature"
    },
    {
      "geometry": {
        "coordinates": [
          [
            [
              -1.8750000000000004,
              -0.3249999999999993
            ],
            [
              -1.9703620696893394,
              -0.31864252868737675
            ]
          ]
        ],
        "type": "MultiLineString"
      },
      "properties": {
        "endid": 65,
        "id": 301,
        "metadata": {
          "bottleneck": true,
          "canonical_edge_id": 12,
          "length_m": 0.09557375045965877,
          "min_clearance_m": 0.2692582309246063,
          "segment_fraction_end": 0.0407464273681138,
          "segment_fraction_start": 0.0,
          "segment_index": 0,
          "static_traversability": "UNKNOWN"
        },
        "startid": 7
      },
      "type": "Feature"
    },
    {
      "geometry": {
        "coordinates": [
          [
            [
              -1.9703620696893394,
              -0.31864252868737675
            ],
            [
              -2.2198083591534914,
              -0.3020127760564333
            ]
          ]
        ],
        "type": "MultiLineString"
      },
      "properties": {
        "endid": 64,
        "id": 302,
        "metadata": {
          "bottleneck": true,
          "canonical_edge_id": 12,
          "length_m": 0.25,
          "min_clearance_m": 0.2692582309246063,
          "segment_fraction_end": 0.1473301576605456,
          "segment_fraction_start": 0.0407464273681138,
          "segment_index": 1,
          "static_traversability": "UNKNOWN"
        },
        "startid": 65
      },
      "type": "Feature"
    },
    {
      "geometry": {
        "coordinates": [
          [
            [
              -2.2198083591534914,
              -0.3020127760564333
            ],
            [
              -2.469254648617644,
              -0.2853830234254899
            ]
          ]
        ],
        "type": "MultiLineString"
      },
      "properties": {
        "endid": 63,
        "id": 303,
        "metadata": {
          "bottleneck": true,
          "canonical_edge_id": 12,
          "length_m": 0.25,
          "min_clearance_m": 0.2692582309246063,
          "segment_fraction_end": 0.2539138879529774,
          "segment_fraction_start": 0.1473301576605456,
          "segment_index": 2,
          "static_traversability": "UNKNOWN"
        },
        "startid": 64
      },
      "type": "Feature"
    },
    {
      "geometry": {
        "coordinates": [
          [
            [
              -2.469254648617644,
              -0.2853830234254899
            ],
            [
              -2.711315927700229,
              -0.31199254044295444
            ]
          ]
        ],
        "type": "MultiLineString"
      },
      "properties": {
        "endid": 62,
        "id": 304,
        "metadata": {
          "bottleneck": true,
          "canonical_edge_id": 12,
          "length_m": 0.25,
          "min_clearance_m": 0.2692582309246063,
          "segment_fraction_end": 0.3604976182454092,
          "segment_fraction_start": 0.2539138879529774,
          "segment_index": 3,
          "static_traversability": "UNKNOWN"
        },
        "startid": 63
      },
      "type": "Feature"
    },
    {
      "geometry": {
        "coordinates": [
          [
            [
              -2.711315927700229,
              -0.31199254044295444
            ],
            [
              -2.9411021852047434,
              -0.41047236508774604
            ]
          ]
        ],
        "type": "MultiLineString"
      },
      "properties": {
        "endid": 61,
        "id": 305,
        "metadata": {
          "bottleneck": true,
          "canonical_edge_id": 12,
          "length_m": 0.25,
          "min_clearance_m": 0.2692582309246063,
          "segment_fraction_end": 0.467081348537841,
          "segment_fraction_start": 0.3604976182454092,
          "segment_index": 4,
          "static_traversability": "UNKNOWN"
        },
        "startid": 62
      },
      "type": "Feature"
    },
    {
      "geometry": {
        "coordinates": [
          [
            [
              -2.9411021852047434,
              -0.41047236508774604
            ],
            [
              -3.188120276247819,
              -0.42499999999999893
            ]
          ]
        ],
        "type": "MultiLineString"
      },
      "properties": {
        "endid": 60,
        "id": 306,
        "metadata": {
          "bottleneck": true,
          "canonical_edge_id": 12,
          "length_m": 0.25,
          "min_clearance_m": 0.2692582309246063,
          "segment_fraction_end": 0.5736650788302728,
          "segment_fraction_start": 0.467081348537841,
          "segment_index": 5,
          "static_traversability": "UNKNOWN"
        },
        "startid": 61
      },
      "type": "Feature"
    },
    {
      "geometry": {
        "coordinates": [
          [
            [
              -3.188120276247819,
              -0.42499999999999893
            ],
            [
              -3.438120276247819,
              -0.42499999999999893
            ]
          ]
        ],
        "type": "MultiLineString"
      },
      "properties": {
        "endid": 59,
        "id": 307,
        "metadata": {
          "bottleneck": true,
          "canonical_edge_id": 12,
          "length_m": 0.25,
          "min_clearance_m": 0.2692582309246063,
          "segment_fraction_end": 0.6802488091227046,
          "segment_fraction_start": 0.5736650788302728,
          "segment_index": 6,
          "static_traversability": "UNKNOWN"
        },
        "startid": 60
      },
      "type": "Feature"
    },
    {
      "geometry": {
        "coordinates": [
          [
            [
              -3.438120276247819,
              -0.42499999999999893
            ],
            [
              -3.6578427124746193,
              -0.3249999999999993
            ]
          ]
        ],
        "type": "MultiLineString"
      },
      "properties": {
        "endid": 58,
        "id": 308,
        "metadata": {
          "bottleneck": true,
          "canonical_edge_id": 12,
          "length_m": 0.25,
          "min_clearance_m": 0.2692582309246063,
          "segment_fraction_end": 0.7868325394151364,
          "segment_fraction_start": 0.6802488091227046,
          "segment_index": 7,
          "static_traversability": "UNKNOWN"
        },
        "startid": 59
      },
      "type": "Feature"
    },
    {
      "geometry": {
        "coordinates": [
          [
            [
              -3.6578427124746193,
              -0.3249999999999993
            ],
            [
              -3.8982233047033636,
              -0.3482233047033624
            ]
          ]
        ],
        "type": "MultiLineString"
      },
      "properties": {
        "endid": 57,
        "id": 309,
        "metadata": {
          "bottleneck": true,
          "canonical_edge_id": 12,
          "length_m": 0.25,
          "min_clearance_m": 0.2692582309246063,
          "segment_fraction_end": 0.8934162697075682,
          "segment_fraction_start": 0.7868325394151364,
          "segment_index": 8,
          "static_traversability": "UNKNOWN"
        },
        "startid": 58
      },
      "type": "Feature"
    },
    {
      "geometry": {
        "coordinates": [
          [
            [
              -3.8982233047033636,
              -0.3482233047033624
            ],
            [
              -4.075,
              -0.5249999999999995
            ]
          ]
        ],
        "type": "MultiLineString"
      },
      "properties": {
        "endid": 2,
        "id": 310,
        "metadata": {
          "bottleneck": true,
          "canonical_edge_id": 12,
          "length_m": 0.25,
          "min_clearance_m": 0.2692582309246063,
          "segment_fraction_end": 1.0,
          "segment_fraction_start": 0.8934162697075682,
          "segment_index": 9,
          "static_traversability": "UNKNOWN"
        },
        "startid": 57
      },
      "type": "Feature"
    },
    {
      "geometry": {
        "coordinates": [
          [
            [
              -1.8750000000000004,
              -0.3249999999999993
            ],
            [
              -1.8750000000000004,
              -0.21774676169597962
            ]
          ]
        ],
        "type": "MultiLineString"
      },
      "properties": {
        "endid": 93,
        "id": 311,
        "metadata": {
          "bottleneck": true,
          "canonical_edge_id": 13,
          "length_m": 0.10725323830401967,
          "min_clearance_m": 0.3499999940395355,
          "segment_fraction_end": 0.057748311372960465,
          "segment_fraction_start": 0.0,
          "segment_index": 0,
          "static_traversability": "FEASIBLE"
        },
        "startid": 7
      },
      "type": "Feature"
    },
    {
      "geometry": {
        "coordinates": [
          [
            [
              -1.8750000000000004,
              -0.21774676169597962
            ],
            [
              -1.8750000000000004,
              0.03225323830402038
            ]
          ]
        ],
        "type": "MultiLineString"
      },
      "properties": {
        "endid": 92,
        "id": 312,
        "metadata": {
          "bottleneck": true,
          "canonical_edge_id": 13,
          "length_m": 0.25,
          "min_clearance_m": 0.3499999940395355,
          "segment_fraction_end": 0.19235569546253753,
          "segment_fraction_start": 0.057748311372960465,
          "segment_index": 1,
          "static_traversability": "FEASIBLE"
        },
        "startid": 93
      },
      "type": "Feature"
    },
    {
      "geometry": {
        "coordinates": [
          [
            [
              -1.8750000000000004,
              0.03225323830402038
            ],
            [
              -1.8750000000000004,
              0.2822532383040204
            ]
          ]
        ],
        "type": "MultiLineString"
      },
      "properties": {
        "endid": 91,
        "id": 313,
        "metadata": {
          "bottleneck": true,
          "canonical_edge_id": 13,
          "length_m": 0.25,
          "min_clearance_m": 0.3499999940395355,
          "segment_fraction_end": 0.3269630795521146,
          "segment_fraction_start": 0.19235569546253753,
          "segment_index": 2,
          "static_traversability": "FEASIBLE"
        },
        "startid": 92
      },
      "type": "Feature"
    },
    {
      "geometry": {
        "coordinates": [
          [
            [
              -1.8750000000000004,
              0.2822532383040204
            ],
            [
              -1.90675838252177,
              0.5226375737826549
            ]
          ]
        ],
        "type": "MultiLineString"
      },
      "properties": {
        "endid": 90,
        "id": 314,
        "metadata": {
          "bottleneck": true,
          "canonical_edge_id": 13,
          "length_m": 0.25,
          "min_clearance_m": 0.3499999940395355,
          "segment_fraction_end": 0.4615704636416917,
          "segment_fraction_start": 0.3269630795521146,
          "segment_index": 3,
          "static_traversability": "FEASIBLE"
        },
        "startid": 91
      },
      "type": "Feature"
    },
    {
      "geometry": {
        "coordinates": [
          [
            [
              -1.90675838252177,
              0.5226375737826549
            ],
            [
              -1.944203875413258,
              0.7481844983469704
            ]
          ]
        ],
        "type": "MultiLineString"
      },
      "properties": {
        "endid": 89,
        "id": 315,
        "metadata": {
          "bottleneck": true,
          "canonical_edge_id": 13,
          "length_m": 0.25,
          "min_clearance_m": 0.3499999940395355,
          "segment_fraction_end": 0.5961778477312688,
          "segment_fraction_start": 0.4615704636416917,
          "segment_index": 4,
          "static_traversability": "FEASIBLE"
        },
        "startid": 90
      },
      "type": "Feature"
    },
    {
      "geometry": {
        "coordinates": [
          [
            [
              -1.944203875413258,
              0.7481844983469704
            ],
            [
              -2.0013932022500214,
              0.9777864045000428
            ]
          ]
        ],
        "type": "MultiLineString"
      },
      "properties": {
        "endid": 88,
        "id": 316,
        "metadata": {
          "bottleneck": true,
          "canonical_edge_id": 13,
          "length_m": 0.25,
          "min_clearance_m": 0.3499999940395355,
          "segment_fraction_end": 0.7307852318208459,
          "segment_fraction_start": 0.5961778477312688,
          "segment_index": 5,
          "static_traversability": "FEASIBLE"
        },
        "startid": 89
      },
      "type": "Feature"
    },
    {
      "geometry": {
        "coordinates": [
          [
            [
              -2.0013932022500214,
              0.9777864045000428
            ],
            [
              -2.113196601125011,
              1.2013932022500218
            ]
          ]
        ],
        "type": "MultiLineString"
      },
      "properties": {
        "endid": 87,
        "id": 317,
        "metadata": {
          "bottleneck": true,
          "canonical_edge_id": 13,
          "length_m": 0.25,
          "min_clearance_m": 0.3499999940395355,
          "segment_fraction_end": 0.8653926159104229,
          "segment_fraction_start": 0.7307852318208459,
          "segment_index": 6,
          "static_traversability": "FEASIBLE"
        },
        "startid": 88
      },
      "type": "Feature"
    },
    {
      "geometry": {
        "coordinates": [
          [
            [
              -2.113196601125011,
              1.2013932022500218
            ],
            [
              -2.2250000000000005,
              1.4250000000000007
            ]
          ]
        ],
        "type": "MultiLineString"
      },
      "properties": {
        "endid": 6,
        "id": 318,
        "metadata": {
          "bottleneck": true,
          "canonical_edge_id": 13,
          "length_m": 0.25,
          "min_clearance_m": 0.3499999940395355,
          "segment_fraction_end": 1.0,
          "segment_fraction_start": 0.8653926159104229,
          "segment_index": 7,
          "static_traversability": "FEASIBLE"
        },
        "startid": 87
      },
      "type": "Feature"
    },
    {
      "geometry": {
        "coordinates": [
          [
            [
              -1.8750000000000004,
              -0.3249999999999993
            ],
            [
              -1.7123021566360082,
              -0.5148141505913233
            ]
          ]
        ],
        "type": "MultiLineString"
      },
      "properties": {
        "endid": 94,
        "id": 319,
        "metadata": {
          "bottleneck": false,
          "canonical_edge_id": 14,
          "length_m": 0.25,
          "min_clearance_m": 0.5656854510307312,
          "segment_fraction_end": 0.5423261445466405,
          "segment_fraction_start": 0.0,
          "segment_index": 0,
          "static_traversability": "FEASIBLE"
        },
        "startid": 7
      },
      "type": "Feature"
    },
    {
      "geometry": {
        "coordinates": [
          [
            [
              -1.7123021566360082,
              -0.5148141505913233
            ],
            [
              -1.5750000000000002,
              -0.6749999999999989
            ]
          ]
        ],
        "type": "MultiLineString"
      },
      "properties": {
        "endid": 8,
        "id": 320,
        "metadata": {
          "bottleneck": false,
          "canonical_edge_id": 14,
          "length_m": 0.21097722286464426,
          "min_clearance_m": 0.5656854510307312,
          "segment_fraction_end": 1.0,
          "segment_fraction_start": 0.5423261445466405,
          "segment_index": 1,
          "static_traversability": "FEASIBLE"
        },
        "startid": 94
      },
      "type": "Feature"
    },
    {
      "geometry": {
        "coordinates": [
          [
            [
              -1.5750000000000002,
              -0.6749999999999992
            ],
            [
              -1.6577658718673678,
              -0.8267374317568394
            ]
          ]
        ],
        "type": "MultiLineString"
      },
      "properties": {
        "endid": 86,
        "id": 321,
        "metadata": {
          "bottleneck": false,
          "canonical_edge_id": 15,
          "length_m": 0.1728422336760529,
          "min_clearance_m": 0.4000000059604645,
          "segment_fraction_end": 0.0795466099642381,
          "segment_fraction_start": 0.0,
          "segment_index": 0,
          "static_traversability": "FEASIBLE"
        },
        "startid": 8
      },
      "type": "Feature"
    },
    {
      "geometry": {
        "coordinates": [
          [
            [
              -1.6577658718673678,
              -0.8267374317568394
            ],
            [
              -1.777478904537511,
              -1.0462113249854357
            ]
          ]
        ],
        "type": "MultiLineString"
      },
      "properties": {
        "endid": 85,
        "id": 322,
        "metadata": {
          "bottleneck": false,
          "canonical_edge_id": 15,
          "length_m": 0.25,
          "min_clearance_m": 0.4000000059604645,
          "segment_fraction_end": 0.1946032837187083,
          "segment_fraction_start": 0.0795466099642381,
          "segment_index": 1,
          "static_traversability": "FEASIBLE"
        },
        "startid": 86
      },
      "type": "Feature"
    },
    {
      "geometry": {
        "coordinates": [
          [
            [
              -1.777478904537511,
              -1.0462113249854357
            ],
            [
              -1.8750000000000004,
              -1.2713440293689686
            ]
          ]
        ],
        "type": "MultiLineString"
      },
      "properties": {
        "endid": 84,
        "id": 323,
        "metadata": {
          "bottleneck": false,
          "canonical_edge_id": 15,
          "length_m": 0.25,
          "min_clearance_m": 0.4000000059604645,
          "segment_fraction_end": 0.30965995747317854,
          "segment_fraction_start": 0.1946032837187083,
          "segment_index": 2,
          "static_traversability": "FEASIBLE"
        },
        "startid": 85
      },
      "type": "Feature"
    },
    {
      "geometry": {
        "coordinates": [
          [
            [
              -1.8750000000000004,
              -1.2713440293689686
            ],
            [
              -1.8750000000000004,
              -1.5213440293689686
            ]
          ]
        ],
        "type": "MultiLineString"
      },
      "properties": {
        "endid": 83,
        "id": 324,
        "metadata": {
          "bottleneck": false,
          "canonical_edge_id": 15,
          "length_m": 0.25,
          "min_clearance_m": 0.4000000059604645,
          "segment_fraction_end": 0.42471663122764874,
          "segment_fraction_start": 0.30965995747317854,
          "segment_index": 3,
          "static_traversability": "FEASIBLE"
        },
        "startid": 84
      },
      "type": "Feature"
    },
    {
      "geometry": {
        "coordinates": [
          [
            [
              -1.8750000000000004,
              -1.5213440293689686
            ],
            [
              -1.8750000000000004,
              -1.7713440293689686
            ]
          ]
        ],
        "type": "MultiLineString"
      },
      "properties": {
        "endid": 82,
        "id": 325,
        "metadata": {
          "bottleneck": false,
          "canonical_edge_id": 15,
          "length_m": 0.25,
          "min_clearance_m": 0.4000000059604645,
          "segment_fraction_end": 0.539773304982119,
          "segment_fraction_start": 0.42471663122764874,
          "segment_index": 4,
          "static_traversability": "FEASIBLE"
        },
        "startid": 83
      },
      "type": "Feature"
    },
    {
      "geometry": {
        "coordinates": [
          [
            [
              -1.8750000000000004,
              -1.7713440293689686
            ],
            [
              -1.8750000000000004,
              -2.0213440293689686
            ]
          ]
        ],
        "type": "MultiLineString"
      },
      "properties": {
        "endid": 81,
        "id": 326,
        "metadata": {
          "bottleneck": false,
          "canonical_edge_id": 15,
          "length_m": 0.25,
          "min_clearance_m": 0.4000000059604645,
          "segment_fraction_end": 0.6548299787365891,
          "segment_fraction_start": 0.539773304982119,
          "segment_index": 5,
          "static_traversability": "FEASIBLE"
        },
        "startid": 82
      },
      "type": "Feature"
    },
    {
      "geometry": {
        "coordinates": [
          [
            [
              -1.8750000000000004,
              -2.0213440293689686
            ],
            [
              -2.0181845586639042,
              -2.2254583821294647
            ]
          ]
        ],
        "type": "MultiLineString"
      },
      "properties": {
        "endid": 80,
        "id": 327,
        "metadata": {
          "bottleneck": false,
          "canonical_edge_id": 15,
          "length_m": 0.25,
          "min_clearance_m": 0.4000000059604645,
          "segment_fraction_end": 0.7698866524910594,
          "segment_fraction_start": 0.6548299787365891,
          "segment_index": 6,
          "static_traversability": "FEASIBLE"
        },
        "startid": 81
      },
      "type": "Feature"
    },
    {
      "geometry": {
        "coordinates": [
          [
            [
              -2.0181845586639042,
              -2.2254583821294647
            ],
            [
              -2.145943058495791,
              -2.437829175487371
            ]
          ]
        ],
        "type": "MultiLineString"
      },
      "properties": {
        "endid": 79,
        "id": 328,
        "metadata": {
          "bottleneck": false,
          "canonical_edge_id": 15,
          "length_m": 0.25,
          "min_clearance_m": 0.4000000059604645,
          "segment_fraction_end": 0.8849433262455296,
          "segment_fraction_start": 0.7698866524910594,
          "segment_index": 7,
          "static_traversability": "FEASIBLE"
        },
        "startid": 80
      },
      "type": "Feature"
    },
    {
      "geometry": {
        "coordinates": [
          [
            [
              -2.145943058495791,
              -2.437829175487371
            ],
            [
              -2.2250000000000005,
              -2.6749999999999994
            ]
          ]
        ],
        "type": "MultiLineString"
      },
      "properties": {
        "endid": 5,
        "id": 329,
        "metadata": {
          "bottleneck": false,
          "canonical_edge_id": 15,
          "length_m": 0.25,
          "min_clearance_m": 0.4000000059604645,
          "segment_fraction_end": 0.9999999999999998,
          "segment_fraction_start": 0.8849433262455296,
          "segment_index": 8,
          "static_traversability": "FEASIBLE"
        },
        "startid": 79
      },
      "type": "Feature"
    },
    {
      "geometry": {
        "coordinates": [
          [
            [
              -1.5750000000000002,
              -0.6749999999999989
            ],
            [
              -1.7123021566360082,
              -0.5148141505913233
            ]
          ]
        ],
        "type": "MultiLineString"
      },
      "properties": {
        "endid": 94,
        "id": 330,
        "metadata": {
          "bottleneck": false,
          "canonical_edge_id": 16,
          "length_m": 0.21097722286464426,
          "min_clearance_m": 0.5656854510307312,
          "segment_fraction_end": 0.4576738554533595,
          "segment_fraction_start": 0.0,
          "segment_index": 0,
          "static_traversability": "FEASIBLE"
        },
        "startid": 8
      },
      "type": "Feature"
    },
    {
      "geometry": {
        "coordinates": [
          [
            [
              -1.7123021566360082,
              -0.5148141505913233
            ],
            [
              -1.8750000000000004,
              -0.3249999999999993
            ]
          ]
        ],
        "type": "MultiLineString"
      },
      "properties": {
        "endid": 7,
        "id": 331,
        "metadata": {
          "bottleneck": false,
          "canonical_edge_id": 16,
          "length_m": 0.25,
          "min_clearance_m": 0.5656854510307312,
          "segment_fraction_end": 1.0,
          "segment_fraction_start": 0.4576738554533595,
          "segment_index": 1,
          "static_traversability": "FEASIBLE"
        },
        "startid": 94
      },
      "type": "Feature"
    },
    {
      "geometry": {
        "coordinates": [
          [
            [
              -1.5750000000000002,
              -0.6749999999999989
            ],
            [
              -1.3250000000000002,
              -0.6749999999999989
            ]
          ]
        ],
        "type": "MultiLineString"
      },
      "properties": {
        "endid": 95,
        "id": 332,
        "metadata": {
          "bottleneck": false,
          "canonical_edge_id": 17,
          "length_m": 0.25,
          "min_clearance_m": 0.75,
          "segment_fraction_end": 0.25,
          "segment_fraction_start": 0.0,
          "segment_index": 0,
          "static_traversability": "FEASIBLE"
        },
        "startid": 8
      },
      "type": "Feature"
    },
    {
      "geometry": {
        "coordinates": [
          [
            [
              -1.3250000000000002,
              -0.6749999999999989
            ],
            [
              -1.0750000000000002,
              -0.6749999999999989
            ]
          ]
        ],
        "type": "MultiLineString"
      },
      "properties": {
        "endid": 96,
        "id": 333,
        "metadata": {
          "bottleneck": false,
          "canonical_edge_id": 17,
          "length_m": 0.25,
          "min_clearance_m": 0.75,
          "segment_fraction_end": 0.5,
          "segment_fraction_start": 0.25,
          "segment_index": 1,
          "static_traversability": "FEASIBLE"
        },
        "startid": 95
      },
      "type": "Feature"
    },
    {
      "geometry": {
        "coordinates": [
          [
            [
              -1.0750000000000002,
              -0.6749999999999989
            ],
            [
              -0.8250000000000002,
              -0.6749999999999989
            ]
          ]
        ],
        "type": "MultiLineString"
      },
      "properties": {
        "endid": 97,
        "id": 334,
        "metadata": {
          "bottleneck": false,
          "canonical_edge_id": 17,
          "length_m": 0.25,
          "min_clearance_m": 0.75,
          "segment_fraction_end": 0.75,
          "segment_fraction_start": 0.5,
          "segment_index": 2,
          "static_traversability": "FEASIBLE"
        },
        "startid": 96
      },
      "type": "Feature"
    },
    {
      "geometry": {
        "coordinates": [
          [
            [
              -0.8250000000000002,
              -0.6749999999999989
            ],
            [
              -0.5750000000000002,
              -0.6749999999999989
            ]
          ]
        ],
        "type": "MultiLineString"
      },
      "properties": {
        "endid": 10,
        "id": 335,
        "metadata": {
          "bottleneck": false,
          "canonical_edge_id": 17,
          "length_m": 0.25,
          "min_clearance_m": 0.75,
          "segment_fraction_end": 1.0,
          "segment_fraction_start": 0.75,
          "segment_index": 3,
          "static_traversability": "FEASIBLE"
        },
        "startid": 97
      },
      "type": "Feature"
    },
    {
      "geometry": {
        "coordinates": [
          [
            [
              -0.9750000000000005,
              3.9250000000000007
            ],
            [
              -0.7982233047033637,
              3.7482233047033637
            ]
          ]
        ],
        "type": "MultiLineString"
      },
      "properties": {
        "endid": 98,
        "id": 336,
        "metadata": {
          "bottleneck": true,
          "canonical_edge_id": 18,
          "length_m": 0.25,
          "min_clearance_m": 0.22360680997371674,
          "segment_fraction_end": 0.4419417382415918,
          "segment_fraction_start": 0.0,
          "segment_index": 0,
          "static_traversability": "UNKNOWN"
        },
        "startid": 9
      },
      "type": "Feature"
    },
    {
      "geometry": {
        "coordinates": [
          [
            [
              -0.7982233047033637,
              3.7482233047033637
            ],
            [
              -0.6214466094067268,
              3.5714466094067268
            ]
          ]
        ],
        "type": "MultiLineString"
      },
      "properties": {
        "endid": 99,
        "id": 337,
        "metadata": {
          "bottleneck": true,
          "canonical_edge_id": 18,
          "length_m": 0.25,
          "min_clearance_m": 0.22360680997371674,
          "segment_fraction_end": 0.8838834764831835,
          "segment_fraction_start": 0.4419417382415918,
          "segment_index": 1,
          "static_traversability": "UNKNOWN"
        },
        "startid": 98
      },
      "type": "Feature"
    },
    {
      "geometry": {
        "coordinates": [
          [
            [
              -0.6214466094067268,
              3.5714466094067268
            ],
            [
              -0.5750000000000002,
              3.5250000000000004
            ]
          ]
        ],
        "type": "MultiLineString"
      },
      "properties": {
        "endid": 11,
        "id": 338,
        "metadata": {
          "bottleneck": true,
          "canonical_edge_id": 18,
          "length_m": 0.06568542494923857,
          "min_clearance_m": 0.22360680997371674,
          "segment_fraction_end": 1.0,
          "segment_fraction_start": 0.8838834764831835,
          "segment_index": 2,
          "static_traversability": "UNKNOWN"
        },
        "startid": 99
      },
      "type": "Feature"
    },
    {
      "geometry": {
        "coordinates": [
          [
            [
              -0.5750000000000002,
              -0.6749999999999989
            ],
            [
              -0.8250000000000002,
              -0.6749999999999989
            ]
          ]
        ],
        "type": "MultiLineString"
      },
      "properties": {
        "endid": 97,
        "id": 339,
        "metadata": {
          "bottleneck": false,
          "canonical_edge_id": 19,
          "length_m": 0.25,
          "min_clearance_m": 0.75,
          "segment_fraction_end": 0.25,
          "segment_fraction_start": 0.0,
          "segment_index": 0,
          "static_traversability": "FEASIBLE"
        },
        "startid": 10
      },
      "type": "Feature"
    },
    {
      "geometry": {
        "coordinates": [
          [
            [
              -0.8250000000000002,
              -0.6749999999999989
            ],
            [
              -1.0750000000000002,
              -0.6749999999999989
            ]
          ]
        ],
        "type": "MultiLineString"
      },
      "properties": {
        "endid": 96,
        "id": 340,
        "metadata": {
          "bottleneck": false,
          "canonical_edge_id": 19,
          "length_m": 0.25,
          "min_clearance_m": 0.75,
          "segment_fraction_end": 0.5,
          "segment_fraction_start": 0.25,
          "segment_index": 1,
          "static_traversability": "FEASIBLE"
        },
        "startid": 97
      },
      "type": "Feature"
    },
    {
      "geometry": {
        "coordinates": [
          [
            [
              -1.0750000000000002,
              -0.6749999999999989
            ],
            [
              -1.3250000000000002,
              -0.6749999999999989
            ]
          ]
        ],
        "type": "MultiLineString"
      },
      "properties": {
        "endid": 95,
        "id": 341,
        "metadata": {
          "bottleneck": false,
          "canonical_edge_id": 19,
          "length_m": 0.25,
          "min_clearance_m": 0.75,
          "segment_fraction_end": 0.75,
          "segment_fraction_start": 0.5,
          "segment_index": 2,
          "static_traversability": "FEASIBLE"
        },
        "startid": 96
      },
      "type": "Feature"
    },
    {
      "geometry": {
        "coordinates": [
          [
            [
              -1.3250000000000002,
              -0.6749999999999989
            ],
            [
              -1.5750000000000002,
              -0.6749999999999989
            ]
          ]
        ],
        "type": "MultiLineString"
      },
      "properties": {
        "endid": 8,
        "id": 342,
        "metadata": {
          "bottleneck": false,
          "canonical_edge_id": 19,
          "length_m": 0.25,
          "min_clearance_m": 0.75,
          "segment_fraction_end": 1.0,
          "segment_fraction_start": 0.75,
          "segment_index": 3,
          "static_traversability": "FEASIBLE"
        },
        "startid": 95
      },
      "type": "Feature"
    },
    {
      "geometry": {
        "coordinates": [
          [
            [
              -0.5750000000000002,
              -0.6749999999999989
            ],
            [
              -0.3982233047033632,
              -0.4982233047033622
            ]
          ]
        ],
        "type": "MultiLineString"
      },
      "properties": {
        "endid": 100,
        "id": 343,
        "metadata": {
          "bottleneck": false,
          "canonical_edge_id": 20,
          "length_m": 0.25,
          "min_clearance_m": 0.9924716949462891,
          "segment_fraction_end": 0.2719641466102106,
          "segment_fraction_start": 0.0,
          "segment_index": 0,
          "static_traversability": "FEASIBLE"
        },
        "startid": 10
      },
      "type": "Feature"
    },
    {
      "geometry": {
        "coordinates": [
          [
            [
              -0.3982233047033632,
              -0.4982233047033622
            ],
            [
              -0.22144660940672617,
              -0.3214466094067254
            ]
          ]
        ],
        "type": "MultiLineString"
      },
      "properties": {
        "endid": 101,
        "id": 344,
        "metadata": {
          "bottleneck": false,
          "canonical_edge_id": 20,
          "length_m": 0.25,
          "min_clearance_m": 0.9924716949462891,
          "segment_fraction_end": 0.5439282932204212,
          "segment_fraction_start": 0.2719641466102106,
          "segment_index": 1,
          "static_traversability": "FEASIBLE"
        },
        "startid": 100
      },
      "type": "Feature"
    },
    {
      "geometry": {
        "coordinates": [
          [
            [
              -0.22144660940672617,
              -0.3214466094067254
            ],
            [
              -0.04466991411008914,
              -0.14466991411008867
            ]
          ]
        ],
        "type": "MultiLineString"
      },
      "properties": {
        "endid": 102,
        "id": 345,
        "metadata": {
          "bottleneck": false,
          "canonical_edge_id": 20,
          "length_m": 0.25,
          "min_clearance_m": 0.9924716949462891,
          "segment_fraction_end": 0.8158924398306319,
          "segment_fraction_start": 0.5439282932204212,
          "segment_index": 2,
          "static_traversability": "FEASIBLE"
        },
        "startid": 101
      },
      "type": "Feature"
    },
    {
      "geometry": {
        "coordinates": [
          [
            [
              -0.04466991411008914,
              -0.14466991411008867
            ],
            [
              0.07500000000000018,
              -0.024999999999999467
            ]
          ]
        ],
        "type": "MultiLineString"
      },
      "properties": {
        "endid": 15,
        "id": 346,
        "metadata": {
          "bottleneck": false,
          "canonical_edge_id": 20,
          "length_m": 0.16923881554251163,
          "min_clearance_m": 0.9924716949462891,
          "segment_fraction_end": 1.0,
          "segment_fraction_start": 0.8158924398306319,
          "segment_index": 3,
          "static_traversability": "FEASIBLE"
        },
        "startid": 102
      },
      "type": "Feature"
    },
    {
      "geometry": {
        "coordinates": [
          [
            [
              -0.5750000000000002,
              -0.6749999999999989
            ],
            [
              -0.5645923638219549,
              -0.9247832682730869
            ]
          ]
        ],
        "type": "MultiLineString"
      },
      "properties": {
        "endid": 103,
        "id": 347,
        "metadata": {
          "bottleneck": true,
          "canonical_edge_id": 21,
          "length_m": 0.25,
          "min_clearance_m": 0.36055514216423035,
          "segment_fraction_end": 0.04582904096784395,
          "segment_fraction_start": 0.0,
          "segment_index": 0,
          "static_traversability": "FEASIBLE"
        },
        "startid": 10
      },
      "type": "Feature"
    },
    {
      "geometry": {
        "coordinates": [
          [
            [
              -0.5645923638219549,
              -0.9247832682730869
            ],
            [
              -0.5541847276439096,
              -1.1745665365461748
            ]
          ]
        ],
        "type": "MultiLineString"
      },
      "properties": {
        "endid": 104,
        "id": 348,
        "metadata": {
          "bottleneck": true,
          "canonical_edge_id": 21,
          "length_m": 0.25,
          "min_clearance_m": 0.36055514216423035,
          "segment_fraction_end": 0.0916580819356879,
          "segment_fraction_start": 0.04582904096784395,
          "segment_index": 1,
          "static_traversability": "FEASIBLE"
        },
        "startid": 103
      },
      "type": "Feature"
    },
    {
      "geometry": {
        "coordinates": [
          [
            [
              -0.5541847276439096,
              -1.1745665365461748
            ],
            [
              -0.5437770914658643,
              -1.424349804819263
            ]
          ]
        ],
        "type": "MultiLineString"
      },
      "properties": {
        "endid": 105,
        "id": 349,
        "metadata": {
          "bottleneck": true,
          "canonical_edge_id": 21,
          "length_m": 0.25,
          "min_clearance_m": 0.36055514216423035,
          "segment_fraction_end": 0.13748712290353185,
          "segment_fraction_start": 0.0916580819356879,
          "segment_index": 2,
          "static_traversability": "FEASIBLE"
        },
        "startid": 104
      },
      "type": "Feature"
    },
    {
      "geometry": {
        "coordinates": [
          [
            [
              -0.5437770914658643,
              -1.424349804819263
            ],
            [
              -0.533369455287819,
              -1.6741330730923507
            ]
          ]
        ],
        "type": "MultiLineString"
      },
      "properties": {
        "endid": 106,
        "id": 350,
        "metadata": {
          "bottleneck": true,
          "canonical_edge_id": 21,
          "length_m": 0.25,
          "min_clearance_m": 0.36055514216423035,
          "segment_fraction_end": 0.1833161638713758,
          "segment_fraction_start": 0.13748712290353185,
          "segment_index": 3,
          "static_traversability": "FEASIBLE"
        },
        "startid": 105
      },
      "type": "Feature"
    },
    {
      "geometry": {
        "coordinates": [
          [
            [
              -0.533369455287819,
              -1.6741330730923507
            ],
            [
              -0.4903809110899677,
              -1.9096190889100322
            ]
          ]
        ],
        "type": "MultiLineString"
      },
      "properties": {
        "endid": 107,
        "id": 351,
        "metadata": {
          "bottleneck": true,
          "canonical_edge_id": 21,
          "length_m": 0.25,
          "min_clearance_m": 0.36055514216423035,
          "segment_fraction_end": 0.22914520483921977,
          "segment_fraction_start": 0.1833161638713758,
          "segment_index": 4,
          "static_traversability": "FEASIBLE"
        },
        "startid": 106
      },
      "type": "Feature"
    },
    {
      "geometry": {
        "coordinates": [
          [
            [
              -0.4903809110899677,
              -1.9096190889100322
            ],
            [
              -0.2771758380291988,
              -2.0294615333576633
            ]
          ]
        ],
        "type": "MultiLineString"
      },
      "properties": {
        "endid": 108,
        "id": 352,
        "metadata": {
          "bottleneck": true,
          "canonical_edge_id": 21,
          "length_m": 0.25,
          "min_clearance_m": 0.36055514216423035,
          "segment_fraction_end": 0.2749742458070637,
          "segment_fraction_start": 0.22914520483921977,
          "segment_index": 5,
          "static_traversability": "FEASIBLE"
        },
        "startid": 107
      },
      "type": "Feature"
    },
    {
      "geometry": {
        "coordinates": [
          [
            [
              -0.2771758380291988,
              -2.0294615333576633
            ],
            [
              -0.042590058824921284,
              -2.1158878730645023
            ]
          ]
        ],
        "type": "MultiLineString"
      },
      "properties": {
        "endid": 109,
        "id": 353,
        "metadata": {
          "bottleneck": true,
          "canonical_edge_id": 21,
          "length_m": 0.25,
          "min_clearance_m": 0.36055514216423035,
          "segment_fraction_end": 0.32080328677490766,
          "segment_fraction_start": 0.2749742458070637,
          "segment_index": 6,
          "static_traversability": "FEASIBLE"
        },
        "startid": 108
      },
      "type": "Feature"
    },
    {
      "geometry": {
        "coordinates": [
          [
            [
              -0.042590058824921284,
              -2.1158878730645023
            ],
            [
              0.1919957203793563,
              -2.2023142127713413
            ]
          ]
        ],
        "type": "MultiLineString"
      },
      "properties": {
        "endid": 110,
        "id": 354,
        "metadata": {
          "bottleneck": true,
          "canonical_edge_id": 21,
          "length_m": 0.25,
          "min_clearance_m": 0.36055514216423035,
          "segment_fraction_end": 0.3666323277427516,
          "segment_fraction_start": 0.32080328677490766,
          "segment_index": 7,
          "static_traversability": "FEASIBLE"
        },
        "startid": 109
      },
      "type": "Feature"
    },
    {
      "geometry": {
        "coordinates": [
          [
            [
              0.1919957203793563,
              -2.2023142127713413
            ],
            [
              0.4265814995836339,
              -2.2887405524781803
            ]
          ]
        ],
        "type": "MultiLineString"
      },
      "properties": {
        "endid": 111,
        "id": 355,
        "metadata": {
          "bottleneck": true,
          "canonical_edge_id": 21,
          "length_m": 0.25,
          "min_clearance_m": 0.36055514216423035,
          "segment_fraction_end": 0.4124613687105956,
          "segment_fraction_start": 0.3666323277427516,
          "segment_index": 8,
          "static_traversability": "FEASIBLE"
        },
        "startid": 110
      },
      "type": "Feature"
    },
    {
      "geometry": {
        "coordinates": [
          [
            [
              0.4265814995836339,
              -2.2887405524781803
            ],
            [
              0.5759531350556665,
              -2.460875026815111
            ]
          ]
        ],
        "type": "MultiLineString"
      },
      "properties": {
        "endid": 112,
        "id": 356,
        "metadata": {
          "bottleneck": true,
          "canonical_edge_id": 21,
          "length_m": 0.25,
          "min_clearance_m": 0.36055514216423035,
          "segment_fraction_end": 0.45829040967843954,
          "segment_fraction_start": 0.4124613687105956,
          "segment_index": 9,
          "static_traversability": "FEASIBLE"
        },
        "startid": 111
      },
      "type": "Feature"
    },
    {
      "geometry": {
        "coordinates": [
          [
            [
              0.5759531350556665,
              -2.460875026815111
            ],
            [
              0.6637339954527646,
              -2.6949573212073723
            ]
          ]
        ],
        "type": "MultiLineString"
      },
      "properties": {
        "endid": 113,
        "id": 357,
        "metadata": {
          "bottleneck": true,
          "canonical_edge_id": 21,
          "length_m": 0.25,
          "min_clearance_m": 0.36055514216423035,
          "segment_fraction_end": 0.5041194506462835,
          "segment_fraction_start": 0.45829040967843954,
          "segment_index": 10,
          "static_traversability": "FEASIBLE"
        },
        "startid": 112
      },
      "type": "Feature"
    },
    {
      "geometry": {
        "coordinates": [
          [
            [
              0.6637339954527646,
              -2.6949573212073723
            ],
            [
              0.6441822493034381,
              -2.940724254875932
            ]
          ]
        ],
        "type": "MultiLineString"
      },
      "properties": {
        "endid": 114,
        "id": 358,
        "metadata": {
          "bottleneck": true,
          "canonical_edge_id": 21,
          "length_m": 0.25,
          "min_clearance_m": 0.36055514216423035,
          "segment_fraction_end": 0.5499484916141274,
          "segment_fraction_start": 0.5041194506462835,
          "segment_index": 11,
          "static_traversability": "FEASIBLE"
        },
        "startid": 113
      },
      "type": "Feature"
    },
    {
      "geometry": {
        "coordinates": [
          [
            [
              0.6441822493034381,
              -2.940724254875932
            ],
            [
              0.608826910244111,
              -3.1882116282912234
            ]
          ]
        ],
        "type": "MultiLineString"
      },
      "properties": {
        "endid": 115,
        "id": 359,
        "metadata": {
          "bottleneck": true,
          "canonical_edge_id": 21,
          "length_m": 0.25,
          "min_clearance_m": 0.36055514216423035,
          "segment_fraction_end": 0.5957775325819714,
          "segment_fraction_start": 0.5499484916141274,
          "segment_index": 12,
          "static_traversability": "FEASIBLE"
        },
        "startid": 114
      },
      "type": "Feature"
    },
    {
      "geometry": {
        "coordinates": [
          [
            [
              0.608826910244111,
              -3.1882116282912234
            ],
            [
              0.5776212337930069,
              -3.4354849351720262
            ]
          ]
        ],
        "type": "MultiLineString"
      },
      "properties": {
        "endid": 116,
        "id": 360,
        "metadata": {
          "bottleneck": true,
          "canonical_edge_id": 21,
          "length_m": 0.25,
          "min_clearance_m": 0.36055514216423035,
          "segment_fraction_end": 0.6416065735498153,
          "segment_fraction_start": 0.5957775325819714,
          "segment_index": 13,
          "static_traversability": "FEASIBLE"
        },
        "startid": 115
      },
      "type": "Feature"
    },
    {
      "geometry": {
        "coordinates": [
          [
            [
              0.5776212337930069,
              -3.4354849351720262
            ],
            [
              0.6382551400520898,
              -3.6780205602083593
            ]
          ]
        ],
        "type": "MultiLineString"
      },
      "properties": {
        "endid": 117,
        "id": 361,
        "metadata": {
          "bottleneck": true,
          "canonical_edge_id": 21,
          "length_m": 0.25,
          "min_clearance_m": 0.36055514216423035,
          "segment_fraction_end": 0.6874356145176592,
          "segment_fraction_start": 0.6416065735498153,
          "segment_index": 14,
          "static_traversability": "FEASIBLE"
        },
        "startid": 116
      },
      "type": "Feature"
    },
    {
      "geometry": {
        "coordinates": [
          [
            [
              0.6382551400520898,
              -3.6780205602083593
            ],
            [
              0.6749999999999998,
              -3.9234970612362385
            ]
          ]
        ],
        "type": "MultiLineString"
      },
      "properties": {
        "endid": 118,
        "id": 362,
        "metadata": {
          "bottleneck": true,
          "canonical_edge_id": 21,
          "length_m": 0.25,
          "min_clearance_m": 0.36055514216423035,
          "segment_fraction_end": 0.7332646554855032,
          "segment_fraction_start": 0.6874356145176592,
          "segment_index": 15,
          "static_traversability": "FEASIBLE"
        },
        "startid": 117
      },
      "type": "Feature"
    },
    {
      "geometry": {
        "coordinates": [
          [
            [
              0.6749999999999998,
              -3.9234970612362385
            ],
            [
              0.6749999999999998,
              -4.1734970612362385
            ]
          ]
        ],
        "type": "MultiLineString"
      },
      "properties": {
        "endid": 119,
        "id": 363,
        "metadata": {
          "bottleneck": true,
          "canonical_edge_id": 21,
          "length_m": 0.25,
          "min_clearance_m": 0.36055514216423035,
          "segment_fraction_end": 0.7790936964533471,
          "segment_fraction_start": 0.7332646554855032,
          "segment_index": 16,
          "static_traversability": "FEASIBLE"
        },
        "startid": 118
      },
      "type": "Feature"
    },
    {
      "geometry": {
        "coordinates": [
          [
            [
              0.6749999999999998,
              -4.1734970612362385
            ],
            [
              0.6053520600729084,
              -4.394647939927091
            ]
          ]
        ],
        "type": "MultiLineString"
      },
      "properties": {
        "endid": 120,
        "id": 364,
        "metadata": {
          "bottleneck": true,
          "canonical_edge_id": 21,
          "length_m": 0.25,
          "min_clearance_m": 0.36055514216423035,
          "segment_fraction_end": 0.8249227374211912,
          "segment_fraction_start": 0.7790936964533471,
          "segment_index": 17,
          "static_traversability": "FEASIBLE"
        },
        "startid": 119
      },
      "type": "Feature"
    },
    {
      "geometry": {
        "coordinates": [
          [
            [
              0.6053520600729084,
              -4.394647939927091
            ],
            [
              0.42857536477627156,
              -4.571424635223727
            ]
          ]
        ],
        "type": "MultiLineString"
      },
      "properties": {
        "endid": 121,
        "id": 365,
        "metadata": {
          "bottleneck": true,
          "canonical_edge_id": 21,
          "length_m": 0.25,
          "min_clearance_m": 0.36055514216423035,
          "segment_fraction_end": 0.8707517783890351,
          "segment_fraction_start": 0.8249227374211912,
          "segment_index": 18,
          "static_traversability": "FEASIBLE"
        },
        "startid": 120
      },
      "type": "Feature"
    },
    {
      "geometry": {
        "coordinates": [
          [
            [
              0.42857536477627156,
              -4.571424635223727
            ],
            [
              0.4249999999999998,
              -4.819943670642965
            ]
          ]
        ],
        "type": "MultiLineString"
      },
      "properties": {
        "endid": 122,
        "id": 366,
        "metadata": {
          "bottleneck": true,
          "canonical_edge_id": 21,
          "length_m": 0.25,
          "min_clearance_m": 0.36055514216423035,
          "segment_fraction_end": 0.9165808193568791,
          "segment_fraction_start": 0.8707517783890351,
          "segment_index": 19,
          "static_traversability": "FEASIBLE"
        },
        "startid": 121
      },
      "type": "Feature"
    },
    {
      "geometry": {
        "coordinates": [
          [
            [
              0.4249999999999998,
              -4.819943670642965
            ],
            [
              0.4249999999999998,
              -5.069943670642965
            ]
          ]
        ],
        "type": "MultiLineString"
      },
      "properties": {
        "endid": 123,
        "id": 367,
        "metadata": {
          "bottleneck": true,
          "canonical_edge_id": 21,
          "length_m": 0.25,
          "min_clearance_m": 0.36055514216423035,
          "segment_fraction_end": 0.962409860324723,
          "segment_fraction_start": 0.9165808193568791,
          "segment_index": 20,
          "static_traversability": "FEASIBLE"
        },
        "startid": 122
      },
      "type": "Feature"
    },
    {
      "geometry": {
        "coordinates": [
          [
            [
              0.4249999999999998,
              -5.069943670642965
            ],
            [
              0.4249999999999998,
              -5.2749999999999995
            ]
          ]
        ],
        "type": "MultiLineString"
      },
      "properties": {
        "endid": 18,
        "id": 368,
        "metadata": {
          "bottleneck": true,
          "canonical_edge_id": 21,
          "length_m": 0.20505632935703488,
          "min_clearance_m": 0.36055514216423035,
          "segment_fraction_end": 1.0,
          "segment_fraction_start": 0.962409860324723,
          "segment_index": 21,
          "static_traversability": "FEASIBLE"
        },
        "startid": 123
      },
      "type": "Feature"
    },
    {
      "geometry": {
        "coordinates": [
          [
            [
              -0.5750000000000002,
              3.5250000000000004
            ],
            [
              -0.6214466094067268,
              3.5714466094067268
            ]
          ]
        ],
        "type": "MultiLineString"
      },
      "properties": {
        "endid": 99,
        "id": 369,
        "metadata": {
          "bottleneck": true,
          "canonical_edge_id": 22,
          "length_m": 0.06568542494923857,
          "min_clearance_m": 0.22360680997371674,
          "segment_fraction_end": 0.11611652351681645,
          "segment_fraction_start": 0.0,
          "segment_index": 0,
          "static_traversability": "UNKNOWN"
        },
        "startid": 11
      },
      "type": "Feature"
    },
    {
      "geometry": {
        "coordinates": [
          [
            [
              -0.6214466094067268,
              3.5714466094067268
            ],
            [
              -0.7982233047033637,
              3.7482233047033637
            ]
          ]
        ],
        "type": "MultiLineString"
      },
      "properties": {
        "endid": 98,
        "id": 370,
        "metadata": {
          "bottleneck": true,
          "canonical_edge_id": 22,
          "length_m": 0.25,
          "min_clearance_m": 0.22360680997371674,
          "segment_fraction_end": 0.5580582617584082,
          "segment_fraction_start": 0.11611652351681645,
          "segment_index": 1,
          "static_traversability": "UNKNOWN"
        },
        "startid": 99
      },
      "type": "Feature"
    },
    {
      "geometry": {
        "coordinates": [
          [
            [
              -0.7982233047033637,
              3.7482233047033637
            ],
            [
              -0.9750000000000005,
              3.9250000000000007
            ]
          ]
        ],
        "type": "MultiLineString"
      },
      "properties": {
        "endid": 9,
        "id": 371,
        "metadata": {
          "bottleneck": true,
          "canonical_edge_id": 22,
          "length_m": 0.25,
          "min_clearance_m": 0.22360680997371674,
          "segment_fraction_end": 1.0,
          "segment_fraction_start": 0.5580582617584082,
          "segment_index": 2,
          "static_traversability": "UNKNOWN"
        },
        "startid": 98
      },
      "type": "Feature"
    },
    {
      "geometry": {
        "coordinates": [
          [
            [
              -0.5750000000000002,
              3.5250000000000004
            ],
            [
              -0.45528696732985674,
              3.3055261067714046
            ]
          ]
        ],
        "type": "MultiLineString"
      },
      "properties": {
        "endid": 124,
        "id": 372,
        "metadata": {
          "bottleneck": true,
          "canonical_edge_id": 23,
          "length_m": 0.25,
          "min_clearance_m": 0.3162277638912201,
          "segment_fraction_end": 0.3990434422338117,
          "segment_fraction_start": 0.0,
          "segment_index": 0,
          "static_traversability": "UNKNOWN"
        },
        "startid": 11
      },
      "type": "Feature"
    },
    {
      "geometry": {
        "coordinates": [
          [
            [
              -0.45528696732985674,
              3.3055261067714046
            ],
            [
              -0.3355739346597133,
              3.0860522135428083
            ]
          ]
        ],
        "type": "MultiLineString"
      },
      "properties": {
        "endid": 125,
        "id": 373,
        "metadata": {
          "bottleneck": true,
          "canonical_edge_id": 23,
          "length_m": 0.25,
          "min_clearance_m": 0.3162277638912201,
          "segment_fraction_end": 0.7980868844676234,
          "segment_fraction_start": 0.3990434422338117,
          "segment_index": 1,
          "static_traversability": "UNKNOWN"
        },
        "startid": 124
      },
      "type": "Feature"
    },
    {
      "geometry": {
        "coordinates": [
          [
            [
              -0.3355739346597133,
              3.0860522135428083
            ],
            [
              -0.27500000000000036,
              2.9750000000000014
            ]
          ]
        ],
        "type": "MultiLineString"
      },
      "properties": {
        "endid": 14,
        "id": 374,
        "metadata": {
          "bottleneck": true,
          "canonical_edge_id": 23,
          "length_m": 0.12649820430708236,
          "min_clearance_m": 0.3162277638912201,
          "segment_fraction_end": 1.0,
          "segment_fraction_start": 0.7980868844676234,
          "segment_index": 2,
          "static_traversability": "UNKNOWN"
        },
        "startid": 125
      },
      "type": "Feature"
    },
    {
      "geometry": {
        "coordinates": [
          [
            [
              -0.5750000000000002,
              3.5250000000000004
            ],
            [
              -0.41126736539553965,
              3.713922270697455
            ]
          ]
        ],
        "type": "MultiLineString"
      },
      "properties": {
        "endid": 126,
        "id": 375,
        "metadata": {
          "bottleneck": true,
          "canonical_edge_id": 24,
          "length_m": 0.25,
          "min_clearance_m": 0.3162277638912201,
          "segment_fraction_end": 0.15734710326947543,
          "segment_fraction_start": 0.0,
          "segment_index": 0,
          "static_traversability": "FEASIBLE"
        },
        "startid": 11
      },
      "type": "Feature"
    },
    {
      "geometry": {
        "coordinates": [
          [
            [
              -0.41126736539553965,
              3.713922270697455
            ],
            [
              -0.24753473079107913,
              3.902844541394909
            ]
          ]
        ],
        "type": "MultiLineString"
      },
      "properties": {
        "endid": 127,
        "id": 376,
        "metadata": {
          "bottleneck": true,
          "canonical_edge_id": 24,
          "length_m": 0.25,
          "min_clearance_m": 0.3162277638912201,
          "segment_fraction_end": 0.31469420653895086,
          "segment_fraction_start": 0.15734710326947543,
          "segment_index": 1,
          "static_traversability": "FEASIBLE"
        },
        "startid": 126
      },
      "type": "Feature"
    },
    {
      "geometry": {
        "coordinates": [
          [
            [
              -0.24753473079107913,
              3.902844541394909
            ],
            [
              -0.0838020961866186,
              4.091766812092363
            ]
          ]
        ],
        "type": "MultiLineString"
      },
      "properties": {
        "endid": 128,
        "id": 377,
        "metadata": {
          "bottleneck": true,
          "canonical_edge_id": 24,
          "length_m": 0.25,
          "min_clearance_m": 0.3162277638912201,
          "segment_fraction_end": 0.4720413098084263,
          "segment_fraction_start": 0.31469420653895086,
          "segment_index": 2,
          "static_traversability": "FEASIBLE"
        },
        "startid": 127
      },
      "type": "Feature"
    },
    {
      "geometry": {
        "coordinates": [
          [
            [
              -0.0838020961866186,
              4.091766812092363
            ],
            [
              0.07500000000000018,
              4.282528337936039
            ]
          ]
        ],
        "type": "MultiLineString"
      },
      "properties": {
        "endid": 129,
        "id": 378,
        "metadata": {
          "bottleneck": true,
          "canonical_edge_id": 24,
          "length_m": 0.25,
          "min_clearance_m": 0.3162277638912201,
          "segment_fraction_end": 0.6293884130779017,
          "segment_fraction_start": 0.4720413098084263,
          "segment_index": 3,
          "static_traversability": "FEASIBLE"
        },
        "startid": 128
      },
      "type": "Feature"
    },
    {
      "geometry": {
        "coordinates": [
          [
            [
              0.07500000000000018,
              4.282528337936039
            ],
            [
              0.11567867786496416,
              4.515678677864965
            ]
          ]
        ],
        "type": "MultiLineString"
      },
      "properties": {
        "endid": 130,
        "id": 379,
        "metadata": {
          "bottleneck": true,
          "canonical_edge_id": 24,
          "length_m": 0.25,
          "min_clearance_m": 0.3162277638912201,
          "segment_fraction_end": 0.7867355163473772,
          "segment_fraction_start": 0.6293884130779017,
          "segment_index": 4,
          "static_traversability": "FEASIBLE"
        },
        "startid": 129
      },
      "type": "Feature"
    },
    {
      "geometry": {
        "coordinates": [
          [
            [
              0.11567867786496416,
              4.515678677864965
            ],
            [
              0.20757625927022355,
              4.73788129635112
            ]
          ]
        ],
        "type": "MultiLineString"
      },
      "properties": {
        "endid": 131,
        "id": 380,
        "metadata": {
          "bottleneck": true,
          "canonical_edge_id": 24,
          "length_m": 0.25,
          "min_clearance_m": 0.3162277638912201,
          "segment_fraction_end": 0.9440826196168526,
          "segment_fraction_start": 0.7867355163473772,
          "segment_index": 5,
          "static_traversability": "FEASIBLE"
        },
        "startid": 130
      },
      "type": "Feature"
    },
    {
      "geometry": {
        "coordinates": [
          [
            [
              0.20757625927022355,
              4.73788129635112
            ],
            [
              0.22499999999999962,
              4.825000000000001
            ]
          ]
        ],
        "type": "MultiLineString"
      },
      "properties": {
        "endid": 16,
        "id": 381,
        "metadata": {
          "bottleneck": true,
          "canonical_edge_id": 24,
          "length_m": 0.08884399398090981,
          "min_clearance_m": 0.3162277638912201,
          "segment_fraction_end": 1.0,
          "segment_fraction_start": 0.9440826196168526,
          "segment_index": 6,
          "static_traversability": "FEASIBLE"
        },
        "startid": 131
      },
      "type": "Feature"
    },
    {
      "geometry": {
        "coordinates": [
          [
            [
              -0.5250000000000004,
              5.125000000000002
            ],
            [
              -0.2928808272786856,
              5.032152330911476
            ]
          ]
        ],
        "type": "MultiLineString"
      },
      "properties": {
        "endid": 132,
        "id": 382,
        "metadata": {
          "bottleneck": false,
          "canonical_edge_id": 25,
          "length_m": 0.25,
          "min_clearance_m": 0.5830951929092407,
          "segment_fraction_end": 0.3094922302950863,
          "segment_fraction_start": 0.0,
          "segment_index": 0,
          "static_traversability": "FEASIBLE"
        },
        "startid": 12
      },
      "type": "Feature"
    },
    {
      "geometry": {
        "coordinates": [
          [
            [
              -0.2928808272786856,
              5.032152330911476
            ],
            [
              -0.06076165455737087,
              4.939304661822949
            ]
          ]
        ],
        "type": "MultiLineString"
      },
      "properties": {
        "endid": 133,
        "id": 383,
        "metadata": {
          "bottleneck": false,
          "canonical_edge_id": 25,
          "length_m": 0.25,
          "min_clearance_m": 0.5830951929092407,
          "segment_fraction_end": 0.6189844605901726,
          "segment_fraction_start": 0.3094922302950863,
          "segment_index": 1,
          "static_traversability": "FEASIBLE"
        },
        "startid": 132
      },
      "type": "Feature"
    },
    {
      "geometry": {
        "coordinates": [
          [
            [
              -0.06076165455737087,
              4.939304661822949
            ],
            [
              0.17135751816394384,
              4.846456992734423
            ]
          ]
        ],
        "type": "MultiLineString"
      },
      "properties": {
        "endid": 134,
        "id": 384,
        "metadata": {
          "bottleneck": false,
          "canonical_edge_id": 25,
          "length_m": 0.25,
          "min_clearance_m": 0.5830951929092407,
          "segment_fraction_end": 0.928476690885259,
          "segment_fraction_start": 0.6189844605901726,
          "segment_index": 2,
          "static_traversability": "FEASIBLE"
        },
        "startid": 133
      },
      "type": "Feature"
    },
    {
      "geometry": {
        "coordinates": [
          [
            [
              0.17135751816394384,
              4.846456992734423
            ],
            [
              0.22499999999999964,
              4.825000000000001
            ]
          ]
        ],
        "type": "MultiLineString"
      },
      "properties": {
        "endid": 16,
        "id": 385,
        "metadata": {
          "bottleneck": false,
          "canonical_edge_id": 25,
          "length_m": 0.057774721070175894,
          "min_clearance_m": 0.5830951929092407,
          "segment_fraction_end": 1.0,
          "segment_fraction_start": 0.928476690885259,
          "segment_index": 3,
          "static_traversability": "FEASIBLE"
        },
        "startid": 134
      },
      "type": "Feature"
    },
    {
      "geometry": {
        "coordinates": [
          [
            [
              -0.3250000000000002,
              -5.725
            ],
            [
              -0.13518584940867606,
              -5.562302156636007
            ]
          ]
        ],
        "type": "MultiLineString"
      },
      "properties": {
        "endid": 135,
        "id": 386,
        "metadata": {
          "bottleneck": true,
          "canonical_edge_id": 26,
          "length_m": 0.25,
          "min_clearance_m": 0.22360680997371674,
          "segment_fraction_end": 0.2770006930810919,
          "segment_fraction_start": 0.0,
          "segment_index": 0,
          "static_traversability": "UNKNOWN"
        },
        "startid": 13
      },
      "type": "Feature"
    },
    {
      "geometry": {
        "coordinates": [
          [
            [
              -0.13518584940867606,
              -5.562302156636007
            ],
            [
              0.06402277713535548,
              -5.425
            ]
          ]
        ],
        "type": "MultiLineString"
      },
      "properties": {
        "endid": 136,
        "id": 387,
        "metadata": {
          "bottleneck": true,
          "canonical_edge_id": 26,
          "length_m": 0.25,
          "min_clearance_m": 0.22360680997371674,
          "segment_fraction_end": 0.5540013861621838,
          "segment_fraction_start": 0.2770006930810919,
          "segment_index": 1,
          "static_traversability": "UNKNOWN"
        },
        "startid": 135
      },
      "type": "Feature"
    },
    {
      "geometry": {
        "coordinates": [
          [
            [
              0.06402277713535548,
              -5.425
            ],
            [
              0.2942110479064788,
              -5.353473371256112
            ]
          ]
        ],
        "type": "MultiLineString"
      },
      "properties": {
        "endid": 137,
        "id": 388,
        "metadata": {
          "bottleneck": true,
          "canonical_edge_id": 26,
          "length_m": 0.25,
          "min_clearance_m": 0.22360680997371674,
          "segment_fraction_end": 0.8310020792432756,
          "segment_fraction_start": 0.5540013861621838,
          "segment_index": 2,
          "static_traversability": "UNKNOWN"
        },
        "startid": 136
      },
      "type": "Feature"
    },
    {
      "geometry": {
        "coordinates": [
          [
            [
              0.2942110479064788,
              -5.353473371256112
            ],
            [
              0.4249999999999998,
              -5.2749999999999995
            ]
          ]
        ],
        "type": "MultiLineString"
      },
      "properties": {
        "endid": 18,
        "id": 389,
        "metadata": {
          "bottleneck": true,
          "canonical_edge_id": 26,
          "length_m": 0.1525248176069096,
          "min_clearance_m": 0.22360680997371674,
          "segment_fraction_end": 1.0,
          "segment_fraction_start": 0.8310020792432756,
          "segment_index": 3,
          "static_traversability": "UNKNOWN"
        },
        "startid": 137
      },
      "type": "Feature"
    },
    {
      "geometry": {
        "coordinates": [
          [
            [
              -0.27500000000000036,
              2.9750000000000014
            ],
            [
              -0.3355739346597133,
              3.0860522135428083
            ]
          ]
        ],
        "type": "MultiLineString"
      },
      "properties": {
        "endid": 125,
        "id": 390,
        "metadata": {
          "bottleneck": true,
          "canonical_edge_id": 27,
          "length_m": 0.12649820430708236,
          "min_clearance_m": 0.3162277638912201,
          "segment_fraction_end": 0.20191311553237654,
          "segment_fraction_start": 0.0,
          "segment_index": 0,
          "static_traversability": "UNKNOWN"
        },
        "startid": 14
      },
      "type": "Feature"
    },
    {
      "geometry": {
        "coordinates": [
          [
            [
              -0.3355739346597133,
              3.0860522135428083
            ],
            [
              -0.45528696732985674,
              3.3055261067714046
            ]
          ]
        ],
        "type": "MultiLineString"
      },
      "properties": {
        "endid": 124,
        "id": 391,
        "metadata": {
          "bottleneck": true,
          "canonical_edge_id": 27,
          "length_m": 0.25,
          "min_clearance_m": 0.3162277638912201,
          "segment_fraction_end": 0.6009565577661883,
          "segment_fraction_start": 0.20191311553237654,
          "segment_index": 1,
          "static_traversability": "UNKNOWN"
        },
        "startid": 125
      },
      "type": "Feature"
    },
    {
      "geometry": {
        "coordinates": [
          [
            [
              -0.45528696732985674,
              3.3055261067714046
            ],
            [
              -0.5750000000000002,
              3.5250000000000004
            ]
          ]
        ],
        "type": "MultiLineString"
      },
      "properties": {
        "endid": 11,
        "id": 392,
        "metadata": {
          "bottleneck": true,
          "canonical_edge_id": 27,
          "length_m": 0.25,
          "min_clearance_m": 0.3162277638912201,
          "segment_fraction_end": 1.0,
          "segment_fraction_start": 0.6009565577661883,
          "segment_index": 2,
          "static_traversability": "UNKNOWN"
        },
        "startid": 124
      },
      "type": "Feature"
    },
    {
      "geometry": {
        "coordinates": [
          [
            [
              -0.27500000000000036,
              2.9750000000000014
            ],
            [
              -0.3734158082642717,
              2.7552955636279544
            ]
          ]
        ],
        "type": "MultiLineString"
      },
      "properties": {
        "endid": 138,
        "id": 393,
        "metadata": {
          "bottleneck": true,
          "canonical_edge_id": 28,
          "length_m": 0.25,
          "min_clearance_m": 0.3162277638912201,
          "segment_fraction_end": 0.07951495752847922,
          "segment_fraction_start": 0.0,
          "segment_index": 0,
          "static_traversability": "FEASIBLE"
        },
        "startid": 14
      },
      "type": "Feature"
    },
    {
      "geometry": {
        "coordinates": [
          [
            [
              -0.3734158082642717,
              2.7552955636279544
            ],
            [
              -0.36773545692594817,
              2.505360104741719
            ]
          ]
        ],
        "type": "MultiLineString"
      },
      "properties": {
        "endid": 139,
        "id": 394,
        "metadata": {
          "bottleneck": true,
          "canonical_edge_id": 28,
          "length_m": 0.25,
          "min_clearance_m": 0.3162277638912201,
          "segment_fraction_end": 0.15902991505695843,
          "segment_fraction_start": 0.07951495752847922,
          "segment_index": 1,
          "static_traversability": "FEASIBLE"
        },
        "startid": 138
      },
      "type": "Feature"
    },
    {
      "geometry": {
        "coordinates": [
          [
            [
              -0.36773545692594817,
              2.505360104741719
            ],
            [
              -0.36205510558762466,
              2.255424645855483
            ]
          ]
        ],
        "type": "MultiLineString"
      },
      "properties": {
        "endid": 140,
        "id": 395,
        "metadata": {
          "bottleneck": true,
          "canonical_edge_id": 28,
          "length_m": 0.25,
          "min_clearance_m": 0.3162277638912201,
          "segment_fraction_end": 0.23854487258543766,
          "segment_fraction_start": 0.15902991505695843,
          "segment_index": 2,
          "static_traversability": "FEASIBLE"
        },
        "startid": 139
      },
      "type": "Feature"
    },
    {
      "geometry": {
        "coordinates": [
          [
            [
              -0.36205510558762466,
              2.255424645855483
            ],
            [
              -0.3563747542493011,
              2.0054891869692475
            ]
          ]
        ],
        "type": "MultiLineString"
      },
      "properties": {
        "endid": 141,
        "id": 396,
        "metadata": {
          "bottleneck": true,
          "canonical_edge_id": 28,
          "length_m": 0.25,
          "min_clearance_m": 0.3162277638912201,
          "segment_fraction_end": 0.31805983011391686,
          "segment_fraction_start": 0.23854487258543766,
          "segment_index": 3,
          "static_traversability": "FEASIBLE"
        },
        "startid": 140
      },
      "type": "Feature"
    },
    {
      "geometry": {
        "coordinates": [
          [
            [
              -0.3563747542493011,
              2.0054891869692475
            ],
            [
              -0.3506944029109776,
              1.7555537280830116
            ]
          ]
        ],
        "type": "MultiLineString"
      },
      "properties": {
        "endid": 142,
        "id": 397,
        "metadata": {
          "bottleneck": true,
          "canonical_edge_id": 28,
          "length_m": 0.25,
          "min_clearance_m": 0.3162277638912201,
          "segment_fraction_end": 0.39757478764239607,
          "segment_fraction_start": 0.31805983011391686,
          "segment_index": 4,
          "static_traversability": "FEASIBLE"
        },
        "startid": 141
      },
      "type": "Feature"
    },
    {
      "geometry": {
        "coordinates": [
          [
            [
              -0.3506944029109776,
              1.7555537280830116
            ],
            [
              -0.3450140515726541,
              1.505618269196776
            ]
          ]
        ],
        "type": "MultiLineString"
      },
      "properties": {
        "endid": 143,
        "id": 398,
        "metadata": {
          "bottleneck": true,
          "canonical_edge_id": 28,
          "length_m": 0.25,
          "min_clearance_m": 0.3162277638912201,
          "segment_fraction_end": 0.4770897451708753,
          "segment_fraction_start": 0.39757478764239607,
          "segment_index": 5,
          "static_traversability": "FEASIBLE"
        },
        "startid": 142
      },
      "type": "Feature"
    },
    {
      "geometry": {
        "coordinates": [
          [
            [
              -0.3450140515726541,
              1.505618269196776
            ],
            [
              -0.33933370023433057,
              1.2556828103105402
            ]
          ]
        ],
        "type": "MultiLineString"
      },
      "properties": {
        "endid": 144,
        "id": 399,
        "metadata": {
          "bottleneck": true,
          "canonical_edge_id": 28,
          "length_m": 0.25,
          "min_clearance_m": 0.3162277638912201,
          "segment_fraction_end": 0.5566047026993545,
          "segment_fraction_start": 0.4770897451708753,
          "segment_index": 6,
          "static_traversability": "FEASIBLE"
        },
        "startid": 143
      },
      "type": "Feature"
    },
    {
      "geometry": {
        "coordinates": [
          [
            [
              -0.33933370023433057,
              1.2556828103105402
            ],
            [
              -0.33365334889600706,
              1.0057473514243045
            ]
          ]
        ],
        "type": "MultiLineString"
      },
      "properties": {
        "endid": 145,
        "id": 400,
        "metadata": {
          "bottleneck": true,
          "canonical_edge_id": 28,
          "length_m": 0.25,
          "min_clearance_m": 0.3162277638912201,
          "segment_fraction_end": 0.6361196602278337,
          "segment_fraction_start": 0.5566047026993545,
          "segment_index": 7,
          "static_traversability": "FEASIBLE"
        },
        "startid": 144
      },
      "type": "Feature"
    },
    {
      "geometry": {
        "coordinates": [
          [
            [
              -0.33365334889600706,
              1.0057473514243045
            ],
            [
              -0.32797299755768355,
              0.7558118925380688
            ]
          ]
        ],
        "type": "MultiLineString"
      },
      "properties": {
        "endid": 146,
        "id": 401,
        "metadata": {
          "bottleneck": true,
          "canonical_edge_id": 28,
          "length_m": 0.25,
          "min_clearance_m": 0.3162277638912201,
          "segment_fraction_end": 0.715634617756313,
          "segment_fraction_start": 0.6361196602278337,
          "segment_index": 8,
          "static_traversability": "FEASIBLE"
        },
        "startid": 145
      },
      "type": "Feature"
    },
    {
      "geometry": {
        "coordinates": [
          [
            [
              -0.32797299755768355,
              0.7558118925380688
            ],
            [
              -0.2625515235640827,
              0.5235212257916351
            ]
          ]
        ],
        "type": "MultiLineString"
      },
      "properties": {
        "endid": 147,
        "id": 402,
        "metadata": {
          "bottleneck": true,
          "canonical_edge_id": 28,
          "length_m": 0.25,
          "min_clearance_m": 0.3162277638912201,
          "segment_fraction_end": 0.7951495752847921,
          "segment_fraction_start": 0.715634617756313,
          "segment_index": 9,
          "static_traversability": "FEASIBLE"
        },
        "startid": 146
      },
      "type": "Feature"
    },
    {
      "geometry": {
        "coordinates": [
          [
            [
              -0.2625515235640827,
              0.5235212257916351
            ],
            [
              -0.131527167147999,
              0.3106066466154991
            ]
          ]
        ],
        "type": "MultiLineString"
      },
      "properties": {
        "endid": 148,
        "id": 403,
        "metadata": {
          "bottleneck": true,
          "canonical_edge_id": 28,
          "length_m": 0.25,
          "min_clearance_m": 0.3162277638912201,
          "segment_fraction_end": 0.8746645328132714,
          "segment_fraction_start": 0.7951495752847921,
          "segment_index": 10,
          "static_traversability": "FEASIBLE"
        },
        "startid": 147
      },
      "type": "Feature"
    },
    {
      "geometry": {
        "coordinates": [
          [
            [
              -0.131527167147999,
              0.3106066466154991
            ],
            [
              -0.0005028107319153263,
              0.0976920674393632
            ]
          ]
        ],
        "type": "MultiLineString"
      },
      "properties": {
        "endid": 149,
        "id": 404,
        "metadata": {
          "bottleneck": true,
          "canonical_edge_id": 28,
          "length_m": 0.25,
          "min_clearance_m": 0.3162277638912201,
          "segment_fraction_end": 0.9541794903417506,
          "segment_fraction_start": 0.8746645328132714,
          "segment_index": 11,
          "static_traversability": "FEASIBLE"
        },
        "startid": 148
      },
      "type": "Feature"
    },
    {
      "geometry": {
        "coordinates": [
          [
            [
              -0.0005028107319153263,
              0.0976920674393632
            ],
            [
              0.07500000000000029,
              -0.024999999999999578
            ]
          ]
        ],
        "type": "MultiLineString"
      },
      "properties": {
        "endid": 15,
        "id": 405,
        "metadata": {
          "bottleneck": true,
          "canonical_edge_id": 28,
          "length_m": 0.14406254836342658,
          "min_clearance_m": 0.3162277638912201,
          "segment_fraction_end": 1.0,
          "segment_fraction_start": 0.9541794903417506,
          "segment_index": 12,
          "static_traversability": "FEASIBLE"
        },
        "startid": 149
      },
      "type": "Feature"
    },
    {
      "geometry": {
        "coordinates": [
          [
            [
              0.07500000000000018,
              -0.024999999999999467
            ],
            [
              -0.04466991411008914,
              -0.14466991411008867
            ]
          ]
        ],
        "type": "MultiLineString"
      },
      "properties": {
        "endid": 102,
        "id": 406,
        "metadata": {
          "bottleneck": false,
          "canonical_edge_id": 29,
          "length_m": 0.16923881554251163,
          "min_clearance_m": 0.9924716949462891,
          "segment_fraction_end": 0.1841075601693681,
          "segment_fraction_start": 0.0,
          "segment_index": 0,
          "static_traversability": "FEASIBLE"
        },
        "startid": 15
      },
      "type": "Feature"
    },
    {
      "geometry": {
        "coordinates": [
          [
            [
              -0.04466991411008914,
              -0.14466991411008867
            ],
            [
              -0.22144660940672617,
              -0.3214466094067254
            ]
          ]
        ],
        "type": "MultiLineString"
      },
      "properties": {
        "endid": 101,
        "id": 407,
        "metadata": {
          "bottleneck": false,
          "canonical_edge_id": 29,
          "length_m": 0.25,
          "min_clearance_m": 0.9924716949462891,
          "segment_fraction_end": 0.45607170677957876,
          "segment_fraction_start": 0.1841075601693681,
          "segment_index": 1,
          "static_traversability": "FEASIBLE"
        },
        "startid": 102
      },
      "type": "Feature"
    },
    {
      "geometry": {
        "coordinates": [
          [
            [
              -0.22144660940672617,
              -0.3214466094067254
            ],
            [
              -0.3982233047033632,
              -0.4982233047033622
            ]
          ]
        ],
        "type": "MultiLineString"
      },
      "properties": {
        "endid": 100,
        "id": 408,
        "metadata": {
          "bottleneck": false,
          "canonical_edge_id": 29,
          "length_m": 0.25,
          "min_clearance_m": 0.9924716949462891,
          "segment_fraction_end": 0.7280358533897894,
          "segment_fraction_start": 0.45607170677957876,
          "segment_index": 2,
          "static_traversability": "FEASIBLE"
        },
        "startid": 101
      },
      "type": "Feature"
    },
    {
      "geometry": {
        "coordinates": [
          [
            [
              -0.3982233047033632,
              -0.4982233047033622
            ],
            [
              -0.5750000000000002,
              -0.6749999999999989
            ]
          ]
        ],
        "type": "MultiLineString"
      },
      "properties": {
        "endid": 10,
        "id": 409,
        "metadata": {
          "bottleneck": false,
          "canonical_edge_id": 29,
          "length_m": 0.25,
          "min_clearance_m": 0.9924716949462891,
          "segment_fraction_end": 1.0,
          "segment_fraction_start": 0.7280358533897894,
          "segment_index": 3,
          "static_traversability": "FEASIBLE"
        },
        "startid": 100
      },
      "type": "Feature"
    },
    {
      "geometry": {
        "coordinates": [
          [
            [
              0.07500000000000029,
              -0.024999999999999578
            ],
            [
              -0.0005028107319153263,
              0.0976920674393632
            ]
          ]
        ],
        "type": "MultiLineString"
      },
      "properties": {
        "endid": 149,
        "id": 410,
        "metadata": {
          "bottleneck": true,
          "canonical_edge_id": 30,
          "length_m": 0.14406254836342658,
          "min_clearance_m": 0.3162277638912201,
          "segment_fraction_end": 0.04582050965824939,
          "segment_fraction_start": 0.0,
          "segment_index": 0,
          "static_traversability": "FEASIBLE"
        },
        "startid": 15
      },
      "type": "Feature"
    },
    {
      "geometry": {
        "coordinates": [
          [
            [
              -0.0005028107319153263,
              0.0976920674393632
            ],
            [
              -0.131527167147999,
              0.3106066466154991
            ]
          ]
        ],
        "type": "MultiLineString"
      },
      "properties": {
        "endid": 148,
        "id": 411,
        "metadata": {
          "bottleneck": true,
          "canonical_edge_id": 30,
          "length_m": 0.25,
          "min_clearance_m": 0.3162277638912201,
          "segment_fraction_end": 0.1253354671867286,
          "segment_fraction_start": 0.04582050965824939,
          "segment_index": 1,
          "static_traversability": "FEASIBLE"
        },
        "startid": 149
      },
      "type": "Feature"
    },
    {
      "geometry": {
        "coordinates": [
          [
            [
              -0.131527167147999,
              0.3106066466154991
            ],
            [
              -0.2625515235640827,
              0.5235212257916351
            ]
          ]
        ],
        "type": "MultiLineString"
      },
      "properties": {
        "endid": 147,
        "id": 412,
        "metadata": {
          "bottleneck": true,
          "canonical_edge_id": 30,
          "length_m": 0.25,
          "min_clearance_m": 0.3162277638912201,
          "segment_fraction_end": 0.2048504247152078,
          "segment_fraction_start": 0.1253354671867286,
          "segment_index": 2,
          "static_traversability": "FEASIBLE"
        },
        "startid": 148
      },
      "type": "Feature"
    },
    {
      "geometry": {
        "coordinates": [
          [
            [
              -0.2625515235640827,
              0.5235212257916351
            ],
            [
              -0.32797299755768355,
              0.7558118925380688
            ]
          ]
        ],
        "type": "MultiLineString"
      },
      "properties": {
        "endid": 146,
        "id": 413,
        "metadata": {
          "bottleneck": true,
          "canonical_edge_id": 30,
          "length_m": 0.25,
          "min_clearance_m": 0.3162277638912201,
          "segment_fraction_end": 0.28436538224368707,
          "segment_fraction_start": 0.2048504247152078,
          "segment_index": 3,
          "static_traversability": "FEASIBLE"
        },
        "startid": 147
      },
      "type": "Feature"
    },
    {
      "geometry": {
        "coordinates": [
          [
            [
              -0.32797299755768355,
              0.7558118925380688
            ],
            [
              -0.33365334889600706,
              1.0057473514243045
            ]
          ]
        ],
        "type": "MultiLineString"
      },
      "properties": {
        "endid": 145,
        "id": 414,
        "metadata": {
          "bottleneck": true,
          "canonical_edge_id": 30,
          "length_m": 0.25,
          "min_clearance_m": 0.3162277638912201,
          "segment_fraction_end": 0.3638803397721663,
          "segment_fraction_start": 0.28436538224368707,
          "segment_index": 4,
          "static_traversability": "FEASIBLE"
        },
        "startid": 146
      },
      "type": "Feature"
    },
    {
      "geometry": {
        "coordinates": [
          [
            [
              -0.33365334889600706,
              1.0057473514243045
            ],
            [
              -0.33933370023433057,
              1.2556828103105402
            ]
          ]
        ],
        "type": "MultiLineString"
      },
      "properties": {
        "endid": 144,
        "id": 415,
        "metadata": {
          "bottleneck": true,
          "canonical_edge_id": 30,
          "length_m": 0.25,
          "min_clearance_m": 0.3162277638912201,
          "segment_fraction_end": 0.4433952973006455,
          "segment_fraction_start": 0.3638803397721663,
          "segment_index": 5,
          "static_traversability": "FEASIBLE"
        },
        "startid": 145
      },
      "type": "Feature"
    },
    {
      "geometry": {
        "coordinates": [
          [
            [
              -0.33933370023433057,
              1.2556828103105402
            ],
            [
              -0.3450140515726541,
              1.505618269196776
            ]
          ]
        ],
        "type": "MultiLineString"
      },
      "properties": {
        "endid": 143,
        "id": 416,
        "metadata": {
          "bottleneck": true,
          "canonical_edge_id": 30,
          "length_m": 0.25,
          "min_clearance_m": 0.3162277638912201,
          "segment_fraction_end": 0.5229102548291247,
          "segment_fraction_start": 0.4433952973006455,
          "segment_index": 6,
          "static_traversability": "FEASIBLE"
        },
        "startid": 144
      },
      "type": "Feature"
    },
    {
      "geometry": {
        "coordinates": [
          [
            [
              -0.3450140515726541,
              1.505618269196776
            ],
            [
              -0.3506944029109776,
              1.7555537280830116
            ]
          ]
        ],
        "type": "MultiLineString"
      },
      "properties": {
        "endid": 142,
        "id": 417,
        "metadata": {
          "bottleneck": true,
          "canonical_edge_id": 30,
          "length_m": 0.25,
          "min_clearance_m": 0.3162277638912201,
          "segment_fraction_end": 0.6024252123576039,
          "segment_fraction_start": 0.5229102548291247,
          "segment_index": 7,
          "static_traversability": "FEASIBLE"
        },
        "startid": 143
      },
      "type": "Feature"
    },
    {
      "geometry": {
        "coordinates": [
          [
            [
              -0.3506944029109776,
              1.7555537280830116
            ],
            [
              -0.3563747542493011,
              2.0054891869692475
            ]
          ]
        ],
        "type": "MultiLineString"
      },
      "properties": {
        "endid": 141,
        "id": 418,
        "metadata": {
          "bottleneck": true,
          "canonical_edge_id": 30,
          "length_m": 0.25,
          "min_clearance_m": 0.3162277638912201,
          "segment_fraction_end": 0.6819401698860831,
          "segment_fraction_start": 0.6024252123576039,
          "segment_index": 8,
          "static_traversability": "FEASIBLE"
        },
        "startid": 142
      },
      "type": "Feature"
    },
    {
      "geometry": {
        "coordinates": [
          [
            [
              -0.3563747542493011,
              2.0054891869692475
            ],
            [
              -0.36205510558762466,
              2.255424645855483
            ]
          ]
        ],
        "type": "MultiLineString"
      },
      "properties": {
        "endid": 140,
        "id": 419,
        "metadata": {
          "bottleneck": true,
          "canonical_edge_id": 30,
          "length_m": 0.25,
          "min_clearance_m": 0.3162277638912201,
          "segment_fraction_end": 0.7614551274145623,
          "segment_fraction_start": 0.6819401698860831,
          "segment_index": 9,
          "static_traversability": "FEASIBLE"
        },
        "startid": 141
      },
      "type": "Feature"
    },
    {
      "geometry": {
        "coordinates": [
          [
            [
              -0.36205510558762466,
              2.255424645855483
            ],
            [
              -0.36773545692594817,
              2.505360104741719
            ]
          ]
        ],
        "type": "MultiLineString"
      },
      "properties": {
        "endid": 139,
        "id": 420,
        "metadata": {
          "bottleneck": true,
          "canonical_edge_id": 30,
          "length_m": 0.25,
          "min_clearance_m": 0.3162277638912201,
          "segment_fraction_end": 0.8409700849430416,
          "segment_fraction_start": 0.7614551274145623,
          "segment_index": 10,
          "static_traversability": "FEASIBLE"
        },
        "startid": 140
      },
      "type": "Feature"
    },
    {
      "geometry": {
        "coordinates": [
          [
            [
              -0.36773545692594817,
              2.505360104741719
            ],
            [
              -0.3734158082642717,
              2.7552955636279544
            ]
          ]
        ],
        "type": "MultiLineString"
      },
      "properties": {
        "endid": 138,
        "id": 421,
        "metadata": {
          "bottleneck": true,
          "canonical_edge_id": 30,
          "length_m": 0.25,
          "min_clearance_m": 0.3162277638912201,
          "segment_fraction_end": 0.9204850424715207,
          "segment_fraction_start": 0.8409700849430416,
          "segment_index": 11,
          "static_traversability": "FEASIBLE"
        },
        "startid": 139
      },
      "type": "Feature"
    },
    {
      "geometry": {
        "coordinates": [
          [
            [
              -0.3734158082642717,
              2.7552955636279544
            ],
            [
              -0.27500000000000036,
              2.9750000000000014
            ]
          ]
        ],
        "type": "MultiLineString"
      },
      "properties": {
        "endid": 14,
        "id": 422,
        "metadata": {
          "bottleneck": true,
          "canonical_edge_id": 30,
          "length_m": 0.25,
          "min_clearance_m": 0.3162277638912201,
          "segment_fraction_end": 1.0,
          "segment_fraction_start": 0.9204850424715207,
          "segment_index": 12,
          "static_traversability": "FEASIBLE"
        },
        "startid": 138
      },
      "type": "Feature"
    },
    {
      "geometry": {
        "coordinates": [
          [
            [
              0.07500000000000018,
              -0.024999999999999467
            ],
            [
              0.30128565008810204,
              -0.018873044405287184
            ]
          ]
        ],
        "type": "MultiLineString"
      },
      "properties": {
        "endid": 150,
        "id": 423,
        "metadata": {
          "bottleneck": false,
          "canonical_edge_id": 31,
          "length_m": 0.25,
          "min_clearance_m": 1.0511897802352905,
          "segment_fraction_end": 0.4137385774074085,
          "segment_fraction_start": 0.0,
          "segment_index": 0,
          "static_traversability": "FEASIBLE"
        },
        "startid": 15
      },
      "type": "Feature"
    },
    {
      "geometry": {
        "coordinates": [
          [
            [
              0.30128565008810204,
              -0.018873044405287184
            ],
            [
              0.5297385372431662,
              0.08266157210807476
            ]
          ]
        ],
        "type": "MultiLineString"
      },
      "properties": {
        "endid": 151,
        "id": 424,
        "metadata": {
          "bottleneck": false,
          "canonical_edge_id": 31,
          "length_m": 0.25,
          "min_clearance_m": 1.0511897802352905,
          "segment_fraction_end": 0.827477154814817,
          "segment_fraction_start": 0.4137385774074085,
          "segment_index": 1,
          "static_traversability": "FEASIBLE"
        },
        "startid": 150
      },
      "type": "Feature"
    },
    {
      "geometry": {
        "coordinates": [
          [
            [
              0.5297385372431662,
              0.08266157210807476
            ],
            [
              0.6250000000000001,
              0.12500000000000094
            ]
          ]
        ],
        "type": "MultiLineString"
      },
      "properties": {
        "endid": 21,
        "id": 425,
        "metadata": {
          "bottleneck": false,
          "canonical_edge_id": 31,
          "length_m": 0.1042462889647946,
          "min_clearance_m": 1.0511897802352905,
          "segment_fraction_end": 1.0,
          "segment_fraction_start": 0.827477154814817,
          "segment_index": 2,
          "static_traversability": "FEASIBLE"
        },
        "startid": 151
      },
      "type": "Feature"
    },
    {
      "geometry": {
        "coordinates": [
          [
            [
              0.22499999999999962,
              4.825000000000001
            ],
            [
              0.20757625927022355,
              4.73788129635112
            ]
          ]
        ],
        "type": "MultiLineString"
      },
      "properties": {
        "endid": 131,
        "id": 426,
        "metadata": {
          "bottleneck": true,
          "canonical_edge_id": 32,
          "length_m": 0.08884399398090981,
          "min_clearance_m": 0.3162277638912201,
          "segment_fraction_end": 0.055917380383147475,
          "segment_fraction_start": 0.0,
          "segment_index": 0,
          "static_traversability": "FEASIBLE"
        },
        "startid": 16
      },
      "type": "Feature"
    },
    {
      "geometry": {
        "coordinates": [
          [
            [
              0.20757625927022355,
              4.73788129635112
            ],
            [
              0.11567867786496416,
              4.515678677864965
            ]
          ]
        ],
        "type": "MultiLineString"
      },
      "properties": {
        "endid": 130,
        "id": 427,
        "metadata": {
          "bottleneck": true,
          "canonical_edge_id": 32,
          "length_m": 0.25,
          "min_clearance_m": 0.3162277638912201,
          "segment_fraction_end": 0.2132644836526229,
          "segment_fraction_start": 0.055917380383147475,
          "segment_index": 1,
          "static_traversability": "FEASIBLE"
        },
        "startid": 131
      },
      "type": "Feature"
    },
    {
      "geometry": {
        "coordinates": [
          [
            [
              0.11567867786496416,
              4.515678677864965
            ],
            [
              0.07500000000000018,
              4.282528337936039
            ]
          ]
        ],
        "type": "MultiLineString"
      },
      "properties": {
        "endid": 129,
        "id": 428,
        "metadata": {
          "bottleneck": true,
          "canonical_edge_id": 32,
          "length_m": 0.25,
          "min_clearance_m": 0.3162277638912201,
          "segment_fraction_end": 0.37061158692209833,
          "segment_fraction_start": 0.2132644836526229,
          "segment_index": 2,
          "static_traversability": "FEASIBLE"
        },
        "startid": 130
      },
      "type": "Feature"
    },
    {
      "geometry": {
        "coordinates": [
          [
            [
              0.07500000000000018,
              4.282528337936039
            ],
            [
              -0.0838020961866186,
              4.091766812092363
            ]
          ]
        ],
        "type": "MultiLineString"
      },
      "properties": {
        "endid": 128,
        "id": 429,
        "metadata": {
          "bottleneck": true,
          "canonical_edge_id": 32,
          "length_m": 0.25,
          "min_clearance_m": 0.3162277638912201,
          "segment_fraction_end": 0.5279586901915737,
          "segment_fraction_start": 0.37061158692209833,
          "segment_index": 3,
          "static_traversability": "FEASIBLE"
        },
        "startid": 129
      },
      "type": "Feature"
    },
    {
      "geometry": {
        "coordinates": [
          [
            [
              -0.0838020961866186,
              4.091766812092363
            ],
            [
              -0.24753473079107913,
              3.902844541394909
            ]
          ]
        ],
        "type": "MultiLineString"
      },
      "properties": {
        "endid": 127,
        "id": 430,
        "metadata": {
          "bottleneck": true,
          "canonical_edge_id": 32,
          "length_m": 0.25,
          "min_clearance_m": 0.3162277638912201,
          "segment_fraction_end": 0.6853057934610491,
          "segment_fraction_start": 0.5279586901915737,
          "segment_index": 4,
          "static_traversability": "FEASIBLE"
        },
        "startid": 128
      },
      "type": "Feature"
    },
    {
      "geometry": {
        "coordinates": [
          [
            [
              -0.24753473079107913,
              3.902844541394909
            ],
            [
              -0.41126736539553965,
              3.713922270697455
            ]
          ]
        ],
        "type": "MultiLineString"
      },
      "properties": {
        "endid": 126,
        "id": 431,
        "metadata": {
          "bottleneck": true,
          "canonical_edge_id": 32,
          "length_m": 0.25,
          "min_clearance_m": 0.3162277638912201,
          "segment_fraction_end": 0.8426528967305246,
          "segment_fraction_start": 0.6853057934610491,
          "segment_index": 5,
          "static_traversability": "FEASIBLE"
        },
        "startid": 127
      },
      "type": "Feature"
    },
    {
      "geometry": {
        "coordinates": [
          [
            [
              -0.41126736539553965,
              3.713922270697455
            ],
            [
              -0.5750000000000002,
              3.5250000000000004
            ]
          ]
        ],
        "type": "MultiLineString"
      },
      "properties": {
        "endid": 11,
        "id": 432,
        "metadata": {
          "bottleneck": true,
          "canonical_edge_id": 32,
          "length_m": 0.25,
          "min_clearance_m": 0.3162277638912201,
          "segment_fraction_end": 1.0,
          "segment_fraction_start": 0.8426528967305246,
          "segment_index": 6,
          "static_traversability": "FEASIBLE"
        },
        "startid": 126
      },
      "type": "Feature"
    },
    {
      "geometry": {
        "coordinates": [
          [
            [
              0.22499999999999964,
              4.825000000000001
            ],
            [
              0.17135751816394384,
              4.846456992734423
            ]
          ]
        ],
        "type": "MultiLineString"
      },
      "properties": {
        "endid": 134,
        "id": 433,
        "metadata": {
          "bottleneck": false,
          "canonical_edge_id": 33,
          "length_m": 0.057774721070175894,
          "min_clearance_m": 0.5830951929092407,
          "segment_fraction_end": 0.07152330911474102,
          "segment_fraction_start": 0.0,
          "segment_index": 0,
          "static_traversability": "FEASIBLE"
        },
        "startid": 16
      },
      "type": "Feature"
    },
    {
      "geometry": {
        "coordinates": [
          [
            [
              0.17135751816394384,
              4.846456992734423
            ],
            [
              -0.06076165455737087,
              4.939304661822949
            ]
          ]
        ],
        "type": "MultiLineString"
      },
      "properties": {
        "endid": 133,
        "id": 434,
        "metadata": {
          "bottleneck": false,
          "canonical_edge_id": 33,
          "length_m": 0.25,
          "min_clearance_m": 0.5830951929092407,
          "segment_fraction_end": 0.38101553940982735,
          "segment_fraction_start": 0.07152330911474102,
          "segment_index": 1,
          "static_traversability": "FEASIBLE"
        },
        "startid": 134
      },
      "type": "Feature"
    },
    {
      "geometry": {
        "coordinates": [
          [
            [
              -0.06076165455737087,
              4.939304661822949
            ],
            [
              -0.2928808272786856,
              5.032152330911476
            ]
          ]
        ],
        "type": "MultiLineString"
      },
      "properties": {
        "endid": 132,
        "id": 435,
        "metadata": {
          "bottleneck": false,
          "canonical_edge_id": 33,
          "length_m": 0.25,
          "min_clearance_m": 0.5830951929092407,
          "segment_fraction_end": 0.6905077697049137,
          "segment_fraction_start": 0.38101553940982735,
          "segment_index": 2,
          "static_traversability": "FEASIBLE"
        },
        "startid": 133
      },
      "type": "Feature"
    },
    {
      "geometry": {
        "coordinates": [
          [
            [
              -0.2928808272786856,
              5.032152330911476
            ],
            [
              -0.5250000000000004,
              5.125000000000002
            ]
          ]
        ],
        "type": "MultiLineString"
      },
      "properties": {
        "endid": 12,
        "id": 436,
        "metadata": {
          "bottleneck": false,
          "canonical_edge_id": 33,
          "length_m": 0.25,
          "min_clearance_m": 0.5830951929092407,
          "segment_fraction_end": 1.0,
          "segment_fraction_start": 0.6905077697049137,
          "segment_index": 3,
          "static_traversability": "FEASIBLE"
        },
        "startid": 132
      },
      "type": "Feature"
    },
    {
      "geometry": {
        "coordinates": [
          [
            [
              0.22499999999999964,
              4.825000000000001
            ],
            [
              0.47499999999999964,
              4.825000000000001
            ]
          ]
        ],
        "type": "MultiLineString"
      },
      "properties": {
        "endid": 152,
        "id": 437,
        "metadata": {
          "bottleneck": false,
          "canonical_edge_id": 34,
          "length_m": 0.25,
          "min_clearance_m": 0.8544003367424011,
          "segment_fraction_end": 0.37113639713118196,
          "segment_fraction_start": 0.0,
          "segment_index": 0,
          "static_traversability": "FEASIBLE"
        },
        "startid": 16
      },
      "type": "Feature"
    },
    {
      "geometry": {
        "coordinates": [
          [
            [
              0.47499999999999964,
              4.825000000000001
            ],
            [
              0.7197213595499955,
              4.802639320225003
            ]
          ]
        ],
        "type": "MultiLineString"
      },
      "properties": {
        "endid": 153,
        "id": 438,
        "metadata": {
          "bottleneck": false,
          "canonical_edge_id": 34,
          "length_m": 0.25,
          "min_clearance_m": 0.8544003367424011,
          "segment_fraction_end": 0.7422727942623639,
          "segment_fraction_start": 0.37113639713118196,
          "segment_index": 1,
          "static_traversability": "FEASIBLE"
        },
        "startid": 152
      },
      "type": "Feature"
    },
    {
      "geometry": {
        "coordinates": [
          [
            [
              0.7197213595499955,
              4.802639320225003
            ],
            [
              0.875,
              4.725000000000001
            ]
          ]
        ],
        "type": "MultiLineString"
      },
      "properties": {
        "endid": 22,
        "id": 439,
        "metadata": {
          "bottleneck": false,
          "canonical_edge_id": 34,
          "length_m": 0.1736067977499791,
          "min_clearance_m": 0.8544003367424011,
          "segment_fraction_end": 1.0,
          "segment_fraction_start": 0.7422727942623639,
          "segment_index": 2,
          "static_traversability": "FEASIBLE"
        },
        "startid": 153
      },
      "type": "Feature"
    },
    {
      "geometry": {
        "coordinates": [
          [
            [
              0.375,
              2.375
            ],
            [
              0.47499999999999964,
              2.1868033988749898
            ]
          ]
        ],
        "type": "MultiLineString"
      },
      "properties": {
        "endid": 154,
        "id": 440,
        "metadata": {
          "bottleneck": true,
          "canonical_edge_id": 35,
          "length_m": 0.25,
          "min_clearance_m": 0.2692582309246063,
          "segment_fraction_end": 0.35122057634892856,
          "segment_fraction_start": 0.0,
          "segment_index": 0,
          "static_traversability": "UNKNOWN"
        },
        "startid": 17
      },
      "type": "Feature"
    },
    {
      "geometry": {
        "coordinates": [
          [
            [
              0.47499999999999964,
              2.1868033988749898
            ],
            [
              0.47499999999999964,
              1.9368033988749898
            ]
          ]
        ],
        "type": "MultiLineString"
      },
      "properties": {
        "endid": 155,
        "id": 441,
        "metadata": {
          "bottleneck": true,
          "canonical_edge_id": 35,
          "length_m": 0.25,
          "min_clearance_m": 0.2692582309246063,
          "segment_fraction_end": 0.7024411526978571,
          "segment_fraction_start": 0.35122057634892856,
          "segment_index": 1,
          "static_traversability": "UNKNOWN"
        },
        "startid": 154
      },
      "type": "Feature"
    },
    {
      "geometry": {
        "coordinates": [
          [
            [
              0.47499999999999964,
              1.9368033988749898
            ],
            [
              0.47499999999999964,
              1.7250000000000005
            ]
          ]
        ],
        "type": "MultiLineString"
      },
      "properties": {
        "endid": 19,
        "id": 442,
        "metadata": {
          "bottleneck": true,
          "canonical_edge_id": 35,
          "length_m": 0.21180339887498922,
          "min_clearance_m": 0.2692582309246063,
          "segment_fraction_end": 1.0,
          "segment_fraction_start": 0.7024411526978571,
          "segment_index": 2,
          "static_traversability": "UNKNOWN"
        },
        "startid": 155
      },
      "type": "Feature"
    },
    {
      "geometry": {
        "coordinates": [
          [
            [
              0.4249999999999998,
              -5.2749999999999995
            ],
            [
              0.4249999999999998,
              -5.069943670642965
            ]
          ]
        ],
        "type": "MultiLineString"
      },
      "properties": {
        "endid": 123,
        "id": 443,
        "metadata": {
          "bottleneck": true,
          "canonical_edge_id": 36,
          "length_m": 0.20505632935703488,
          "min_clearance_m": 0.36055514216423035,
          "segment_fraction_end": 0.037590139675277016,
          "segment_fraction_start": 0.0,
          "segment_index": 0,
          "static_traversability": "FEASIBLE"
        },
        "startid": 18
      },
      "type": "Feature"
    },
    {
      "geometry": {
        "coordinates": [
          [
            [
              0.4249999999999998,
              -5.069943670642965
            ],
            [
              0.4249999999999998,
              -4.819943670642965
            ]
          ]
        ],
        "type": "MultiLineString"
      },
      "properties": {
        "endid": 122,
        "id": 444,
        "metadata": {
          "bottleneck": true,
          "canonical_edge_id": 36,
          "length_m": 0.25,
          "min_clearance_m": 0.36055514216423035,
          "segment_fraction_end": 0.08341918064312097,
          "segment_fraction_start": 0.037590139675277016,
          "segment_index": 1,
          "static_traversability": "FEASIBLE"
        },
        "startid": 123
      },
      "type": "Feature"
    },
    {
      "geometry": {
        "coordinates": [
          [
            [
              0.4249999999999998,
              -4.819943670642965
            ],
            [
              0.42857536477627156,
              -4.571424635223727
            ]
          ]
        ],
        "type": "MultiLineString"
      },
      "properties": {
        "endid": 121,
        "id": 445,
        "metadata": {
          "bottleneck": true,
          "canonical_edge_id": 36,
          "length_m": 0.25,
          "min_clearance_m": 0.36055514216423035,
          "segment_fraction_end": 0.12924822161096491,
          "segment_fraction_start": 0.08341918064312097,
          "segment_index": 2,
          "static_traversability": "FEASIBLE"
        },
        "startid": 122
      },
      "type": "Feature"
    },
    {
      "geometry": {
        "coordinates": [
          [
            [
              0.42857536477627156,
              -4.571424635223727
            ],
            [
              0.6053520600729084,
              -4.394647939927091
            ]
          ]
        ],
        "type": "MultiLineString"
      },
      "properties": {
        "endid": 120,
        "id": 446,
        "metadata": {
          "bottleneck": true,
          "canonical_edge_id": 36,
          "length_m": 0.25,
          "min_clearance_m": 0.36055514216423035,
          "segment_fraction_end": 0.17507726257880887,
          "segment_fraction_start": 0.12924822161096491,
          "segment_index": 3,
          "static_traversability": "FEASIBLE"
        },
        "startid": 121
      },
      "type": "Feature"
    },
    {
      "geometry": {
        "coordinates": [
          [
            [
              0.6053520600729084,
              -4.394647939927091
            ],
            [
              0.6749999999999998,
              -4.1734970612362385
            ]
          ]
        ],
        "type": "MultiLineString"
      },
      "properties": {
        "endid": 119,
        "id": 447,
        "metadata": {
          "bottleneck": true,
          "canonical_edge_id": 36,
          "length_m": 0.25,
          "min_clearance_m": 0.36055514216423035,
          "segment_fraction_end": 0.22090630354665283,
          "segment_fraction_start": 0.17507726257880887,
          "segment_index": 4,
          "static_traversability": "FEASIBLE"
        },
        "startid": 120
      },
      "type": "Feature"
    },
    {
      "geometry": {
        "coordinates": [
          [
            [
              0.6749999999999998,
              -4.1734970612362385
            ],
            [
              0.6749999999999998,
              -3.9234970612362385
            ]
          ]
        ],
        "type": "MultiLineString"
      },
      "properties": {
        "endid": 118,
        "id": 448,
        "metadata": {
          "bottleneck": true,
          "canonical_edge_id": 36,
          "length_m": 0.25,
          "min_clearance_m": 0.36055514216423035,
          "segment_fraction_end": 0.26673534451449676,
          "segment_fraction_start": 0.22090630354665283,
          "segment_index": 5,
          "static_traversability": "FEASIBLE"
        },
        "startid": 119
      },
      "type": "Feature"
    },
    {
      "geometry": {
        "coordinates": [
          [
            [
              0.6749999999999998,
              -3.9234970612362385
            ],
            [
              0.6382551400520898,
              -3.6780205602083593
            ]
          ]
        ],
        "type": "MultiLineString"
      },
      "properties": {
        "endid": 117,
        "id": 449,
        "metadata": {
          "bottleneck": true,
          "canonical_edge_id": 36,
          "length_m": 0.25,
          "min_clearance_m": 0.36055514216423035,
          "segment_fraction_end": 0.3125643854823407,
          "segment_fraction_start": 0.26673534451449676,
          "segment_index": 6,
          "static_traversability": "FEASIBLE"
        },
        "startid": 118
      },
      "type": "Feature"
    },
    {
      "geometry": {
        "coordinates": [
          [
            [
              0.6382551400520898,
              -3.6780205602083593
            ],
            [
              0.5776212337930069,
              -3.4354849351720262
            ]
          ]
        ],
        "type": "MultiLineString"
      },
      "properties": {
        "endid": 116,
        "id": 450,
        "metadata": {
          "bottleneck": true,
          "canonical_edge_id": 36,
          "length_m": 0.25,
          "min_clearance_m": 0.36055514216423035,
          "segment_fraction_end": 0.3583934264501847,
          "segment_fraction_start": 0.3125643854823407,
          "segment_index": 7,
          "static_traversability": "FEASIBLE"
        },
        "startid": 117
      },
      "type": "Feature"
    },
    {
      "geometry": {
        "coordinates": [
          [
            [
              0.5776212337930069,
              -3.4354849351720262
            ],
            [
              0.608826910244111,
              -3.1882116282912234
            ]
          ]
        ],
        "type": "MultiLineString"
      },
      "properties": {
        "endid": 115,
        "id": 451,
        "metadata": {
          "bottleneck": true,
          "canonical_edge_id": 36,
          "length_m": 0.25,
          "min_clearance_m": 0.36055514216423035,
          "segment_fraction_end": 0.40422246741802864,
          "segment_fraction_start": 0.3583934264501847,
          "segment_index": 8,
          "static_traversability": "FEASIBLE"
        },
        "startid": 116
      },
      "type": "Feature"
    },
    {
      "geometry": {
        "coordinates": [
          [
            [
              0.608826910244111,
              -3.1882116282912234
            ],
            [
              0.6441822493034381,
              -2.940724254875932
            ]
          ]
        ],
        "type": "MultiLineString"
      },
      "properties": {
        "endid": 114,
        "id": 452,
        "metadata": {
          "bottleneck": true,
          "canonical_edge_id": 36,
          "length_m": 0.25,
          "min_clearance_m": 0.36055514216423035,
          "segment_fraction_end": 0.4500515083858726,
          "segment_fraction_start": 0.40422246741802864,
          "segment_index": 9,
          "static_traversability": "FEASIBLE"
        },
        "startid": 115
      },
      "type": "Feature"
    },
    {
      "geometry": {
        "coordinates": [
          [
            [
              0.6441822493034381,
              -2.940724254875932
            ],
            [
              0.6637339954527646,
              -2.6949573212073723
            ]
          ]
        ],
        "type": "MultiLineString"
      },
      "properties": {
        "endid": 113,
        "id": 453,
        "metadata": {
          "bottleneck": true,
          "canonical_edge_id": 36,
          "length_m": 0.25,
          "min_clearance_m": 0.36055514216423035,
          "segment_fraction_end": 0.49588054935371656,
          "segment_fraction_start": 0.4500515083858726,
          "segment_index": 10,
          "static_traversability": "FEASIBLE"
        },
        "startid": 114
      },
      "type": "Feature"
    },
    {
      "geometry": {
        "coordinates": [
          [
            [
              0.6637339954527646,
              -2.6949573212073723
            ],
            [
              0.5759531350556665,
              -2.460875026815111
            ]
          ]
        ],
        "type": "MultiLineString"
      },
      "properties": {
        "endid": 112,
        "id": 454,
        "metadata": {
          "bottleneck": true,
          "canonical_edge_id": 36,
          "length_m": 0.25,
          "min_clearance_m": 0.36055514216423035,
          "segment_fraction_end": 0.5417095903215605,
          "segment_fraction_start": 0.49588054935371656,
          "segment_index": 11,
          "static_traversability": "FEASIBLE"
        },
        "startid": 113
      },
      "type": "Feature"
    },
    {
      "geometry": {
        "coordinates": [
          [
            [
              0.5759531350556665,
              -2.460875026815111
            ],
            [
              0.4265814995836339,
              -2.2887405524781803
            ]
          ]
        ],
        "type": "MultiLineString"
      },
      "properties": {
        "endid": 111,
        "id": 455,
        "metadata": {
          "bottleneck": true,
          "canonical_edge_id": 36,
          "length_m": 0.25,
          "min_clearance_m": 0.36055514216423035,
          "segment_fraction_end": 0.5875386312894044,
          "segment_fraction_start": 0.5417095903215605,
          "segment_index": 12,
          "static_traversability": "FEASIBLE"
        },
        "startid": 112
      },
      "type": "Feature"
    },
    {
      "geometry": {
        "coordinates": [
          [
            [
              0.4265814995836339,
              -2.2887405524781803
            ],
            [
              0.1919957203793563,
              -2.2023142127713413
            ]
          ]
        ],
        "type": "MultiLineString"
      },
      "properties": {
        "endid": 110,
        "id": 456,
        "metadata": {
          "bottleneck": true,
          "canonical_edge_id": 36,
          "length_m": 0.25,
          "min_clearance_m": 0.36055514216423035,
          "segment_fraction_end": 0.6333676722572484,
          "segment_fraction_start": 0.5875386312894044,
          "segment_index": 13,
          "static_traversability": "FEASIBLE"
        },
        "startid": 111
      },
      "type": "Feature"
    },
    {
      "geometry": {
        "coordinates": [
          [
            [
              0.1919957203793563,
              -2.2023142127713413
            ],
            [
              -0.042590058824921284,
              -2.1158878730645023
            ]
          ]
        ],
        "type": "MultiLineString"
      },
      "properties": {
        "endid": 109,
        "id": 457,
        "metadata": {
          "bottleneck": true,
          "canonical_edge_id": 36,
          "length_m": 0.25,
          "min_clearance_m": 0.36055514216423035,
          "segment_fraction_end": 0.6791967132250923,
          "segment_fraction_start": 0.6333676722572484,
          "segment_index": 14,
          "static_traversability": "FEASIBLE"
        },
        "startid": 110
      },
      "type": "Feature"
    },
    {
      "geometry": {
        "coordinates": [
          [
            [
              -0.042590058824921284,
              -2.1158878730645023
            ],
            [
              -0.2771758380291988,
              -2.0294615333576633
            ]
          ]
        ],
        "type": "MultiLineString"
      },
      "properties": {
        "endid": 108,
        "id": 458,
        "metadata": {
          "bottleneck": true,
          "canonical_edge_id": 36,
          "length_m": 0.25,
          "min_clearance_m": 0.36055514216423035,
          "segment_fraction_end": 0.7250257541929362,
          "segment_fraction_start": 0.6791967132250923,
          "segment_index": 15,
          "static_traversability": "FEASIBLE"
        },
        "startid": 109
      },
      "type": "Feature"
    },
    {
      "geometry": {
        "coordinates": [
          [
            [
              -0.2771758380291988,
              -2.0294615333576633
            ],
            [
              -0.4903809110899677,
              -1.9096190889100322
            ]
          ]
        ],
        "type": "MultiLineString"
      },
      "properties": {
        "endid": 107,
        "id": 459,
        "metadata": {
          "bottleneck": true,
          "canonical_edge_id": 36,
          "length_m": 0.25,
          "min_clearance_m": 0.36055514216423035,
          "segment_fraction_end": 0.7708547951607803,
          "segment_fraction_start": 0.7250257541929362,
          "segment_index": 16,
          "static_traversability": "FEASIBLE"
        },
        "startid": 108
      },
      "type": "Feature"
    },
    {
      "geometry": {
        "coordinates": [
          [
            [
              -0.4903809110899677,
              -1.9096190889100322
            ],
            [
              -0.533369455287819,
              -1.6741330730923507
            ]
          ]
        ],
        "type": "MultiLineString"
      },
      "properties": {
        "endid": 106,
        "id": 460,
        "metadata": {
          "bottleneck": true,
          "canonical_edge_id": 36,
          "length_m": 0.25,
          "min_clearance_m": 0.36055514216423035,
          "segment_fraction_end": 0.8166838361286242,
          "segment_fraction_start": 0.7708547951607803,
          "segment_index": 17,
          "static_traversability": "FEASIBLE"
        },
        "startid": 107
      },
      "type": "Feature"
    },
    {
      "geometry": {
        "coordinates": [
          [
            [
              -0.533369455287819,
              -1.6741330730923507
            ],
            [
              -0.5437770914658643,
              -1.424349804819263
            ]
          ]
        ],
        "type": "MultiLineString"
      },
      "properties": {
        "endid": 105,
        "id": 461,
        "metadata": {
          "bottleneck": true,
          "canonical_edge_id": 36,
          "length_m": 0.25,
          "min_clearance_m": 0.36055514216423035,
          "segment_fraction_end": 0.8625128770964682,
          "segment_fraction_start": 0.8166838361286242,
          "segment_index": 18,
          "static_traversability": "FEASIBLE"
        },
        "startid": 106
      },
      "type": "Feature"
    },
    {
      "geometry": {
        "coordinates": [
          [
            [
              -0.5437770914658643,
              -1.424349804819263
            ],
            [
              -0.5541847276439096,
              -1.1745665365461748
            ]
          ]
        ],
        "type": "MultiLineString"
      },
      "properties": {
        "endid": 104,
        "id": 462,
        "metadata": {
          "bottleneck": true,
          "canonical_edge_id": 36,
          "length_m": 0.25,
          "min_clearance_m": 0.36055514216423035,
          "segment_fraction_end": 0.9083419180643121,
          "segment_fraction_start": 0.8625128770964682,
          "segment_index": 19,
          "static_traversability": "FEASIBLE"
        },
        "startid": 105
      },
      "type": "Feature"
    },
    {
      "geometry": {
        "coordinates": [
          [
            [
              -0.5541847276439096,
              -1.1745665365461748
            ],
            [
              -0.5645923638219549,
              -0.9247832682730869
            ]
          ]
        ],
        "type": "MultiLineString"
      },
      "properties": {
        "endid": 103,
        "id": 463,
        "metadata": {
          "bottleneck": true,
          "canonical_edge_id": 36,
          "length_m": 0.25,
          "min_clearance_m": 0.36055514216423035,
          "segment_fraction_end": 0.9541709590321561,
          "segment_fraction_start": 0.9083419180643121,
          "segment_index": 20,
          "static_traversability": "FEASIBLE"
        },
        "startid": 104
      },
      "type": "Feature"
    },
    {
      "geometry": {
        "coordinates": [
          [
            [
              -0.5645923638219549,
              -0.9247832682730869
            ],
            [
              -0.5750000000000002,
              -0.6749999999999989
            ]
          ]
        ],
        "type": "MultiLineString"
      },
      "properties": {
        "endid": 10,
        "id": 464,
        "metadata": {
          "bottleneck": true,
          "canonical_edge_id": 36,
          "length_m": 0.25,
          "min_clearance_m": 0.36055514216423035,
          "segment_fraction_end": 1.0,
          "segment_fraction_start": 0.9541709590321561,
          "segment_index": 21,
          "static_traversability": "FEASIBLE"
        },
        "startid": 103
      },
      "type": "Feature"
    },
    {
      "geometry": {
        "coordinates": [
          [
            [
              0.4249999999999998,
              -5.2749999999999995
            ],
            [
              0.2942110479064788,
              -5.353473371256112
            ]
          ]
        ],
        "type": "MultiLineString"
      },
      "properties": {
        "endid": 137,
        "id": 465,
        "metadata": {
          "bottleneck": true,
          "canonical_edge_id": 37,
          "length_m": 0.1525248176069096,
          "min_clearance_m": 0.22360680997371674,
          "segment_fraction_end": 0.16899792075672435,
          "segment_fraction_start": 0.0,
          "segment_index": 0,
          "static_traversability": "UNKNOWN"
        },
        "startid": 18
      },
      "type": "Feature"
    },
    {
      "geometry": {
        "coordinates": [
          [
            [
              0.2942110479064788,
              -5.353473371256112
            ],
            [
              0.06402277713535548,
              -5.425
            ]
          ]
        ],
        "type": "MultiLineString"
      },
      "properties": {
        "endid": 136,
        "id": 466,
        "metadata": {
          "bottleneck": true,
          "canonical_edge_id": 37,
          "length_m": 0.25,
          "min_clearance_m": 0.22360680997371674,
          "segment_fraction_end": 0.44599861383781625,
          "segment_fraction_start": 0.16899792075672435,
          "segment_index": 1,
          "static_traversability": "UNKNOWN"
        },
        "startid": 137
      },
      "type": "Feature"
    },
    {
      "geometry": {
        "coordinates": [
          [
            [
              0.06402277713535548,
              -5.425
            ],
            [
              -0.13518584940867606,
              -5.562302156636007
            ]
          ]
        ],
        "type": "MultiLineString"
      },
      "properties": {
        "endid": 135,
        "id": 467,
        "metadata": {
          "bottleneck": true,
          "canonical_edge_id": 37,
          "length_m": 0.25,
          "min_clearance_m": 0.22360680997371674,
          "segment_fraction_end": 0.7229993069189081,
          "segment_fraction_start": 0.44599861383781625,
          "segment_index": 2,
          "static_traversability": "UNKNOWN"
        },
        "startid": 136
      },
      "type": "Feature"
    },
    {
      "geometry": {
        "coordinates": [
          [
            [
              -0.13518584940867606,
              -5.562302156636007
            ],
            [
              -0.3250000000000002,
              -5.725
            ]
          ]
        ],
        "type": "MultiLineString"
      },
      "properties": {
        "endid": 13,
        "id": 468,
        "metadata": {
          "bottleneck": true,
          "canonical_edge_id": 37,
          "length_m": 0.25,
          "min_clearance_m": 0.22360680997371674,
          "segment_fraction_end": 1.0,
          "segment_fraction_start": 0.7229993069189081,
          "segment_index": 3,
          "static_traversability": "UNKNOWN"
        },
        "startid": 135
      },
      "type": "Feature"
    },
    {
      "geometry": {
        "coordinates": [
          [
            [
              0.4249999999999998,
              -5.2749999999999995
            ],
            [
              0.5750000000000002,
              -5.324999999999999
            ]
          ]
        ],
        "type": "MultiLineString"
      },
      "properties": {
        "endid": 20,
        "id": 469,
        "metadata": {
          "bottleneck": false,
          "canonical_edge_id": 38,
          "length_m": 0.15811388300841925,
          "min_clearance_m": 0.5,
          "segment_fraction_end": 1.0,
          "segment_fraction_start": 0.0,
          "segment_index": 0,
          "static_traversability": "FEASIBLE"
        },
        "startid": 18
      },
      "type": "Feature"
    },
    {
      "geometry": {
        "coordinates": [
          [
            [
              0.47499999999999964,
              1.7250000000000005
            ],
            [
              0.47499999999999964,
              1.9368033988749898
            ]
          ]
        ],
        "type": "MultiLineString"
      },
      "properties": {
        "endid": 155,
        "id": 470,
        "metadata": {
          "bottleneck": true,
          "canonical_edge_id": 39,
          "length_m": 0.21180339887498922,
          "min_clearance_m": 0.2692582309246063,
          "segment_fraction_end": 0.2975588473021429,
          "segment_fraction_start": 0.0,
          "segment_index": 0,
          "static_traversability": "UNKNOWN"
        },
        "startid": 19
      },
      "type": "Feature"
    },
    {
      "geometry": {
        "coordinates": [
          [
            [
              0.47499999999999964,
              1.9368033988749898
            ],
            [
              0.47499999999999964,
              2.1868033988749898
            ]
          ]
        ],
        "type": "MultiLineString"
      },
      "properties": {
        "endid": 154,
        "id": 471,
        "metadata": {
          "bottleneck": true,
          "canonical_edge_id": 39,
          "length_m": 0.25,
          "min_clearance_m": 0.2692582309246063,
          "segment_fraction_end": 0.6487794236510714,
          "segment_fraction_start": 0.2975588473021429,
          "segment_index": 1,
          "static_traversability": "UNKNOWN"
        },
        "startid": 155
      },
      "type": "Feature"
    },
    {
      "geometry": {
        "coordinates": [
          [
            [
              0.47499999999999964,
              2.1868033988749898
            ],
            [
              0.375,
              2.375
            ]
          ]
        ],
        "type": "MultiLineString"
      },
      "properties": {
        "endid": 17,
        "id": 472,
        "metadata": {
          "bottleneck": true,
          "canonical_edge_id": 39,
          "length_m": 0.25,
          "min_clearance_m": 0.2692582309246063,
          "segment_fraction_end": 1.0,
          "segment_fraction_start": 0.6487794236510714,
          "segment_index": 2,
          "static_traversability": "UNKNOWN"
        },
        "startid": 154
      },
      "type": "Feature"
    },
    {
      "geometry": {
        "coordinates": [
          [
            [
              0.5750000000000002,
              -5.324999999999999
            ],
            [
              0.4249999999999998,
              -5.2749999999999995
            ]
          ]
        ],
        "type": "MultiLineString"
      },
      "properties": {
        "endid": 18,
        "id": 473,
        "metadata": {
          "bottleneck": false,
          "canonical_edge_id": 40,
          "length_m": 0.15811388300841925,
          "min_clearance_m": 0.5,
          "segment_fraction_end": 1.0,
          "segment_fraction_start": 0.0,
          "segment_index": 0,
          "static_traversability": "FEASIBLE"
        },
        "startid": 20
      },
      "type": "Feature"
    },
    {
      "geometry": {
        "coordinates": [
          [
            [
              0.6250000000000001,
              0.12500000000000094
            ],
            [
              0.5297385372431662,
              0.08266157210807476
            ]
          ]
        ],
        "type": "MultiLineString"
      },
      "properties": {
        "endid": 151,
        "id": 474,
        "metadata": {
          "bottleneck": false,
          "canonical_edge_id": 41,
          "length_m": 0.1042462889647946,
          "min_clearance_m": 1.0511897802352905,
          "segment_fraction_end": 0.172522845185183,
          "segment_fraction_start": 0.0,
          "segment_index": 0,
          "static_traversability": "FEASIBLE"
        },
        "startid": 21
      },
      "type": "Feature"
    },
    {
      "geometry": {
        "coordinates": [
          [
            [
              0.5297385372431662,
              0.08266157210807476
            ],
            [
              0.30128565008810204,
              -0.018873044405287184
            ]
          ]
        ],
        "type": "MultiLineString"
      },
      "properties": {
        "endid": 150,
        "id": 475,
        "metadata": {
          "bottleneck": false,
          "canonical_edge_id": 41,
          "length_m": 0.25,
          "min_clearance_m": 1.0511897802352905,
          "segment_fraction_end": 0.5862614225925915,
          "segment_fraction_start": 0.172522845185183,
          "segment_index": 1,
          "static_traversability": "FEASIBLE"
        },
        "startid": 151
      },
      "type": "Feature"
    },
    {
      "geometry": {
        "coordinates": [
          [
            [
              0.30128565008810204,
              -0.018873044405287184
            ],
            [
              0.07500000000000018,
              -0.024999999999999467
            ]
          ]
        ],
        "type": "MultiLineString"
      },
      "properties": {
        "endid": 15,
        "id": 476,
        "metadata": {
          "bottleneck": false,
          "canonical_edge_id": 41,
          "length_m": 0.25,
          "min_clearance_m": 1.0511897802352905,
          "segment_fraction_end": 1.0,
          "segment_fraction_start": 0.5862614225925915,
          "segment_index": 2,
          "static_traversability": "FEASIBLE"
        },
        "startid": 150
      },
      "type": "Feature"
    },
    {
      "geometry": {
        "coordinates": [
          [
            [
              0.625,
              0.1250000000000009
            ],
            [
              0.7910909597074798,
              0.3118523296709159
            ]
          ]
        ],
        "type": "MultiLineString"
      },
      "properties": {
        "endid": 156,
        "id": 477,
        "metadata": {
          "bottleneck": false,
          "canonical_edge_id": 42,
          "length_m": 0.25,
          "min_clearance_m": 0.6020797491073608,
          "segment_fraction_end": 0.41522739926869995,
          "segment_fraction_start": 0.0,
          "segment_index": 0,
          "static_traversability": "FEASIBLE"
        },
        "startid": 21
      },
      "type": "Feature"
    },
    {
      "geometry": {
        "coordinates": [
          [
            [
              0.7910909597074798,
              0.3118523296709159
            ],
            [
              0.9571819194149596,
              0.498704659341831
            ]
          ]
        ],
        "type": "MultiLineString"
      },
      "properties": {
        "endid": 157,
        "id": 478,
        "metadata": {
          "bottleneck": false,
          "canonical_edge_id": 42,
          "length_m": 0.25,
          "min_clearance_m": 0.6020797491073608,
          "segment_fraction_end": 0.8304547985373999,
          "segment_fraction_start": 0.41522739926869995,
          "segment_index": 1,
          "static_traversability": "FEASIBLE"
        },
        "startid": 156
      },
      "type": "Feature"
    },
    {
      "geometry": {
        "coordinates": [
          [
            [
              0.9571819194149596,
              0.498704659341831
            ],
            [
              1.0249999999999995,
              0.5750000000000011
            ]
          ]
        ],
        "type": "MultiLineString"
      },
      "properties": {
        "endid": 23,
        "id": 479,
        "metadata": {
          "bottleneck": false,
          "canonical_edge_id": 42,
          "length_m": 0.10207972893961459,
          "min_clearance_m": 0.6020797491073608,
          "segment_fraction_end": 1.0,
          "segment_fraction_start": 0.8304547985373999,
          "segment_index": 2,
          "static_traversability": "FEASIBLE"
        },
        "startid": 157
      },
      "type": "Feature"
    },
    {
      "geometry": {
        "coordinates": [
          [
            [
              0.625,
              0.1250000000000009
            ],
            [
              0.8525916193656512,
              0.021549263924704867
            ]
          ]
        ],
        "type": "MultiLineString"
      },
      "properties": {
        "endid": 158,
        "id": 480,
        "metadata": {
          "bottleneck": false,
          "canonical_edge_id": 43,
          "length_m": 0.25,
          "min_clearance_m": 0.6041523218154907,
          "segment_fraction_end": 0.20690147215059204,
          "segment_fraction_start": 0.0,
          "segment_index": 0,
          "static_traversability": "FEASIBLE"
        },
        "startid": 21
      },
      "type": "Feature"
    },
    {
      "geometry": {
        "coordinates": [
          [
            [
              0.8525916193656512,
              0.021549263924704867
            ],
            [
              1.0801832387313024,
              -0.08190147215059115
            ]
          ]
        ],
        "type": "MultiLineString"
      },
      "properties": {
        "endid": 159,
        "id": 481,
        "metadata": {
          "bottleneck": false,
          "canonical_edge_id": 43,
          "length_m": 0.25,
          "min_clearance_m": 0.6041523218154907,
          "segment_fraction_end": 0.4138029443011841,
          "segment_fraction_start": 0.20690147215059204,
          "segment_index": 1,
          "static_traversability": "FEASIBLE"
        },
        "startid": 158
      },
      "type": "Feature"
    },
    {
      "geometry": {
        "coordinates": [
          [
            [
              1.0801832387313024,
              -0.08190147215059115
            ],
            [
              1.3077748580969537,
              -0.18535220822588722
            ]
          ]
        ],
        "type": "MultiLineString"
      },
      "properties": {
        "endid": 160,
        "id": 482,
        "metadata": {
          "bottleneck": false,
          "canonical_edge_id": 43,
          "length_m": 0.25,
          "min_clearance_m": 0.6041523218154907,
          "segment_fraction_end": 0.6207044164517762,
          "segment_fraction_start": 0.4138029443011841,
          "segment_index": 2,
          "static_traversability": "FEASIBLE"
        },
        "startid": 159
      },
      "type": "Feature"
    },
    {
      "geometry": {
        "coordinates": [
          [
            [
              1.3077748580969537,
              -0.18535220822588722
            ],
            [
              1.5353664774626048,
              -0.2888029443011832
            ]
          ]
        ],
        "type": "MultiLineString"
      },
      "properties": {
        "endid": 161,
        "id": 483,
        "metadata": {
          "bottleneck": false,
          "canonical_edge_id": 43,
          "length_m": 0.25,
          "min_clearance_m": 0.6041523218154907,
          "segment_fraction_end": 0.8276058886023682,
          "segment_fraction_start": 0.6207044164517762,
          "segment_index": 3,
          "static_traversability": "FEASIBLE"
        },
        "startid": 160
      },
      "type": "Feature"
    },
    {
      "geometry": {
        "coordinates": [
          [
            [
              1.5353664774626048,
              -0.2888029443011832
            ],
            [
              1.7249999999999996,
              -0.3749999999999991
            ]
          ]
        ],
        "type": "MultiLineString"
      },
      "properties": {
        "endid": 28,
        "id": 484,
        "metadata": {
          "bottleneck": false,
          "canonical_edge_id": 43,
          "length_m": 0.20830459735945683,
          "min_clearance_m": 0.6041523218154907,
          "segment_fraction_end": 1.0,
          "segment_fraction_start": 0.8276058886023682,
          "segment_index": 4,
          "static_traversability": "FEASIBLE"
        },
        "startid": 161
      },
      "type": "Feature"
    },
    {
      "geometry": {
        "coordinates": [
          [
            [
              0.875,
              4.725000000000001
            ],
            [
              0.7197213595499955,
              4.802639320225003
            ]
          ]
        ],
        "type": "MultiLineString"
      },
      "properties": {
        "endid": 153,
        "id": 485,
        "metadata": {
          "bottleneck": false,
          "canonical_edge_id": 44,
          "length_m": 0.1736067977499791,
          "min_clearance_m": 0.8544003367424011,
          "segment_fraction_end": 0.25772720573763613,
          "segment_fraction_start": 0.0,
          "segment_index": 0,
          "static_traversability": "FEASIBLE"
        },
        "startid": 22
      },
      "type": "Feature"
    },
    {
      "geometry": {
        "coordinates": [
          [
            [
              0.7197213595499955,
              4.802639320225003
            ],
            [
              0.47499999999999964,
              4.825000000000001
            ]
          ]
        ],
        "type": "MultiLineString"
      },
      "properties": {
        "endid": 152,
        "id": 486,
        "metadata": {
          "bottleneck": false,
          "canonical_edge_id": 44,
          "length_m": 0.25,
          "min_clearance_m": 0.8544003367424011,
          "segment_fraction_end": 0.628863602868818,
          "segment_fraction_start": 0.25772720573763613,
          "segment_index": 1,
          "static_traversability": "FEASIBLE"
        },
        "startid": 153
      },
      "type": "Feature"
    },
    {
      "geometry": {
        "coordinates": [
          [
            [
              0.47499999999999964,
              4.825000000000001
            ],
            [
              0.22499999999999964,
              4.825000000000001
            ]
          ]
        ],
        "type": "MultiLineString"
      },
      "properties": {
        "endid": 16,
        "id": 487,
        "metadata": {
          "bottleneck": false,
          "canonical_edge_id": 44,
          "length_m": 0.25,
          "min_clearance_m": 0.8544003367424011,
          "segment_fraction_end": 1.0,
          "segment_fraction_start": 0.628863602868818,
          "segment_index": 2,
          "static_traversability": "FEASIBLE"
        },
        "startid": 152
      },
      "type": "Feature"
    },
    {
      "geometry": {
        "coordinates": [
          [
            [
              0.875,
              4.725000000000001
            ],
            [
              0.9240290337845458,
              4.4798548310772714
            ]
          ]
        ],
        "type": "MultiLineString"
      },
      "properties": {
        "endid": 162,
        "id": 488,
        "metadata": {
          "bottleneck": false,
          "canonical_edge_id": 45,
          "length_m": 0.25,
          "min_clearance_m": 0.4242640435695648,
          "segment_fraction_end": 0.22316850983868142,
          "segment_fraction_start": 0.0,
          "segment_index": 0,
          "static_traversability": "FEASIBLE"
        },
        "startid": 22
      },
      "type": "Feature"
    },
    {
      "geometry": {
        "coordinates": [
          [
            [
              0.9240290337845458,
              4.4798548310772714
            ],
            [
              0.9730580675690916,
              4.2347096621545415
            ]
          ]
        ],
        "type": "MultiLineString"
      },
      "properties": {
        "endid": 163,
        "id": 489,
        "metadata": {
          "bottleneck": false,
          "canonical_edge_id": 45,
          "length_m": 0.25,
          "min_clearance_m": 0.4242640435695648,
          "segment_fraction_end": 0.44633701967736283,
          "segment_fraction_start": 0.22316850983868142,
          "segment_index": 1,
          "static_traversability": "FEASIBLE"
        },
        "startid": 162
      },
      "type": "Feature"
    },
    {
      "geometry": {
        "coordinates": [
          [
            [
              0.9730580675690916,
              4.2347096621545415
            ],
            [
              1.1126871898505684,
              4.028304014499189
            ]
          ]
        ],
        "type": "MultiLineString"
      },
      "properties": {
        "endid": 164,
        "id": 490,
        "metadata": {
          "bottleneck": false,
          "canonical_edge_id": 45,
          "length_m": 0.25,
          "min_clearance_m": 0.4242640435695648,
          "segment_fraction_end": 0.6695055295160443,
          "segment_fraction_start": 0.44633701967736283,
          "segment_index": 2,
          "static_traversability": "FEASIBLE"
        },
        "startid": 163
      },
      "type": "Feature"
    },
    {
      "geometry": {
        "coordinates": [
          [
            [
              1.1126871898505684,
              4.028304014499189
            ],
            [
              1.2560527759414006,
              3.823496034369429
            ]
          ]
        ],
        "type": "MultiLineString"
      },
      "properties": {
        "endid": 165,
        "id": 491,
        "metadata": {
          "bottleneck": false,
          "canonical_edge_id": 45,
          "length_m": 0.25,
          "min_clearance_m": 0.4242640435695648,
          "segment_fraction_end": 0.8926740393547257,
          "segment_fraction_start": 0.6695055295160443,
          "segment_index": 3,
          "static_traversability": "FEASIBLE"
        },
        "startid": 164
      },
      "type": "Feature"
    },
    {
      "geometry": {
        "coordinates": [
          [
            [
              1.2560527759414006,
              3.823496034369429
            ],
            [
              1.3250000000000002,
              3.7250000000000014
            ]
          ]
        ],
        "type": "MultiLineString"
      },
      "properties": {
        "endid": 24,
        "id": 492,
        "metadata": {
          "bottleneck": false,
          "canonical_edge_id": 45,
          "length_m": 0.120229732145964,
          "min_clearance_m": 0.4242640435695648,
          "segment_fraction_end": 1.0,
          "segment_fraction_start": 0.8926740393547257,
          "segment_index": 4,
          "static_traversability": "FEASIBLE"
        },
        "startid": 165
      },
      "type": "Feature"
    },
    {
      "geometry": {
        "coordinates": [
          [
            [
              0.875,
              4.725000000000001
            ],
            [
              1.0986067977499792,
              4.836803398874991
            ]
          ]
        ],
        "type": "MultiLineString"
      },
      "properties": {
        "endid": 166,
        "id": 493,
        "metadata": {
          "bottleneck": false,
          "canonical_edge_id": 46,
          "length_m": 0.25,
          "min_clearance_m": 0.4000000059604645,
          "segment_fraction_end": 0.20044682073866027,
          "segment_fraction_start": 0.0,
          "segment_index": 0,
          "static_traversability": "FEASIBLE"
        },
        "startid": 22
      },
      "type": "Feature"
    },
    {
      "geometry": {
        "coordinates": [
          [
            [
              1.0986067977499792,
              4.836803398874991
            ],
            [
              1.3277864045000423,
              4.925000000000001
            ]
          ]
        ],
        "type": "MultiLineString"
      },
      "properties": {
        "endid": 167,
        "id": 494,
        "metadata": {
          "bottleneck": false,
          "canonical_edge_id": 46,
          "length_m": 0.25,
          "min_clearance_m": 0.4000000059604645,
          "segment_fraction_end": 0.40089364147732054,
          "segment_fraction_start": 0.20044682073866027,
          "segment_index": 1,
          "static_traversability": "FEASIBLE"
        },
        "startid": 166
      },
      "type": "Feature"
    },
    {
      "geometry": {
        "coordinates": [
          [
            [
              1.3277864045000423,
              4.925000000000001
            ],
            [
              1.5777864045000423,
              4.925000000000001
            ]
          ]
        ],
        "type": "MultiLineString"
      },
      "properties": {
        "endid": 168,
        "id": 495,
        "metadata": {
          "bottleneck": false,
          "canonical_edge_id": 46,
          "length_m": 0.25,
          "min_clearance_m": 0.4000000059604645,
          "segment_fraction_end": 0.6013404622159808,
          "segment_fraction_start": 0.40089364147732054,
          "segment_index": 2,
          "static_traversability": "FEASIBLE"
        },
        "startid": 167
      },
      "type": "Feature"
    },
    {
      "geometry": {
        "coordinates": [
          [
            [
              1.5777864045000423,
              4.925000000000001
            ],
            [
              1.8277864045000423,
              4.925000000000001
            ]
          ]
        ],
        "type": "MultiLineString"
      },
      "properties": {
        "endid": 169,
        "id": 496,
        "metadata": {
          "bottleneck": false,
          "canonical_edge_id": 46,
          "length_m": 0.25,
          "min_clearance_m": 0.4000000059604645,
          "segment_fraction_end": 0.8017872829546411,
          "segment_fraction_start": 0.6013404622159808,
          "segment_index": 3,
          "static_traversability": "FEASIBLE"
        },
        "startid": 168
      },
      "type": "Feature"
    },
    {
      "geometry": {
        "coordinates": [
          [
            [
              1.8277864045000423,
              4.925000000000001
            ],
            [
              2.075,
              4.925000000000001
            ]
          ]
        ],
        "type": "MultiLineString"
      },
      "properties": {
        "endid": 30,
        "id": 497,
        "metadata": {
          "bottleneck": false,
          "canonical_edge_id": 46,
          "length_m": 0.24721359549995792,
          "min_clearance_m": 0.4000000059604645,
          "segment_fraction_end": 1.0,
          "segment_fraction_start": 0.8017872829546411,
          "segment_index": 4,
          "static_traversability": "FEASIBLE"
        },
        "startid": 169
      },
      "type": "Feature"
    },
    {
      "geometry": {
        "coordinates": [
          [
            [
              1.0249999999999995,
              0.5750000000000011
            ],
            [
              0.9571819194149596,
              0.498704659341831
            ]
          ]
        ],
        "type": "MultiLineString"
      },
      "properties": {
        "endid": 157,
        "id": 498,
        "metadata": {
          "bottleneck": false,
          "canonical_edge_id": 47,
          "length_m": 0.10207972893961459,
          "min_clearance_m": 0.6020797491073608,
          "segment_fraction_end": 0.16954520146260005,
          "segment_fraction_start": 0.0,
          "segment_index": 0,
          "static_traversability": "FEASIBLE"
        },
        "startid": 23
      },
      "type": "Feature"
    },
    {
      "geometry": {
        "coordinates": [
          [
            [
              0.9571819194149596,
              0.498704659341831
            ],
            [
              0.7910909597074798,
              0.3118523296709159
            ]
          ]
        ],
        "type": "MultiLineString"
      },
      "properties": {
        "endid": 156,
        "id": 499,
        "metadata": {
          "bottleneck": false,
          "canonical_edge_id": 47,
          "length_m": 0.25,
          "min_clearance_m": 0.6020797491073608,
          "segment_fraction_end": 0.5847726007313,
          "segment_fraction_start": 0.16954520146260005,
          "segment_index": 1,
          "static_traversability": "FEASIBLE"
        },
        "startid": 157
      },
      "type": "Feature"
    },
    {
      "geometry": {
        "coordinates": [
          [
            [
              0.7910909597074798,
              0.3118523296709159
            ],
            [
              0.625,
              0.1250000000000009
            ]
          ]
        ],
        "type": "MultiLineString"
      },
      "properties": {
        "endid": 21,
        "id": 500,
        "metadata": {
          "bottleneck": false,
          "canonical_edge_id": 47,
          "length_m": 0.25,
          "min_clearance_m": 0.6020797491073608,
          "segment_fraction_end": 1.0,
          "segment_fraction_start": 0.5847726007313,
          "segment_index": 2,
          "static_traversability": "FEASIBLE"
        },
        "startid": 156
      },
      "type": "Feature"
    },
    {
      "geometry": {
        "coordinates": [
          [
            [
              1.0249999999999995,
              0.5750000000000011
            ],
            [
              1.0249999999999995,
              0.8250000000000011
            ]
          ]
        ],
        "type": "MultiLineString"
      },
      "properties": {
        "endid": 170,
        "id": 501,
        "metadata": {
          "bottleneck": true,
          "canonical_edge_id": 48,
          "length_m": 0.25,
          "min_clearance_m": 0.25,
          "segment_fraction_end": 0.07669709996697137,
          "segment_fraction_start": 0.0,
          "segment_index": 0,
          "static_traversability": "UNKNOWN"
        },
        "startid": 23
      },
      "type": "Feature"
    },
    {
      "geometry": {
        "coordinates": [
          [
            [
              1.0249999999999995,
              0.8250000000000011
            ],
            [
              1.1037838597158334,
              1.0588290060036125
            ]
          ]
        ],
        "type": "MultiLineString"
      },
      "properties": {
        "endid": 171,
        "id": 502,
        "metadata": {
          "bottleneck": true,
          "canonical_edge_id": 48,
          "length_m": 0.25,
          "min_clearance_m": 0.25,
          "segment_fraction_end": 0.15339419993394274,
          "segment_fraction_start": 0.07669709996697137,
          "segment_index": 1,
          "static_traversability": "UNKNOWN"
        },
        "startid": 170
      },
      "type": "Feature"
    },
    {
      "geometry": {
        "coordinates": [
          [
            [
              1.1037838597158334,
              1.0588290060036125
            ],
            [
              1.1749999999999998,
              1.2942113447068055
            ]
          ]
        ],
        "type": "MultiLineString"
      },
      "properties": {
        "endid": 172,
        "id": 503,
        "metadata": {
          "bottleneck": true,
          "canonical_edge_id": 48,
          "length_m": 0.25,
          "min_clearance_m": 0.25,
          "segment_fraction_end": 0.23009129990091412,
          "segment_fraction_start": 0.15339419993394274,
          "segment_index": 2,
          "static_traversability": "UNKNOWN"
        },
        "startid": 171
      },
      "type": "Feature"
    },
    {
      "geometry": {
        "coordinates": [
          [
            [
              1.1749999999999998,
              1.2942113447068055
            ],
            [
              1.1749999999999998,
              1.5442113447068055
            ]
          ]
        ],
        "type": "MultiLineString"
      },
      "properties": {
        "endid": 173,
        "id": 504,
        "metadata": {
          "bottleneck": true,
          "canonical_edge_id": 48,
          "length_m": 0.25,
          "min_clearance_m": 0.25,
          "segment_fraction_end": 0.3067883998678855,
          "segment_fraction_start": 0.23009129990091412,
          "segment_index": 3,
          "static_traversability": "UNKNOWN"
        },
        "startid": 172
      },
      "type": "Feature"
    },
    {
      "geometry": {
        "coordinates": [
          [
            [
              1.1749999999999998,
              1.5442113447068055
            ],
            [
              1.1749999999999998,
              1.7942113447068055
            ]
          ]
        ],
        "type": "MultiLineString"
      },
      "properties": {
        "endid": 174,
        "id": 505,
        "metadata": {
          "bottleneck": true,
          "canonical_edge_id": 48,
          "length_m": 0.25,
          "min_clearance_m": 0.25,
          "segment_fraction_end": 0.38348549983485686,
          "segment_fraction_start": 0.3067883998678855,
          "segment_index": 4,
          "static_traversability": "UNKNOWN"
        },
        "startid": 173
      },
      "type": "Feature"
    },
    {
      "geometry": {
        "coordinates": [
          [
            [
              1.1749999999999998,
              1.7942113447068055
            ],
            [
              1.1749999999999998,
              2.0442113447068055
            ]
          ]
        ],
        "type": "MultiLineString"
      },
      "properties": {
        "endid": 175,
        "id": 506,
        "metadata": {
          "bottleneck": true,
          "canonical_edge_id": 48,
          "length_m": 0.25,
          "min_clearance_m": 0.25,
          "segment_fraction_end": 0.46018259980182824,
          "segment_fraction_start": 0.38348549983485686,
          "segment_index": 5,
          "static_traversability": "UNKNOWN"
        },
        "startid": 174
      },
      "type": "Feature"
    },
    {
      "geometry": {
        "coordinates": [
          [
            [
              1.1749999999999998,
              2.0442113447068055
            ],
            [
              1.1749999999999998,
              2.2942113447068055
            ]
          ]
        ],
        "type": "MultiLineString"
      },
      "properties": {
        "endid": 176,
        "id": 507,
        "metadata": {
          "bottleneck": true,
          "canonical_edge_id": 48,
          "length_m": 0.25,
          "min_clearance_m": 0.25,
          "segment_fraction_end": 0.5368796997687996,
          "segment_fraction_start": 0.46018259980182824,
          "segment_index": 6,
          "static_traversability": "UNKNOWN"
        },
        "startid": 175
      },
      "type": "Feature"
    },
    {
      "geometry": {
        "coordinates": [
          [
            [
              1.1749999999999998,
              2.2942113447068055
            ],
            [
              1.1749999999999998,
              2.5442113447068055
            ]
          ]
        ],
        "type": "MultiLineString"
      },
      "properties": {
        "endid": 177,
        "id": 508,
        "metadata": {
          "bottleneck": true,
          "canonical_edge_id": 48,
          "length_m": 0.25,
          "min_clearance_m": 0.25,
          "segment_fraction_end": 0.613576799735771,
          "segment_fraction_start": 0.5368796997687996,
          "segment_index": 7,
          "static_traversability": "UNKNOWN"
        },
        "startid": 176
      },
      "type": "Feature"
    },
    {
      "geometry": {
        "coordinates": [
          [
            [
              1.1749999999999998,
              2.5442113447068055
            ],
            [
              1.169722237713721,
              2.7934721680019763
            ]
          ]
        ],
        "type": "MultiLineString"
      },
      "properties": {
        "endid": 178,
        "id": 509,
        "metadata": {
          "bottleneck": true,
          "canonical_edge_id": 48,
          "length_m": 0.25,
          "min_clearance_m": 0.25,
          "segment_fraction_end": 0.6902738997027423,
          "segment_fraction_start": 0.613576799735771,
          "segment_index": 8,
          "static_traversability": "UNKNOWN"
        },
        "startid": 177
      },
      "type": "Feature"
    },
    {
      "geometry": {
        "coordinates": [
          [
            [
              1.169722237713721,
              2.7934721680019763
            ],
            [
              1.1010419557393767,
              3.0338531549121823
            ]
          ]
        ],
        "type": "MultiLineString"
      },
      "properties": {
        "endid": 179,
        "id": 510,
        "metadata": {
          "bottleneck": true,
          "canonical_edge_id": 48,
          "length_m": 0.25,
          "min_clearance_m": 0.25,
          "segment_fraction_end": 0.7669709996697137,
          "segment_fraction_start": 0.6902738997027423,
          "segment_index": 9,
          "static_traversability": "UNKNOWN"
        },
        "startid": 178
      },
      "type": "Feature"
    },
    {
      "geometry": {
        "coordinates": [
          [
            [
              1.1010419557393767,
              3.0338531549121823
            ],
            [
              1.1503746240479753,
              3.2606743232863558
            ]
          ]
        ],
        "type": "MultiLineString"
      },
      "properties": {
        "endid": 180,
        "id": 511,
        "metadata": {
          "bottleneck": true,
          "canonical_edge_id": 48,
          "length_m": 0.25,
          "min_clearance_m": 0.25,
          "segment_fraction_end": 0.8436680996366851,
          "segment_fraction_start": 0.7669709996697137,
          "segment_index": 10,
          "static_traversability": "UNKNOWN"
        },
        "startid": 179
      },
      "type": "Feature"
    },
    {
      "geometry": {
        "coordinates": [
          [
            [
              1.1503746240479753,
              3.2606743232863558
            ],
            [
              1.2717853568426332,
              3.4792136423167404
            ]
          ]
        ],
        "type": "MultiLineString"
      },
      "properties": {
        "endid": 181,
        "id": 512,
        "metadata": {
          "bottleneck": true,
          "canonical_edge_id": 48,
          "length_m": 0.25,
          "min_clearance_m": 0.25,
          "segment_fraction_end": 0.9203651996036565,
          "segment_fraction_start": 0.8436680996366851,
          "segment_index": 11,
          "static_traversability": "UNKNOWN"
        },
        "startid": 180
      },
      "type": "Feature"
    },
    {
      "geometry": {
        "coordinates": [
          [
            [
              1.2717853568426332,
              3.4792136423167404
            ],
            [
              1.3250000000000002,
              3.7154243431934297
            ]
          ]
        ],
        "type": "MultiLineString"
      },
      "properties": {
        "endid": 182,
        "id": 513,
        "metadata": {
          "bottleneck": true,
          "canonical_edge_id": 48,
          "length_m": 0.25,
          "min_clearance_m": 0.25,
          "segment_fraction_end": 0.9970622995706279,
          "segment_fraction_start": 0.9203651996036565,
          "segment_index": 12,
          "static_traversability": "UNKNOWN"
        },
        "startid": 181
      },
      "type": "Feature"
    },
    {
      "geometry": {
        "coordinates": [
          [
            [
              1.3250000000000002,
              3.7154243431934297
            ],
            [
              1.3250000000000002,
              3.7250000000000014
            ]
          ]
        ],
        "type": "MultiLineString"
      },
      "properties": {
        "endid": 24,
        "id": 514,
        "metadata": {
          "bottleneck": true,
          "canonical_edge_id": 48,
          "length_m": 0.009575656806571686,
          "min_clearance_m": 0.25,
          "segment_fraction_end": 1.0,
          "segment_fraction_start": 0.9970622995706279,
          "segment_index": 13,
          "static_traversability": "UNKNOWN"
        },
        "startid": 182
      },
      "type": "Feature"
    },
    {
      "geometry": {
        "coordinates": [
          [
            [
              1.0249999999999995,
              0.5750000000000011
            ],
            [
              1.2749999999999995,
              0.5750000000000011
            ]
          ]
        ],
        "type": "MultiLineString"
      },
      "properties": {
        "endid": 183,
        "id": 515,
        "metadata": {
          "bottleneck": false,
          "canonical_edge_id": 49,
          "length_m": 0.25,
          "min_clearance_m": 0.40311288833618164,
          "segment_fraction_end": 0.7142857142857132,
          "segment_fraction_start": 0.0,
          "segment_index": 0,
          "static_traversability": "FEASIBLE"
        },
        "startid": 23
      },
      "type": "Feature"
    },
    {
      "geometry": {
        "coordinates": [
          [
            [
              1.2749999999999995,
              0.5750000000000011
            ],
            [
              1.375,
              0.5750000000000011
            ]
          ]
        ],
        "type": "MultiLineString"
      },
      "properties": {
        "endid": 25,
        "id": 516,
        "metadata": {
          "bottleneck": false,
          "canonical_edge_id": 49,
          "length_m": 0.10000000000000053,
          "min_clearance_m": 0.40311288833618164,
          "segment_fraction_end": 1.0,
          "segment_fraction_start": 0.7142857142857132,
          "segment_index": 1,
          "static_traversability": "FEASIBLE"
        },
        "startid": 183
      },
      "type": "Feature"
    },
    {
      "geometry": {
        "coordinates": [
          [
            [
              1.3250000000000002,
              3.7250000000000014
            ],
            [
              1.2560527759414006,
              3.823496034369429
            ]
          ]
        ],
        "type": "MultiLineString"
      },
      "properties": {
        "endid": 165,
        "id": 517,
        "metadata": {
          "bottleneck": false,
          "canonical_edge_id": 50,
          "length_m": 0.120229732145964,
          "min_clearance_m": 0.4242640435695648,
          "segment_fraction_end": 0.10732596064527439,
          "segment_fraction_start": 0.0,
          "segment_index": 0,
          "static_traversability": "FEASIBLE"
        },
        "startid": 24
      },
      "type": "Feature"
    },
    {
      "geometry": {
        "coordinates": [
          [
            [
              1.2560527759414006,
              3.823496034369429
            ],
            [
              1.1126871898505684,
              4.028304014499189
            ]
          ]
        ],
        "type": "MultiLineString"
      },
      "properties": {
        "endid": 164,
        "id": 518,
        "metadata": {
          "bottleneck": false,
          "canonical_edge_id": 50,
          "length_m": 0.25,
          "min_clearance_m": 0.4242640435695648,
          "segment_fraction_end": 0.3304944704839558,
          "segment_fraction_start": 0.10732596064527439,
          "segment_index": 1,
          "static_traversability": "FEASIBLE"
        },
        "startid": 165
      },
      "type": "Feature"
    },
    {
      "geometry": {
        "coordinates": [
          [
            [
              1.1126871898505684,
              4.028304014499189
            ],
            [
              0.9730580675690916,
              4.2347096621545415
            ]
          ]
        ],
        "type": "MultiLineString"
      },
      "properties": {
        "endid": 163,
        "id": 519,
        "metadata": {
          "bottleneck": false,
          "canonical_edge_id": 50,
          "length_m": 0.25,
          "min_clearance_m": 0.4242640435695648,
          "segment_fraction_end": 0.5536629803226372,
          "segment_fraction_start": 0.3304944704839558,
          "segment_index": 2,
          "static_traversability": "FEASIBLE"
        },
        "startid": 164
      },
      "type": "Feature"
    },
    {
      "geometry": {
        "coordinates": [
          [
            [
              0.9730580675690916,
              4.2347096621545415
            ],
            [
              0.9240290337845458,
              4.4798548310772714
            ]
          ]
        ],
        "type": "MultiLineString"
      },
      "properties": {
        "endid": 162,
        "id": 520,
        "metadata": {
          "bottleneck": false,
          "canonical_edge_id": 50,
          "length_m": 0.25,
          "min_clearance_m": 0.4242640435695648,
          "segment_fraction_end": 0.7768314901613186,
          "segment_fraction_start": 0.5536629803226372,
          "segment_index": 3,
          "static_traversability": "FEASIBLE"
        },
        "startid": 163
      },
      "type": "Feature"
    },
    {
      "geometry": {
        "coordinates": [
          [
            [
              0.9240290337845458,
              4.4798548310772714
            ],
            [
              0.875,
              4.725000000000001
            ]
          ]
        ],
        "type": "MultiLineString"
      },
      "properties": {
        "endid": 22,
        "id": 521,
        "metadata": {
          "bottleneck": false,
          "canonical_edge_id": 50,
          "length_m": 0.25,
          "min_clearance_m": 0.4242640435695648,
          "segment_fraction_end": 1.0,
          "segment_fraction_start": 0.7768314901613186,
          "segment_index": 4,
          "static_traversability": "FEASIBLE"
        },
        "startid": 162
      },
      "type": "Feature"
    },
    {
      "geometry": {
        "coordinates": [
          [
            [
              1.3250000000000002,
              3.7250000000000014
            ],
            [
              1.3250000000000002,
              3.7154243431934297
            ]
          ]
        ],
        "type": "MultiLineString"
      },
      "properties": {
        "endid": 182,
        "id": 522,
        "metadata": {
          "bottleneck": true,
          "canonical_edge_id": 51,
          "length_m": 0.009575656806571686,
          "min_clearance_m": 0.25,
          "segment_fraction_end": 0.002937700429372154,
          "segment_fraction_start": 0.0,
          "segment_index": 0,
          "static_traversability": "UNKNOWN"
        },
        "startid": 24
      },
      "type": "Feature"
    },
    {
      "geometry": {
        "coordinates": [
          [
            [
              1.3250000000000002,
              3.7154243431934297
            ],
            [
              1.2717853568426332,
              3.4792136423167404
            ]
          ]
        ],
        "type": "MultiLineString"
      },
      "properties": {
        "endid": 181,
        "id": 523,
        "metadata": {
          "bottleneck": true,
          "canonical_edge_id": 51,
          "length_m": 0.25,
          "min_clearance_m": 0.25,
          "segment_fraction_end": 0.07963480039634353,
          "segment_fraction_start": 0.002937700429372154,
          "segment_index": 1,
          "static_traversability": "UNKNOWN"
        },
        "startid": 182
      },
      "type": "Feature"
    },
    {
      "geometry": {
        "coordinates": [
          [
            [
              1.2717853568426332,
              3.4792136423167404
            ],
            [
              1.1503746240479753,
              3.2606743232863558
            ]
          ]
        ],
        "type": "MultiLineString"
      },
      "properties": {
        "endid": 180,
        "id": 524,
        "metadata": {
          "bottleneck": true,
          "canonical_edge_id": 51,
          "length_m": 0.25,
          "min_clearance_m": 0.25,
          "segment_fraction_end": 0.1563319003633149,
          "segment_fraction_start": 0.07963480039634353,
          "segment_index": 2,
          "static_traversability": "UNKNOWN"
        },
        "startid": 181
      },
      "type": "Feature"
    },
    {
      "geometry": {
        "coordinates": [
          [
            [
              1.1503746240479753,
              3.2606743232863558
            ],
            [
              1.1010419557393767,
              3.0338531549121823
            ]
          ]
        ],
        "type": "MultiLineString"
      },
      "properties": {
        "endid": 179,
        "id": 525,
        "metadata": {
          "bottleneck": true,
          "canonical_edge_id": 51,
          "length_m": 0.25,
          "min_clearance_m": 0.25,
          "segment_fraction_end": 0.23302900033028628,
          "segment_fraction_start": 0.1563319003633149,
          "segment_index": 3,
          "static_traversability": "UNKNOWN"
        },
        "startid": 180
      },
      "type": "Feature"
    },
    {
      "geometry": {
        "coordinates": [
          [
            [
              1.1010419557393767,
              3.0338531549121823
            ],
            [
              1.169722237713721,
              2.7934721680019763
            ]
          ]
        ],
        "type": "MultiLineString"
      },
      "properties": {
        "endid": 178,
        "id": 526,
        "metadata": {
          "bottleneck": true,
          "canonical_edge_id": 51,
          "length_m": 0.25,
          "min_clearance_m": 0.25,
          "segment_fraction_end": 0.30972610029725767,
          "segment_fraction_start": 0.23302900033028628,
          "segment_index": 4,
          "static_traversability": "UNKNOWN"
        },
        "startid": 179
      },
      "type": "Feature"
    },
    {
      "geometry": {
        "coordinates": [
          [
            [
              1.169722237713721,
              2.7934721680019763
            ],
            [
              1.1749999999999998,
              2.5442113447068055
            ]
          ]
        ],
        "type": "MultiLineString"
      },
      "properties": {
        "endid": 177,
        "id": 527,
        "metadata": {
          "bottleneck": true,
          "canonical_edge_id": 51,
          "length_m": 0.25,
          "min_clearance_m": 0.25,
          "segment_fraction_end": 0.386423200264229,
          "segment_fraction_start": 0.30972610029725767,
          "segment_index": 5,
          "static_traversability": "UNKNOWN"
        },
        "startid": 178
      },
      "type": "Feature"
    },
    {
      "geometry": {
        "coordinates": [
          [
            [
              1.1749999999999998,
              2.5442113447068055
            ],
            [
              1.1749999999999998,
              2.2942113447068055
            ]
          ]
        ],
        "type": "MultiLineString"
      },
      "properties": {
        "endid": 176,
        "id": 528,
        "metadata": {
          "bottleneck": true,
          "canonical_edge_id": 51,
          "length_m": 0.25,
          "min_clearance_m": 0.25,
          "segment_fraction_end": 0.4631203002312004,
          "segment_fraction_start": 0.386423200264229,
          "segment_index": 6,
          "static_traversability": "UNKNOWN"
        },
        "startid": 177
      },
      "type": "Feature"
    },
    {
      "geometry": {
        "coordinates": [
          [
            [
              1.1749999999999998,
              2.2942113447068055
            ],
            [
              1.1749999999999998,
              2.0442113447068055
            ]
          ]
        ],
        "type": "MultiLineString"
      },
      "properties": {
        "endid": 175,
        "id": 529,
        "metadata": {
          "bottleneck": true,
          "canonical_edge_id": 51,
          "length_m": 0.25,
          "min_clearance_m": 0.25,
          "segment_fraction_end": 0.5398174001981718,
          "segment_fraction_start": 0.4631203002312004,
          "segment_index": 7,
          "static_traversability": "UNKNOWN"
        },
        "startid": 176
      },
      "type": "Feature"
    },
    {
      "geometry": {
        "coordinates": [
          [
            [
              1.1749999999999998,
              2.0442113447068055
            ],
            [
              1.1749999999999998,
              1.7942113447068055
            ]
          ]
        ],
        "type": "MultiLineString"
      },
      "properties": {
        "endid": 174,
        "id": 530,
        "metadata": {
          "bottleneck": true,
          "canonical_edge_id": 51,
          "length_m": 0.25,
          "min_clearance_m": 0.25,
          "segment_fraction_end": 0.6165145001651431,
          "segment_fraction_start": 0.5398174001981718,
          "segment_index": 8,
          "static_traversability": "UNKNOWN"
        },
        "startid": 175
      },
      "type": "Feature"
    },
    {
      "geometry": {
        "coordinates": [
          [
            [
              1.1749999999999998,
              1.7942113447068055
            ],
            [
              1.1749999999999998,
              1.5442113447068055
            ]
          ]
        ],
        "type": "MultiLineString"
      },
      "properties": {
        "endid": 173,
        "id": 531,
        "metadata": {
          "bottleneck": true,
          "canonical_edge_id": 51,
          "length_m": 0.25,
          "min_clearance_m": 0.25,
          "segment_fraction_end": 0.6932116001321145,
          "segment_fraction_start": 0.6165145001651431,
          "segment_index": 9,
          "static_traversability": "UNKNOWN"
        },
        "startid": 174
      },
      "type": "Feature"
    },
    {
      "geometry": {
        "coordinates": [
          [
            [
              1.1749999999999998,
              1.5442113447068055
            ],
            [
              1.1749999999999998,
              1.2942113447068055
            ]
          ]
        ],
        "type": "MultiLineString"
      },
      "properties": {
        "endid": 172,
        "id": 532,
        "metadata": {
          "bottleneck": true,
          "canonical_edge_id": 51,
          "length_m": 0.25,
          "min_clearance_m": 0.25,
          "segment_fraction_end": 0.7699087000990859,
          "segment_fraction_start": 0.6932116001321145,
          "segment_index": 10,
          "static_traversability": "UNKNOWN"
        },
        "startid": 173
      },
      "type": "Feature"
    },
    {
      "geometry": {
        "coordinates": [
          [
            [
              1.1749999999999998,
              1.2942113447068055
            ],
            [
              1.1037838597158334,
              1.0588290060036125
            ]
          ]
        ],
        "type": "MultiLineString"
      },
      "properties": {
        "endid": 171,
        "id": 533,
        "metadata": {
          "bottleneck": true,
          "canonical_edge_id": 51,
          "length_m": 0.25,
          "min_clearance_m": 0.25,
          "segment_fraction_end": 0.8466058000660572,
          "segment_fraction_start": 0.7699087000990859,
          "segment_index": 11,
          "static_traversability": "UNKNOWN"
        },
        "startid": 172
      },
      "type": "Feature"
    },
    {
      "geometry": {
        "coordinates": [
          [
            [
              1.1037838597158334,
              1.0588290060036125
            ],
            [
              1.0249999999999995,
              0.8250000000000011
            ]
          ]
        ],
        "type": "MultiLineString"
      },
      "properties": {
        "endid": 170,
        "id": 534,
        "metadata": {
          "bottleneck": true,
          "canonical_edge_id": 51,
          "length_m": 0.25,
          "min_clearance_m": 0.25,
          "segment_fraction_end": 0.9233029000330286,
          "segment_fraction_start": 0.8466058000660572,
          "segment_index": 12,
          "static_traversability": "UNKNOWN"
        },
        "startid": 171
      },
      "type": "Feature"
    },
    {
      "geometry": {
        "coordinates": [
          [
            [
              1.0249999999999995,
              0.8250000000000011
            ],
            [
              1.0249999999999995,
              0.5750000000000011
            ]
          ]
        ],
        "type": "MultiLineString"
      },
      "properties": {
        "endid": 23,
        "id": 535,
        "metadata": {
          "bottleneck": true,
          "canonical_edge_id": 51,
          "length_m": 0.25,
          "min_clearance_m": 0.25,
          "segment_fraction_end": 1.0,
          "segment_fraction_start": 0.9233029000330286,
          "segment_index": 13,
          "static_traversability": "UNKNOWN"
        },
        "startid": 170
      },
      "type": "Feature"
    },
    {
      "geometry": {
        "coordinates": [
          [
            [
              1.3250000000000002,
              3.7250000000000014
            ],
            [
              1.4947224362268003,
              3.575000000000001
            ]
          ]
        ],
        "type": "MultiLineString"
      },
      "properties": {
        "endid": 184,
        "id": 536,
        "metadata": {
          "bottleneck": true,
          "canonical_edge_id": 52,
          "length_m": 0.25,
          "min_clearance_m": 0.3201562166213989,
          "segment_fraction_end": 0.7569390943299855,
          "segment_fraction_start": 0.0,
          "segment_index": 0,
          "static_traversability": "UNKNOWN"
        },
        "startid": 24
      },
      "type": "Feature"
    },
    {
      "geometry": {
        "coordinates": [
          [
            [
              1.4947224362268003,
              3.575000000000001
            ],
            [
              1.5750000000000002,
              3.575000000000001
            ]
          ]
        ],
        "type": "MultiLineString"
      },
      "properties": {
        "endid": 26,
        "id": 537,
        "metadata": {
          "bottleneck": true,
          "canonical_edge_id": 52,
          "length_m": 0.08027756377319994,
          "min_clearance_m": 0.3201562166213989,
          "segment_fraction_end": 1.0,
          "segment_fraction_start": 0.7569390943299855,
          "segment_index": 1,
          "static_traversability": "UNKNOWN"
        },
        "startid": 184
      },
      "type": "Feature"
    },
    {
      "geometry": {
        "coordinates": [
          [
            [
              1.3250000000000002,
              3.7250000000000014
            ],
            [
              1.548606797749979,
              3.836803398874991
            ]
          ]
        ],
        "type": "MultiLineString"
      },
      "properties": {
        "endid": 185,
        "id": 538,
        "metadata": {
          "bottleneck": true,
          "canonical_edge_id": 53,
          "length_m": 0.25,
          "min_clearance_m": 0.22360680997371674,
          "segment_fraction_end": 0.7453559924999299,
          "segment_fraction_start": 0.0,
          "segment_index": 0,
          "static_traversability": "UNKNOWN"
        },
        "startid": 24
      },
      "type": "Feature"
    },
    {
      "geometry": {
        "coordinates": [
          [
            [
              1.548606797749979,
              3.836803398874991
            ],
            [
              1.625,
              3.8750000000000018
            ]
          ]
        ],
        "type": "MultiLineString"
      },
      "properties": {
        "endid": 27,
        "id": 539,
        "metadata": {
          "bottleneck": true,
          "canonical_edge_id": 53,
          "length_m": 0.08541019662496846,
          "min_clearance_m": 0.22360680997371674,
          "segment_fraction_end": 1.0,
          "segment_fraction_start": 0.7453559924999299,
          "segment_index": 1,
          "static_traversability": "UNKNOWN"
        },
        "startid": 185
      },
      "type": "Feature"
    },
    {
      "geometry": {
        "coordinates": [
          [
            [
              1.375,
              0.5750000000000011
            ],
            [
              1.2749999999999995,
              0.5750000000000011
            ]
          ]
        ],
        "type": "MultiLineString"
      },
      "properties": {
        "endid": 183,
        "id": 540,
        "metadata": {
          "bottleneck": false,
          "canonical_edge_id": 54,
          "length_m": 0.10000000000000053,
          "min_clearance_m": 0.40311288833618164,
          "segment_fraction_end": 0.2857142857142868,
          "segment_fraction_start": 0.0,
          "segment_index": 0,
          "static_traversability": "FEASIBLE"
        },
        "startid": 25
      },
      "type": "Feature"
    },
    {
      "geometry": {
        "coordinates": [
          [
            [
              1.2749999999999995,
              0.5750000000000011
            ],
            [
              1.0249999999999995,
              0.5750000000000011
            ]
          ]
        ],
        "type": "MultiLineString"
      },
      "properties": {
        "endid": 23,
        "id": 541,
        "metadata": {
          "bottleneck": false,
          "canonical_edge_id": 54,
          "length_m": 0.25,
          "min_clearance_m": 0.40311288833618164,
          "segment_fraction_end": 1.0,
          "segment_fraction_start": 0.2857142857142868,
          "segment_index": 1,
          "static_traversability": "FEASIBLE"
        },
        "startid": 183
      },
      "type": "Feature"
    },
    {
      "geometry": {
        "coordinates": [
          [
            [
              1.5750000000000002,
              3.575000000000001
            ],
            [
              1.4947224362268003,
              3.575000000000001
            ]
          ]
        ],
        "type": "MultiLineString"
      },
      "properties": {
        "endid": 184,
        "id": 542,
        "metadata": {
          "bottleneck": true,
          "canonical_edge_id": 55,
          "length_m": 0.08027756377319994,
          "min_clearance_m": 0.3201562166213989,
          "segment_fraction_end": 0.24306090567001448,
          "segment_fraction_start": 0.0,
          "segment_index": 0,
          "static_traversability": "UNKNOWN"
        },
        "startid": 26
      },
      "type": "Feature"
    },
    {
      "geometry": {
        "coordinates": [
          [
            [
              1.4947224362268003,
              3.575000000000001
            ],
            [
              1.3250000000000002,
              3.7250000000000014
            ]
          ]
        ],
        "type": "MultiLineString"
      },
      "properties": {
        "endid": 24,
        "id": 543,
        "metadata": {
          "bottleneck": true,
          "canonical_edge_id": 55,
          "length_m": 0.25,
          "min_clearance_m": 0.3201562166213989,
          "segment_fraction_end": 1.0,
          "segment_fraction_start": 0.24306090567001448,
          "segment_index": 1,
          "static_traversability": "UNKNOWN"
        },
        "startid": 184
      },
      "type": "Feature"
    },
    {
      "geometry": {
        "coordinates": [
          [
            [
              1.625,
              3.8750000000000018
            ],
            [
              1.548606797749979,
              3.836803398874991
            ]
          ]
        ],
        "type": "MultiLineString"
      },
      "properties": {
        "endid": 185,
        "id": 544,
        "metadata": {
          "bottleneck": true,
          "canonical_edge_id": 56,
          "length_m": 0.08541019662496846,
          "min_clearance_m": 0.22360680997371674,
          "segment_fraction_end": 0.2546440075000701,
          "segment_fraction_start": 0.0,
          "segment_index": 0,
          "static_traversability": "UNKNOWN"
        },
        "startid": 27
      },
      "type": "Feature"
    },
    {
      "geometry": {
        "coordinates": [
          [
            [
              1.548606797749979,
              3.836803398874991
            ],
            [
              1.3250000000000002,
              3.7250000000000014
            ]
          ]
        ],
        "type": "MultiLineString"
      },
      "properties": {
        "endid": 24,
        "id": 545,
        "metadata": {
          "bottleneck": true,
          "canonical_edge_id": 56,
          "length_m": 0.25,
          "min_clearance_m": 0.22360680997371674,
          "segment_fraction_end": 1.0,
          "segment_fraction_start": 0.2546440075000701,
          "segment_index": 1,
          "static_traversability": "UNKNOWN"
        },
        "startid": 185
      },
      "type": "Feature"
    },
    {
      "geometry": {
        "coordinates": [
          [
            [
              1.7249999999999996,
              -0.3749999999999991
            ],
            [
              1.5353664774626048,
              -0.2888029443011832
            ]
          ]
        ],
        "type": "MultiLineString"
      },
      "properties": {
        "endid": 161,
        "id": 546,
        "metadata": {
          "bottleneck": false,
          "canonical_edge_id": 57,
          "length_m": 0.20830459735945683,
          "min_clearance_m": 0.6041523218154907,
          "segment_fraction_end": 0.1723941113976318,
          "segment_fraction_start": 0.0,
          "segment_index": 0,
          "static_traversability": "FEASIBLE"
        },
        "startid": 28
      },
      "type": "Feature"
    },
    {
      "geometry": {
        "coordinates": [
          [
            [
              1.5353664774626048,
              -0.2888029443011832
            ],
            [
              1.3077748580969537,
              -0.18535220822588722
            ]
          ]
        ],
        "type": "MultiLineString"
      },
      "properties": {
        "endid": 160,
        "id": 547,
        "metadata": {
          "bottleneck": false,
          "canonical_edge_id": 57,
          "length_m": 0.25,
          "min_clearance_m": 0.6041523218154907,
          "segment_fraction_end": 0.37929558354822385,
          "segment_fraction_start": 0.1723941113976318,
          "segment_index": 1,
          "static_traversability": "FEASIBLE"
        },
        "startid": 161
      },
      "type": "Feature"
    },
    {
      "geometry": {
        "coordinates": [
          [
            [
              1.3077748580969537,
              -0.18535220822588722
            ],
            [
              1.0801832387313024,
              -0.08190147215059115
            ]
          ]
        ],
        "type": "MultiLineString"
      },
      "properties": {
        "endid": 159,
        "id": 548,
        "metadata": {
          "bottleneck": false,
          "canonical_edge_id": 57,
          "length_m": 0.25,
          "min_clearance_m": 0.6041523218154907,
          "segment_fraction_end": 0.5861970556988159,
          "segment_fraction_start": 0.37929558354822385,
          "segment_index": 2,
          "static_traversability": "FEASIBLE"
        },
        "startid": 160
      },
      "type": "Feature"
    },
    {
      "geometry": {
        "coordinates": [
          [
            [
              1.0801832387313024,
              -0.08190147215059115
            ],
            [
              0.8525916193656512,
              0.021549263924704867
            ]
          ]
        ],
        "type": "MultiLineString"
      },
      "properties": {
        "endid": 158,
        "id": 549,
        "metadata": {
          "bottleneck": false,
          "canonical_edge_id": 57,
          "length_m": 0.25,
          "min_clearance_m": 0.6041523218154907,
          "segment_fraction_end": 0.7930985278494079,
          "segment_fraction_start": 0.5861970556988159,
          "segment_index": 3,
          "static_traversability": "FEASIBLE"
        },
        "startid": 159
      },
      "type": "Feature"
    },
    {
      "geometry": {
        "coordinates": [
          [
            [
              0.8525916193656512,
              0.021549263924704867
            ],
            [
              0.625,
              0.1250000000000009
            ]
          ]
        ],
        "type": "MultiLineString"
      },
      "properties": {
        "endid": 21,
        "id": 550,
        "metadata": {
          "bottleneck": false,
          "canonical_edge_id": 57,
          "length_m": 0.25,
          "min_clearance_m": 0.6041523218154907,
          "segment_fraction_end": 1.0,
          "segment_fraction_start": 0.7930985278494079,
          "segment_index": 4,
          "static_traversability": "FEASIBLE"
        },
        "startid": 158
      },
      "type": "Feature"
    },
    {
      "geometry": {
        "coordinates": [
          [
            [
              1.7249999999999996,
              -0.3749999999999991
            ],
            [
              1.8896261519671294,
              -0.18685582632327988
            ]
          ]
        ],
        "type": "MultiLineString"
      },
      "properties": {
        "endid": 186,
        "id": 551,
        "metadata": {
          "bottleneck": true,
          "canonical_edge_id": 58,
          "length_m": 0.25,
          "min_clearance_m": 0.22360680997371674,
          "segment_fraction_end": 0.3625178714837992,
          "segment_fraction_start": 0.0,
          "segment_index": 0,
          "static_traversability": "UNKNOWN"
        },
        "startid": 28
      },
      "type": "Feature"
    },
    {
      "geometry": {
        "coordinates": [
          [
            [
              1.8896261519671294,
              -0.18685582632327988
            ],
            [
              2.054252303934259,
              0.0012883473534393564
            ]
          ]
        ],
        "type": "MultiLineString"
      },
      "properties": {
        "endid": 187,
        "id": 552,
        "metadata": {
          "bottleneck": true,
          "canonical_edge_id": 58,
          "length_m": 0.25,
          "min_clearance_m": 0.22360680997371674,
          "segment_fraction_end": 0.7250357429675984,
          "segment_fraction_start": 0.3625178714837992,
          "segment_index": 1,
          "static_traversability": "UNKNOWN"
        },
        "startid": 186
      },
      "type": "Feature"
    },
    {
      "geometry": {
        "coordinates": [
          [
            [
              2.054252303934259,
              0.0012883473534393564
            ],
            [
              2.0249999999999995,
              0.17500000000000074
            ]
          ]
        ],
        "type": "MultiLineString"
      },
      "properties": {
        "endid": 29,
        "id": 553,
        "metadata": {
          "bottleneck": true,
          "canonical_edge_id": 58,
          "length_m": 0.18962117364515196,
          "min_clearance_m": 0.22360680997371674,
          "segment_fraction_end": 1.0,
          "segment_fraction_start": 0.7250357429675984,
          "segment_index": 2,
          "static_traversability": "UNKNOWN"
        },
        "startid": 187
      },
      "type": "Feature"
    },
    {
      "geometry": {
        "coordinates": [
          [
            [
              1.7249999999999996,
              -0.3749999999999991
            ],
            [
              1.9148141505913239,
              -0.5376978433639911
            ]
          ]
        ],
        "type": "MultiLineString"
      },
      "properties": {
        "endid": 188,
        "id": 554,
        "metadata": {
          "bottleneck": true,
          "canonical_edge_id": 59,
          "length_m": 0.25,
          "min_clearance_m": 0.25,
          "segment_fraction_end": 0.3651852694071774,
          "segment_fraction_start": 0.0,
          "segment_index": 0,
          "static_traversability": "UNKNOWN"
        },
        "startid": 28
      },
      "type": "Feature"
    },
    {
      "geometry": {
        "coordinates": [
          [
            [
              1.9148141505913239,
              -0.5376978433639911
            ],
            [
              2.092451516469096,
              -0.7099030329381906
            ]
          ]
        ],
        "type": "MultiLineString"
      },
      "properties": {
        "endid": 189,
        "id": 555,
        "metadata": {
          "bottleneck": true,
          "canonical_edge_id": 59,
          "length_m": 0.25,
          "min_clearance_m": 0.25,
          "segment_fraction_end": 0.7303705388143548,
          "segment_fraction_start": 0.3651852694071774,
          "segment_index": 1,
          "static_traversability": "UNKNOWN"
        },
        "startid": 188
      },
      "type": "Feature"
    },
    {
      "geometry": {
        "coordinates": [
          [
            [
              2.092451516469096,
              -0.7099030329381906
            ],
            [
              2.175,
              -0.8749999999999991
            ]
          ]
        ],
        "type": "MultiLineString"
      },
      "properties": {
        "endid": 31,
        "id": 556,
        "metadata": {
          "bottleneck": true,
          "canonical_edge_id": 59,
          "length_m": 0.18458402061462365,
          "min_clearance_m": 0.25,
          "segment_fraction_end": 1.0,
          "segment_fraction_start": 0.7303705388143548,
          "segment_index": 2,
          "static_traversability": "UNKNOWN"
        },
        "startid": 189
      },
      "type": "Feature"
    },
    {
      "geometry": {
        "coordinates": [
          [
            [
              2.0249999999999995,
              0.17500000000000074
            ],
            [
              2.054252303934259,
              0.0012883473534393564
            ]
          ]
        ],
        "type": "MultiLineString"
      },
      "properties": {
        "endid": 187,
        "id": 557,
        "metadata": {
          "bottleneck": true,
          "canonical_edge_id": 60,
          "length_m": 0.18962117364515196,
          "min_clearance_m": 0.22360680997371674,
          "segment_fraction_end": 0.2749642570324015,
          "segment_fraction_start": 0.0,
          "segment_index": 0,
          "static_traversability": "UNKNOWN"
        },
        "startid": 29
      },
      "type": "Feature"
    },
    {
      "geometry": {
        "coordinates": [
          [
            [
              2.054252303934259,
              0.0012883473534393564
            ],
            [
              1.8896261519671294,
              -0.18685582632327988
            ]
          ]
        ],
        "type": "MultiLineString"
      },
      "properties": {
        "endid": 186,
        "id": 558,
        "metadata": {
          "bottleneck": true,
          "canonical_edge_id": 60,
          "length_m": 0.25,
          "min_clearance_m": 0.22360680997371674,
          "segment_fraction_end": 0.6374821285162008,
          "segment_fraction_start": 0.2749642570324015,
          "segment_index": 1,
          "static_traversability": "UNKNOWN"
        },
        "startid": 187
      },
      "type": "Feature"
    },
    {
      "geometry": {
        "coordinates": [
          [
            [
              1.8896261519671294,
              -0.18685582632327988
            ],
            [
              1.7249999999999996,
              -0.3749999999999991
            ]
          ]
        ],
        "type": "MultiLineString"
      },
      "properties": {
        "endid": 28,
        "id": 559,
        "metadata": {
          "bottleneck": true,
          "canonical_edge_id": 60,
          "length_m": 0.25,
          "min_clearance_m": 0.22360680997371674,
          "segment_fraction_end": 1.0,
          "segment_fraction_start": 0.6374821285162008,
          "segment_index": 2,
          "static_traversability": "UNKNOWN"
        },
        "startid": 186
      },
      "type": "Feature"
    },
    {
      "geometry": {
        "coordinates": [
          [
            [
              2.075,
              4.925000000000001
            ],
            [
              1.8277864045000423,
              4.925000000000001
            ]
          ]
        ],
        "type": "MultiLineString"
      },
      "properties": {
        "endid": 169,
        "id": 560,
        "metadata": {
          "bottleneck": false,
          "canonical_edge_id": 61,
          "length_m": 0.24721359549995792,
          "min_clearance_m": 0.4000000059604645,
          "segment_fraction_end": 0.19821271704535895,
          "segment_fraction_start": 0.0,
          "segment_index": 0,
          "static_traversability": "FEASIBLE"
        },
        "startid": 30
      },
      "type": "Feature"
    },
    {
      "geometry": {
        "coordinates": [
          [
            [
              1.8277864045000423,
              4.925000000000001
            ],
            [
              1.5777864045000423,
              4.925000000000001
            ]
          ]
        ],
        "type": "MultiLineString"
      },
      "properties": {
        "endid": 168,
        "id": 561,
        "metadata": {
          "bottleneck": false,
          "canonical_edge_id": 61,
          "length_m": 0.25,
          "min_clearance_m": 0.4000000059604645,
          "segment_fraction_end": 0.3986595377840192,
          "segment_fraction_start": 0.19821271704535895,
          "segment_index": 1,
          "static_traversability": "FEASIBLE"
        },
        "startid": 169
      },
      "type": "Feature"
    },
    {
      "geometry": {
        "coordinates": [
          [
            [
              1.5777864045000423,
              4.925000000000001
            ],
            [
              1.3277864045000423,
              4.925000000000001
            ]
          ]
        ],
        "type": "MultiLineString"
      },
      "properties": {
        "endid": 167,
        "id": 562,
        "metadata": {
          "bottleneck": false,
          "canonical_edge_id": 61,
          "length_m": 0.25,
          "min_clearance_m": 0.4000000059604645,
          "segment_fraction_end": 0.5991063585226795,
          "segment_fraction_start": 0.3986595377840192,
          "segment_index": 2,
          "static_traversability": "FEASIBLE"
        },
        "startid": 168
      },
      "type": "Feature"
    },
    {
      "geometry": {
        "coordinates": [
          [
            [
              1.3277864045000423,
              4.925000000000001
            ],
            [
              1.0986067977499792,
              4.836803398874991
            ]
          ]
        ],
        "type": "MultiLineString"
      },
      "properties": {
        "endid": 166,
        "id": 563,
        "metadata": {
          "bottleneck": false,
          "canonical_edge_id": 61,
          "length_m": 0.25,
          "min_clearance_m": 0.4000000059604645,
          "segment_fraction_end": 0.7995531792613397,
          "segment_fraction_start": 0.5991063585226795,
          "segment_index": 3,
          "static_traversability": "FEASIBLE"
        },
        "startid": 167
      },
      "type": "Feature"
    },
    {
      "geometry": {
        "coordinates": [
          [
            [
              1.0986067977499792,
              4.836803398874991
            ],
            [
              0.875,
              4.725000000000001
            ]
          ]
        ],
        "type": "MultiLineString"
      },
      "properties": {
        "endid": 22,
        "id": 564,
        "metadata": {
          "bottleneck": false,
          "canonical_edge_id": 61,
          "length_m": 0.25,
          "min_clearance_m": 0.4000000059604645,
          "segment_fraction_end": 1.0,
          "segment_fraction_start": 0.7995531792613397,
          "segment_index": 4,
          "static_traversability": "FEASIBLE"
        },
        "startid": 166
      },
      "type": "Feature"
    },
    {
      "geometry": {
        "coordinates": [
          [
            [
              2.175,
              -0.8749999999999991
            ],
            [
              2.092451516469096,
              -0.7099030329381906
            ]
          ]
        ],
        "type": "MultiLineString"
      },
      "properties": {
        "endid": 189,
        "id": 565,
        "metadata": {
          "bottleneck": true,
          "canonical_edge_id": 62,
          "length_m": 0.18458402061462365,
          "min_clearance_m": 0.25,
          "segment_fraction_end": 0.2696294611856453,
          "segment_fraction_start": 0.0,
          "segment_index": 0,
          "static_traversability": "UNKNOWN"
        },
        "startid": 31
      },
      "type": "Feature"
    },
    {
      "geometry": {
        "coordinates": [
          [
            [
              2.092451516469096,
              -0.7099030329381906
            ],
            [
              1.9148141505913239,
              -0.5376978433639911
            ]
          ]
        ],
        "type": "MultiLineString"
      },
      "properties": {
        "endid": 188,
        "id": 566,
        "metadata": {
          "bottleneck": true,
          "canonical_edge_id": 62,
          "length_m": 0.25,
          "min_clearance_m": 0.25,
          "segment_fraction_end": 0.6348147305928227,
          "segment_fraction_start": 0.2696294611856453,
          "segment_index": 1,
          "static_traversability": "UNKNOWN"
        },
        "startid": 189
      },
      "type": "Feature"
    },
    {
      "geometry": {
        "coordinates": [
          [
            [
              1.9148141505913239,
              -0.5376978433639911
            ],
            [
              1.7249999999999996,
              -0.3749999999999991
            ]
          ]
        ],
        "type": "MultiLineString"
      },
      "properties": {
        "endid": 28,
        "id": 567,
        "metadata": {
          "bottleneck": true,
          "canonical_edge_id": 62,
          "length_m": 0.25,
          "min_clearance_m": 0.25,
          "segment_fraction_end": 1.0,
          "segment_fraction_start": 0.6348147305928227,
          "segment_index": 2,
          "static_traversability": "UNKNOWN"
        },
        "startid": 188
      },
      "type": "Feature"
    }
  ],
  "name": "warehouse_new_realistic:gvg_v1",
  "type": "FeatureCollection"
}
